<?xml version="1.0" encoding="UTF-8"?>
<window type="window" description="חלון בחירה (2000)">
  <defaultcontrol always="false">3</defaultcontrol>
  <allowoverlay>no</allowoverlay>
  <onload condition="[!Skin.HasSetting(Admin) | Skin.HasSetting(Admin) + Skin.HasSetting(Admin2)] + SubString(Control.GetLabel(1),$LOCALIZE[166])">Dialog.Close(selectdialog)</onload>
  <onload condition="Skin.HasSetting(AutoPlayPlus) + SubString(Control.GetLabel(1),Genesis) + Player.HasVideo">Action(Stop)</onload>
  <onload condition="Skin.HasSetting(AutoPlayPlus) + SubString(Control.GetLabel(1),Genesis) + Skin.HasSetting(Admin) + Skin.HasSetting(refreshrunnings)">Notification(Admin: refresh,already running!,1000)</onload>
  
  <onunload condition="Window.IsVisible(DialogVideoInfo.xml) + !SubString(Control.GetLabel(1),Genesis)">Dialog.Close(movieinformation)</onunload>
  <controls>
    <include>TopInformation</include>
    <include>LeftMenuDialogSelect</include>
  </controls>
</window>