<?xml version="1.0" encoding="UTF-8"?>
<window> 
  <include condition="Skin.HasSetting(Performance)  + !Player.HasVideo">Performance1</include>
  <defaultcontrol always="true">5</defaultcontrol>
  <!--<onload>close</onload>-->
  <controls>
  <control type="group">
      <posx>520</posx>
      <posy>540</posy>
		<control type="image" description="רקע">
          <texture border="40">buttons/ButtonE4.png</texture>
		  <width>880</width>
		  <height>100</height>
        </control>
        <control type="grouplist" id="9000">
          <posx>-80</posx>
          <posy>0</posy>
          <width>1080</width>
          <height>100</height>
          <itemgap>5</itemgap>
          <align>center</align>
          <orientation>horizontal</orientation>
          <onleft>9000</onleft>
          <onright>9000</onright>
          <onup>60</onup>
          <ondown>60</ondown>
          <control type="button" id="5">
            <description>Switch to Channel</description>
			<width>200</width>
			<height>100</height>
			<include>ButtonC1</include>
            <label>19165</label>
          </control>
          <control type="button" id="6" description="Record">
			<width>200</width>
			<height>100</height>
			<include>ButtonC1</include>
            <label>-</label>
          </control>
          <control type="button" id="7" description="OK">
			<width>200</width>
			<height>100</height>
			<include>ButtonC1</include>
            <label>186</label>
          </control>
      </control>
    </control>
  </controls>
</window>
