<?xml version="1.0" encoding="UTF-8"?>
<window id="106">
  <defaultcontrol always="true">996</defaultcontrol>
  <allowoverlay>no</allowoverlay>
  <coordinates>
    <origin x="0" y="0" />
  </coordinates>
  <onload condition="SubString(Container.FolderName,Advanced Launcher) + [!Skin.HasSetting(Admin)]">Close</onload>
  <onload condition="Window.IsActive(MyPVRChannels.xml) + [!Skin.HasSetting(Admin) + !Skin.HasSetting(Admin2)]">Close</onload>
  <onload condition="StringCompare(Container.FolderName,IsraeLIVE) + SubString(Container.FolderPath,plugin://plugin.video.israelive) + !Skin.HasSetting(Admin)">Close</onload>
  <controls>
    <include>BottomMenuDialogContextMenu</include>
  </controls>
</window>