<?xml version="1.0" encoding="UTF-8"?>
<window description="פרטי וידאו (12003)">
  <onload condition="Control.IsVisible(8)">SetFocus(8)</onload>
  <onload condition="Control.IsVisible(80)">SetFocus(80)</onload>
  <allowoverlay>no</allowoverlay>
  <include condition="Skin.HasSetting(Performance) + !Player.HasVideo">Performance1</include>
  <onload condition="Skin.HasSetting(Admin)">Notification($INFO[ListItem.Label]),,3000)</onload>
  <onload condition="!IsEmpty(ListItem.TVShowTitle) + !IntegerGreaterThan(ListItem.Season,9) + !IntegerGreaterThan(ListItem.Episode,9)">Skin.SetString(DialogSelectSources3,$INFO[ListItem.TVShowTitle] S0$INFO[ListItem.Season] E0$INFO[ListItem.Episode])</onload>
  <onload condition="!IsEmpty(ListItem.TVShowTitle) + !IntegerGreaterThan(ListItem.Season,9) + IntegerGreaterThan(ListItem.Episode,9)">Skin.SetString(DialogSelectSources3,$INFO[ListItem.TVShowTitle] S0$INFO[ListItem.Season] E$INFO[ListItem.Episode])</onload>
  <onload condition="!IsEmpty(ListItem.TVShowTitle) + IntegerGreaterThan(ListItem.Season,9) + !IntegerGreaterThan(ListItem.Episode,9)">Skin.SetString(DialogSelectSources3,$INFO[ListItem.TVShowTitle] S$INFO[ListItem.Season] E0$INFO[ListItem.Episode])</onload>
  <onload condition="!IsEmpty(ListItem.TVShowTitle) + IntegerGreaterThan(ListItem.Season,9) + IntegerGreaterThan(ListItem.Episode,9)">Skin.SetString(DialogSelectSources3,$INFO[ListItem.TVShowTitle] S$INFO[ListItem.Season] E$INFO[ListItem.Episode])</onload>
  <onload condition="!IsEmpty(ListItem.Year) + IsEmpty(ListItem.TVShowTitle)">Skin.SetString(DialogSelectSources3,$INFO[ListItem.Title])</onload>
  <onunload condition="Skin.String(DialogSelectSources7)">Skin.SetString(DialogSelectSources7,)</onunload>
  <controls>
    <include>BlackBackground</include>
	<control type="image" description="פאנארט">
	  <include>Fade2</include>
	  <aspectratio align="center">stretch</aspectratio>
	  <height>1080</height>
	  <!--<texture background="false">$VAR[fanart]</texture>-->
	  <texture background="false">$INFO[ListItem.Art(fanart)]</texture>
	  <visible>Window.IsActive(DialogVideoInfo.xml) + [!IsEmpty(ListItem.Art(fanart)) | !IsEmpty(Fanart.Image) | !IsEmpty(ListItem.Art(season.fanart))]</visible>
	  <width>1920</width>
    </control>
	<include>RightMenuDialogVideoInfo</include>
	<include>TopVideoInformation</include>
	<include>TopInformation</include>
	<control type="group" description=" כפתורים וטקסט (אמצע)">
	  <posx>570</posx>
      <posy>350</posy>
	  <visible>true</visible>
	  <control type="image" description="תמונה מחרוזת חיפוש">
	    <animation condition="IsEmpty(Control.GetLabel(1190))" effect="fade" start="100" end="70" time="220">Conditional</animation>
		<width>780</width>
		<height>100</height>
		<aspectratio>stretch</aspectratio>
		<texture border="20">buttons/ButtonE4.png</texture>
	  </control>
	  <control type="label" id="1190" description="שדה טקסט">
		<label>$VAR[DialogVideoInfoText]</label>
		<posx>15</posx>
		<posy>17</posy>
		<height>50</height>
		<font>size36B</font>
		<align>center</align>
		<aligny>center</aligny>
		<scroll>false</scroll>
		<textcolor>White2</textcolor>
		<width>750</width>
	  </control>
      <control type="grouplist" id="25" description="כפתורים ראשי">
		<posy>100</posy>
        <width>780</width>
        <ondown>50</ondown>
		<onup>27</onup>
        <itemgap>7</itemgap>
        <aligny>bottom</aligny>
        <align>center</align>
        <orientation>horizontal</orientation>
		<control type="button" id="8" description="TVShows Browse">
		  <height>150</height>
		  <width>150</width>
		  <texturefocus>osd/buttons/OSDVideoFO.png</texturefocus>
          <texturenofocus>osd/buttons/OSDVideoNF.png</texturenofocus>
		  <visible>[Skin.HasSetting(Admin) | !SubString(Container.FolderPath,plugin://)] + Container.Content(tvshows)</visible>
		</control>
        <control type="button" id="80" description="Play Movies">
          <height>150</height>
          <width>150</width>
          <texturefocus>osd/buttons/OSDPlayFO.png</texturefocus>
          <texturenofocus>osd/buttons/OSDPlayNF.png</texturenofocus>
		  <visible>Container.Content(movies) | Container.Content(episodes)</visible>
		  <onclick condition="IsEmpty(ListItem.VideoResolution)">PlayMedia($INFO[ListItem.FileNameAndPath],1)</onclick>
		  <onclick condition="!IsEmpty(ListItem.VideoResolution)">PlayMedia($INFO[ListItem.FileNameAndPath])</onclick>
		  <!--<altclick>ActivateWindow(Videos,videodb://tvshows/titles/$INFO[ListItem.TVShowTitle]/)</altclick>
		  <altclick>Dialog.Close(movieinformation)</altclick>-->
        </control>
        <!--<control type="button" id="11" description="Trailer">
          <height>150</height>
          <width>150</width>
          <texturefocus>osd/buttons/OSDTrailerFO.png</texturefocus>
          <texturenofocus>osd/buttons/OSDTrailerNF.png</texturenofocus>
          <visible>!IsEmpty(ListItem.Trailer)</visible>
        </control>-->
	  	<control type="button" id="7120" description="קדימון">
		    <height>150</height>
            <width>150</width>
			<texturefocus>osd/buttons/OSDTrailerFO.png</texturefocus>
            <texturenofocus>osd/buttons/OSDTrailerNF.png</texturenofocus>
			<enable>!IsEmpty(ListItem.Trailer)</enable>
			<onclick>Skin.SetString(General_CustomVAR,12)</onclick>
			<onclick>Skin.SetString(DialogSelectSources3,$INFO[ListItem.Title]) ($INFO[ListItem.Year])</onclick>
			<onclick condition="!Skin.HasSetting(trailer2)">PlayMedia($ESCINFO[ListItem.Trailer],1)</onclick>
			<onclick condition="Skin.HasSetting(trailer2)">PlayMedia($ESCINFO[ListItem.Trailer])</onclick>
			<onclick>Close</onclick>
		    <visible>Container.Content(Movies) + !SubString(ListItem.Path,videodb://1/7) + !SubString(ListItem.path,videodb://movies/sets/) + !IsEmpty(ListItem.Trailer)</visible>
		</control>
		<control type="button" id="7140" description="חיפוש קדימון">
			<height>150</height>
            <width>150</width>
			<texturefocus>osd/buttons/OSDTrailer3FO.png</texturefocus>
            <texturenofocus>osd/buttons/OSDTrailer3NF.png</texturenofocus>
			<!--<onclick>ActivateWindow(videos,plugin://plugin.video.youtube/?path=/root/search&amp;feed=search&amp;search=$INFO[ListItem.Label] $INFO[ListItem.Year] Movie Trailer,return)</onclick>-->
			<onclick>ActivateWindow(videos,plugin://plugin.video.youtube/kodion/search/query/?q=$INFO[ListItem.Label] $INFO[ListItem.Year] Movie Trailer]&quot;)</onclick>
			<onclick>Dialog.Close(movieinformation)</onclick>
		    <visible>Container.Content(Movies) + !SubString(ListItem.Path,videodb://1/7) + !SubString(ListItem.path,videodb://movies/sets/) + IsEmpty(ListItem.Trailer) + !SubString(Container.FolderPath,plugin://)</visible>
		</control>
        <control type="button" id="6" description="Refresh">
          <height>150</height>
          <texturefocus>osd/buttons/OSDRefreshFO.png</texturefocus>
          <texturenofocus>osd/buttons/OSDRefreshNF.png</texturenofocus>
		  <visible>!SubString(Container.FolderPath,plugin://)</visible>
		  <width>150</width>
        </control>
		<control type="button" id="26" description="עוד...">
          <height>150</height>
		  <label>$INFO[Container(1000).ListItem(0).label</label>
		  <onclick>RunScript(script.htpt.smartbuttons,,?mode=70)</onclick>
          <texturefocus>osd/buttons/OSDInfoFO.png</texturefocus>
          <texturenofocus>osd/buttons/OSDInfoNF.png</texturenofocus>
		  <visible>Container.Content(movies) + IsEmpty(ListItem.TVshowTitle) | Skin.HasSetting(Admin3)</visible>
		  <width>150</width>
        </control>
        <control type="button" id="10" description="Get Art">
          <height>150</height>
          <texturefocus>osd/buttons/OSDGetartFO.png</texturefocus>
          <texturenofocus>osd/buttons/OSDGetartNF.png</texturenofocus>
		  <visible>!SubString(Container.FolderPath,plugin://)</visible>
		  <width>150</width>
        </control>
        <control type="button" id="13" description="סרטים נוספים של במאי זה">
          <height>150</height>
		  <onclick>Skin.SetString(DialogSelectSources7,$INFO[ListItem.Director])</onclick>
          <texturefocus>osd/buttons/OSDDirectorFO.png</texturefocus>
          <texturenofocus>osd/buttons/OSDDirectorNF.png</texturenofocus>
		  <visible>!IsEmpty(ListItem.Director) + !SubString(Container.FolderPath,plugin://)</visible>
		  <width>150</width>
        </control>
        <control type="button" id="27" description="חזור">
          <height>150</height>
		  <onclick>close</onclick>
          <texturefocus>osd/buttons/OSDBackFO.png</texturefocus>
          <texturenofocus>osd/buttons/OSDBackNF.png</texturenofocus>
		  <width>150</width>
        </control>
      </control>
	</control>
    <control type="fixedlist" id="50" description="שחקנים">
      <animation condition="IsEmpty(Control.GetLabel(1190)) | !Control.HasFocus(50)" effect="fade" start="100" end="90" time="220">Conditional</animation>
	  <posx>60</posx>
      <posy>600</posy>
      <width>1840</width>
      <height>475</height>
      <onleft>noop</onleft>
      <onright>noop</onright>
      <onup>25</onup>
      <ondown>noop</ondown>
	  <viewtype label="">list</viewtype>
      <!--<viewtype>ActorsandRoles</viewtype>-->
      <focusposition>2</focusposition>
      <movement>-</movement>
      <orientation>horizontal</orientation>
      <scrolltime>220</scrolltime>
      <itemlayout width="368" height="420">
        <control type="image" description="Thumb">
		  <bordersize>7</bordersize>
		  <bordertexture border="10">misc/frames/fanartborder1.png</bordertexture>
          <height>405</height>
		  <posy>40</posy>
          <width>280</width>
          <aspectratio scalediffuse="false">scale</aspectratio>
          <texture diffuse="30FFFFFF" background="false" fallback="DefaultActor2.png">$INFO[ListItem.Thumb]</texture>
        </control>
      </itemlayout>
      <focusedlayout width="368" height="420">
		<control type="button">
		  <onfocus>Skin.SetString(DialogSelectSources7,$INFO[Container(50).ListItem.Label])</onfocus>
		  <!--<onfocus condition="StringCompare(Control.GetLabel(1),Genesis) + Window.IsVisible(MyVideoNav.xml) + !Window.IsVisible(DialogVideoInfo.xml) + !IsEmpty(ListItem.TVShowTitle) + !IntegerGreaterThan(ListItem.Season,9) + !IntegerGreaterThan(ListItem.Episode,9)">Skin.SetString(DialogSelectSources3,$INFO[ListItem.TVShowTitle] S0$INFO[ListItem.Season] E0$INFO[ListItem.Episode])</onfocus>
		  <onfocus condition="StringCompare(Control.GetLabel(1),Genesis) + Window.IsVisible(MyVideoNav.xml) + !Window.IsVisible(DialogVideoInfo.xml) + !IsEmpty(ListItem.TVShowTitle) + !IntegerGreaterThan(ListItem.Season,9) + IntegerGreaterThan(ListItem.Episode,9)">Skin.SetString(DialogSelectSources3,$INFO[ListItem.TVShowTitle] S0$INFO[ListItem.Season] E$INFO[ListItem.Episode])</onfocus>
		  <onfocus condition="StringCompare(Control.GetLabel(1),Genesis) + Window.IsVisible(MyVideoNav.xml) + !Window.IsVisible(DialogVideoInfo.xml) + !IsEmpty(ListItem.TVShowTitle) + IntegerGreaterThan(ListItem.Season,9) + !IntegerGreaterThan(ListItem.Episode,9)">Skin.SetString(DialogSelectSources3,$INFO[ListItem.TVShowTitle] S$INFO[ListItem.Season] E0$INFO[ListItem.Episode])</onfocus>
		  <onfocus condition="StringCompare(Control.GetLabel(1),Genesis) + Window.IsVisible(MyVideoNav.xml) + !Window.IsVisible(DialogVideoInfo.xml) + !IsEmpty(ListItem.TVShowTitle) + IntegerGreaterThan(ListItem.Season,9) + IntegerGreaterThan(ListItem.Episode,9)">Skin.SetString(DialogSelectSources3,$INFO[ListItem.TVShowTitle] S$INFO[ListItem.Season] E$INFO[ListItem.Episode])</onfocus>
		  <onfocus condition="StringCompare(Control.GetLabel(1),Genesis) + Window.IsVisible(MyVideoNav.xml) + !Window.IsVisible(DialogVideoInfo.xml) + !IsEmpty(ListItem.Year) + IsEmpty(ListItem.TVShowTitle)">Skin.SetString(DialogSelectSources3,$INFO[ListItem.Title]) ($INFO[ListItem.Year])</onfocus>-->
		  <visible>false</visible>
		</control>
        <control type="image" description="Thumb">
		  <bordersize>7</bordersize>
		  <bordertexture border="10">misc/frames/fanartborder1.png</bordertexture>          
          <height>405</height>
		  <posy>40</posy>
          <width>280</width>
          <aspectratio scalediffuse="false">scale</aspectratio>
          <texture background="false" fallback="DefaultActor2.png">$INFO[ListItem.Thumb]</texture>
        </control>
		<control type="group" description="מסגרת סמן בחירה">
		  <control type="image">
			<animation effect="fade" start="0" end="100" time="100" reversible="false">Focus</animation>
			<animation effect="fade" start="100" end="0" time="50" reversible="false">unFocus</animation>
			<aspectratio>stretch</aspectratio>
			<bordersize>10</bordersize>
			<posx>-37</posx>
			<posy>0</posy>
			<width>355</width>
			<height>488</height>
			<texture border="1">misc/frames/selector.png</texture>
			<visible>Control.HasFocus(50)</visible>
		  </control>
		</control>		
      </focusedlayout>
    </control>
  </controls>
</window>
