<?xml version="1.0" encoding="UTF-8"?>
<window>
  <include condition="Skin.HasSetting(Performance)  + !Player.HasVideo">Performance1</include>
  <defaultcontrol always="true">100</defaultcontrol>
  <allowoverlay>yes</allowoverlay>
  <onunload condition="Skin.HasSetting(SkinDesign)">Skin.ToggleSetting(SkinDesign)</onunload>
  <controls>
  	<control type="group" description="">
	  <include>Backgrounds3</include>
	  <include>ScrollBar</include>	   
      <control type="group">
		<include condition="!Skin.HasSetting(Performance)">Slide1</include>
	    <include condition="Skin.HasSetting(Performance)">Slide1p</include>
	    <include condition="!Skin.HasSetting(Performance)">Slide2</include>
	    <include condition="Skin.HasSetting(Performance)">Slide2p</include>
	    <control type="list" id="100" description="TopMenu">
		  <posx>460</posx>
		  <posy>40</posy>
		  <align>center</align>
		  <height>100</height>
		  <itemgap>5</itemgap>
		  <onleft>noop</onleft>
		  <onright>noop</onright>
		  <onup condition="Control.IsVisible(7011)">7017</onup>
		  <onup condition="Player.HasAudio">ActivateWindow(12901)</onup>
		  <ondown>50</ondown>
		  <preloaditems>2</preloaditems>
		  <pagecontrol>60</pagecontrol>	  
		  <scrolltime tween="sine" easing="inout">200</scrolltime>
		  <orientation>horizontal</orientation>
		  <width>1000</width>
		  <itemlayout width="250" height="70">
			<control type="image" description="מסגרת">
              <posx>0</posx>
              <posy>20</posy>
              <width>250</width>
              <height>75</height>
              <texture border="30">buttons/ButtonE2.png</texture>
            </control>
			<control type="label" description="שם">
              <include>LabelC3</include>
			  <posx>0</posx>
              <posy>20</posy>
              <width>250</width>
              <height>75</height>
			  <label>$INFO[ListItem.Label]</label>
			  <visible>!IsEmpty(ListItem.Label)</visible>
            </control>
		  </itemlayout>
          <focusedlayout height="75" width="250">
			<control type="image" description="מסגרת">
			  <include>Fade14</include>
              <posx>0</posx>
              <posy>20</posy>
              <width>250</width>
              <height>75</height>
              <texture border="30">buttons/ButtonE.png</texture>
            </control>
			<control type="label" description="שם">
              <textcolor>Yellow</textcolor>
			  <include>LabelC3</include>
			  <posx>0</posx>
              <posy>20</posy>
              <width>250</width>
              <height>75</height>
			  <scroll>true</scroll>
			  <label>$INFO[ListItem.Label]</label>
			  <visible>!IsEmpty(ListItem.Label)</visible>
            </control>
		  </focusedlayout>
		  <content>
			<item id="1" description="כללי">
				<label>128</label>
				<onclick>noop</onclick>
				<visible>!Skin.HasSetting(SkinDesign)</visible>
			</item>
			<item id="2">
				<label>משתמש</label>
				<onclick>noop</onclick>
				<visible>!Skin.HasSetting(SkinDesign)</visible>
			</item>
			<item id="3">
				<label>ביצועים</label>
				<onclick>noop</onclick>
				<visible>!Skin.HasSetting(SkinDesign)</visible>
			</item>
			<item id="4">
				<label>מתקדם</label>
				<onclick>noop</onclick>
				<visible>!Skin.HasSetting(SkinDesign)</visible>
			</item>
			<item id="5">
				<label>HTPT</label>
				<onclick>noop</onclick>
				<visible>Skin.String(MAC5,$LOCALIZE[70000]) + Skin.HasSetting(Admin) + !Skin.HasSetting(Admin2)</visible>
				<visible>!Skin.HasSetting(SkinDesign)</visible>
			</item>
			
			<item id="20" description="מסך הבית">
				<label>513</label>
				<onclick>noop</onclick>
				<visible>Skin.HasSetting(SkinDesign)</visible>
			</item>		
		  </content>
        </control>
        <control type="Panel" id="50">
          <posx>20</posx>
          <posy>150</posy>
          <width>1880</width>
          <height>960</height>
		  <onup>100</onup>
		  <onleft condition="Skin.HasSetting(ViewsMenuOff) + Control.IsVisible(7011)">7017</onleft>
		  <onleft condition="Skin.HasSetting(ViewsMenuOff) + Player.HasAudio">ActivateWindow(12901)</onleft>
		  <onright condition="Control.IsVisible(60)">60</onright>
		  <onright condition="!Control.IsVisible(60) + Control.IsVisible(7011)">7017</onright>
		  <onright condition="!Control.IsVisible(60) + Player.HasAudio">ActivateWindow(12901)</onright>
		  <onup>100</onup>			  
		  <ondown>noop</ondown>
		  <preloaditems>2</preloaditems>
		  <pagecontrol>60</pagecontrol>	  
		  <scrolltime tween="sine" easing="inout">200</scrolltime>
          <pagecontrol>60</pagecontrol>
		  <itemlayout description="(כללי)" height="100" width="960">
			<control type="image" description="מסגרת">
              <posx>500</posx>
              <posy>20</posy>
              <width>880</width>
              <height>100</height>
              <texture background="true" border="30">buttons/ButtonE2.png</texture>
			  <visible></visible>
            </control>
			<control type="image" description="מסגרת2">
              <posx>500</posx>
              <posy>20</posy>
              <width>880</width>
              <height>100</height>
              <texture background="true" border="30">$INFO[ListItem.Icon]</texture>
            </control>	
			<control type="label" description="שם">
              <include>LabelC3</include>
			  <posx>600</posx>
              <posy>32</posy>
              <width>700</width>
              <height>70</height>
			  <label>$INFO[ListItem.Label]</label>
			  <visible>!IsEmpty(ListItem.Label)</visible>
            </control>	
			<control type="label" description="נתון">
              <align>left</align>
			  <textcolor>Grey2</textcolor>
			  <include>LabelC3</include>
			  <posx>530</posx>
              <posy>32</posy>
              <width>200</width>
              <height>70</height>
			  <label>$INFO[ListItem.Label2]</label>
			  <visible>!IsEmpty(ListItem.Label2)</visible>
            </control>  				
			</itemlayout>
          <focusedlayout description="(כללי)" height="100" width="960">    
			<control type="image" description="מסגרת"> 
			  <height>100</height>
			  <posx>500</posx>
              <posy>20</posy>
              <width>880</width>
              <texture background="true" border="30">buttons/ButtonE.png</texture>
            </control>
			<control type="label" description="שם">
              <textcolor>Yellow</textcolor>
			  <include>LabelC3</include>
			  <posx>600</posx>
              <posy>32</posy>
              <width>700</width>
              <height>70</height>
			  <scroll>true</scroll>
			  <label>$INFO[ListItem.Label]</label>
			  <visible>!IsEmpty(ListItem.Label)</visible>
            </control> 
			<control type="label" description="נתון">
              <align>left</align>
			  <textcolor>Yellow</textcolor>
			  <include>LabelC3</include>
			  <posx>530</posx>
              <posy>32</posy>
              <width>200</width>
              <height>70</height>
			  <scroll>true</scroll>
			  <label>$INFO[ListItem.Label2]</label>
			  <visible>!IsEmpty(ListItem.Label2)</visible>
            </control>  			
          </focusedlayout>        		
		  <content>
		  <!--1-29=1-->
          <item id="2" description="ברירת מחדל להרחבת מילים לשירים">
			<label>$LOCALIZE[31401]</label>
            <label2>$INFO[Skin.String(LyricPath)]</label2>
            <onclick>Skin.SetAddon(LyricPath,xbmc.python.lyrics)</onclick>
			<visible>Container(100).Hasfocus(1)</visible>
          </item>
          <item id="15" description="סגנונות עם תמונות">
            <visible>Skin.HasSetting(Genre)</visible>
            <label>$LOCALIZE[135] $LOCALIZE[1411] $LOCALIZE[1]</label>
            <label2>107</label2>
            <onclick>Skin.ToggleSetting(Genre)</onclick>
			<visible>Container(100).Hasfocus(1)</visible>
          </item>
          <item id="15" description="סגנונות עם תמונות">
            <visible>!Skin.HasSetting(Genre)</visible>
			<icon>buttons/ButtonE4.png</icon>
            <label>$LOCALIZE[135] $LOCALIZE[1411] $LOCALIZE[1]</label>
            <label2>106</label2>
            <onclick>Skin.ToggleSetting(Genre)</onclick>
			<visible>Container(100).Hasfocus(1)</visible>
          </item>
		  <item id="21" description="שיטת דירוג">
            <visible>Skin.HasSetting(Rating)</visible>
            <label>$LOCALIZE[31400]</label>
            <label2>107</label2>
            <onclick>Skin.ToggleSetting(Rating)</onclick>
			<visible>Container(100).Hasfocus(1)</visible>
          </item>
          <item id="21" description="שיטת דירוג">
            <visible>!Skin.HasSetting(Rating)</visible>
			<icon>buttons/ButtonE4.png</icon>
            <label>$LOCALIZE[31400]</label>
            <label2>106</label2>
            <onclick>Skin.ToggleSetting(Rating)</onclick>
			<visible>Container(100).Hasfocus(1)</visible>
          </item>
          <item id="22" description="שעון">
            <visible>Skin.HasSetting(ShowClock)</visible>
            <label>$LOCALIZE[12384]</label>
            <label2>107</label2>
            <onclick>Skin.ToggleSetting(ShowClock)</onclick>
			<visible>Container(100).Hasfocus(1)</visible>
          </item>
          <item id="22" description="שעון">
            <visible>!Skin.HasSetting(ShowClock)</visible>
            <icon>buttons/ButtonE4.png</icon>
			<label>$LOCALIZE[12384]</label>
            <label2>106</label2>
            <onclick>Skin.ToggleSetting(ShowClock)</onclick>
			<visible>Container(100).Hasfocus(1)</visible>
          </item>
          <item id="24" description="תפריט צד">
            <visible>!Skin.HasSetting(ViewsMenuOff)</visible>
            <label>$LOCALIZE[31402]</label>
            <label2>$LOCALIZE[107]</label2>
            <onclick>Skin.ToggleSetting(ViewsMenuOff)</onclick>
			<visible>Container(100).Hasfocus(1)</visible>
          </item>
		  <item id="24" description="תפריט צד">
            <visible>Skin.HasSetting(ViewsMenuOff)</visible>
            <icon>buttons/ButtonE4.png</icon>
			<label>$LOCALIZE[31402]</label>
            <label2>$LOCALIZE[106]</label2>
            <onclick>Skin.ToggleSetting(ViewsMenuOff)</onclick>
			<visible>Container(100).Hasfocus(1)</visible>
          </item>
		  <item id="25" description="תצוגה: אוטומטי">
            <visible>Skin.HasSetting(AutoView)</visible>
            <label>$LOCALIZE[98]</label>
            <label2>$LOCALIZE[107]</label2>
            <onclick>Skin.ToggleSetting(AutoView)</onclick>
			<visible>Container(100).Hasfocus(1)</visible>
          </item>
		  <item id="25" description="תצוגה: אוטומטי">
            <visible>!Skin.HasSetting(AutoView)</visible>
			<icon>buttons/ButtonE4.png</icon>
            <label>$LOCALIZE[98]</label>
            <label2>$LOCALIZE[106]</label2>
            <onclick>Skin.ToggleSetting(AutoView)</onclick>
			<visible>Container(100).Hasfocus(1)</visible>
          </item>
		  <item id="26" description="מקלדת חכמה">
            <visible>Skin.HasSetting(smartkeyboard)</visible>
            <label>$LOCALIZE[79095]</label>
            <label2>107</label2>
            <onclick>Skin.ToggleSetting(smartkeyboard)</onclick>
			<visible>Container(100).Hasfocus(1)</visible>
          </item>
          <item id="26" description="מקלדת חכמה">
            <visible>!Skin.HasSetting(smartkeyboard)</visible>
            <label>$LOCALIZE[79095]</label>
            <label2>106</label2>
            <onclick condition="System.Platform.Windows">Skin.ToggleSetting(smartkeyboard)</onclick>
			<onclick>Notification($LOCALIZE[79496],$LOCALIZE[79497] - $LOCALIZE[79081],4000)</onclick>
			<visible>Container(100).Hasfocus(1)</visible>
          </item>
		  <item id="28" description="אפשר כיבוי אוטומטי עקב אי פעילות">
            <visible></visible>
            <label>$LOCALIZE[13018]</label>
            <label2>107</label2>
            <onclick>Skin.ToggleSetting(AutoShutdown)</onclick>
			<visible>Skin.HasSetting(AutoShutdown)</visible>
			<visible>Container(100).Hasfocus(1)</visible>
          </item>
		  <item id="28" description="אפשר כיבוי אוטומטי עקב אי פעילות">
            <visible></visible>
            <label>$LOCALIZE[13018]</label>
            <label2>106</label2>
            <onclick>Skin.ToggleSetting(AutoShutdown)</onclick>
			<visible>!Skin.HasSetting(AutoShutdown)</visible>
			<visible>Container(100).Hasfocus(1)</visible>
          </item>
		  <!--30-59=2-->
		  <item id="30" description="תרגום בעברית בלבד">
            <visible>Skin.HasSetting(SubHebOnly)</visible>
			<label>$LOCALIZE[31411] $INFO[System.GetBool(subtitles.languages)]</label>
            <label2>107</label2>
			<onclick>Skin.ToggleSetting(SubHebOnly)</onclick>
			<visible>Container(100).Hasfocus(2)</visible>
			<visible>!Skin.HasSetting(ID40)</visible>
          </item>
		  <item id="30" description="תרגום בעברית בלבד">
            <visible>!Skin.HasSetting(SubHebOnly)</visible>
			<label>$LOCALIZE[31411] $INFO[System.GetBool(subtitles.languages)]</label>
            <label2>106</label2>
			<onclick>Skin.ToggleSetting(SubHebOnly)</onclick>
			<visible>Container(100).Hasfocus(2)</visible>
			<visible>!Skin.HasSetting(ID40)</visible>
          </item>
		  <item id="34" description="גוון">
            <label>$LOCALIZE[79042]</label>
			<label2>$VAR[MenuColor]</label2>
			<onclick condition="!Player.HasVideo">Skin.Theme(-1)</onclick>
			<onclick condition="!Player.HasVideo">AlarmClock(setfocus,Control.SetFocus(100,1),00:00,silent)</onclick>
			<onclick condition="!Player.HasVideo">AlarmClock(setfocus2,Action(Down),00:01,silent)</onclick>
			<onclick condition="!Player.HasVideo">AlarmClock(setfocus3,Action(Down),00:01,silent)</onclick>
			<onclick condition="Player.HasVideo">Notification($LOCALIZE[257],$LOCALIZE[70100],2000)</onclick>
			<visible>Container(100).Hasfocus(2)</visible>
          </item>
		  <item id="36" description="דיסק קשיח חיצוני">
            <visible>Skin.HasSetting(myHTPT2)</visible>
            <label>$LOCALIZE[31403]</label>
            <label2>107</label2>
            <onclick>Skin.ToggleSetting(myHTPT2)</onclick>
			<visible>Container(100).Hasfocus(2)</visible>
          </item>
          <item id="36" description="דיסק קשיח חיצוני">
            <visible>!Skin.HasSetting(myHTPT2)</visible>
			<icon>buttons/ButtonE4.png</icon>
            <label>$LOCALIZE[31403]</label>
            <label2>106</label2>
            <onclick>Skin.ToggleSetting(myHTPT2)</onclick>
			<visible>Container(100).Hasfocus(2)</visible>
          </item>
		  <item id="39" description="ניגון אוטומטי מיטבי">
            <visible>System.HasAddon(script.htpt.refresh)</visible>
			<label>$ADDON[script.htpt.refresh 270]</label>
            <label2>107</label2>
            <onclick>noop</onclick>
			<visible>Container(100).Hasfocus(2)</visible>
          </item>
		  <item id="39" description="ניגון אוטומטי מיטבי">
            <visible>!System.HasAddon(script.htpt.refresh)</visible>
			<icon>buttons/ButtonE4.png</icon>
            <label>$ADDON[script.htpt.refresh 270]</label>
            <label2>106</label2>
            <onclick>noop</onclick>
			<visible>Container(100).Hasfocus(2)</visible>
          </item>
		  <item id="40" description="SD-ניגון אוטומטי גם ב">
            <visible>Skin.HasSetting(AutoPlaySD)</visible>
            <label>$LOCALIZE[79103] $LOCALIZE[77854] SD</label>
            <label2>107</label2>
            <onclick condition="System.HasAddon(script.htpt.refresh)">Skin.ToggleSetting(AutoPlaySD)</onclick>
			<onclick condition="System.HasAddon(script.htpt.refresh)">RunScript(special://skin/specials/scripts/genesis7.py)</onclick>
			<visible>Container(100).Hasfocus(2)</visible>
          </item>
          <item id="40" description="SD-ניגון אוטומטי גם ב">
            <visible>!Skin.HasSetting(AutoPlaySD)</visible>
			<icon>buttons/ButtonE4.png</icon>
            <label>$LOCALIZE[79103] $LOCALIZE[77854] SD</label>
            <label2>106</label2>
            <onclick condition="System.HasAddon(script.htpt.refresh)">Skin.ToggleSetting(AutoPlaySD)</onclick>
			<visible>Container(100).Hasfocus(2)</visible>
          </item>
		  <item id="42" description="מוזיקה בהפעלה">
            <visible>Skin.HasSetting(StartUpMusic)</visible>
            <label>$LOCALIZE[2] $LOCALIZE[19107] $LOCALIZE[78935]</label>
            <label2>107</label2>
            <onclick>Skin.ToggleSetting(StartUpMusic)</onclick>
			<visible>Container(100).Hasfocus(2)</visible>
          </item>
          <item id="42" description="מוזיקה בהפעלה">
            <visible>!Skin.HasSetting(StartUpMusic)</visible>
			<icon>buttons/ButtonE4.png</icon>
            <label>$LOCALIZE[2] $LOCALIZE[19107] $LOCALIZE[78935]</label>
            <label2>106</label2>
            <onclick>Skin.ToggleSetting(StartUpMusic)</onclick>
			<visible>Container(100).Hasfocus(2)</visible>
          </item>
		  <item id="43" description="+מוזיקה בהפעלה">
            <visible>Skin.String(StartUpMusic) + Skin.HasSetting(StartUpMusic)</visible>
			<label>$LOCALIZE[2] $LOCALIZE[19107] $LOCALIZE[78935]+</label>
            <label2>107</label2>
            <onclick>Skin.SetString(StartUpMusic,)</onclick>
			<visible>Container(100).Hasfocus(2)</visible>
          </item>
		  <item id="43" description="+מוזיקה בהפעלה">
            <visible>!Skin.String(StartUpMusic) + Skin.HasSetting(StartUpMusic)</visible>
			<label>$LOCALIZE[2] $LOCALIZE[19107] $LOCALIZE[78935]+</label>
            <label2>106</label2>
            <onclick>Skin.SetFile(StartUpMusic,,special://userdata/library/music/)</onclick>
			<visible>Container(100).Hasfocus(2)</visible>
          </item>
		  <item id="44" description="כפתור מוזיקה ברירת מחדל">
            <label>$LOCALIZE[79056] $LOCALIZE[2] $LOCALIZE[571]</label>
            <label2>$INFO[Skin.String(MusicLink)]</label2>
            <onclick>ActivateWindow(1121)</onclick>
			<visible>Container(100).Hasfocus(2)</visible>
          </item>
		  <item id="49" description="תכנים למבוגרים">
            <visible>Skin.HasSetting(Adult)</visible>
			<icon>buttons/ButtonE4.png</icon>
            <label>$LOCALIZE[75001]</label>
            <label2>107</label2>
			<onclick>RunScript(script.htpt.homebuttons)</onclick>
			<visible>Container(100).Hasfocus(2)</visible>
			<visible>!Skin.String(ID,htptuser2)</visible>
          </item>
          <item id="49" description="תכנים למבוגרים">
            <visible>!Skin.HasSetting(Adult)</visible>
            <label>$LOCALIZE[75001]</label>
            <label2>106</label2>
			<onclick>RunScript(script.htpt.homebuttons)</onclick>
			<visible>Container(100).Hasfocus(2)</visible>
			<visible>Skin.HasSetting(Admin2)</visible>
			<visible>!Skin.String(ID,htptuser2)</visible>
          </item>
		  <item id="52" description="נגן קדימונים במסך מלא">
            <visible>Skin.HasSetting(trailer2)</visible>
			<icon>buttons/ButtonE4.png</icon>
            <label>$LOCALIZE[208] $LOCALIZE[72100] $LOCALIZE[1405]-$LOCALIZE[244]</label>
            <label2>107</label2>
            <onclick>Skin.ToggleSetting(trailer2)</onclick>
			<visible>Container(100).Hasfocus(2)</visible>
          </item>
          <item id="52" description="נגן קדימונים במסך מלא">
            <visible>!Skin.HasSetting(trailer2)</visible>
            <label>$LOCALIZE[208] $LOCALIZE[72100] $LOCALIZE[1405]-$LOCALIZE[244]</label>
            <label2>106</label2>
            <onclick>Skin.ToggleSetting(trailer2)</onclick>
			<visible>Container(100).Hasfocus(2)</visible>
          </item>
		  <item id="56" description="עדכון ספריית סרטים וסדרות">
		    <visible>StringCompare(Skin.String(LibraryData_RemoteDate),Skin.String(LibraryData_LocalDate))</visible>
            <label>$LOCALIZE[79577]</label>
			<label2>107</label2>
			<enabled></enabled>
            <onclick>RunScript(script.htpt.smartbuttons,,?mode=56)</onclick>
			<visible>Container(100).Hasfocus(2)</visible>
          </item>
		  <item id="56" description="עדכון ספריית סרטים וסדרות">
		    <visible>!StringCompare(Skin.String(LibraryData_RemoteDate),Skin.String(LibraryData_LocalDate))</visible>
			<icon>buttons/ButtonE4.png</icon>
            <label>$LOCALIZE[79577]</label>
			<label2>106</label2>
			<enabled></enabled>
            <onclick>RunScript(script.htpt.smartbuttons,,?mode=56)</onclick>
			<visible>Container(100).Hasfocus(2)</visible>
          </item>
		  <item id="57" description="מסך בית מותאם אישית">
            <label>$LOCALIZE[79057] $LOCALIZE[513]</label>
            <onclick>ActivateWindow(1117)</onclick>
			<visible>Container(100).Hasfocus(2)</visible>
          </item>
		  <!--60-79=3-->
		  <item id="66" description="הפעל מצב מהירות">
            <visible>Skin.HasSetting(Performance)</visible>
            <label>$LOCALIZE[24022] $LOCALIZE[126] $LOCALIZE[224]</label>
            <label2>107</label2>
            <onclick>Skin.ToggleSetting(Performance)</onclick>
			<visible>Container(100).Hasfocus(3)</visible>
          </item>
          <item id="66" description="הפעל מצב מהירות">
            <visible>!Skin.HasSetting(Performance)</visible>
            <label>$LOCALIZE[24022] $LOCALIZE[126] $LOCALIZE[224]</label>
            <label2>106</label2>
            <onclick>Skin.ToggleSetting(Performance)</onclick>
			<visible>Container(100).Hasfocus(3)</visible>
          </item>
		  <item id="67" description="הפעל וידג'ט">
            <visible>Skin.HasSetting(Widget)</visible>
            <label>$LOCALIZE[24022] $LOCALIZE[79055]</label>
            <label2>107</label2>
            <onclick>Skin.ToggleSetting(Widget)</onclick>
			<onclick>StopScript(script.htpt.widgets)</onclick>
			<visible>Container(100).Hasfocus(3)</visible>
          </item>
          <item id="67" description="הפעל וידג'ט">
            <visible>!Skin.HasSetting(Widget)</visible>
			<icon>buttons/ButtonE4.png</icon>
            <label>$LOCALIZE[24022] $LOCALIZE[79055]</label>
            <label2>106</label2>
            <onclick>Skin.ToggleSetting(Widget)</onclick>
			<onclick>RunScript(script.htpt.widgets)</onclick>
			<visible>Container(100).Hasfocus(3)</visible>
          </item>
		  <item id="68" description="הפעל רקעים">
            <visible>Skin.HasSetting(Backgrounds2)</visible>
            <label>$LOCALIZE[24022] $LOCALIZE[33069]</label>
            <label2>107</label2>
            <onclick>Skin.ToggleSetting(Backgrounds2)</onclick>
			<visible>Container(100).Hasfocus(3)</visible>
          </item>
          <item id="68" description="הפעל רקעים">
            <visible>!Skin.HasSetting(Backgrounds2)</visible>
			<icon>buttons/ButtonE4.png</icon>
            <label>$LOCALIZE[24022] $LOCALIZE[33069]</label>
            <label2>106</label2>
            <onclick>Skin.ToggleSetting(Backgrounds2)</onclick>
			<visible>Container(100).Hasfocus(3)</visible>
          </item>
		  <item id="79" description="Performance2 (algorithmdirtyregions)">
            <visible>Skin.HasSetting(Performance2)</visible>
			<icon>buttons/ButtonE4.png</icon>
            <label>algorithmdirtyregions</label>
            <label2>107</label2>
            <onclick>Skin.ToggleSetting(Performance2)</onclick>
			<visible>Container(100).Hasfocus(3)</visible>
			<visible>Skin.HasSetting(Admin3)</visible>
          </item>
          <item id="79" description="Performance2 (algorithmdirtyregions)">
            <visible>!Skin.HasSetting(Performance2) + Skin.HasSetting(Admin)</visible>
            <label>algorithmdirtyregions</label>
            <label2>106</label2>
            <onclick>Skin.ToggleSetting(Performance2)</onclick>
			<visible>Container(100).Hasfocus(3)</visible>
			<visible>Skin.HasSetting(Admin3)</visible>
          </item>
		  <!--80-99=4-->
		  <item id="80" description="איפוס היסטוריית משתמש והגדרות מעטפת">
            <label>$LOCALIZE[79517]</label>
            <label2></label2>
			<icon>buttons/ButtonE5.png</icon>
			<visible>Container(100).Hasfocus(4) + Skin.HasSetting(Admin2)</visible>
			<onclick condition="System.HasAddon(script.htpt.smartbuttons)">RunScript(script.htpt.smartbuttons,,?mode=40)</onclick>
			<onclick condition="!System.HasAddon(script.htpt.smartbuttons)">Notification($LOCALIZE[79195],script.htpt.smarbuttons,"",1000)</onclick>
          </item>
		  <item id="81" description="">
			<visible>Skin.HasSetting(Admin) + !Skin.HasSetting(Admin2)</visible>
			<visible>false</visible>
			<label>$LOCALIZE[79047]</label>
			<label2>$INFO[Skin.String(ID1)]</label2>
			<onclick>noop</onclick>
			<!--<onclick>Skin.ResetSettings</onclick>-->
			<visible>Container(100).Hasfocus(4)</visible>
		  </item>
		  <item id="82" description="הגדרות משתמש">
			<visible>Skin.HasSetting(Admin2)</visible>
			<visible>Skin.HasSetting(CustomGUI)</visible>
			<icon>buttons/ButtonE4.png</icon>
			<label>$LOCALIZE[79516]</label>
			<label2>107</label2>
			<onclick>Skin.ToggleSetting(CustomGUI)</onclick>
			<visible>Container(100).Hasfocus(4)</visible>
		  </item>
		  <item id="82" description="הגדרות משתמש">
            <visible>Skin.HasSetting(Admin2)</visible>
			<visible>!Skin.HasSetting(CustomGUI)</visible>
			<icon>buttons/ButtonE5.png</icon>
            <label>$LOCALIZE[79516]</label>
            <label2>106</label2>
            <onclick>Skin.ToggleSetting(CustomGUI)</onclick>
			<visible>Container(100).Hasfocus(4)</visible>
		  </item>
		  <item id="83" description="הפעל מצב מומחה">
            <visible>Skin.HasSetting(Admin) + Skin.HasSetting(Admin2)</visible>
			<icon>buttons/ButtonE4.png</icon>
            <label>$LOCALIZE[24022] $LOCALIZE[456] $LOCALIZE[10039]</label>
            <label2>107</label2>
            <onclick>Skin.ToggleSetting(Admin)</onclick>
			<visible>Container(100).Hasfocus(4)</visible>
          </item>
          <item id="83" description="הפעל מצב מומחה">
            <visible>!Skin.HasSetting(Admin) + Skin.HasSetting(Admin2)</visible>
			<icon>buttons/ButtonE5.png</icon>
            <label>$LOCALIZE[24022] $LOCALIZE[456] $LOCALIZE[10039]</label>
            <label2>106</label2>
            <onclick>Skin.ToggleSetting(Admin)</onclick>
			<visible>Container(100).Hasfocus(4)</visible>
          </item>
		  <item id="84" description="הפעל מצב מתקדם">
            <visible>Skin.HasSetting(Admin2)</visible>
			<icon>buttons/ButtonE4.png</icon>
            <label>$LOCALIZE[24022] $LOCALIZE[456] $LOCALIZE[10038]</label>
            <label2>107</label2>
            <onclick>Skin.ToggleSetting(Admin2)</onclick>
			<onclick condition="Skin.HasSetting(Admin)">Skin.ToggleSetting(Admin)</onclick>
			<visible>Container(100).Hasfocus(4)</visible>
          </item>
          <item id="84" description="הפעל מצב מתקדם">
            <visible>!Skin.HasSetting(Admin2)</visible>
            <label>$LOCALIZE[24022] $LOCALIZE[456] $LOCALIZE[10038]</label>
            <label2>106</label2>
            <onclick>Skin.ToggleSetting(Admin2)</onclick>
			<onclick condition="Skin.HasSetting(Admin)">Skin.ToggleSetting(Admin)</onclick>
			<visible>Container(100).Hasfocus(4)</visible>
          </item>
		  <item id="90" description="מידע למפתח">
            <visible>Skin.HasSetting(Admin)</visible>
			<icon>buttons/ButtonE5.png</icon>
            <label>מידע למפתח</label>
            <label2>$INFO[Skin.String(FadeAdmin)]</label2>
            <onclick condition="!Skin.String(FadeAdmin)">Skin.SetString(FadeAdmin,Container)</onclick>
			<onclick condition="Skin.String(FadeAdmin,Container)">Skin.SetString(FadeAdmin,Network)</onclick>
			<onclick condition="Skin.String(FadeAdmin,Network)">Skin.SetString(FadeAdmin,Player)</onclick>
			<onclick condition="Skin.String(FadeAdmin,Player)">Skin.SetString(FadeAdmin,VideoPlayer)</onclick>
			<onclick condition="Skin.String(FadeAdmin,VideoPlayer)">Skin.SetString(FadeAdmin,MusicPlayer)</onclick>
			<onclick condition="Skin.String(FadeAdmin,MusicPlayer)">Skin.SetString(FadeAdmin,System)</onclick>
			<onclick condition="Skin.String(FadeAdmin,System)">Skin.SetString(FadeAdmin,ListItem)</onclick>
			<onclick condition="Skin.String(FadeAdmin,ListItem)">Skin.SetString(FadeAdmin,Custom)</onclick>
			<onclick condition="Skin.String(FadeAdmin,Custom)">Skin.SetString(FadeAdmin,Openelec)</onclick>
			<onclick condition="Skin.String(FadeAdmin,Openelec)">Skin.SetString(FadeAdmin,Slideshow)</onclick>
			<onclick condition="Skin.String(FadeAdmin,Slideshow)">Skin.SetString(FadeAdmin,Container)</onclick>
			<visible>Container(100).Hasfocus(4)</visible>
          </item>
		  <item id="91" description="אפשר שליחת נתונים ממכשיר זה">
            <visible>Skin.HasSetting(Admin2) + Skin.HasSetting(AllowDebug)</visible>
            <label>$LOCALIZE[76177]</label>
            <label2>107</label2>
            <onclick>Skin.ToggleSetting(AllowDebug)</onclick>
			<visible>Container(100).Hasfocus(4)</visible>
          </item>
          <item id="91" description="אפשר שליחת נתונים ממכשיר זה">
            <visible>Skin.HasSetting(Admin2) + !Skin.HasSetting(AllowDebug)</visible>
			<icon>buttons/ButtonE4.png</icon>
            <label>$LOCALIZE[76177]</label>
            <label2>106</label2>
            <onclick>Skin.ToggleSetting(AllowDebug)</onclick>
			<visible>Container(100).Hasfocus(4)</visible>
          </item>
		  <item id="92" description="פירמוט">
			<icon>buttons/ButtonE5.png</icon>
            <label>FORMAT YOUR DEVICE</label>
            <label2>$INFO[Skin.String(ID1)]</label2>
            <onclick>RunScript(script.htpt.smartbuttons,,?mode=42)</onclick>
			<visible>Container(100).Hasfocus(4) + Skin.HasSetting(Admin) + !Skin.HasSetting(Admin2)</visible>
          </item>

		  <!--100-129=5-->
		  <item id="100" description="שם משתמש">
			<label>$LOCALIZE[1014]</label>
			<label2>$INFO[Skin.String(ID)]</label2>
			<onclick condition="IsEmpty(Skin.String(ID))">Skin.SetString(ID)</onclick>
			<onclick condition="!IsEmpty(Skin.String(ID))">Skin.SetString(ID)</onclick>
			<visible>Container(100).Hasfocus(5) + SubString(Player.Volume,-30)</visible>
		  </item>
		  <item id="101" description="שם משתמש2">
			<label>$LOCALIZE[1014]2</label>
			<label2>$INFO[Skin.String(ID1)]</label2>
			<onclick condition="IsEmpty(Skin.String(ID1))">Skin.SetString(ID1)</onclick>
			<onclick condition="!IsEmpty(Skin.String(ID1))">Skin.SetString(ID1)</onclick>
			<visible>Container(100).Hasfocus(5) + SubString(Player.Volume,-30)</visible>
		  </item>
		  <item id="102" description="תאריך התקנה">
			<label>$LOCALIZE[70010]</label>
			<label2>$INFO[Skin.String(ID2)]</label2>
			<onclick condition="IsEmpty(Skin.String(ID2))">Skin.SetString(ID2)</onclick>
			<onclick condition="!IsEmpty(Skin.String(ID2))">Skin.SetString(ID2)</onclick>
			<visible>Container(100).Hasfocus(5) + SubString(Player.Volume,-30)</visible>
		  </item>
		  <item id="103" description="סיום אחריות">
			<label>$LOCALIZE[70011]</label>
			<label2>$INFO[Skin.String(ID3)]</label2>
			<onclick condition="IsEmpty(Skin.String(ID3))">Skin.SetString(ID3)</onclick>
			<onclick condition="!IsEmpty(Skin.String(ID3))">Skin.SetString(ID3)</onclick>
			<visible>Container(100).Hasfocus(5) + SubString(Player.Volume,-30)</visible>
		  </item>
		  <item id="104" description="כתובת">
			<label>$LOCALIZE[19115]</label>
			<label2>$INFO[Skin.String(ID4)]</label2>
			<onclick condition="IsEmpty(Skin.String(ID4))">Skin.SetString(ID4)</onclick>
			<onclick condition="!IsEmpty(Skin.String(ID4))">Skin.SetString(ID4)</onclick>
			<visible>Container(100).Hasfocus(5) + SubString(Player.Volume,-30)</visible>
		  </item>
		  <item id="105" description="מספר טלפון">
			<label>$LOCALIZE[75006]</label>
			<label2>$INFO[Skin.String(ID5)]</label2>
			<onclick condition="IsEmpty(Skin.String(ID5))">Skin.SetNumeric(ID5)</onclick>
			<onclick condition="!IsEmpty(Skin.String(ID5))">Skin.SetNumeric(ID5)</onclick>
			<visible>Container(100).Hasfocus(5) + SubString(Player.Volume,-30)</visible>
		  </item>
		  <item id="106" description="תנאי תשלום">
			<label>$LOCALIZE[70012]</label>
			<label2>$INFO[Skin.String(ID6)]</label2>
			<onclick>RunScript(script.htpt.homebuttons)</onclick>
			<visible>Container(100).Hasfocus(5) + SubString(Player.Volume,-30)</visible>
		  </item>
		  <item id="160" description="תאריך תוקף אחרון">
			<visible>Skin.String(ID6,$LOCALIZE[70015]) | Skin.String(ID6,$LOCALIZE[70016])</visible>
			<label>$LOCALIZE[70019]</label>
			<label2>$INFO[Skin.String(ID60)]</label2>
			<onclick>Skin.SetString(ID60)</onclick>
			<visible>Container(100).Hasfocus(5) + SubString(Player.Volume,-30)</visible>
		  </item>
		  <item id="107" description="שאלה">
			<label>3,76,49,24,59,??</label>
			<label2>$VAR[FORMULA]</label2>
			<onclick condition="IsEmpty(Skin.String(ID7))">Skin.SetString(ID7,40)</onclick>
			<onclick condition="IsEmpty(Skin.String(ID7))">Skin.SetString(ID7)</onclick>
			<onclick condition="!IsEmpty(Skin.String(ID7))">Skin.SetString(ID7)</onclick>
			<visible>Container(100).Hasfocus(5) + SubString(Player.Volume,-30)</visible>
		  </item>
		  <item id="108" description="שם הטכנאי">
			<label>$LOCALIZE[70013]</label>
			<label2>$INFO[Skin.String(ID8)]</label2>
			<onclick condition="IsEmpty(Skin.String(ID8))">Skin.SetString(ID8)</onclick>
			<onclick condition="!IsEmpty(Skin.String(ID8))">Skin.SetString(ID8)</onclick>
			<visible>Container(100).Hasfocus(5) + SubString(Player.Volume,-30)</visible>
		  </item>
		  <item id="109" description="CODE RED">
			<label>CODE RED</label>
			<label2>$VAR[FORMULA2]</label2>
			<!--<label2>$INFO[Skin.String(ID9)]</label2>-->
			<onclick condition="IsEmpty(Skin.String(ID9))">Skin.SetString(ID9)</onclick>
			<onclick condition="!IsEmpty(Skin.String(ID9))">Skin.SetString(ID9)</onclick>
			<visible>Container(100).Hasfocus(5) + SubString(Player.Volume,-30)</visible>
		  </item>
		  <item id="110" description="HTPT MODEL">
			<label>$LOCALIZE[79031]</label>
			<label2>$INFO[Skin.String(ID10)]</label2>
			<onclick condition="IsEmpty(Skin.String(ID10))">Skin.SetString(ID10)</onclick>
			<onclick condition="!IsEmpty(Skin.String(ID10))">Skin.SetString(ID10)</onclick>
			<visible>Container(100).Hasfocus(5) + SubString(Player.Volume,-30)</visible>
		  </item>
		  <item id="111" description="MAC1 (LAN)">
			<label>MAC1 (LAN)</label>
			<label2>$INFO[Skin.String(MAC1)]</label2>
			<onclick condition="StringCompare(Skin.String(MAC1),Skin.String(MAC2))">Notification(MAC DUPLICATE!,MAC1 CANT BE EQUAL TO MAC2!,5000,icons/shield.png)</onclick>
			<onclick condition="IsEmpty(Skin.String(MAC1))">Skin.SetString(MAC1,$INFO[Network.MacAddress])</onclick>
			<onclick condition="!IsEmpty(Skin.String(MAC1))">Skin.SetString(MAC1)</onclick>
			<visible>Container(100).Hasfocus(5) + SubString(Player.Volume,-30)</visible>
		  </item>
		  <item id="112" description="MAC2 (WLAN)">
			<label>MAC2 (WLAN)</label>
			<label2>$INFO[Skin.String(MAC2)]</label2>
			<onclick condition="StringCompare(Skin.String(MAC1),Skin.String(MAC2))">Notification(MAC DUPLICATE!,MAC1 CANT BE EQUAL TO MAC2!,5000,icons/shield.png)</onclick>
			<onclick condition="IsEmpty(Skin.String(MAC2))">Skin.SetString(MAC2,$INFO[Network.MacAddress])</onclick>
			<onclick condition="!IsEmpty(Skin.String(MAC2))">Skin.SetString(MAC2)</onclick>
			<!--<onclick condition="Skin.String(MAC1,MAC2)">Skin.SetString(MAC2,)</onclick>-->
			<!--<onclick condition="Skin.String($INFO[Network.MacAddress],MAC1) + Skin.String($INFO[Network.MacAddress],MAC2)">Notification(MAC DUPLICATE!,$INFO[Network.LinkState] MAC1 CANT BE EQUAL TO MAC2!,5000)</onclick>-->
			<visible>Container(100).Hasfocus(5) + SubString(Player.Volume,-30)</visible>
		  </item>
		  <item id="115" description="ניסיון1">
			<label>Trial ($INFO[Skin.String(Trial2)])</label>
			<label2>$LOCALIZE[106]</label2>
			<visible>!Skin.HasSetting(Trial) + !Skin.HasSetting(Trial2)</visible>
			<onclick>Skin.ToggleSetting(Trial)</onclick>
			<onclick condition="!Skin.String(TrialDate)">Skin.SetString(TrialDate,$INFO[System.Date(DD-MM-YY)])</onclick>
			<onclick>Skin.SetNumeric(TrialDate2)</onclick>
			<onclick>Notification(Trial Pending...,Please Reboot!,2000,icons/shield.png)</onclick>
			<visible>Container(100).Hasfocus(5) + SubString(Player.Volume,-30) + !Skin.HasSetting(VALIDATION2)</visible>
		  </item>
		  <item id="115" description="ניסיון2">
			<label>Trial ($INFO[Skin.String(Trial2)])</label>
			<label2>$LOCALIZE[107]</label2>
			<visible>Skin.HasSetting(Trial)</visible>
			<onclick condition="Skin.HasSetting(Trial)">Skin.ToggleSetting(Trial)</onclick>
			<onclick condition="Skin.String(TrialDate)">Skin.SetString(TrialDate,)</onclick>
			<onclick condition="Skin.String(TrialDate2)">Skin.SetString(TrialDate2,)</onclick>
			<onclick>Notification(Trial Deactivated!,,2000,icons/shield.png)</onclick>
			<visible>Container(100).Hasfocus(5) + SubString(Player.Volume,-30) + !Skin.HasSetting(VALIDATION2)</visible>
		  </item>
		  <item id="116" description="FIXED IP">
			<label>FIXED IP</label>
			<label2>$INFO[Skin.String(fixip)]</label2>
			<onclick condition="!Skin.String(fixip)">Skin.SetString(fixip,$INFO[Network.IPAddress])</onclick>
			<onclick condition="Skin.String(fixip)">Skin.SetString(fixip)</onclick>
			<visible>Container(100).Hasfocus(5) + SubString(Player.Volume,-30)</visible>
		  </item>
		  <item id="130" description="MODEL C - Stability Test">
			<icon>buttons/ButtonE5.png</icon>
			<label>MODEL C - Stability Test</label>
			<label2></label2>
			<onclick>RunScript(script.htpt.homebuttons)</onclick>
			<visible>Container(100).Hasfocus(5) + SubString(Player.Volume,-30)</visible>
			<visible>Skin.String(ID10,C) | !Skin.HasSetting(VALIDATION2)</visible>
		  </item>
		  
		  <!--200-250 מסך בית מותאם אישי-->
		  <item id="200" description="סמן בחירה (כפתור)">
			<visible>Skin.HasSetting(SelectionMarker)</visible>
			<icon>buttons/ButtonE4.png</icon>
			<label>$LOCALIZE[78021] ($LOCALIZE[78219])</label>
			<label2>107</label2>
			<onclick>Skin.ToggleSetting(SelectionMarker)</onclick>
			<visible>Container(100).Hasfocus(20)</visible>
		  </item>
		  <item id="200" description="סמן בחירה (כפתור)">
			<visible>!Skin.HasSetting(SelectionMarker)</visible>
			<icon>buttons/ButtonE2.png</icon>
            <label>$LOCALIZE[78021] ($LOCALIZE[78219])</label>
            <label2>106</label2>
            <onclick>Skin.ToggleSetting(SelectionMarker)</onclick>
			<visible>Container(100).Hasfocus(20)</visible>
		  </item>
		  <item id="201" description="סמן בחירה 2 (כפתור)">
			<visible>!Skin.HasSetting(SelectionMarker2)</visible>
			<icon>buttons/ButtonE2.png</icon>
            <label>$LOCALIZE[78021] 2 ($LOCALIZE[78219])</label>
            <label2>106</label2>
            <onclick>Skin.ToggleSetting(SelectionMarker2)</onclick>
			<visible>Container(100).Hasfocus(20)</visible>
		  </item>
		  <item id="201" description="סמן בחירה 2 (כפתור)">
			<visible>Skin.HasSetting(SelectionMarker2)</visible>
			<icon>buttons/ButtonE4.png</icon>
			<label>$LOCALIZE[78021] 2 ($LOCALIZE[78219])</label>
			<label2>107</label2>
			<onclick>Skin.ToggleSetting(SelectionMarker2)</onclick>
			<visible>Container(100).Hasfocus(20)</visible>
		  </item>
		  <item id="203" description="צללית (כפתור)">
			<visible>!Skin.HasSetting(ShadowButton)</visible>
			<icon>buttons/ButtonE2.png</icon>
            <label>$LOCALIZE[78218] ($LOCALIZE[78219])</label>
            <label2>106</label2>
            <onclick>Skin.ToggleSetting(ShadowButton)</onclick>
			<visible>Container(100).Hasfocus(20)</visible>
		  </item>
		  <item id="203" description="צללית (כפתור)">
			<visible>Skin.HasSetting(ShadowButton)</visible>
			<icon>buttons/ButtonE4.png</icon>
			<label>$LOCALIZE[78218] ($LOCALIZE[78219])</label>
			<label2>107</label2>
			<onclick>Skin.ToggleSetting(ShadowButton)</onclick>
			<visible>Container(100).Hasfocus(20)</visible>
		  </item>
		  <item id="204" description="שקופית (כפתור)">
			<visible>Skin.HasSetting(OverlayButton)</visible>
			<icon>buttons/ButtonE4.png</icon>
			<label>$LOCALIZE[78217] ($LOCALIZE[78219])</label>
			<label2>106</label2>
			<onclick>Skin.ToggleSetting(OverlayButton)</onclick>
			<visible>Container(100).Hasfocus(20)</visible>
		  </item>
		  <item id="204" description="שקופית (כפתור)">
			<visible>!Skin.HasSetting(OverlayButton)</visible>
			<icon>buttons/ButtonE2.png</icon>
            <label>$LOCALIZE[78217] ($LOCALIZE[78219])</label>
            <label2>107</label2>
            <onclick>Skin.ToggleSetting(OverlayButton)</onclick>
			<visible>Container(100).Hasfocus(20)</visible>
		  </item>
		  <item id="210" description="שקיפות אייקון נבחר (כפתור)">
			<visible>!Skin.String(IconOverlayButton) | Skin.String(IconOverlayButton,20)</visible>
			<icon>buttons/ButtonE2.png</icon>
			<label>$LOCALIZE[78215] $LOCALIZE[78216] ($LOCALIZE[78219])</label>
			<label2>$INFO[Skin.String(IconOverlayButton)]</label2>
			<onclick>RunScript(script.htpt.smartbuttons,,?mode=200)</onclick>
			<visible>Container(100).Hasfocus(20)</visible>
		  </item>
		  <item id="210" description="שקיפות אייקון נבחר (כפתור)">
		    <visible>Skin.String(IconOverlayButton) + !Skin.String(IconOverlayButton,20)</visible>
			<icon>buttons/ButtonE4.png</icon>
			<label>$LOCALIZE[78215] $LOCALIZE[78216] ($LOCALIZE[78219])</label>
			<label2>$INFO[Skin.String(IconOverlayButton)]</label2>
			<onclick>RunScript(script.htpt.smartbuttons,,?mode=200)</onclick>
			<visible>Container(100).Hasfocus(20)</visible>
		  </item>
        </content>
		</control>
      </control>
	  <include>AdditionalInformation</include>
	  <include>TopInformation</include>
    </control>
  </controls>
</window>
