<advancedsettings>
	<splash>false</splash>
	<loglevel>0</loglevel>      <!-- -1 No logging, suppresses all log output; 0 Normal logging, only logging errors (Default); 1 Debug logging (without showing text on screen); 2 Debug logging with freemem, fps and cpu usage shown on screen; 3 Debug logging with freemem, fps and cpu usage and full smb logging -->
	<enableairtunesdebuglog>0</enableairtunesdebuglog> <!-- This enables the debug output of libshairport which is used for the AirTunes feature. Defaults to off - because its spamming badly. -->
	<!--<airtunesport></airtunesport>--> <!--This overwrites the defalt listening port of the AirTunes server (announced via zeroconf).-->
	<!--<airplayport></airplayport>--> <!--This overwrites the default listening port of the AirPlay server (announced via zeroconf).-->
    <navigatevirtualkeyboard>true</navigatevirtualkeyboard> <!--http://forum.xbmc.org/showthread.php?tid=45782--> <!--עם הגדרה שלט רחוק שולח לחיצות מקלדת-->
	<network>
<!--0) Buffer all internet filesystems (like "2" but additionally also ftp, webdav, etc.) (default)
    1) Buffer all filesystems (including local)
    2) Only buffer true internet filesystems (streams) (http, etc.)
    3) No buffer -->
        <buffermode>0</buffermode>
<!-- this factor determines the max readrate in terms of readbufferfactor * avg bitrate of a video file. This can help on bad connections to keep the cache filled.
It will also greatly speed up buffering. Default value 1.0.
By default (value: 1), XBMC will only fill the cache a little above what is needed to play it back. It does this as to not max out your network and possibly max out some hardware. For most users and hardware, this setting shouldn't cause any issues, but be aware of it if you have unusual CPU spikes in your HTPC.
The value of this setting is a multiplier of the default limit. If HTPT is loading a typical bluray raw file at 36 Mbit/s, then a value of 2 will need at least 72 Mbit/s of network bandwidth. However, unlike with the RAM setting, you can safely increase this value however high you want, and XBMC won't crash. Just know that it might cause XBMC to attempt to use all available bandwidth on your HTPC during playback.
-->
		<readbufferfactor>4.0</readbufferfactor> 
<!-- Value: 0 - we can use the local disk memory (typically your hard drive), which will not put any limit on the size (outside of the size of your drive).
This also allows devices with low RAM, such as the Raspberry Pi, to cache more than they normally would due to the small amount of RAM they have.
The cache is deleted from the local disk whenever playback is stopped. 
		2000MB = 2097152000
		700MB* = 786432000
		500MB* = 524288000 
		100MB* = 104857600
		*require x3-->
		<cachemembuffersize>0</cachemembuffersize>
		<!--<autodetectpingtime>30</autodetectpingtime>  <!-- Length in seconds between pinging th network to detect new xbox's -->
		<curlclienttimeout>10</curlclienttimeout>  <!-- Timeout in seconds for libcurl (http/ftp) connections -->
		<curllowspeedtime>5</curllowspeedtime>   <!-- Time in seconds for libcurl to consider a connection lowspeed -->
		<disableipv6>true</disableipv6>  <!--gal?-->
		<!--<freememorycachepercent>5</freememorycachepercent>-->
		<!--<httpproxyusername></httpproxyusername>  <!-- username for Basic Proxy Authentication -->
		<!--<httpproxypassword></httpproxypassword>  <!-- password for Basic Proxy Authentication -->  
    </network>
	
    <gui>
<!-- EEnable dirty-region processing. Dirty regions are any parts of the screen that have changed since the last frame. By not re-rendering what hasn't changed, big speed gains can be seen. Because all GPUs work differently, only Mode 3, combined with nofliptimeout=0, is guaranteed to be safe for everyone, but current timing issues with nofliptimeout keep this from being the default.		
0	Off	 The entire viewport is always rendered.
1	Union	All dirty regions are grouped into the smallest possible rectangle. This is typically the fastest mode for slower GPUs due to only making one pass.
2	Cost reduction	 Each dirty region is presented separately, in as many passes as there are regions.
3	Whole Screen	 The entire screen is rendered if there are any dirty regions. This, combined with nofliptimeout is a safe default for drivers that clear buffer contents (manifests as blinking or vibrating images). Default-->
		<algorithmdirtyregions>3</algorithmdirtyregions>  
<!--Specifies the timeout in milliseconds after which XBMC will not flip the graphics buffers anymore when nothing has been rendered, this lowers both CPU and GPU usage.
-1: disabled
0 or higher: timeout in milliseconds (0 is default)-->
        <nofliptimeout>0</nofliptimeout> <!--galcheck-->
		<!--<visualizedirtyregions>true</visualizedirtyregions>-->
    </gui>
	<!--<Latency>
		<delay>0</delay>
	</Latency>-->
    <videoscanner>
<!-- Set to true to silently ignore errors while scanning videos. This prevents the error dialogue box, so you don't have to keep hitting "yes" to keep scanning.-->        
		<ignoreerrors>true</ignoreerrors>
    </videoscanner>
	
    <video>
	   <subsdelayrange>40</subsdelayrange>   <!-- to set subtitle delay slider to more than 10 seconds (240)-->
	   <playcountminimumpercent>90</playcountminimumpercent>  <!--Since a lot of people don't watch credits at the end of a movie or TV show, this value allows us to skip those parts while still automatically marking something as watched. This setting is defined in a percentage with the default being 90 percent.-->
	   <ignoresecondsatstart>300</ignoresecondsatstart>  <!--This setting allows someone to start a video, only watch a couple of minutes, and then stop it without recording a resume point. This allows someone to do things such as check to see if the video is one they've seen or not, or to not mark a video if all you have seen is just the opening credits, etc. This setting is defined in seconds with the default being 180 seconds. For whole minutes simply multiply by 60.-->
	   <ignorepercentatend>3</ignorepercentatend>  <!--This setting prevents a resume point from being recorded if it is within a certain percentage at the end of the video. The logic here is similar to <playcountminimumpercent>, where most people will probably want to skip end credits and not have a resume point made, as they are done watching the video. The setting is defined in a percentage in relation to the end of the video, and the default is 8 percent. For an hour movie this would ignore a little under 5 minutes from the end of the video.-->
    </video>
	<!--If not present or false (0) AudioEngine will go into a suspend state when there are no playing streams or GUI sounds, saving power and releasing the WASAPI exclusive sink so external players can get access to the audio device.
	If true it restores the previous AE behaviour of running constantly (even if silent) for lese receiver / sink switches and a faster response on starting a stream.-->
	<audio>
		<!--<resample>48000</resample>-->
		<!--<streamsilence>1</streamsilence>-->
	</audio>
	
	<pvr>
	<!-- VQ/AQ values are the buffer levels of the video and audio buffers. 0 means empty queue, which will result in thos drops. Doesn't effect live streams. -->
		<minvideocachelevel>10</minvideocachelevel>
		<minaudiocachelevel>10</minaudiocachelevel> <!--35/25-->		
		<maxvideocachelevel>20</maxvideocachelevel>
		<maxaudiocachelevel>20</maxaudiocachelevel>
		<cacheindvdplayer>true</cacheindvdplayer> <!-- Cache PVR stream in DVDPlayer. -->
	</pvr>
	
	
	<samba>
		<doscodepage></doscodepage>  <!-- code page to use for filenames -->
		<clienttimeout>100</clienttimeout>  <!-- timeout (in seconds) -->
		<statfiles>false</statfiles>  <!-- Set to false to disable smb stat() on files to speed up listings of large directories (over slow links) -->
	</samba>
	
	<packagefoldersize>250</packagefoldersize> <!-- this example would keep up to 200MB of add-on packages. -->
	<skiploopfilter>0</skiploopfilter>   <!--he amount of the loop filter to skip on h264 decoding. This can help the performance of slower machines when decoding h264 content. Values, in decreasing CPU usage (and decreasing quality) -->
	<!---16 None, 0 Skip only empty frames (default), 8 Skip non-reference frames (default on ATV), 16 Skip bi-dir frames, 32 Skip all non-key frames, 48 Skip all frames) -->
	<playlistretries>10</playlistretries>  <!-- The default number of retries if for example a source is offline is 100. With this control you can alter the number of consecutive failed items before a playlist fails. -->
	<playlisttimeout>3</playlisttimeout>   <!-- The default timeout before item failure is 20 sec. It can be changed with this control -->
	<showexitbutton>false</showexitbutton>   <!--Setting to hide the exit button, useful for people running appliance based setup's where exit would only confuse/complicate the user. Modifiable via the advancedsettings.xml by setting showexitbutton to false, default is true (show) -->
	
	<!--Quality-->
    <!--<fanartres>1080</fanartres>--> <!--This tag is new for v12 (Frodo), replacing <fanartheight>. Specify the resolution that cached fanart should be resized to in pixels. The width is automatically calculated as being 16/9*height. Only images that are exactly 16x9 and equal to or greater than this resolution will be cached at this size - all other images will be cached using <imageres>. The default value is 1080. -->
    <imageres>1080</imageres> <!--This tag is new for v12 (Frodo), replacing <thumbsize>. Specify the maximal resolution that art should be resized to in pixels. The width is automatically calculated as being 16/9*height. The image will be resized to fit within this size. e.g. an image that is 2000x500 will be cached at size 1280x320. An image that is 500x800 will be cached at size 450x720 using the default value of 720. -->
    <useddsfanart>false</useddsfanart> <!--This settings allows XBMC to use your GPU rendering fanart and some other images. This will make loading images considerably faster, especially on systems with slower processors (e.g. atom based systems). Do not use this option on ARM based systems (Apple TV2/iOS/RPi/many Android systems) as it is likely to degrade performance because DDS images are not supported.-->
	<lookandfeel>
		<enablerssfeeds>false</enablerssfeeds>
    </lookandfeel>
</advancedsettings>