<settings>
    <audiocds>
        <autoaction default="true">0</autoaction>
        <ejectonrip default="true">true</ejectonrip>
        <encoder default="true">audioencoder.xbmc.builtin.wav</encoder>
        <recordingpath default="true"></recordingpath>
        <trackpathformat default="true">%A/%A - %B/[%N. ][%A - ]%T</trackpathformat>
        <usecddb default="true">true</usecddb>
    </audiocds>
    <audiooutput>
        <ac3passthrough default="true">true</ac3passthrough>
        <ac3transcode default="true">false</ac3transcode>
        <audiodevice default="true">ALSA:@</audiodevice>
        <channels default="true">1</channels>
        <config default="true">2</config>
        <dtshdpassthrough default="true">false</dtshdpassthrough>
        <dtspassthrough default="true">false</dtspassthrough>
        <eac3passthrough default="true">false</eac3passthrough>
        <guisoundmode default="true">1</guisoundmode>
        <maintainoriginalvolume default="true">true</maintainoriginalvolume>
        <passthrough default="true">false</passthrough>
        <passthroughdevice default="true">ALSA:hdmi:CARD=PCH,DEV=0</passthroughdevice>
        <processquality default="true">30</processquality>
        <samplerate default="true">48000</samplerate>
        <stereoupmix default="true">false</stereoupmix>
        <streamsilence default="true">1</streamsilence>
        <truehdpassthrough default="true">false</truehdpassthrough>
    </audiooutput>
    <cache>
        <harddisk default="true">256</harddisk>
    </cache>
    <cacheaudio>
        <dvdrom default="true">256</dvdrom>
        <internet default="true">256</internet>
        <lan default="true">256</lan>
    </cacheaudio>
    <cachedvd>
        <dvdrom default="true">2048</dvdrom>
        <lan default="true">2048</lan>
    </cachedvd>
    <cacheunknown>
        <internet default="true">4096</internet>
    </cacheunknown>
    <cachevideo>
        <dvdrom default="true">2048</dvdrom>
        <internet default="true">4096</internet>
        <lan default="true">2048</lan>
    </cachevideo>
    <debug>
        <extralogging default="true">false</extralogging>
        <screenshotpath>/storage/screenshots/</screenshotpath>
        <setextraloglevel default="true"></setextraloglevel>
        <showloginfo default="true">false</showloginfo>
    </debug>
    <disc>
        <playback default="true">0</playback>
    </disc>
    <dvds>
        <automenu default="true">false</automenu>
        <autorun default="true">false</autorun>
        <playerregion default="true">0</playerregion>
    </dvds>
    <epg>
        <daystodisplay default="true">3</daystodisplay>
        <epgupdate default="true">120</epgupdate>
        <hidenoinfoavailable default="true">true</hidenoinfoavailable>
        <ignoredbforclient default="true">false</ignoredbforclient>
        <preventupdateswhileplayingtv default="true">false</preventupdateswhileplayingtv>
        <selectaction default="true">2</selectaction>
    </epg>
    <filelists>
        <allowfiledeletion>true</allowfiledeletion>
        <ignorethewhensorting default="true">true</ignorethewhensorting>
        <showaddsourcebuttons default="true">true</showaddsourcebuttons>
        <showextensions default="true">true</showextensions>
        <showhidden>true</showhidden>
        <showparentdiritems default="true">true</showparentdiritems>
    </filelists>
    <general>
        <addonbrokenfilter default="true">true</addonbrokenfilter>
        <addonforeignfilter default="true">false</addonforeignfilter>
        <addonnotifications default="true">true</addonnotifications>
        <addonupdates default="true">0</addonupdates>
        <settinglevel>1</settinglevel>
        <systemtotaluptime>154</systemtotaluptime>
    </general>
    <input>
        <enablejoystick default="true">true</enablejoystick>
        <enablemouse default="true">true</enablemouse>
    </input>
    <karaoke>
        <autopopupselector default="true">false</autopopupselector>
        <charset default="true">DEFAULT</charset>
        <enabled default="true">false</enabled>
        <font default="true">arial.ttf</font>
        <fontcolors default="true">0</fontcolors>
        <fontheight default="true">36</fontheight>
    </karaoke>
    <locale>
        <audiolanguage default="true">original</audiolanguage>
        <charset default="true">DEFAULT</charset>
        <country>ISRAEL (24h)</country>
        <keyboardlayouts default="true">English QWERTY</keyboardlayouts>
        <language>Hebrew</language>
        <subtitlelanguage default="true">original</subtitlelanguage>
        <timezone default="true"></timezone>
        <timezonecountry default="true"></timezonecountry>
    </locale>
    <lookandfeel>
        <enablerssfeeds>false</enablerssfeeds>
        <font>Arial</font>
        <rssedit default="true"></rssedit>
        <skin default="true">skin.confluence</skin>
        <skincolors default="true">SKINDEFAULT</skincolors>
        <skintheme default="true">SKINDEFAULT</skintheme>
        <skinzoom default="true">0</skinzoom>
        <soundskin>OFF</soundskin>
        <startupwindow default="true">10000</startupwindow>
    </lookandfeel>
    <masterlock>
        <maxretries default="true">3</maxretries>
        <startuplock default="true">false</startuplock>
    </masterlock>
    <musicfiles>
        <findremotethumbs default="true">true</findremotethumbs>
        <librarytrackformat default="true"></librarytrackformat>
        <librarytrackformatright default="true"></librarytrackformatright>
        <nowplayingtrackformat default="true"></nowplayingtrackformat>
        <nowplayingtrackformatright default="true"></nowplayingtrackformatright>
        <trackformat default="true">[%N. ]%A - %T</trackformat>
        <trackformatright default="true">%D</trackformatright>
        <usetags default="true">true</usetags>
    </musicfiles>
    <musiclibrary>
        <albumsscraper default="true">metadata.album.universal</albumsscraper>
        <artistsscraper default="true">metadata.artists.universal</artistsscraper>
        <backgroundupdate default="true">false</backgroundupdate>
        <downloadinfo default="true">false</downloadinfo>
        <enabled default="true">true</enabled>
        <overridetags default="true">false</overridetags>
        <showcompilationartists default="true">true</showcompilationartists>
        <updateonstartup default="true">false</updateonstartup>
    </musiclibrary>
    <musicplayer>
        <autoplaynextitem default="true">true</autoplaynextitem>
        <crossfade default="true">0</crossfade>
        <crossfadealbumtracks default="true">true</crossfadealbumtracks>
        <queuebydefault default="true">false</queuebydefault>
        <replaygainavoidclipping default="true">false</replaygainavoidclipping>
        <replaygainnogainpreamp default="true">89</replaygainnogainpreamp>
        <replaygainpreamp default="true">89</replaygainpreamp>
        <replaygaintype default="true">1</replaygaintype>
        <visualisation default="true">visualization.glspectrum</visualisation>
    </musicplayer>
    <mymusic>
        <defaultlibview default="true"></defaultlibview>
        <songthumbinvis default="true">false</songthumbinvis>
        <startwindow default="true">10501</startwindow>
        <playlist>
            <repeat>false</repeat>
            <shuffle>false</shuffle>
        </playlist>
        <needsupdate>0</needsupdate>
    </mymusic>
    <myvideos>
        <extractflags default="true">true</extractflags>
        <extractthumb default="true">true</extractthumb>
        <flatten default="true">false</flatten>
        <replacelabels default="true">true</replacelabels>
        <selectaction default="true">1</selectaction>
        <stackvideos default="true">false</stackvideos>
        <startwindow default="true">100024</startwindow>
        <watchmodemovies>0</watchmodemovies>
        <watchmodetvshows>0</watchmodetvshows>
        <watchmodemusicvideos>0</watchmodemusicvideos>
        <playlist>
            <repeat>false</repeat>
            <shuffle>false</shuffle>
        </playlist>
        <needsupdate>0</needsupdate>
    </myvideos>
    <network>
        <bandwidth default="true">0</bandwidth>
        <httpproxypassword default="true"></httpproxypassword>
        <httpproxyport default="true">8080</httpproxyport>
        <httpproxyserver default="true"></httpproxyserver>
        <httpproxytype default="true">0</httpproxytype>
        <httpproxyusername default="true"></httpproxyusername>
        <usehttpproxy default="true">false</usehttpproxy>
    </network>
    <pictures>
        <displayresolution>16</displayresolution>
        <generatethumbs default="true">true</generatethumbs>
        <showvideos>false</showvideos>
        <useexifrotation default="true">true</useexifrotation>
        <usetags default="true">true</usetags>
    </pictures>
    <powermanagement>
        <displaysoff default="true">0</displaysoff>
        <shutdownstate default="true">1</shutdownstate>
        <shutdowntime default="true">0</shutdowntime>
        <wakeonaccess default="true">false</wakeonaccess>
    </powermanagement>
    <pvrmanager>
        <backendchannelorder default="true">true</backendchannelorder>
        <enabled default="true">false</enabled>
        <hideconnectionlostwarning default="true">false</hideconnectionlostwarning>
        <syncchannelgroups default="true">true</syncchannelgroups>
        <usebackendchannelnumbers default="true">false</usebackendchannelnumbers>
    </pvrmanager>
    <pvrmenu>
        <closechannelosdonswitch default="true">true</closechannelosdonswitch>
        <displaychannelinfo default="true">5</displaychannelinfo>
        <iconpath default="true"></iconpath>
    </pvrmenu>
    <pvrparental>
        <duration default="true">300</duration>
        <enabled default="true">false</enabled>
        <pin default="true"></pin>
    </pvrparental>
    <pvrplayback>
        <channelentrytimeout default="true">0</channelentrytimeout>
        <confirmchannelswitch default="true">false</confirmchannelswitch>
        <playminimized default="true">true</playminimized>
        <scantime default="true">10</scantime>
        <signalquality default="true">true</signalquality>
        <startlast default="true">0</startlast>
    </pvrplayback>
    <pvrpowermanagement>
        <backendidletime default="true">15</backendidletime>
        <dailywakeup default="true">false</dailywakeup>
        <dailywakeuptime default="true">00:00:00</dailywakeuptime>
        <enabled default="true">false</enabled>
        <prewakeup default="true">15</prewakeup>
        <setwakeupcmd default="true">/usr/bin/setwakeup.sh</setwakeupcmd>
    </pvrpowermanagement>
    <pvrrecord>
        <defaultlifetime default="true">99</defaultlifetime>
        <defaultpriority default="true">50</defaultpriority>
        <instantrecordtime default="true">120</instantrecordtime>
        <marginend default="true">0</marginend>
        <marginstart default="true">0</marginstart>
        <timernotifications default="true">true</timernotifications>
    </pvrrecord>
    <scrapers>
        <moviesdefault default="true">metadata.themoviedb.org</moviesdefault>
        <musicvideosdefault default="true">metadata.musicvideos.theaudiodb.com</musicvideosdefault>
        <tvshowsdefault default="true">metadata.tvdb.com</tvshowsdefault>
    </scrapers>
    <screensaver>
        <mode default="true">screensaver.xbmc.builtin.dim</mode>
        <time default="true">3</time>
        <usedimonpause default="true">true</usedimonpause>
        <usemusicvisinstead default="true">true</usemusicvisinstead>
    </screensaver>
    <services>
        <airplay default="true">true</airplay>
        <airplayios8compat default="true">true</airplayios8compat>
        <airplaypassword default="true"></airplaypassword>
        <airplayvolumecontrol default="true">true</airplayvolumecontrol>
        <devicename>HTPT</devicename>
        <esallinterfaces default="true">false</esallinterfaces>
        <escontinuousdelay default="true">25</escontinuousdelay>
        <esenabled default="true">true</esenabled>
        <esinitialdelay default="true">750</esinitialdelay>
        <esmaxclients default="true">20</esmaxclients>
        <esport default="true">9777</esport>
        <esportrange default="true">10</esportrange>
        <upnpannounce default="true">true</upnpannounce>
        <upnpcontroller default="true">false</upnpcontroller>
        <upnprenderer default="true">false</upnprenderer>
        <upnpserver default="true">false</upnpserver>
        <useairplaypassword default="true">false</useairplaypassword>
        <webserver default="true">true</webserver>
        <webserverpassword default="true"></webserverpassword>
        <webserverport>8080</webserverport>
        <webserverusername>HTPT</webserverusername>
        <webskin default="true">webinterface.default</webskin>
        <zeroconf default="true">true</zeroconf>
    </services>
    <slideshow>
        <displayeffects default="true">true</displayeffects>
        <shuffle default="true">false</shuffle>
        <staytime>3</staytime>
    </slideshow>
    <smb>
        <winsserver default="true">0.0.0.0</winsserver>
        <workgroup>MSHTPT</workgroup>
    </smb>
    <subtitles>
        <align default="true">0</align>
        <charset default="true">DEFAULT</charset>
        <color default="true">1</color>
        <custompath default="true"></custompath>
        <downloadfirst default="true">false</downloadfirst>
        <font default="true">arial.ttf</font>
        <height default="true">28</height>
        <languages default="true">English</languages>
        <movie default="true">-</movie>
        <overrideassfonts default="true">false</overrideassfonts>
        <pauseonsearch default="true">true</pauseonsearch>
        <stereoscopicdepth default="true">0</stereoscopicdepth>
        <storagemode default="true">0</storagemode>
        <style default="true">1</style>
        <tv default="true">-</tv>
    </subtitles>
    <system>
        <playlistspath>special://profile/playlists/</playlistspath>
    </system>
    <videolibrary>
        <actorthumbs default="true">true</actorthumbs>
        <backgroundupdate default="true">false</backgroundupdate>
        <enabled default="true">true</enabled>
        <flattentvshows default="true">1</flattentvshows>
        <groupmoviesets default="true">false</groupmoviesets>
        <showunwatchedplots default="true">true</showunwatchedplots>
        <updateonstartup default="true">false</updateonstartup>
    </videolibrary>
    <videoplayer>
        <adjustrefreshrate default="true">0</adjustrefreshrate>
        <autoplaynextitem default="true">false</autoplaynextitem>
        <decodingmethod default="true">1</decodingmethod>
        <errorinaspect default="true">0</errorinaspect>
        <hqscalers default="true">0</hqscalers>
        <maxspeedadjust default="true">5</maxspeedadjust>
        <pauseafterrefreshchange default="true">0</pauseafterrefreshchange>
        <prefervaapirender default="true">true</prefervaapirender>
        <quitstereomodeonstop default="true">true</quitstereomodeonstop>
        <rendermethod default="true">0</rendermethod>
        <stereoscopicplaybackmode default="true">0</stereoscopicplaybackmode>
        <stretch43 default="true">0</stretch43>
        <synctype default="true">2</synctype>
        <teletextenabled default="true">true</teletextenabled>
        <teletextscale default="true">true</teletextscale>
        <useamcodec default="true">true</useamcodec>
        <usedisplayasclock default="true">false</usedisplayasclock>
        <usedxva2 default="true">true</usedxva2>
        <useomx default="true">true</useomx>
        <useomxplayer default="true">true</useomxplayer>
        <usepbo default="true">true</usepbo>
        <usevaapi default="true">true</usevaapi>
        <usevaapimpeg2 default="true">true</usevaapimpeg2>
        <usevaapimpeg4 default="true">true</usevaapimpeg4>
        <usevaapivc1 default="true">false</usevaapivc1>
        <usevda default="true">true</usevda>
        <usevdpau default="true">true</usevdpau>
        <usevdpaumixer default="true">true</usevdpaumixer>
        <usevdpaumpeg2 default="true">true</usevdpaumpeg2>
        <usevdpaumpeg4 default="true">false</usevdpaumpeg4>
        <usevdpauvc1 default="true">true</usevdpauvc1>
        <usevideotoolbox default="true">true</usevideotoolbox>
        <vdpauUpscalingLevel default="true">false</vdpauUpscalingLevel>
        <vdpau_allow_xrandr default="true">false</vdpau_allow_xrandr>
    </videoplayer>
    <videoscreen>
        <blankdisplays default="true">false</blankdisplays>
        <fakefullscreen default="true">true</fakefullscreen>
        <limitedrange default="true">false</limitedrange>
        <monitor default="true">Default</monitor>
        <preferedstereoscopicmode default="true">100</preferedstereoscopicmode>
        <resolution default="true">16</resolution>
        <screen default="true">0</screen>
        <screenmode default="true">DESKTOP</screenmode>
        <stereoscopicmode default="true">0</stereoscopicmode>
        <vsync default="true">3</vsync>
    </videoscreen>
    <weather>
        <addon default="true"></addon>
        <currentlocation default="true">1</currentlocation>
    </weather>
    <window>
        <height default="true">480</height>
        <width default="true">720</width>
    </window>
    <skinsettings>
        <setting type="bool" name="skin.confluence.Use_Startup_Playlist">false</setting>
        <setting type="bool" name="skin.confluence.UseCustomBackground">false</setting>
        <setting type="bool" name="skin.confluence.HideBackGroundFanart">false</setting>
        <setting type="bool" name="skin.confluence.ShowBackgroundVideo">false</setting>
        <setting type="bool" name="skin.confluence.ShowBackgroundVis">false</setting>
        <setting type="bool" name="skin.confluence.HomepageHideRecentlyAddedVideo">false</setting>
        <setting type="bool" name="skin.confluence.HomepageHideRecentlyAddedAlbums">false</setting>
        <setting type="bool" name="skin.confluence.homepageWeatherinfo">false</setting>
        <setting type="bool" name="skin.confluence.homepageMusicinfo">false</setting>
        <setting type="bool" name="skin.confluence.homepageVideoinfo">false</setting>
        <setting type="bool" name="skin.confluence.HomeMenuNoMovieButton">false</setting>
        <setting type="bool" name="skin.confluence.HomeMenuNoTVShowButton">false</setting>
        <setting type="bool" name="skin.confluence.HomeMenuNoWeatherButton">false</setting>
        <setting type="bool" name="skin.confluence.HomeMenuNoPicturesButton">false</setting>
        <setting type="bool" name="skin.confluence.HomeMenuNoVideosButton">false</setting>
        <setting type="bool" name="skin.confluence.HomeMenuNoMusicButton">false</setting>
        <setting type="bool" name="skin.confluence.HomeMenuNoProgramsButton">false</setting>
        <setting type="bool" name="skin.confluence.AutoScroll">false</setting>
        <setting type="bool" name="skin.confluence.FirstTimeRun">true</setting>
        <setting type="bool" name="skin.confluence.Admin">false</setting>
        <setting type="bool" name="skin.confluence.HTPTu">false</setting>
        <setting type="bool" name="skin.htpt.Performance">false</setting>
        <setting type="bool" name="skin.htpt.Admin">false</setting>
        <setting type="bool" name="skin.htpt.Admin2">false</setting>
        <setting type="bool" name="skin.htpt.VALIDATION">false</setting>
        <setting type="bool" name="skin.htpt.TVShelf_Watchlist">false</setting>
        <setting type="bool" name="skin.htpt.MoviesShelfWL">false</setting>
        <setting type="bool" name="skin.htpt.Backgrounds2">false</setting>
        <setting type="bool" name="skin.htpt.Trial2">false</setting>
        <setting type="bool" name="skin.htpt.Adult">false</setting>
        <setting type="bool" name="skin.htpt.AutoPlayPause">false</setting>
        <setting type="bool" name="skin.htpt.AutoPlaySD">false</setting>
        <setting type="bool" name="skin.htpt.myHTPT2">false</setting>
        <setting type="bool" name="skin.htpt.Connected">false</setting>
        <setting type="bool" name="skin.htpt.Connected2">false</setting>
        <setting type="bool" name="skin.htpt.Connected3">false</setting>
        <setting type="bool" name="skin.htpt.VALIDATION2">false</setting>
        <setting type="bool" name="skin.htpt.ShowClock">false</setting>
        <setting type="bool" name="skin.htpt.refreshrunnings">false</setting>
        <setting type="bool" name="skin.htpt.Joystick">false</setting>
        <setting type="bool" name="skin.htpt.AutoPlayPlus">false</setting>
        <setting type="bool" name="skin.htpt.DialogSelectFirst">false</setting>
        <setting type="string" name="skin.confluence.CustomBackgroundPath"></setting>
        <setting type="string" name="skin.confluence.HomeVideosButton1"></setting>
        <setting type="string" name="skin.confluence.HomeVideosButton2"></setting>
        <setting type="string" name="skin.confluence.HomeVideosButton3"></setting>
        <setting type="string" name="skin.confluence.HomeVideosButton4"></setting>
        <setting type="string" name="skin.confluence.HomeVideosButton5"></setting>
        <setting type="string" name="skin.confluence.HomeMusicButton1"></setting>
        <setting type="string" name="skin.confluence.HomeMusicButton2"></setting>
        <setting type="string" name="skin.confluence.HomeMusicButton3"></setting>
        <setting type="string" name="skin.confluence.HomeMusicButton4"></setting>
        <setting type="string" name="skin.confluence.HomeMusicButton5"></setting>
        <setting type="string" name="skin.confluence.HomePictureButton1"></setting>
        <setting type="string" name="skin.confluence.HomePictureButton2"></setting>
        <setting type="string" name="skin.confluence.HomePictureButton3"></setting>
        <setting type="string" name="skin.confluence.HomePictureButton4"></setting>
        <setting type="string" name="skin.confluence.HomePictureButton5"></setting>
        <setting type="string" name="skin.confluence.HomeProgramButton1"></setting>
        <setting type="string" name="skin.confluence.HomeProgramButton2"></setting>
        <setting type="string" name="skin.confluence.HomeProgramButton3"></setting>
        <setting type="string" name="skin.confluence.HomeProgramButton4"></setting>
        <setting type="string" name="skin.confluence.HomeProgramButton5"></setting>
        <setting type="string" name="skin.confluence.HTPTv"></setting>
        <setting type="string" name="skin.htpt.VarCurrentPicVid"></setting>
        <setting type="string" name="skin.htpt.picturesPath"></setting>
        <setting type="string" name="skin.htpt.TrialDate2"></setting>
        <setting type="string" name="skin.htpt.ID3"></setting>
        <setting type="string" name="skin.htpt.ID5"></setting>
        <setting type="string" name="skin.htpt.ID7"></setting>
        <setting type="string" name="skin.htpt.ID9"></setting>
        <setting type="string" name="skin.htpt.ID">htptuser0</setting>
        <setting type="string" name="skin.htpt.ID1">?</setting>
        <setting type="string" name="skin.htpt.ID2"></setting>
        <setting type="string" name="skin.htpt.ID4"></setting>
        <setting type="string" name="skin.htpt.ID6"></setting>
        <setting type="string" name="skin.htpt.ID8"></setting>
        <setting type="string" name="skin.htpt.MAC"></setting>
        <setting type="string" name="skin.htpt.MAC1"></setting>
        <setting type="string" name="skin.htpt.FadeAdmin"></setting>
        <setting type="string" name="skin.htpt.MAC5"></setting>
        <setting type="string" name="skin.htpt.ConnectionStatus2"></setting>
        <setting type="string" name="skin.htpt.MAC2"></setting>
        <setting type="string" name="skin.htpt.DialogSelectSources"></setting>
        <setting type="string" name="skin.htpt.DialogSelectSources3"></setting>
        <setting type="string" name="skin.htpt.CustomVAR"></setting>
        <setting type="string" name="skin.htpt.CountWait"></setting>
        <setting type="string" name="skin.htpt.DialogSelectSources2"></setting>
        <setting type="string" name="skin.htpt.DialogSelectSources5"></setting>
        <setting type="string" name="skin.htpt.SettingsLevel">רגיל</setting>
    </skinsettings>
    <resolutions />
    <defaultvideosettings>
        <deinterlacemode>1</deinterlacemode>
        <interlacemethod>1</interlacemethod>
        <scalingmethod>1</scalingmethod>
        <noisereduction>0.000000</noisereduction>
        <postprocess>false</postprocess>
        <sharpness>0.000000</sharpness>
        <viewmode>0</viewmode>
        <zoomamount>1.000000</zoomamount>
        <pixelratio>1.000000</pixelratio>
        <verticalshift>0.000000</verticalshift>
        <volumeamplification>0.000000</volumeamplification>
        <outputtoallspeakers>false</outputtoallspeakers>
        <showsubtitles>true</showsubtitles>
        <brightness>50.000000</brightness>
        <contrast>50.000000</contrast>
        <gamma>20.000000</gamma>
        <audiodelay>0.000000</audiodelay>
        <subtitledelay>0.000000</subtitledelay>
        <autocrop>false</autocrop>
        <nonlinstretch>false</nonlinstretch>
        <stereomode>0</stereomode>
    </defaultvideosettings>
    <viewstates>
        <musicfiles>
            <viewmode>720896</viewmode>
            <sortmethod>1</sortmethod>
            <sortorder>1</sortorder>
            <sortattributes>0</sortattributes>
        </musicfiles>
        <musiclastfm>
            <viewmode>65536</viewmode>
            <sortmethod>1</sortmethod>
            <sortorder>1</sortorder>
            <sortattributes>0</sortattributes>
        </musiclastfm>
        <musicnavalbums>
            <viewmode>65536</viewmode>
            <sortmethod>1</sortmethod>
            <sortorder>1</sortorder>
            <sortattributes>0</sortattributes>
        </musicnavalbums>
        <musicnavartists>
            <viewmode>65536</viewmode>
            <sortmethod>1</sortmethod>
            <sortorder>1</sortorder>
            <sortattributes>0</sortattributes>
        </musicnavartists>
        <musicnavsongs>
            <viewmode>65536</viewmode>
            <sortmethod>1</sortmethod>
            <sortorder>1</sortorder>
            <sortattributes>0</sortattributes>
        </musicnavsongs>
        <pictures>
            <viewmode>720896</viewmode>
            <sortmethod>1</sortmethod>
            <sortorder>1</sortorder>
            <sortattributes>0</sortattributes>
        </pictures>
        <programs>
            <viewmode>720896</viewmode>
            <sortmethod>1</sortmethod>
            <sortorder>1</sortorder>
            <sortattributes>0</sortattributes>
        </programs>
        <videofiles>
            <viewmode>720896</viewmode>
            <sortmethod>1</sortmethod>
            <sortorder>1</sortorder>
            <sortattributes>0</sortattributes>
        </videofiles>
        <videonavactors>
            <viewmode>65536</viewmode>
            <sortmethod>1</sortmethod>
            <sortorder>1</sortorder>
            <sortattributes>0</sortattributes>
        </videonavactors>
        <videonavepisodes>
            <viewmode>720896</viewmode>
            <sortmethod>21</sortmethod>
            <sortorder>1</sortorder>
            <sortattributes>0</sortattributes>
        </videonavepisodes>
        <videonavgenres>
            <viewmode>65536</viewmode>
            <sortmethod>1</sortmethod>
            <sortorder>1</sortorder>
            <sortattributes>0</sortattributes>
        </videonavgenres>
        <videonavmusicvideos>
            <viewmode>65536</viewmode>
            <sortmethod>1</sortmethod>
            <sortorder>1</sortorder>
            <sortattributes>0</sortattributes>
        </videonavmusicvideos>
        <videonavseasons>
            <viewmode>65536</viewmode>
            <sortmethod>1</sortmethod>
            <sortorder>1</sortorder>
            <sortattributes>0</sortattributes>
        </videonavseasons>
        <videonavtitles>
            <viewmode>65536</viewmode>
            <sortmethod>1</sortmethod>
            <sortorder>1</sortorder>
            <sortattributes>0</sortattributes>
        </videonavtitles>
        <videonavtvshows>
            <viewmode>65536</viewmode>
            <sortmethod>1</sortmethod>
            <sortorder>1</sortorder>
            <sortattributes>0</sortattributes>
        </videonavtvshows>
        <videonavyears>
            <viewmode>65536</viewmode>
            <sortmethod>1</sortmethod>
            <sortorder>1</sortorder>
            <sortattributes>0</sortattributes>
        </videonavyears>
    </viewstates>
    <audio>
        <mute>false</mute>
        <fvolumelevel>0.872503</fvolumelevel>
    </audio>
</settings>
