<?xml version="1.0" encoding="UTF-8" standalone="yes"?>
<addon id="script.htpt.widgets" name="HTPT Widgets" version="0.1.1" provider-name="Martijn, phil65, Edited by finalmakerr">
  <requires>
	<import addon="xbmc.addon" version="12.0.0"/>
	<import addon="xbmc.json" version="6.0.0"/>
	<import addon="xbmc.python" version="2.1.0"/>
	<import addon="script.module.simplejson" version="2.0.10"/>
    </requires>
  <extension point="xbmc.python.script" library="default.py"/>
  <!--<extension point="xbmc.service" library="default.py" start="login"/>-->
  <extension point="xbmc.addon.metadata">
    <language>he</language>
	<platform>all</platform>
    <summary>HTPT System Component</summary>
    <description></description>
    <disclaimer>PLEASE REFER TO HTPT INSTALLER ADDON</disclaimer>
	<email>infohtpt@gmail.com</email>
	<website>https://www.facebook.com/pages/HTPT/934744346549707</website>
  </extension>
</addon>
