<?xml version="1.0" encoding="UTF-8"?>
<window>
	<include condition="Skin.HasSetting(Performance) + !Player.HasVideo">Performance1</include>
	<defaultcontrol always="true">300</defaultcontrol>
	<include>Fade6</include>
	<onload condition="System.HasAddon(script.htpt.smartkeyboard) + Skin.HasSetting(smartkeyboard)">RunScript(script.htpt.smartkeyboard,,?mode=1)</onload>
	<include condition="Skin.HasSetting(smartkeyboard)">smartkeyboardH</include>
	<coordinates>
		<system>2</system>
		<left>504</left>
		<top>590</top>
	</coordinates>
	<controls>
		<control type="group">
			<posx></posx>
			<posy></posy>
		    <animation effect="zoom" end="120,120" delay="0" center="80,80" time="700" reversible="false">WindowOpen</animation>
			<visible>!Window.IsVisible(numericinput)</visible>
			<control type="image" description="מסגרת ראשי">
				<left>0</left>
				<top>0</top>
				<width>760</width>
				<height>430</height>
				<texture border="40">osd/keyboard/DialogBack.png</texture>
			</control>
			<control type="image" description="פס עליון שקוף">
				<description>Dialog Header image</description>
				<left>40</left>
				<top>16</top>
				<width>680</width>
				<height>40</height>
				<texture>osd/keyboard/dialogheader.png</texture>
			</control>
			<control type="label" id="311" description="כותרת ראשי">
				<left>40</left>
				<top>20</top>
				<width>720</width>
				<height>30</height>
				<font>size28</font>
				<align>center</align>
				<aligny>center</aligny>
				<textcolor>Yellow</textcolor>
				<shadowcolor>black</shadowcolor>
				<visible>!Control.IsVisible(317)</visible>
			</control>
			<control type="label" id="317" description="כותרת ראשי2">
				<left>40</left>
				<top>20</top>
				<width>720</width>
				<height>30</height>
				<font>size28</font>
				<align>center</align>
				<aligny>center</aligny>
				<textcolor>Yellow</textcolor>
				<shadowcolor>black</shadowcolor>
				<label>$VAR[KeyboardTitle]</label>
				<visible>Window.IsVisible(DialogSubtitles.xml) | Window.IsVisible(Custom1170.xml) | Window.IsVisible(DialogProgress.xml)</visible>
				<visible>!IsEmpty(Control.GetLabel(317))</visible>
			</control>
			<control type="button" id="700" description="כפתור סגור חלון">
				<left>670</left>
				<top>15</top>
				<width>64</width>
				<height>32</height>
				<label>-</label>
				<font>-</font>
				<onclick>PreviousMenu</onclick>
				<onclick condition="!Skin.String(CustomVAR,1) + !Player.HasVideo + Skin.HasSetting(refreshrunnings) + Skin.String(DialogSelectSources2)">Skin.SetString(CustomVAR,1)</onclick>
				<texturefocus>osd/keyboard/DialogCloseButton-focus.png</texturefocus>
				<texturenofocus>osd/keyboard/DialogCloseButton.png</texturenofocus>
				<onleft>701</onleft>
				<onright>701</onright>
				<onup>701</onup>
				<ondown>701</ondown>
				<!--<visible>system.getbool(input.enablemouse)</visible>-->
			</control>
			<control type="image" description="תמונה מחרוזת חיפוש">
				<left>50</left>
				<top>60</top>
				<width>660</width>
				<height>50</height>
				<texture border="20">osd/keyboard/KeyboardEditArea.png</texture>
			</control>
			<control type="edit" id="312" description="שדה טקסט">
				<left>61</left>
				<top>60</top>
				<width>650</width>
				<height>50</height>
				<font>size28</font>
				<align>center</align>
				<aligny>center</aligny>
				<textcolor>White2</textcolor>
				<texturefocus>-</texturefocus>
				<texturenofocus>-</texturenofocus>
			</control>
			<control type="image" description="לבן?">
				<left>130</left>
				<top>110</top>
				<width>500</width>
				<height>30</height>
				<texture>osd/keyboard/dialogheader.png</texture>
			</control>
			<control type="group" id="701">
				<left>30</left>
				<top>140</top>
				<control type="radiobutton" id="304" description="סימנים">
					<left>0</left>
					<top>0</top>
					<texturenofocus border="25,25,5,5">osd/keyboard/KeyboardCornerTopNF.png</texturenofocus>
					<texturefocus border="25,25,5,5">osd/keyboard/KeyboardCornerTop.png</texturefocus>
					<label>@#!*</label>					
					<width>100</width>
					<height>100</height>
					<include>Keyboard</include>
					<onleft>8</onleft>
					<onright>100</onright>
					<onup>700</onup>
					<ondown>303</ondown>
					<radioposy>5</radioposy>
					<radiowidth>20</radiowidth>
					<radioheight>20</radioheight>
					<visible>!Control.IsVisible(110) + !Control.IsVisible(111)</visible>
				</control>
				<control type="button" id="110" description="(0,10)">
					<include>Keyboard</include>
					<left>0</left>
					<top>0</top>
					<onleft>108</onleft>
					<onright>110</onright>
					<onup>700</onup>
					<ondown>730</ondown>
					<ondown>128</ondown>
					<visible>!IsEmpty(Control.GetLabel(110))</visible>
				</control>
				<control type="button" id="111" description="(0,11)">
					<texturenofocus flipx="true" border="5,25,25,5">osd/keyboard/KeyboardCornerTopNF.png</texturenofocus>
					<texturefocus flipx="true" border="5,25,25,5">osd/keyboard/KeyboardCornerTop.png</texturefocus>					
					<left>50</left>
					<top>0</top>
					<width>100</width>
					<include>Keyboard</include>
					<onleft>106</onleft>
					<onright>8</onright>
					<onup>700</onup>
					<ondown>740</ondown>
					<ondown>74</ondown>
					<visible>!IsEmpty(Control.GetLabel(111))</visible>
				</control>
				<control type="button" id="100" description="(0,0)">
					<include>Keyboard</include>
					<left>100</left>
					<top>0</top>
					<onleft>304</onleft>
					<onright>101</onright>
					<onup>700</onup>
					<ondown>120</ondown>
				</control>
				<control type="button" id="101" description="(0,1)">
					<include>Keyboard</include>
					<left>150</left>
					<top>0</top>
					<onleft>100</onleft>
					<onright>102</onright>
					<onup>700</onup>
					<ondown>121</ondown>
				</control>
				<control type="button" id="102" description="(0,2)">
					<include>Keyboard</include>
					<left>200</left>
					<top>0</top>
					<onleft>101</onleft>
					<onright>103</onright>
					<onup>700</onup>
					<ondown>122</ondown>
				</control>
				<control type="button" id="103" description="(0,3)">
					<include>Keyboard</include>
					<left>250</left>
					<top>0</top>
					<onleft>102</onleft>
					<onright>104</onright>
					<onup>700</onup>
					<ondown>123</ondown>
				</control>
				<control type="button" id="104" description="(0,4)">
					<include>Keyboard</include>
					<left>300</left>
					<top>0</top>
					<onleft>103</onleft>
					<onright>105</onright>
					<onup>700</onup>
					<ondown>124</ondown>
				</control>
				<control type="button" id="105" description="(0,5)">
					<include>Keyboard</include>
					<left>350</left>
					<top>0</top>
					<onleft>104</onleft>
					<onright>106</onright>
					<onup>700</onup>
					<ondown>125</ondown>
				</control>
				<control type="button" id="106" description="(0,6)">
					<include>Keyboard</include>
					<left>400</left>
					<top>0</top>
					<onleft>105</onleft>
					<onright>107</onright>
					<onup>700</onup>
					<ondown>126</ondown>
				</control>
				<control type="button" id="107" description="(0,7)">
					<include>Keyboard</include>
					<left>450</left>
					<top>0</top>
					<onleft>106</onleft>
					<onright>108</onright>
					<onup>700</onup>
					<ondown>127</ondown>
				</control>
				<control type="button" id="108" description="(0,8)">
					<include>Keyboard</include>
					<left>500</left>
					<top>0</top>
					<onleft>107</onleft>
					<onright>109</onright>
					<onup>700</onup>
					<ondown>128</ondown>
				</control>
				<control type="button" id="109" description="(0,9)">
					<include>Keyboard</include>
					<left>550</left>
					<top>0</top>
					<onleft>108</onleft>
					<onright>8</onright>
					<onup>700</onup>
					<ondown>129</ondown>
				</control>
				<control type="button" id="110" description="(0,9)">
					<include>Keyboard</include>
					<left>600</left>
					<top>0</top>
					<onleft>108</onleft>
					<onright>8</onright>
					<onup>700</onup>
					<ondown>129</ondown>
				</control>
				<control type="button" id="111" description="(0,9)">
					<include>Keyboard</include>
					<left>650</left>
					<top>0</top>
					<onleft>108</onleft>
					<onright>8</onright>
					<onup>700</onup>
					<ondown>129</ondown>
				</control>
				<control type="button" id="8" description="מחק">
					<left>600</left>
					<top>0</top>
					<texturenofocus flipx="true" border="5,25,25,5">osd/keyboard/KeyboardCornerTopNF.png</texturenofocus>
					<texturefocus flipx="true" border="5,25,25,5">osd/keyboard/KeyboardCornerTop.png</texturefocus>				
					<label>$LOCALIZE[79032]</label>					
					<width>100</width>
					<height>150</height>
					<include>Keyboard</include>
					<onleft>129</onleft>
					<onright>304</onright>
					<onup>700</onup>
					<ondown>300</ondown>
				</control>
				<control type="group" description="en">
					<control type="button" id="120" description="(1,0)">
						<include>Keyboard</include>
						<left>100</left>
						<top>50</top>
						<onleft>304</onleft>
						<onright>121</onright>
						<onup>100</onup>
						<ondown>140</ondown>
					</control>
					<control type="button" id="121" description="(1,1)">
						<include>Keyboard</include>
						<left>150</left>
						<top>50</top>
						<onleft>120</onleft>
						<onright>122</onright>
						<onup>101</onup>
						<ondown>141</ondown>
					</control>
					<control type="button" id="122" description="(1,2)">
						<include>Keyboard</include>
						<left>200</left>
						<top>50</top>
						<onleft>121</onleft>
						<onright>123</onright>
						<onup>102</onup>
						<ondown>142</ondown>
					</control>
					<control type="button" id="123" description="(1,3)">
						<include>Keyboard</include>
						<left>250</left>
						<top>50</top>
						<onleft>122</onleft>
						<onright>124</onright>
						<onup>103</onup>
						<ondown>143</ondown>
					</control>
					<control type="button" id="124" description="(1,4)">
						<include>Keyboard</include>
						<left>300</left>
						<top>50</top>
						<onleft>123</onleft>
						<onright>125</onright>
						<onup>104</onup>
						<ondown>144</ondown>
					</control>
					<control type="button" id="125" description="(1,5)">
						<include>Keyboard</include>
						<left>350</left>
						<top>50</top>
						<onleft>124</onleft>
						<onright>126</onright>
						<onup>105</onup>
						<ondown>145</ondown>
					</control>
					<control type="button" id="126" description="(1,6)">
						<include>Keyboard</include>
						<left>400</left>
						<top>50</top>
						<onleft>125</onleft>
						<onright>127</onright>
						<onup>106</onup>
						<ondown>146</ondown>
					</control>
					<control type="button" id="127" description="(1,7)">
						<include>Keyboard</include>
						<left>450</left>
						<top>50</top>
						<onleft>126</onleft>
						<onright>128</onright>
						<onup>107</onup>
						<ondown>147</ondown>
					</control>
					<control type="button" id="128" description="(1,8)">
						<include>Keyboard</include>
						<left>500</left>
						<top>50</top>
						<onleft>127</onleft>
						<onright>129</onright>
						<onup>108</onup>
						<ondown>148</ondown>
					</control>
					<control type="button" id="129" description="(1,9)">
						<include>Keyboard</include>
						<left>550</left>
						<top>50</top>
						<onleft>128</onleft>
						<onright>8</onright>
						<onup>109</onup>
						<ondown>149</ondown>
					</control>
					<control type="button" id="130" description="(1,10)">
						<include>Keyboard</include>
						<left>600</left>
						<top>50</top>
						<onleft>128</onleft>
						<onright>302</onright>
						<onup>107</onup>
						<ondown>149</ondown>
						<!--<visible>!IsEmpty(Control.GetLabel(130))</visible>-->
					</control>
					<control type="button" id="131" description="(1,11)">
						<include>Keyboard</include>
						<left>650</left>
						<top>50</top>
						<onleft>128</onleft>
						<onright>302</onright>
						<onup>107</onup>
						<ondown>149</ondown>
						<!--<visible>!IsEmpty(Control.GetLabel(131))</visible>-->
					</control>
					<control type="button" id="140" description="(2,0)">
						<description>k / ף</description>
						<include>Keyboard</include>
						<left>100</left>
						<top>100</top>
						<onleft>303</onleft>
						<onright>141</onright>
						<onup>120</onup>
						<ondown>160</ondown>
					</control>
					<control type="button" id="141" description="(2,1)">
						<description>l / פ</description>
						<include>Keyboard</include>
						<left>150</left>
						<top>100</top>
						<onleft>140</onleft>
						<onright>142</onright>
						<onup>121</onup>
						<ondown>161</ondown>
					</control>
					<control type="button" id="142" description="(2,2)">
						<include>Keyboard</include>
						<left>200</left>
						<top>100</top>
						<onleft>141</onleft>
						<onright>143</onright>
						<onup>122</onup>
						<ondown>162</ondown>
					</control>
					<control type="button" id="143" description="(2,3)">
						<include>Keyboard</include>
						<left>250</left>
						<top>100</top>
						<onleft>142</onleft>
						<onright>144</onright>
						<onup>123</onup>
						<ondown>163</ondown>
					</control>
					<control type="button" id="144" description="(2,4)">
						<include>Keyboard</include>
						<left>300</left>
						<top>100</top>
						<onleft>143</onleft>
						<onright>145</onright>
						<onup>124</onup>
						<ondown>164</ondown>
					</control>
					<control type="button" id="145" description="(2,5)">
						<include>Keyboard</include>
						<left>350</left>
						<top>100</top>
						<onleft>144</onleft>
						<onright>146</onright>
						<onup>125</onup>
						<ondown>165</ondown>
					</control>
					<control type="button" id="146" description="(2,6)">
						<include>Keyboard</include>
						<left>400</left>
						<top>100</top>
						<onleft>145</onleft>
						<onright>147</onright>
						<onup>126</onup>
						<ondown>305</ondown>
					</control>
					<control type="button" id="147" description="(2,7)">
						<description>r / מ</description>
						<include>Keyboard</include>
						<left>450</left>
						<top>100</top>
						<onleft>146</onleft>
						<onright>148</onright>
						<onup>127</onup>
						<ondown>306</ondown>
					</control>
					<control type="button" id="148" description="(2,8">
						<include>Keyboard</include>
						<left>500</left>
						<top>100</top>
						<onleft>147</onleft>
						<onright>149</onright>
						<onup>128</onup>
						<ondown>300</ondown>
					</control>
					<control type="button" id="149" description="(2,9)">
						<description>t / כ</description>
						<include>Keyboard</include>
						<left>550</left>
						<top>100</top>
						<onleft>148</onleft>
						<onright>150</onright>
						<onup>129</onup>
						<ondown>300</ondown>
					</control>
					<control type="button" id="150" description="(2,10)">
						<include>Keyboard</include>
						<left>600</left>
						<top>100</top>
						<onleft>148</onleft>
						<onright>8</onright>
						<onup>130</onup>
						<ondown>300</ondown>
					</control>
					<control type="button" id="151" description="(2,11)">
						<include>Keyboard</include>
						<left>650</left>
						<top>100</top>
						<onleft>148</onleft>
						<onright>312</onright>
						<onup>74</onup>
						<ondown>300</ondown>
					</control>
					<control type="button" id="160" description="(3,0)">
						<include>Keyboard</include>
						<left>100</left>
						<top>150</top>
						<onleft>302</onleft>
						<onright>161</onright>
						<onup>140</onup>
						<ondown>309</ondown>
					</control>
					<control type="button" id="161" description="(3,1)">
						<include>Keyboard</include>
						<left>150</left>
						<top>150</top>
						<onleft>160</onleft>
						<onright>162</onright>
						<onup>141</onup>
						<ondown>309</ondown>
					</control>
					<control type="button" id="162" description="(3,2)">
						<include>Keyboard</include>
						<left>200</left>
						<top>150</top>
						<onleft>161</onleft>
						<onright>163</onright>
						<onup>142</onup>
						<ondown>32</ondown>
					</control>
					<control type="button" id="163" description="(3,3)">
						<include>Keyboard</include>
						<left>250</left>
						<top>150</top>
						<onleft>162</onleft>
						<onright>164</onright>
						<onup>143</onup>
						<ondown>32</ondown>
					</control>
					<control type="button" id="164" description="(3,4)">
						<include>Keyboard</include>
						<left>300</left>
						<top>150</top>
						<onleft>163</onleft>
						<onright>165</onright>
						<onup>144</onup>
						<ondown>32</ondown>
					</control>
					<control type="button" id="165" description="(3,5)">
						<include>Keyboard</include>
						<left>350</left>
						<top>150</top>
						<onleft>164</onleft>
						<onright>305</onright>
						<onup>145</onup>
						<ondown>32</ondown>
					</control>
					<control type="button" id="166" description="(3,6)">
						<include>Keyboard</include>
						<left>400</left>
						<top>150</top>
						<onleft>164</onleft>
						<onright>300</onright>
						<onup>145</onup>
						<ondown>32</ondown>
					</control>
					<control type="button" id="167" description="(3,7)">
						<include>Keyboard</include>
						<left>450</left>
						<top>150</top>
						<onleft>164</onleft>
						<onright>300</onright>
						<onup>145</onup>
						<ondown>32</ondown>
					</control>
					<control type="button" id="168" description="(3,8)">
						<include>Keyboard</include>
						<left>500</left>
						<top>150</top>
						<onleft>164</onleft>
						<onright>300</onright>
						<onup>145</onup>
						<ondown>32</ondown>
					</control>
					<control type="button" id="169" description="(3,9)">
						<include>Keyboard</include>
						<left>550</left>
						<top>150</top>
						<onleft>164</onleft>
						<onright>300</onright>
						<onup>145</onup>
						<ondown>32</ondown>
					</control>
					<control type="button" id="170" description="(3,10)">
						<include>Keyboard</include>
						<left>600</left>
						<top>150</top>
						<onleft>164</onleft>
						<onright>300</onright>
						<onup>145</onup>
						<ondown>32</ondown>
					</control>
					<control type="button" id="171" description="(3,11)">
						<include>Keyboard</include>
						<left>650</left>
						<top>150</top>
						<onleft>164</onleft>
						<onright>300</onright>
						<onup>145</onup>
						<ondown>32</ondown>
					</control>
				</control>
				<control type="button" id="3070" description="MEM">
					<font>size18</font>
					<left>400</left>
					<top>200</top>
					<width>100</width>
					<include>Keyboard</include>
					<label>MEM</label>
					<!--<onclick>Skin.SetString(keyboardinput,$INFO[Control.GetLabel(312)])</onclick>-->
					<!--<onclick>dialog.close(virtualkeyboard)</onclick>-->
					<!--<onclick>AlarmClock(as,dialog.close(virtualkeyboard),00:01,silent)</onclick>-->
					<!--<onclick>AlarmClock(as,RunScript(script.htpt.smartkeyboard,,?mode=1),00:01,silent)</onclick>-->
					<onclick>ActivateWindow(1125)</onclick>
					
					<!--<onclick>RunScript(script.htpt.smartkeyboard,,?mode=1)</onclick>-->
					<onleft>32</onleft>
					<onright>300</onright>
					<onup>305</onup>
					<ondown>107</ondown>
					<visible>Skin.HasSetting(smartkeyboard)</visible>
				</control>
				<control type="button" id="307" description="IP כתובת">
					<left>400</left>
					<top>200</top>
					<width>100</width>
					<font>size18</font>
					<include>Keyboard</include>
					<label>$LOCALIZE[1006]</label>
					<onleft>32</onleft>
					<onright>300</onright>
					<onup>305</onup>
					<ondown>107</ondown>
					<visible>!Skin.HasSetting(smartkeyboard)</visible>
				</control>
				<control type="button" id="309" description="Toggle Language">
					<font>size18</font>
					<left>0</left>
					<top>200</top>
					<width>200</width>
					<texturenofocus border="25,5,25,5">osd/keyboard/KeyboardCornerBottomNF.png</texturenofocus>
					<texturefocus border="25,5,25,5">osd/keyboard/KeyboardCornerBottom.png</texturefocus>
					<textureleft border="25,5,25,5">osd/keyboard/KeyboardCornerBottomNF.png</textureleft>
					<textureleftfocus border="25,5,25,5">osd/keyboard/KeyboardCornerBottom.png</textureleftfocus>
					<include>Keyboard</include>
					<label>$LOCALIZE[20177]</label>
					<onleft>300</onleft>
					<onright>32</onright>
					<onup>161</onup>
					<ondown>304</ondown>
				</control>
				<control type="radiobutton" id="303" description="CAPS LOCK">
					<font>size18</font>
					<left>0</left>
					<top>100</top>
					<width>100</width>
					<include>Keyboard</include>
					<label>20179</label>
					<onleft>300</onleft>
					<onright>140</onright>
					<onup>304</onup>
					<ondown>302</ondown>
					<radioposy>5</radioposy>
					<radiowidth>20</radiowidth>
					<radioheight>20</radioheight>
				</control>
				<control type="radiobutton" id="302" description="SHIFT">		
					<font>size18</font>
					<left>0</left>
					<top>150</top>
					<width>100</width>
					<include>Keyboard</include>
					<label>20178</label>
					<onleft>300</onleft>
					<onright>160</onright>
					<onup>303</onup>
					<ondown>309</ondown>
					<radioposy>5</radioposy>
					<radiowidth>20</radiowidth>
					<radioheight>20</radioheight>
				</control>
				<control type="button" id="32" description="מקש רווח">
					<width>200</width>					
					<include>Keyboard</include>
					<left>200</left>
					<top>200</top>
					<label>20182</label>
					<onleft>309</onleft>
					<onright condition="Skin.HasSetting(smartkeyboard)">3070</onright>
					<onright condition="!Skin.HasSetting(smartkeyboard)">307</onright>
					<onup>164</onup>
					<ondown>104</ondown>
				</control>
				<control type="button" id="305" description="previous button">
					<font>size28</font>
					<width>50</width>
					<include>Keyboard</include>
					<left>400</left>
					<top>150</top>
					<label>&lt;</label>
					<align>center</align>
					<aligny>center</aligny>
					<onleft>165</onleft>
					<onright>306</onright>
					<onup>146</onup>
					<ondown condition="Skin.HasSetting(smartkeyboard)">3070</ondown>
					<ondown condition="!Skin.HasSetting(smartkeyboard)">307</ondown>
				</control>
				<control type="button" id="306" description="next button">
					<font>size28</font>
					<width>50</width>
					<include>Keyboard</include>
					<left>450</left>
					<top>150</top>
					<label>&gt;</label>
					<align>center</align>
					<aligny>center</aligny>
					<onleft>305</onleft>
					<onright>300</onright>
					<onup>147</onup>
					<ondown condition="Skin.HasSetting(smartkeyboard)">3070</ondown>
					<ondown condition="!Skin.HasSetting(smartkeyboard)">307</ondown>
				</control>
				<control type="button" id="300" description="DEFAULT סיים">
					<font>size28</font>
					<texturenofocus flipx="true" border="5,5,25,25">osd/keyboard/KeyboardCornerBottomNF2.png</texturenofocus>
					<texturefocus flipx="true" border="5,5,25,25">osd/keyboard/KeyboardCornerBottom2.png</texturefocus>		
					<width>200</width>
					<height>100</height>
					<focusedcolor>Black</focusedcolor>	
					<texturenofocus border="3">osd/keyboard/KeyboardKeyNF2.png</texturenofocus>
					<texturefocus border="5">osd/keyboard/KeyboardKey2.png</texturefocus>					
					<include>Keyboard</include>
					<left>500</left>
					<top>150</top>
					<label>20177</label>
					<onleft condition="Skin.HasSetting(smartkeyboard)">3070</onleft>
					<onleft condition="!Skin.HasSetting(smartkeyboard)">307</onleft>
					<onright>309</onright>
					<onup>148</onup>
					<ondown>noop</ondown>
				</control>
			</control>
		</control>
	</controls>
</window>