<?xml version="1.0" encoding="UTF-8" standalone="yes"?>
<addon id="repository.unofficial.addon.pro"
                name="Unofficial [COLOR FF757677]Open[/COLOR][COLOR FF8ABEE2]ELEC[/COLOR] (Generic/x86_64) Add-ons"
                version="4.3.3"
                provider-name="unofficial.addon.pro">
        <extension point="xbmc.addon.repository"
                name="Unofficial OpenELEC.tv Add-on Repository">
                <info>http://unofficial.addon.pro/addons/4.3/Generic/x86_64/addons.xml</info>
                <checksum>http://unofficial.addon.pro/addons/4.3/Generic/x86_64/addons.xml.md5</checksum>
                <datadir zip="true">http://unofficial.addon.pro/addons/4.3/Generic/x86_64</datadir>
        </extension>
        <extension point="xbmc.addon.metadata">
                <summary>Unofficial addon repository for OpenELEC</summary>
                <description>
[COLOR red]=== BIG FAT WARNING ===[/COLOR]
Use this repository at your own risk.
If your house gets burned, it's your fault, not ours.
We give no guarantee. We give no support.
                </description>
                <disclaimer>This is an unofficial addon repository. please don't ask for support in openelec forum / irc channel</disclaimer>
                <platform>all</platform>
        </extension>
</addon>
