<?xml version="1.0" encoding="UTF-8"?>
<window type="dialog" id="1115" description="קבצים">
  <defaultcontrol always="true">701</defaultcontrol>
  <controls>
    <include>Fade5</include>
	<control type="group" description="Side menu 9000 group">
      <posx>720</posx>
      <posy>310</posy>
      <visible allowhiddenfocus="false">true</visible>
      <control type="image" description="מסגרת">
        <height>480</height>
        <texture border="40">buttons/ButtonE2.png</texture>
		<width>480</width>
      </control>
	  <control type="grouplist" id="9000">
	    <onright>Close</onright>
		<onleft>Close</onleft>
		<onright>ActivateWindow(1120)</onright>
		<onleft>ActivateWindow(1120)</onleft>
		<onup>9000</onup>
		<ondown>9000</ondown>
		<control type="button" id="697" description="חזור">
          <label>--></label>
          <onclick>Close</onclick>
		  <onclick>ActivateWindow(1120)</onclick>
        </control>
        <control type="button" id="701" description="ספרייה">
          <label>ספרייה</label>
          <onclick>Close</onclick>
          <onclick condition="System.Platform.Windows">ActivateWindow(video,"special://userdata/library/",return)</onclick>
		  <onclick condition="System.Platform.Linux | System.Platform.Linux.RaspberryPi">ActivateWindow(video,"special://userdata/library/",return)</onclick>
		  <onclick condition="!Skin.HasSetting(AutoViewoff)">Skin.ToggleSetting(AutoViewoff)</onclick>
        </control>
		<control type="button" id="702" description="תמונות">
          <label>תמונות</label>
          <onclick>Close</onclick>
          <onclick>ActivateWindow(pictures)</onclick>
		  <onclick condition="!Skin.HasSetting(AutoViewoff)">Skin.ToggleSetting(AutoViewoff)</onclick>
        </control>
		<control type="button" id="703" description="וידאו">
          <label>וידאו</label>
          <onclick>Close</onclick>
		  <onclick>ActivateWindow(Videos,files)</onclick>
		  <onclick condition="!Skin.HasSetting(AutoViewoff)">Skin.ToggleSetting(AutoViewoff)</onclick>
        </control>
        <control type="button" id="704" description="מוזיקה">
          <label>$LOCALIZE[2]</label>
          <onclick>Close</onclick>
          <onclick>ActivateWindow(MusicFiles,root)</onclick>
        </control>
        <control type="button" id="705" description="מנהל הקבצים">
          <label>מנהל קבצים</label>
          <onclick>Close</onclick>
          <onclick>ActivateWindow(3)</onclick>
        </control>
      </control>
    </control>
  </controls>
</window>