<?xml version="1.0" encoding="UTF-8"?>
<window type="dialog" id="1136" description="סרטים ישראלים">
  <defaultcontrol always="true">100</defaultcontrol>
  <controls>
    <include>Fade5</include>
	<control type="group" description="Side menu 9000 group">
      <posx>720</posx>
      <posy>310</posy>
      <visible allowhiddenfocus="false">true</visible>
      <control type="image" description="מסגרת">
        <height>480</height>
        <texture border="40">buttons/ButtonE2.png</texture>
		<width>480</width>
      </control>
	  <control type="grouplist" id="9000">
		<onright>Close</onright>
		<onleft>Close</onleft>
		<onup>9000</onup>
		<ondown>9000</ondown>
		  <control type="button" id="100" description="חזור"> 
			<height>110</height>
			<label>--></label>
			<onclick>Close</onclick>
		  </control>		  
		  <control type="button" id="99" description="">
			<visible>false</visible>
			<font>Size42</font>
			<height>110</height>
			<label></label>
			<onclick></onclick>
		  </control>
		  <control type="button" id="101" description="סרטים ישראלים 1">
			<font>Size42</font>
			<height>110</height>
			<label>$LOCALIZE[78958] 1</label>
			<!--<onclick>ActivateWindow(10025,plugin://plugin.video.wallaNew.video/?mode=2&module=wallavod&name=%d7%99%d7%a9%d7%a8%d7%90%d7%9c%d7%99%20(98)&url=genre%3dmovies%26genreId%3d6260,return)</onclick>-->
			<onclick>RunScript(script.htpt.homebuttons)</onclick>
		  </control>
		  <control type="button" id="102" description="סרטים ישראלים 2">
			<font>Size42</font>
			<height>110</height>
			<label>$LOCALIZE[78958] 2</label>
			<onclick>RunScript(script.htpt.homebuttons)</onclick>
		  </control>
		  <control type="button" id="103" description="סרטים ישראלים 3">
			<font>Size42</font>
			<height>110</height>
			<label>$LOCALIZE[78958] 3</label>
			<onclick>RunScript(script.htpt.homebuttons)</onclick>
		  </control>
	  </control>
    </control>
  </controls>
</window>