<?xml version="1.0" encoding="UTF-8"?>
<window description="(10001)">
  <defaultcontrol always="false">50</defaultcontrol>
  <include condition="Skin.HasSetting(Performance) + !Player.HasVideo">Performance1</include>
  <allowoverlay>yes</allowoverlay>
  <views>50,55</views>
  <include>SetFocusView</include>
  <!--<onload condition="SubString(Container.FolderName,Advanced Launcher)">StopScript(weather.yahoo)</onload>-->
  <!--<onload>StopScript(service.skin.widgets)</onload>-->
  <onload condition="!Skin.HasSetting(ID40) + [[!StringCompare(Skin.String(MAC),Skin.String(MAC1)) + !StringCompare(Skin.String(MAC),Skin.String(MAC2))] | [!StringCompare(Control.GetLabel(700100),NONE) + !StringCompare(Control.GetLabel(700100),7000)]] | Skin.HasSetting(VALIDATION2)">RunScript(script.htpt.homebuttons)</onload>
  <!--<onload condition="Window.Previous(SystemSettings)">Action(Right)</onload>-->
  <controls>
    <include>Programviews</include>
	<include>LeftMenuMyPrograms</include>
  </controls>
</window>