<?xml version='1.0' encoding='UTF-8' standalone='yes'?>
<addon id="skin.htpt" version="0.1.8" name="HTPT SYSTEM" provider-name="Gal Kahalani">
  <requires>
    <import addon="xbmc.gui" version="5.3.0"/>
	<!--<import addon="xbmc.python" version="2.1.0"/>-->
	<!--<import addon="script.module.simplejson" version="2.0.10" />-->
    <import addon="script.favourites" version="3.2.5"/>
	<import addon="script.toolbox" version="1.0.0"/>
	<!--<import addon="service.openelec.settings" version="7000.0.3.18"/>-->
	<import addon="service.skin.widgets" version="0.0.29"/>
	<!--<import addon="script.extendedinfo" version="1.6.0"/>-->
	<import addon="service.htpt" version="0.1.10"/>
	<import addon="script.htpt.refresh" version="0.1.5"/>
	<import addon="script.htpt.homebuttons" version="0.1.5"/>
	<import addon="script.htpt.remote" version="0.1.0"/>
	<import addon="script.htpt.debug" version="0.1.0"/>
	<import addon="service.htpt.fix" version="0.0.1"/>
  </requires>
  <extension point="xbmc.gui.skin" effectslowdown="1" debugging="false">
    <res width="1920" height="1080" aspect="16:9" default="true" folder="1080i"/>
  </extension>
  <extension point="xbmc.addon.metadata">
    <platform>all</platform>
    <summary lang="en"></summary>
    <summary lang="he"></summary>
    <description lang="en">[COLOR=Blue][B]HTPT[/B] -   because[CR]not all is self-evident[/COLOR][CR][CR][B]HTPT Support:[/B][CR][COLOR=White]0547393531[CR]infohtpt@gmail.com[/COLOR]</description>
    <disclaimer>[COLOR=Red][B]YOUR ADVISE TO NOT INSTALL THIS ADDON UNLESS YOU OWN AN ORIGINAL HTPT SYSTEM![CR]THE OWNER DO NOT TAKE ANY RESPONSIBILITY FOR ANY DAMAGE CAUSED BY THIS ADDON[/COLOR][/B]</disclaimer>
  </extension>
</addon>