<?xml version="1.0" encoding="UTF-8" standalone="yes"?>
<addon id="service.htpt.fix" name="HTPT Fix" version="0.1.60" provider-name="HTPT Team">
  <requires>
    <import addon="xbmc.python" version="2.1.0"/>
	<import addon="xbmc.addon" version="12.0.0"/>
  </requires>
  <extension point="xbmc.python.script" library="default.py"/>
  <extension point="xbmc.service" library="service.py" start="startup"/>
  <extension point="xbmc.addon.metadata">
    <language>he en</language>
	<platform>all</platform>
    <summary>HTPT System Component</summary>
    <description></description>
    <disclaimer>PLEASE REFER TO HTPT INSTALLER ADDON</disclaimer>
	<email>infohtpt@gmail.com</email>
	<website>https://www.facebook.com/pages/HTPT/934744346549707</website>
  </extension>
</addon>