<?xml version="1.0" encoding="UTF-8" standalone="yes"?>
<addon id="plugin.video.htpt.gopro" name="HTPT GoPro" version="0.0.7" provider-name="HTPT Team">
  <requires>
    <import addon="xbmc.python" version="2.1.0"/>
    <import addon="plugin.video.youtube" version="5.1.0"/>
  </requires>
  <extension point="xbmc.python.pluginsource" library="default.py">
    <provides>video</provides>
  </extension>
  <extension point="xbmc.addon.metadata">
    <language>he</language>
	<platform>all</platform>
    <summary>HTPT System Component</summary>
    <description></description>
    <disclaimer>PLEASE REFER TO HTPT INSTALLER ADDON</disclaimer>
	<email>infohtpt@gmail.com</email>
	<website>https://www.facebook.com/pages/HTPT/934744346549707</website>
  </extension>
</addon>
