<?xml version="1.0" encoding="UTF-8"?>
<window type="dialog" id="1173">
  <include condition="Skin.HasSetting(Performance)  + !Player.HasVideo">Performance1</include>
  <defaultcontrol always="true">100</defaultcontrol>
  <allowoverlay>no</allowoverlay>
  <onload>AlarmClock(0,SetProperty(Button.ID,70,home),0,silent)</onload>
  <onload>SetProperty(Button.ID,70,home)</onload>
  <onload>Action(Down)</onload>
  <controls>
      <control type="group">
	    <animation condition="System.IdleTime(40)" effect="Fade" start="100" end="40" time="220">Conditional</animation>
	    <include>MenuDesign_TopSettings</include>
		<include>MenuDesign_Settings</include>
	  </control>
	<include>ScrollBar</include>
  </controls>
</window>
