<?xml version="1.0" encoding="UTF-8"?>
<window type="buttonMenu" id="1191" description="POWER OFF MENU">
  <defaultcontrol always="true">697</defaultcontrol>
  <controls>
    <include>Fade5</include>
	<control type="group" description="Side menu 9000 group">
      <posx>720</posx>
      <posy>310</posy>
      <visible allowhiddenfocus="false">true</visible>
      <control type="image" description="מסגרת">
        <include>Fade_CenterMenuOverlay</include>
		<height>480</height>
        <texture border="20" colordiffuse="$VAR[MenuColor]">buttons/ButtonE0.png</texture>
		<width>480</width>
      </control>
	  <control type="grouplist" id="9000">
	    <onright>Close</onright>
		<onleft>Close</onleft>
		<onup>9000</onup>
		<ondown>9000</ondown>
		<height>470</height>
		<control type="button" id="697" description="חזור">
          <label>--></label>
          <onclick>Close</onclick>
        </control>
		<control type="button" id="13" description="יציאה">
          <visible>System.Platform.Windows | System.Platform.Android</visible>
		  <onclick>RunScript(script.htpt.smartbuttons,,?mode=54)</onclick>
          <label>13009</label>
        </control>
        <control type="button" id="2" description="Poweroff button">
          <enable>System.CanPowerDown</enable>
		  <onclick>RunScript(script.htpt.smartbuttons,,?mode=53)</onclick>
		  <onclick>AlarmClock(poweroff,XBMC.Powerdown(),00:07,silent)</onclick>
          <label>13005</label>
        </control>
        <control type="button" id="3" description="Suspend button">
		  <description>Enable ACPI S1/S3 Suspend in your BIOS</description>
          <enable>System.CanSuspend</enable>
          <onclick>RunScript(script.htpt.smartbuttons,,?mode=52)</onclick>
          <label>13011</label>
		  <visible>Skin.HasSetting(Admin)</visible>
        </control>
		<control type="button" id="12" description="השהייה מהירה">
          <visible>false</visible>
		  <enable>true</enable>
		  <onclick></onclick>
		  <onclick>RunScript(special://skin/specials/scripts/softsuspend.py)</onclick>
          <label>$LOCALIZE[13011] 2</label>
		  <visible>Skin.HasSetting(Admin) + !Skin.HasSetting(Admin2)</visible>
        </control>
        <control type="button" id="4" description="הפעלה מחדש">
          <enable>System.CanReboot</enable>
		  <onclick>RunScript(script.htpt.smartbuttons,,?mode=51)</onclick>
		  <onclick>AlarmClock(reset,XBMC.Reset(),00:07,silent)</onclick>
          <label>13013</label>
		  <visible>System.Platform.Windows | System.Platform.Linux | System.Platform.Linux.RaspberryPi</visible>
		  <visible>!System.Platform.Android</visible>
        </control>
		<control type="button" id="7" description="אתחול מהיר">
          <enable>true</enable>
		  <onclick>RunScript(script.htpt.smartbuttons,,?mode=50)</onclick>
          <label>$LOCALIZE[79069]</label>
		  <visible>System.Platform.Windows | System.Platform.Linux | System.Platform.Linux.RaspberryPi | System.Platform.Android</visible>
        </control>
        <!--<control type="button" id="5" description="LogOff">
          <enable>System.HasLoginScreen</enable>
          <onclick>Activatewindow(29)</onclick>
          <label>13013</label>
        </control>-->
    </control>
    </control>
  </controls>
</window>