<?xml version="1.0" encoding="utf-8"?>
<includes>
	<include name="MultiGenreFlag">
		<width>125</width>
		<height>50</height>
		<align>left</align>
		<aspectratio aligny="bottom">keep</aspectratio>
		<fadetime>400</fadetime>
	</include>
	<include name="GenreTextPlace">
		<align>center</align>
		<posx>0</posx>
		<width>125</width>
		<width min="100" max="130">auto</width>
		<height>30</height>
		<font>size18</font>
		<textcolor>White</textcolor>
	</include>
	<include name="GenreTextPlace2">
		<align>left</align>
		<width>auto</width>
		<height>30</height>
		<font>size24</font>
		<textcolor>White2</textcolor>
	</include>
	<include name="MultiVideoGenreFlagging">
		<control type="image">
			<include>MultiGenreFlag</include>
			<texture>badges/genre/Action.png</texture>
			<visible>SubString(ListItem.Genre,$LOCALIZE[31600]) | SubString(ListItem.Genre,Action) | [!Window.IsVisible(DialogFullScreenInfo.xml) + SubString(Skin.String(ListItemGenre),Action)] | [[Window.IsActive(DialogFullScreenInfo.xml) | Control.HasFocus(311) | Control.HasFocus(312)] + [SubString(VideoPlayer.Genre,$LOCALIZE[31600]) | SubString(VideoPlayer.Genre,Action) | SubString(Skin.String(TopVideoInformation6),Action)]]</visible>
		</control>
		<control type="image">
			<include>MultiGenreFlag</include>
			<texture>badges/genre/Adventure.png</texture>
			<visible>SubString(ListItem.Genre,$LOCALIZE[31601]) | SubString(ListItem.Genre,Adventure) | [!Window.IsVisible(DialogFullScreenInfo.xml) + SubString(Skin.String(ListItemGenre),Adventure)] | [[Window.IsActive(DialogFullScreenInfo.xml) | Control.HasFocus(311) | Control.HasFocus(312)] + [SubString(VideoPlayer.Genre,$LOCALIZE[31601]) | SubString(VideoPlayer.Genre,Adventure) | SubString(Skin.String(TopVideoInformation6),Adventure)]]</visible>
		</control>
		<control type="image" description="אנימציה">
			<include>MultiGenreFlag</include>
			<texture>badges/genre/Animation.png</texture>
			<visible>SubString(ListItem.Genre,$LOCALIZE[31602]) | SubString(ListItem.Genre,Animation) | [!Window.IsVisible(DialogFullScreenInfo.xml) + SubString(Skin.String(ListItemGenre),Animation)] | [[Window.IsActive(DialogFullScreenInfo.xml) | Control.HasFocus(311) | Control.HasFocus(312)] + [SubString(VideoPlayer.Genre,$LOCALIZE[31602]) | SubString(VideoPlayer.Genre,Animation) | SubString(Skin.String(TopVideoInformation6),Animation)]]</visible>
			<visible>[!Window.IsActive(DialogFullScreenInfo.xml) + !SubString(ListItem.Genre,$LOCALIZE[31653]) + !SubString(ListItem.Genre,Film & Animation)] | [[Window.IsActive(DialogFullScreenInfo.xml) | Control.HasFocus(311) | Control.HasFocus(312)] + !SubString(VideoPlayer.Genre,$LOCALIZE[31653]) + !SubString(VideoPlayer.Genre,Film & Animation)]</visible>
		</control>
		<control type="image">
			<include>MultiGenreFlag</include>
			<texture>badges/genre/Biography.png</texture>
			<visible>SubString(ListItem.Genre,$LOCALIZE[31603]) | SubString(ListItem.Genre,Biography) | [!Window.IsVisible(DialogFullScreenInfo.xml) + SubString(Skin.String(ListItemGenre),Biography)] | [[Window.IsActive(DialogFullScreenInfo.xml) | Control.HasFocus(311) | Control.HasFocus(312)] + [SubString(VideoPlayer.Genre,$LOCALIZE[31603]) | SubString(VideoPlayer.Genre,Biography) | SubString(Skin.String(TopVideoInformation6),Biography)]]</visible>
		</control>
		<control type="image">
			<include>MultiGenreFlag</include>
			<texture>badges/genre/Children.png</texture>
			<visible>SubString(ListItem.Genre,$LOCALIZE[31604]) | SubString(ListItem.Genre,Children) | [!Window.IsVisible(DialogFullScreenInfo.xml) + SubString(Skin.String(ListItemGenre),Children)] | [[Window.IsActive(DialogFullScreenInfo.xml) | Control.HasFocus(311) | Control.HasFocus(312)] + [SubString(VideoPlayer.Genre,$LOCALIZE[31604]) | SubString(VideoPlayer.Genre,Children) | SubString(Skin.String(TopVideoInformation6),Children)]]</visible>
		</control>
		<control type="image">
			<include>MultiGenreFlag</include>
			<texture>badges/genre/Comedy.png</texture>
			<visible>SubString(ListItem.Genre,$LOCALIZE[31605]) | SubString(ListItem.Genre,Comedy) | [!Window.IsVisible(DialogFullScreenInfo.xml) + SubString(Skin.String(ListItemGenre),Comedy)] | [[Window.IsActive(DialogFullScreenInfo.xml) | Control.HasFocus(311) | Control.HasFocus(312)] + [SubString(VideoPlayer.Genre,$LOCALIZE[31605]) | SubString(VideoPlayer.Genre,Comedy) | SubString(Skin.String(TopVideoInformation6),Comedy)]]</visible>
		</control>
		<control type="image">
			<include>MultiGenreFlag</include>
			<texture>badges/genre/Crime.png</texture>
			<visible>SubString(ListItem.Genre,$LOCALIZE[31606]) | SubString(ListItem.Genre,Crime) | [!Window.IsVisible(DialogFullScreenInfo.xml) + SubString(Skin.String(ListItemGenre),Crime)] | [[Window.IsActive(DialogFullScreenInfo.xml) | Control.HasFocus(311) | Control.HasFocus(312)] + [SubString(VideoPlayer.Genre,$LOCALIZE[31606]) | SubString(VideoPlayer.Genre,Crime) | SubString(Skin.String(TopVideoInformation6),Crime)]]</visible>
		</control>
		<control type="image">
			<include>MultiGenreFlag</include>
			<texture>badges/genre/Disaster.png</texture>
			<visible>SubString(ListItem.Genre,$LOCALIZE[31607]) | SubString(ListItem.Genre,Disaster) | [!Window.IsVisible(DialogFullScreenInfo.xml) + SubString(Skin.String(ListItemGenre),Disaster)] | [[Window.IsActive(DialogFullScreenInfo.xml) | Control.HasFocus(311) | Control.HasFocus(312)] + [SubString(VideoPlayer.Genre,$LOCALIZE[31607]) | SubString(VideoPlayer.Genre,Disaster) | SubString(Skin.String(TopVideoInformation6),Disaster)]]</visible>
		</control>
		<control type="image">
			<include>MultiGenreFlag</include>
			<texture>badges/genre/Document.png</texture>
			<visible>SubString(ListItem.Genre,$LOCALIZE[31608]) | SubString(ListItem.Genre,Document) | [!Window.IsVisible(DialogFullScreenInfo.xml) + SubString(Skin.String(ListItemGenre),Document)] | [[Window.IsActive(DialogFullScreenInfo.xml) | Control.HasFocus(311) | Control.HasFocus(312)] + [SubString(VideoPlayer.Genre,$LOCALIZE[31608]) | SubString(VideoPlayer.Genre,Document) | SubString(Skin.String(TopVideoInformation6),Document)]]</visible>
		</control>
		<control type="image">
			<include>MultiGenreFlag</include>
			<texture>badges/genre/Drama.png</texture>
			<visible>SubString(ListItem.Genre,$LOCALIZE[31609]) | SubString(ListItem.Genre,Drama) | [!Window.IsVisible(DialogFullScreenInfo.xml) + SubString(Skin.String(ListItemGenre),Drama)] | [[Window.IsActive(DialogFullScreenInfo.xml) | Control.HasFocus(311) | Control.HasFocus(312)] + [SubString(VideoPlayer.Genre,$LOCALIZE[31609]) | SubString(VideoPlayer.Genre,Drama) | SubString(Skin.String(TopVideoInformation6),Drama)]]</visible>
		</control>
		<control type="image">
			<include>MultiGenreFlag</include>
			<texture>badges/genre/Family.png</texture>
			<visible>SubString(ListItem.Genre,$LOCALIZE[31610]) | SubString(ListItem.Genre,Family) | [!Window.IsVisible(DialogFullScreenInfo.xml) + SubString(Skin.String(ListItemGenre),Family)] | [[Window.IsActive(DialogFullScreenInfo.xml) | Control.HasFocus(311) | Control.HasFocus(312)] + [SubString(VideoPlayer.Genre,$LOCALIZE[31610]) | SubString(VideoPlayer.Genre,Family) | SubString(Skin.String(TopVideoInformation6),Family)]]</visible>
		</control>
		<control type="image">
			<include>MultiGenreFlag</include>
			<texture>badges/genre/Fantasy.png</texture>
			<visible>SubString(ListItem.Genre,$LOCALIZE[31611]) | SubString(ListItem.Genre,Fantasy) | [!Window.IsVisible(DialogFullScreenInfo.xml) + SubString(Skin.String(ListItemGenre),Fantasy)] | [[Window.IsActive(DialogFullScreenInfo.xml) | Control.HasFocus(311) | Control.HasFocus(312)] + [SubString(VideoPlayer.Genre,$LOCALIZE[31611]) | SubString(VideoPlayer.Genre,Fantasy) | SubString(Skin.String(TopVideoInformation6),Fantasy)]]</visible>
		</control>
		<control type="image">
			<include>MultiGenreFlag</include>
			<texture>badges/genre/History.png</texture>
			<visible>SubString(ListItem.Genre,$LOCALIZE[31612]) | SubString(ListItem.Genre,History) | [!Window.IsVisible(DialogFullScreenInfo.xml) + SubString(Skin.String(ListItemGenre),History)] | [[Window.IsActive(DialogFullScreenInfo.xml) | Control.HasFocus(311) | Control.HasFocus(312)] + [SubString(VideoPlayer.Genre,$LOCALIZE[31612]) | SubString(VideoPlayer.Genre,History) | SubString(Skin.String(TopVideoInformation6),History)]]</visible>
		</control>
		<control type="image">
			<include>MultiGenreFlag</include>
			<texture>badges/genre/Holiday.png</texture>
			<visible>SubString(ListItem.Genre,$LOCALIZE[31613]) | SubString(ListItem.Genre,Holiday) | [!Window.IsVisible(DialogFullScreenInfo.xml) + SubString(Skin.String(ListItemGenre),Holiday)] | [[Window.IsActive(DialogFullScreenInfo.xml) | Control.HasFocus(311) | Control.HasFocus(312)] + [SubString(VideoPlayer.Genre,Christmas) | SubString(VideoPlayer.Genre,$LOCALIZE[31613]) | SubString(VideoPlayer.Genre,Holiday) | SubString(VideoPlayer.Genre,Christmas) | SubString(Skin.String(TopVideoInformation6),Holiday) | SubString(Skin.String(TopVideoInformation6),Christmas)]]</visible>
		</control>
		<control type="image">
			<include>MultiGenreFlag</include>
			<texture>badges/genre/Horror.png</texture>
			<visible>SubString(ListItem.Genre,$LOCALIZE[31614]) | SubString(ListItem.Genre,Horror) | [!Window.IsVisible(DialogFullScreenInfo.xml) + SubString(Skin.String(ListItemGenre),Horror)] | [[Window.IsActive(DialogFullScreenInfo.xml) | Control.HasFocus(311) | Control.HasFocus(312)] + [SubString(VideoPlayer.Genre,$LOCALIZE[31614]) | SubString(VideoPlayer.Genre,Horror) | SubString(Skin.String(TopVideoInformation6),Horror)]]</visible>
		</control>
		<control type="image">
			<include>MultiGenreFlag</include>
			<texture>badges/genre/Indie.png</texture>
			<visible>SubString(ListItem.Genre,$LOCALIZE[31615]) | SubString(ListItem.Genre,Indie) | [!Window.IsVisible(DialogFullScreenInfo.xml) + SubString(Skin.String(ListItemGenre),Indie)] | [[Window.IsActive(DialogFullScreenInfo.xml) | Control.HasFocus(311) | Control.HasFocus(312)] + [SubString(VideoPlayer.Genre,$LOCALIZE[31615]) | SubString(VideoPlayer.Genre,Indie) | SubString(Skin.String(TopVideoInformation6),Indie)]]</visible>
		</control>
		<control type="image">
			<include>MultiGenreFlag</include>
			<aspectratio aligny="bottom">keep</aspectratio>
			<texture>badges/genre/Music.png</texture>
			<visible>SubString(ListItem.Genre,$LOCALIZE[31616]) | SubString(ListItem.Genre,Music) | [!Window.IsVisible(DialogFullScreenInfo.xml) + SubString(Skin.String(ListItemGenre),Music)] | [[Window.IsActive(DialogFullScreenInfo.xml) | Control.HasFocus(311) | Control.HasFocus(312)] + [SubString(VideoPlayer.Genre,$LOCALIZE[31616]) | SubString(VideoPlayer.Genre,Music) | SubString(Skin.String(TopVideoInformation6),Music)]]</visible>
			<visible>[!Window.IsActive(DialogFullScreenInfo.xml) + !SubString(ListItem.Genre,$LOCALIZE[31646]) + !SubString(ListItem.Genre,Musical)] | [[Window.IsActive(DialogFullScreenInfo.xml) | Control.HasFocus(311) | Control.HasFocus(312)] + !SubString(VideoPlayer.Genre,$LOCALIZE[31646]) + !SubString(VideoPlayer.Genre,Musical) + !SubString(Skin.String(TopVideoInformation6),Musical)]</visible>
		</control>
		<control type="image">
			<include>MultiGenreFlag</include>
			<texture>badges/genre/Mystery.png</texture>
			<visible>SubString(ListItem.Genre,$LOCALIZE[31617]) | SubString(ListItem.Genre,Mystery) | [!Window.IsVisible(DialogFullScreenInfo.xml) + SubString(Skin.String(ListItemGenre),Mystery)] | [[Window.IsActive(DialogFullScreenInfo.xml) | Control.HasFocus(311) | Control.HasFocus(312)] + [SubString(VideoPlayer.Genre,$LOCALIZE[31617]) | SubString(VideoPlayer.Genre,Mystery) | SubString(Skin.String(TopVideoInformation6),Mystery)]]</visible>
		</control>
		<control type="image">
			<include>MultiGenreFlag</include>
			<texture>badges/genre/Romance.png</texture>
			<visible>SubString(ListItem.Genre,$LOCALIZE[31618]) | SubString(ListItem.Genre,Romance) | [!Window.IsVisible(DialogFullScreenInfo.xml) + SubString(Skin.String(ListItemGenre),Romance)] | [[Window.IsActive(DialogFullScreenInfo.xml) | Control.HasFocus(311) | Control.HasFocus(312)] + [SubString(VideoPlayer.Genre,$LOCALIZE[31618]) | SubString(VideoPlayer.Genre,Romance) | SubString(Skin.String(TopVideoInformation6),Romance)]]</visible>
		</control>
		<control type="image" description="מדע בדיוני">
			<include>MultiGenreFlag</include>
			<texture>badges/genre/Sci-Fi.png</texture>
			<visible>SubString(ListItem.Genre,$LOCALIZE[31619]) | SubString(ListItem.Genre,Science Fiction) | SubString(ListItem.Genre,Science-Fiction) | SubString(ListItem.Genre,Sci-Fi) | [!Window.IsVisible(DialogFullScreenInfo.xml) + [SubString(Skin.String(ListItemGenre),Science Fiction) | SubString(Skin.String(ListItemGenre),Science-Fiction) | SubString(Skin.String(ListItemGenre),Sci-Fi)]] | [[Window.IsActive(DialogFullScreenInfo.xml) | Control.HasFocus(311) | Control.HasFocus(312)] + [SubString(VideoPlayer.Genre,$LOCALIZE[31619]) | SubString(VideoPlayer.Genre,Science Fiction) | SubString(VideoPlayer.Genre,Science-Fiction) | SubString(VideoPlayer.Genre,Sci-Fi) | SubString(Skin.String(TopVideoInformation6),Science Fiction) | SubString(Skin.String(TopVideoInformation6),Science-Fiction) | SubString(Skin.String(TopVideoInformation6),Sci-Fi)]]</visible>
		</control>
		<control type="image">
			<include>MultiGenreFlag</include>
			<texture>badges/genre/Short.png</texture>
			<visible>SubString(ListItem.Genre,$LOCALIZE[31620]) | SubString(ListItem.Genre,Short) | [!Window.IsVisible(DialogFullScreenInfo.xml) + SubString(Skin.String(ListItemGenre),Short)] | [[Window.IsActive(DialogFullScreenInfo.xml) | Control.HasFocus(311) | Control.HasFocus(312)] + [SubString(VideoPlayer.Genre,$LOCALIZE[31620]) | SubString(VideoPlayer.Genre,Short) | SubString(Skin.String(TopVideoInformation6),Short)]]</visible>
		</control>
		<control type="image">
			<include>MultiGenreFlag</include>
			<texture>badges/genre/Sport.png</texture>
			<visible>SubString(ListItem.Genre,$LOCALIZE[31621]) | SubString(ListItem.Genre,Sport) | [!Window.IsVisible(DialogFullScreenInfo.xml) + SubString(Skin.String(ListItemGenre),Sport)] | [[Window.IsActive(DialogFullScreenInfo.xml) | Control.HasFocus(311) | Control.HasFocus(312)] + [SubString(VideoPlayer.Genre,$LOCALIZE[31621]) | SubString(VideoPlayer.Genre,Sport) | SubString(Skin.String(TopVideoInformation6),Sport)]]</visible>
		</control>
		<control type="image">
			<include>MultiGenreFlag</include>
			<texture>badges/genre/Suspense.png</texture>
			<visible>SubString(ListItem.Genre,$LOCALIZE[31622]) | SubString(ListItem.Genre,Suspense) | [!Window.IsVisible(DialogFullScreenInfo.xml) + SubString(Skin.String(ListItemGenre),Suspense)] | [[Window.IsActive(DialogFullScreenInfo.xml) | Control.HasFocus(311) | Control.HasFocus(312)] + [SubString(VideoPlayer.Genre,$LOCALIZE[31622]) | SubString(VideoPlayer.Genre,Suspense) | SubString(Skin.String(TopVideoInformation6),Suspense)]]</visible>
		</control>
		<control type="image">
			<include>MultiGenreFlag</include>
			<texture>badges/genre/Thriller.png</texture>
			<visible>SubString(ListItem.Genre,$LOCALIZE[31623]) | SubString(ListItem.Genre,Thriller) | [!Window.IsVisible(DialogFullScreenInfo.xml) + SubString(Skin.String(ListItemGenre),Thriller)] | [[Window.IsActive(DialogFullScreenInfo.xml) | Control.HasFocus(311) | Control.HasFocus(312)] + [SubString(VideoPlayer.Genre,$LOCALIZE[31623]) | SubString(VideoPlayer.Genre,Thriller) | SubString(Skin.String(TopVideoInformation6),Thriller)]]</visible>
		</control>
		<control type="image">
			<include>MultiGenreFlag</include>
			<texture>badges/genre/War.png</texture>
			<visible>SubString(ListItem.Genre,$LOCALIZE[31624]) | SubString(ListItem.Genre,War) | [!Window.IsVisible(DialogFullScreenInfo.xml) + SubString(Skin.String(ListItemGenre),War)] | [[Window.IsActive(DialogFullScreenInfo.xml) | Control.HasFocus(311) | Control.HasFocus(312)] + [SubString(VideoPlayer.Genre,$LOCALIZE[31624]) | SubString(VideoPlayer.Genre,War) | SubString(Skin.String(TopVideoInformation6),War)]]</visible>
		</control>
		<control type="image">
			<include>MultiGenreFlag</include>
			<texture>badges/genre/Western.png</texture>
			<visible>SubString(ListItem.Genre,$LOCALIZE[31625]) | SubString(ListItem.Genre,Western) | [!Window.IsVisible(DialogFullScreenInfo.xml) + SubString(Skin.String(ListItemGenre),Western)] | [[Window.IsActive(DialogFullScreenInfo.xml) | Control.HasFocus(311) | Control.HasFocus(312)] + [SubString(VideoPlayer.Genre,$LOCALIZE[31625]) | SubString(VideoPlayer.Genre,Western) | SubString(Skin.String(TopVideoInformation6),Western)]]</visible>
		</control>
		
		<control type="image">
			<include>MultiGenreFlag</include>
			<texture>badges/genre/Game-Show.png</texture>
			<visible>SubString(ListItem.Genre,$LOCALIZE[31625]) | SubString(ListItem.Genre,Game Show) | [!Window.IsVisible(DialogFullScreenInfo.xml) + SubString(Skin.String(ListItemGenre),Game Show)]| [[Window.IsActive(DialogFullScreenInfo.xml) | Control.HasFocus(311) | Control.HasFocus(312)] + [SubString(VideoPlayer.Genre,$LOCALIZE[31625]) | SubString(VideoPlayer.Genre,Game Show) | SubString(Skin.String(TopVideoInformation6),Game Show)]]</visible>
		</control>
		<control type="image">
			<include>MultiGenreFlag</include>
			<texture>badges/genre/News.png</texture>
			<visible><visible>SubString(ListItem.Genre,$LOCALIZE[31627]) | SubString(ListItem.Genre,News) | [!Window.IsVisible(DialogFullScreenInfo.xml) + SubString(Skin.String(ListItemGenre),News)] | [[Window.IsActive(DialogFullScreenInfo.xml) | Control.HasFocus(311) | Control.HasFocus(312)] + [SubString(VideoPlayer.Genre,$LOCALIZE[31627]) | SubString(VideoPlayer.Genre,News) | SubString(Skin.String(TopVideoInformation6),News)]]</visible></visible>
		</control>
		<control type="image">
			<include>MultiGenreFlag</include>
			<texture>badges/genre/Reality.png</texture>
			<visible>SubString(ListItem.Genre,$LOCALIZE[31628]) | SubString(ListItem.Genre,Reality) | SubString(ListItem.Genre,Reality-TV) | [!Window.IsVisible(DialogFullScreenInfo.xml) + [SubString(Skin.String(ListItemGenre),Reality) | SubString(Skin.String(ListItemGenre),Reality-TV)]] | [[Window.IsActive(DialogFullScreenInfo.xml) | Control.HasFocus(311) | Control.HasFocus(312)] + [SubString(VideoPlayer.Genre,$LOCALIZE[31628]) | SubString(VideoPlayer.Genre,Reality) | SubString(VideoPlayer.Genre,Reality-TV) | SubString(Skin.String(TopVideoInformation6),Reality)]]</visible>
		</control>
		<control type="image">
			<include>MultiGenreFlag</include>
			<texture>badges/genre/Sitcom.png</texture>
			<visible>SubString(ListItem.Genre,$LOCALIZE[31629]) | SubString(ListItem.Genre,Sitcom) | SubString(ListItem.Genre,sitcom) | [!Window.IsVisible(DialogFullScreenInfo.xml) + [SubString(Skin.String(ListItemGenre),Sitcom) | SubString(Skin.String(ListItemGenre),sitcom)]] | [[Window.IsActive(DialogFullScreenInfo.xml) | Control.HasFocus(311) | Control.HasFocus(312)] + [SubString(VideoPlayer.Genre,$LOCALIZE[31629]) | SubString(VideoPlayer.Genre,Sitcom) | SubString(VideoPlayer.Genre,sitcom) | SubString(Skin.String(TopVideoInformation6),Sitcom)]]</visible>
		</control>
		<control type="image">
			<include>MultiGenreFlag</include>
			<texture>badges/genre/Talk-Show.png</texture>
			<visible>SubString(ListItem.Genre,$LOCALIZE[31630]) | SubString(ListItem.Genre,Talk Show) | SubString(ListItem.Genre,Talk-Show) | [!Window.IsVisible(DialogFullScreenInfo.xml) + [SubString(Skin.String(ListItemGenre),Talk Show) | SubString(Skin.String(ListItemGenre),Talk-Show)]] | [[Window.IsActive(DialogFullScreenInfo.xml) | Control.HasFocus(311) | Control.HasFocus(312)] + [SubString(VideoPlayer.Genre,$LOCALIZE[31630]) | SubString(VideoPlayer.Genre,Talk Show) | SubString(VideoPlayer.Genre,Talk-Show) | SubString(Skin.String(TopVideoInformation6),Talk Show) | SubString(Skin.String(TopVideoInformation6),Talk-Show)]]</visible>
		</control>
		<control type="image">
			<include>MultiGenreFlag</include>
			<texture>badges/genre/Food.png</texture>
			<visible>SubString(ListItem.Genre,$LOCALIZE[31631]) | SubString(ListItem.Genre,Food) | SubString(ListItem.Genre,food) | [!Window.IsVisible(DialogFullScreenInfo.xml) + [SubString(Skin.String(ListItemGenre),Food) | SubString(Skin.String(ListItemGenre),food)]] | [[Window.IsActive(DialogFullScreenInfo.xml) | Control.HasFocus(311) | Control.HasFocus(312)] + [SubString(VideoPlayer.Genre,$LOCALIZE[31631]) | SubString(VideoPlayer.Genre,Food) | SubString(VideoPlayer.Genre,food) | SubString(Skin.String(TopVideoInformation6),Food)]]</visible>
		</control>
		<control type="image">
			<include>MultiGenreFlag</include>
			<texture>badges/genre/Home-and-Garden.png</texture>
			<visible>SubString(ListItem.Genre,$LOCALIZE[31631]) | SubString(ListItem.Genre,Home and Garden) | SubString(ListItem.Genre,Home-and-Garden) | [!Window.IsVisible(DialogFullScreenInfo.xml) + [SubString(Skin.String(ListItemGenre),Home and Garden) | SubString(Skin.String(ListItemGenre),Home-and-Garden)]] | [[Window.IsActive(DialogFullScreenInfo.xml) | Control.HasFocus(311) | Control.HasFocus(312)] + [SubString(VideoPlayer.Genre,$LOCALIZE[31631]) | SubString(VideoPlayer.Genre,Home and Garden) | SubString(VideoPlayer.Genre,Home-and-Garden) | SubString(Skin.String(TopVideoInformation6),Home and Garden) | SubString(Skin.String(TopVideoInformation6),Home-and-Garden)]]</visible>
		</control>
		<control type="image">
			<include>MultiGenreFlag</include>
			<texture>badges/genre/Mini-Series.png</texture>
			<visible>SubString(ListItem.Genre,$LOCALIZE[31633]) | SubString(ListItem.Genre,Mini Series) | SubString(ListItem.Genre,Mini-Series) | [!Window.IsVisible(DialogFullScreenInfo.xml) + [SubString(Skin.String(ListItemGenre),Mini Series) | SubString(Skin.String(ListItemGenre),Mini-Series)]] | [[Window.IsActive(DialogFullScreenInfo.xml) | Control.HasFocus(311) | Control.HasFocus(312)] + [SubString(VideoPlayer.Genre,$LOCALIZE[31633]) | SubString(VideoPlayer.Genre,Mini Series) | SubString(VideoPlayer.Genre,Mini-Series) | SubString(Skin.String(TopVideoInformation6),Mini-Series)]]</visible>
		</control>
		<control type="image">
			<include>MultiGenreFlag</include>
			<texture>badges/genre/Soap.png</texture>
			<visible>SubString(ListItem.Genre,$LOCALIZE[31634]) | SubString(ListItem.Genre,Soap) | SubString(ListItem.Genre,soap) | [!Window.IsVisible(DialogFullScreenInfo.xml) + [SubString(Skin.String(ListItemGenre),Soap) | SubString(Skin.String(ListItemGenre),soap)]] | [[Window.IsActive(DialogFullScreenInfo.xml) | Control.HasFocus(311) | Control.HasFocus(312)] + [SubString(VideoPlayer.Genre,$LOCALIZE[31634]) | SubString(VideoPlayer.Genre,Soap) | SubString(VideoPlayer.Genre,soap) | SubString(Skin.String(TopVideoInformation6),Soap)]]</visible>
		</control>
		<control type="image">
			<include>MultiGenreFlag</include>
			<texture>badges/genre/Special-Interest.png</texture>
			<visible>SubString(ListItem.Genre,$LOCALIZE[31635]) | SubString(ListItem.Genre,Special Interest) | SubString(ListItem.Genre,Special-Interest) | [!Window.IsVisible(DialogFullScreenInfo.xml) + [SubString(Skin.String(ListItemGenre),Special Interest) | SubString(Skin.String(ListItemGenre),Special-Interest)]] | [[Window.IsActive(DialogFullScreenInfo.xml) | Control.HasFocus(311) | Control.HasFocus(312)] + [SubString(VideoPlayer.Genre,$LOCALIZE[31635]) | SubString(VideoPlayer.Genre,Special Interest) | SubString(VideoPlayer.Genre,Special-Interest) | SubString(Skin.String(TopVideoInformation6),Special-Interest) | SubString(Skin.String(TopVideoInformation6),Special Interest)]]</visible>
		</control>
		<control type="image">
			<include>MultiGenreFlag</include>
			<texture>badges/genre/Travel.png</texture>
			<visible>SubString(ListItem.Genre,$LOCALIZE[31636]) | SubString(ListItem.Genre,Travel) | SubString(ListItem.Genre,travel) | [!Window.IsVisible(DialogFullScreenInfo.xml) + [SubString(Skin.String(ListItemGenre),Travel) | SubString(Skin.String(ListItemGenre),travel)]] | [[Window.IsActive(DialogFullScreenInfo.xml) | Control.HasFocus(311) | Control.HasFocus(312)] + [SubString(VideoPlayer.Genre,$LOCALIZE[31636]) | SubString(VideoPlayer.Genre,Travel) | SubString(VideoPlayer.Genre,travel) | SubString(Skin.String(TopVideoInformation6),Travel) | SubString(Skin.String(TopVideoInformation6),travel)]]</visible>
		</control>
		<control type="image">
			<include>MultiGenreFlag</include>
			<texture>badges/genre/Film-Noir.png</texture>
			<visible>SubString(ListItem.Genre,$LOCALIZE[31637]) | SubString(ListItem.Genre,Film Noir) | SubString(ListItem.Genre,Film-Noir) | [!Window.IsVisible(DialogFullScreenInfo.xml) + [SubString(Skin.String(ListItemGenre),Film Noir) | SubString(Skin.String(ListItemGenre),Film-Noir)]] | [[Window.IsActive(DialogFullScreenInfo.xml) | Control.HasFocus(311) | Control.HasFocus(312)] + [SubString(VideoPlayer.Genre,$LOCALIZE[31637]) | SubString(VideoPlayer.Genre,Film Noir) | SubString(VideoPlayer.Genre,Film-Noir) | SubString(Skin.String(TopVideoInformation6),Film Noir) | SubString(Skin.String(TopVideoInformation6),Film-Noir)]]</visible>
		</control>
		<control type="image">
			<include>MultiGenreFlag</include>
			<aspectratio aligny="bottom">keep</aspectratio>
			<texture>badges/genre/Musical.png</texture>
			<visible>SubString(ListItem.Genre,$LOCALIZE[31646]) | SubString(ListItem.Genre,Musical) | [!Window.IsVisible(DialogFullScreenInfo.xml) + SubString(Skin.String(ListItemGenre),Musical)] | [[Window.IsActive(DialogFullScreenInfo.xml) | Control.HasFocus(311) | Control.HasFocus(312)] + [SubString(VideoPlayer.Genre,$LOCALIZE[31646]) | SubString(VideoPlayer.Genre,Musical) | SubString(Skin.String(TopVideoInformation6),Musical)]]</visible>
		</control>
		
		<control type="image" description="מדע וטכנולוגיה">
			<include>MultiGenreFlag</include>
			<texture>badges/genre/Technology.png</texture>
			<visible>SubString(ListItem.Genre,$LOCALIZE[31650]) | SubString(ListItem.Genre,$LOCALIZE[19630]) | SubString(ListItem.Genre,Technology) | [!Window.IsVisible(DialogFullScreenInfo.xml) + SubString(Skin.String(ListItemGenre),Technology)] | [[Window.IsActive(DialogFullScreenInfo.xml) | Control.HasFocus(311) | Control.HasFocus(312)] + [SubString(VideoPlayer.Genre,$LOCALIZE[31650]) | SubString(VideoPlayer.Genre,$LOCALIZE[19630]) | SubString(VideoPlayer.Genre,Technology) | SubString(Skin.String(TopVideoInformation6),Technology)]]</visible>
		</control>
		<control type="image" description="אנשים ובלוג">
			<include>MultiGenreFlag</include>
			<texture>badges/genre/People.png</texture>
			<visible>SubString(ListItem.Genre,$LOCALIZE[31651]) | SubString(ListItem.Genre,People) | SubString(ListItem.Genre,Blogs) | [!Window.IsVisible(DialogFullScreenInfo.xml) + SubString(Skin.String(ListItemGenre),Blogs)] | [[Window.IsActive(DialogFullScreenInfo.xml) | Control.HasFocus(311) | Control.HasFocus(312)] + [SubString(VideoPlayer.Genre,$LOCALIZE[31651]) | SubString(VideoPlayer.Genre,People) | SubString(VideoPlayer.Genre,Blogs) | SubString(Skin.String(TopVideoInformation6),Blogs)]]</visible>
		</control>
		<control type="image" description="בידור">
			<include>MultiGenreFlag</include>
			<texture>badges/genre/Entertainment.png</texture>
			<visible>SubString(ListItem.Genre,$LOCALIZE[31652]) | SubString(ListItem.Genre,Entertain) | [!Window.IsVisible(DialogFullScreenInfo.xml) + SubString(Skin.String(ListItemGenre),Entertain)] | [[Window.IsActive(DialogFullScreenInfo.xml) | Control.HasFocus(311) | Control.HasFocus(312)] + [SubString(VideoPlayer.Genre,$LOCALIZE[31652]) | SubString(VideoPlayer.Genre,Entertain) | SubString(Skin.String(TopVideoInformation6),Entertain)]]</visible>
		</control>
		<control type="image" description="וידאו ואנימציה">
			<include>MultiGenreFlag</include>
			<texture>badges/genre/Entertainment.png</texture>
			<visible>SubString(ListItem.Genre,$LOCALIZE[31653]) | SubString(ListItem.Genre,Film & Animation) | [[Window.IsActive(DialogFullScreenInfo.xml) | Control.HasFocus(311) | Control.HasFocus(312)] + [SubString(VideoPlayer.Genre,$LOCALIZE[31653]) | SubString(VideoPlayer.Genre,Film & Animation)]]</visible>
		</control>
		<control type="image" description="אוטו' ורכב">
			<include>MultiGenreFlag</include>
			<texture>badges/genre/Driving.png</texture>
			<visible>SubString(ListItem.Genre,$LOCALIZE[31654]) | SubString(ListItem.Genre,Autos & Vehicles) | [[Window.IsActive(DialogFullScreenInfo.xml) | Control.HasFocus(311) | Control.HasFocus(312)] + [SubString(VideoPlayer.Genre,$LOCALIZE[31654]) | SubString(VideoPlayer.Genre,Autos & Vehicles)]]</visible>
		</control>
		<control type="image" description="חדשות ופוליטיקה">
			<include>MultiGenreFlag</include>
			<texture>badges/genre/News.png</texture>
			<visible>SubString(ListItem.Genre,$LOCALIZE[31655]) | SubString(ListItem.Genre,News & Politics) | [[Window.IsActive(DialogFullScreenInfo.xml) | Control.HasFocus(311) | Control.HasFocus(312)] + [SubString(VideoPlayer.Genre,$LOCALIZE[31655]) | SubString(VideoPlayer.Genre,News & Politics)]]</visible>
		</control>
		<control type="image" description="השכלה">
			<include>MultiGenreFlag</include>
			<texture>badges/genre/Biography.png</texture>
			<visible>SubString(ListItem.Genre,$LOCALIZE[31656]) | SubString(ListItem.Genre,Education) | [[Window.IsActive(DialogFullScreenInfo.xml) | Control.HasFocus(311) | Control.HasFocus(312)] + [SubString(VideoPlayer.Genre,$LOCALIZE[31656]) | SubString(VideoPlayer.Genre,Education)]]</visible>
		</control>
		<control type="image" description="בעלי חיים">
			<include>MultiGenreFlag</include>
			<texture>badges/genre/Animals.png</texture>
			<visible>SubString(ListItem.Genre,$LOCALIZE[31657]) | SubString(ListItem.Genre,Pets & Animals) | [[Window.IsActive(DialogFullScreenInfo.xml) | Control.HasFocus(311) | Control.HasFocus(312)] + [SubString(VideoPlayer.Genre,$LOCALIZE[31657]) | SubString(VideoPlayer.Genre,Pets & Animals)]]</visible>
		</control>
		<control type="image" description="טיולים ואירועים">
			<include>MultiGenreFlag</include>
			<texture>badges/genre/Travel.png</texture>
			<visible>SubString(ListItem.Genre,$LOCALIZE[31658]) | SubString(ListItem.Genre,Travel & Events) | [[Window.IsActive(DialogFullScreenInfo.xml) | Control.HasFocus(311) | Control.HasFocus(312)] + [SubString(VideoPlayer.Genre,$LOCALIZE[31658]) | SubString(VideoPlayer.Genre,Travel & Events)]]</visible>
		</control>
		<control type="image" description="משחקים">
			<include>MultiGenreFlag</include>
			<texture>badges/genre/Platform.png</texture>
			<visible>SubString(ListItem.Genre,$LOCALIZE[15016]) | SubString(ListItem.Genre,Gaming) | [[Window.IsActive(DialogFullScreenInfo.xml) | Control.HasFocus(311) | Control.HasFocus(312)] + [SubString(VideoPlayer.Genre,$LOCALIZE[15016]) | SubString(VideoPlayer.Genre,Gaming)]]</visible>
		</control>
		<control type="image">
			<include>MultiGenreFlag</include>
			<texture>badges/genre/Driving.png</texture>
			<visible>SubString(ListItem.Genre,$LOCALIZE[31700]) | SubString(ListItem.Genre,Driving)</visible>
		</control>
		<control type="image">
			<include>MultiGenreFlag</include>
			<texture>badges/genre/Platform.png</texture>
			<visible>SubString(ListItem.Genre,$LOCALIZE[31701]) | SubString(ListItem.Genre,Platform)</visible>
		</control>
		<control type="image">
			<include>MultiGenreFlag</include>
			<texture>badges/genre/Run Jump.png</texture>
			<visible>SubString(ListItem.Genre,$LOCALIZE[31702]) | SubString(ListItem.Genre,Run Jump)</visible>
		</control>
		<control type="image">
			<include>MultiGenreFlag</include>
			<texture>badges/genre/Maze.png</texture>
			<visible>SubString(ListItem.Genre,$LOCALIZE[31703]) | SubString(ListItem.Genre,Maze)</visible>
		</control>
		<control type="image">
			<include>MultiGenreFlag</include>
			<texture>badges/genre/Digging.png</texture>
			<visible>SubString(ListItem.Genre,$LOCALIZE[31704]) | SubString(ListItem.Genre,Digging)</visible>
		</control>
		<control type="image">
			<include>MultiGenreFlag</include>
			<texture>badges/genre/Fighter.png</texture>
			<visible>SubString(ListItem.Genre,$LOCALIZE[31705]) | SubString(ListItem.Genre,Fighter)</visible>
		</control>
		<control type="image">
			<include>MultiGenreFlag</include>
			<texture>badges/genre/Miscellaneous.png</texture>
			<visible>SubString(ListItem.Genre,$LOCALIZE[31706]) | SubString(ListItem.Genre,Miscellaneous) | SubString(ListItem.Genre,Misc.)</visible>
		</control>
		<control type="image">
			<include>MultiGenreFlag</include>
			<texture>badges/genre/Shooter.png</texture>
			<visible>SubString(ListItem.Genre,$LOCALIZE[31707]) | SubString(ListItem.Genre,Shooter)</visible>
		</control>
		<control type="image">
			<include>MultiGenreFlag</include>
			<texture>badges/genre/Puzzle.png</texture>
			<visible>SubString(ListItem.Genre,$LOCALIZE[31708]) | SubString(ListItem.Genre,Puzzle)</visible>
		</control>
		<control type="image">
			<include>MultiGenreFlag</include>
			<texture>badges/genre/Toss.png</texture>
			<visible>SubString(ListItem.Genre,$LOCALIZE[31709]) | SubString(ListItem.Genre,Toss)</visible>
		</control>
		<control type="image">
			<include>MultiGenreFlag</include>
			<texture>badges/genre/Hang Gliding.png</texture>
			<visible>SubString(ListItem.Genre,$LOCALIZE[31710]) | SubString(ListItem.Genre,Hang Gliding)</visible>
		</control>
		<control type="image">
			<include>MultiGenreFlag</include>
			<texture>badges/genre/1st Person.png</texture>
			<visible>SubString(ListItem.Genre,$LOCALIZE[31711]) | SubString(ListItem.Genre,1st Person)</visible>
		</control>
		<control type="image">
			<include>MultiGenreFlag</include>
			<texture>badges/genre/Gun.png</texture>
			<visible>SubString(ListItem.Genre,$LOCALIZE[31712]) | SubString(ListItem.Genre,Gun)</visible>
		</control>
		<control type="image">
			<include>MultiGenreFlag</include>
			<texture>badges/genre/Flying.png</texture>
			<visible>SubString(ListItem.Genre,$LOCALIZE[31713]) | SubString(ListItem.Genre,Flying Vertical)</visible>
		</control>
		<control type="image">
			<include>MultiGenreFlag</include>
			<texture>badges/genre/Flying.png</texture>
			<visible>SubString(ListItem.Genre,$LOCALIZE[31714]) | SubString(ListItem.Genre,Flying Horizontal)</visible>
		</control>
		<control type="image">
			<include>MultiGenreFlag</include>
			<texture>badges/genre/Versus.png</texture>
			<visible>SubString(ListItem.Genre,$LOCALIZE[31715]) | SubString(ListItem.Genre,Versus)</visible>
		</control>
		<control type="image">
			<include>MultiGenreFlag</include>
			<texture>badges/genre/Multiplay.png</texture>
			<visible>SubString(ListItem.Genre,$LOCALIZE[31716]) | SubString(ListItem.Genre,Multiplay)</visible>
		</control>
		<control type="image">
			<include>MultiGenreFlag</include>
			<texture>badges/genre/2.5D.png</texture>
			<visible>SubString(ListItem.Genre,$LOCALIZE[31717]) | SubString(ListItem.Genre,2.5D)</visible>
		</control>
		<control type="image">
			<include>MultiGenreFlag</include>
			<texture>badges/genre/Field.png</texture>
			<visible>SubString(ListItem.Genre,$LOCALIZE[31718]) | SubString(ListItem.Genre,Field)</visible>
		</control>
		<control type="image">
			<include>MultiGenreFlag</include>
			<texture>badges/genre/3rd Person.png</texture>
			<visible>SubString(ListItem.Genre,$LOCALIZE[31719]) | SubString(ListItem.Genre,3rd Person)</visible>
		</control>
		<control type="image">
			<include>MultiGenreFlag</include>
			<texture>badges/genre/Co-op.png</texture>
			<visible>SubString(ListItem.Genre,$LOCALIZE[31720]) | SubString(ListItem.Genre,Co-op)</visible>
		</control>
		<control type="image">
			<include>MultiGenreFlag</include>
			<texture>badges/genre/Golf.png</texture>
			<visible>SubString(ListItem.Genre,$LOCALIZE[31721]) | SubString(ListItem.Genre,Golf)</visible>
		</control>
		<control type="image">
			<include>MultiGenreFlag</include>
			<texture>badges/genre/Wrestling.png</texture>
			<visible>SubString(ListItem.Genre,$LOCALIZE[31722]) | SubString(ListItem.Genre,Wrestling)</visible>
		</control>
		<control type="image">
			<include>MultiGenreFlag</include>
			<texture>badges/genre/Hockey.png</texture>
			<visible>SubString(ListItem.Genre,$LOCALIZE[31723]) | SubString(ListItem.Genre,Hockey)</visible>
		</control>
		<control type="image">
			<include>MultiGenreFlag</include>
			<texture>badges/genre/Role-Playing.png</texture>
			<visible>SubString(ListItem.Genre,$LOCALIZE[31724]) | SubString(ListItem.Genre,Role-Playing)</visible>
		</control>
		<control type="image">
			<include>MultiGenreFlag</include>
			<texture>badges/genre/Simulation.png</texture>
			<visible>SubString(ListItem.Genre,$LOCALIZE[31725]) | SubString(ListItem.Genre,Simulation)</visible>
		</control>
		<control type="image">
			<include>MultiGenreFlag</include>
			<texture>badges/genre/Strategy.png</texture>
			<visible>SubString(ListItem.Genre,$LOCALIZE[31726]) | SubString(ListItem.Genre,Strategy)</visible>
		</control>
	</include>
	<include name="GenreText">
		<control type="label">
			<include condition="!Skin.HasSetting(Genre)">GenreTextPlace</include>
			<include condition="Skin.HasSetting(Genre)">GenreTextPlace2</include>
			<label>$LOCALIZE[31600]</label>
			<visible>SubString(ListItem.Genre,$LOCALIZE[31600]) | SubString(ListItem.Genre,Action) | [!Window.IsVisible(DialogFullScreenInfo.xml) + SubString(Skin.String(ListItemGenre),Action)] | [[Window.IsActive(DialogFullScreenInfo.xml) | Control.HasFocus(311) | Control.HasFocus(312)] + [SubString(VideoPlayer.Genre,$LOCALIZE[31600]) | SubString(VideoPlayer.Genre,Action) | SubString(Skin.String(TopVideoInformation6),Action)]]</visible>
		</control>
		<control type="label">
			<include condition="!Skin.HasSetting(Genre)">GenreTextPlace</include>
			<include condition="Skin.HasSetting(Genre)">GenreTextPlace2</include>
			<label>$LOCALIZE[31601]</label>
			<visible>SubString(ListItem.Genre,$LOCALIZE[31601]) | SubString(ListItem.Genre,Adventure) | [!Window.IsVisible(DialogFullScreenInfo.xml) + SubString(Skin.String(ListItemGenre),Adventure)] | [[Window.IsActive(DialogFullScreenInfo.xml) | Control.HasFocus(311) | Control.HasFocus(312)] + [SubString(VideoPlayer.Genre,$LOCALIZE[31601]) | SubString(VideoPlayer.Genre,Adventure) | SubString(Skin.String(TopVideoInformation6),Adventure)]]</visible>
		</control>
		<control type="label" description="אנימציה">
			<include condition="!Skin.HasSetting(Genre)">GenreTextPlace</include>
			<include condition="Skin.HasSetting(Genre)">GenreTextPlace2</include>
			<label>$LOCALIZE[31602]</label>
			<visible>SubString(ListItem.Genre,$LOCALIZE[31602]) | SubString(ListItem.Genre,Animation) | [!Window.IsVisible(DialogFullScreenInfo.xml) + SubString(Skin.String(ListItemGenre),Animation)] | [[Window.IsActive(DialogFullScreenInfo.xml) | Control.HasFocus(311) | Control.HasFocus(312)] + [SubString(VideoPlayer.Genre,$LOCALIZE[31602]) | SubString(VideoPlayer.Genre,Animation) | SubString(Skin.String(TopVideoInformation6),Animation)]]</visible>
			<visible>[!Window.IsActive(DialogFullScreenInfo.xml) + !SubString(ListItem.Genre,$LOCALIZE[31653]) + !SubString(ListItem.Genre,Film & Animation)] | [[Window.IsActive(DialogFullScreenInfo.xml) | Control.HasFocus(311) | Control.HasFocus(312)] + !SubString(VideoPlayer.Genre,$LOCALIZE[31653]) + !SubString(VideoPlayer.Genre,Film & Animation)]</visible>
		</control>
		<control type="label">
			<include condition="!Skin.HasSetting(Genre)">GenreTextPlace</include>
			<include condition="Skin.HasSetting(Genre)">GenreTextPlace2</include>
			<label>$LOCALIZE[31603]</label>
			<visible>SubString(ListItem.Genre,$LOCALIZE[31603]) | SubString(ListItem.Genre,Biography) | [!Window.IsVisible(DialogFullScreenInfo.xml) + SubString(Skin.String(ListItemGenre),Biography)] | [[Window.IsActive(DialogFullScreenInfo.xml) | Control.HasFocus(311) | Control.HasFocus(312)] + [SubString(VideoPlayer.Genre,$LOCALIZE[31603]) | SubString(VideoPlayer.Genre,Biography) | SubString(Skin.String(TopVideoInformation6),Biography)]]</visible>
		</control>
		<control type="label">
			<include condition="!Skin.HasSetting(Genre)">GenreTextPlace</include>
			<include condition="Skin.HasSetting(Genre)">GenreTextPlace2</include>
			<label>$LOCALIZE[31604]</label>
			<visible>SubString(ListItem.Genre,$LOCALIZE[31604]) | SubString(ListItem.Genre,Children) | [!Window.IsVisible(DialogFullScreenInfo.xml) + SubString(Skin.String(ListItemGenre),Children)] | [[Window.IsActive(DialogFullScreenInfo.xml) | Control.HasFocus(311) | Control.HasFocus(312)] + [SubString(VideoPlayer.Genre,$LOCALIZE[31604]) | SubString(VideoPlayer.Genre,Children) | SubString(Skin.String(TopVideoInformation6),Children)]]</visible>
		</control>
		<control type="label">
			<include condition="!Skin.HasSetting(Genre)">GenreTextPlace</include>
			<include condition="Skin.HasSetting(Genre)">GenreTextPlace2</include>
			<label>$LOCALIZE[31605]</label>
			<visible>SubString(ListItem.Genre,$LOCALIZE[31605]) | SubString(ListItem.Genre,Comedy) | [!Window.IsVisible(DialogFullScreenInfo.xml) + SubString(Skin.String(ListItemGenre),Comedy)] | [[Window.IsActive(DialogFullScreenInfo.xml) | Control.HasFocus(311) | Control.HasFocus(312)] + [SubString(VideoPlayer.Genre,$LOCALIZE[31605]) | SubString(VideoPlayer.Genre,Comedy) | SubString(Skin.String(TopVideoInformation6),Comedy)]]</visible>
		</control>
		<control type="label">
			<include condition="!Skin.HasSetting(Genre)">GenreTextPlace</include>
			<include condition="Skin.HasSetting(Genre)">GenreTextPlace2</include>
			<label>$LOCALIZE[31606]</label>
			<visible>SubString(ListItem.Genre,$LOCALIZE[31606]) | SubString(ListItem.Genre,Crime) | [!Window.IsVisible(DialogFullScreenInfo.xml) + SubString(Skin.String(ListItemGenre),Crime)] | [[Window.IsActive(DialogFullScreenInfo.xml) | Control.HasFocus(311) | Control.HasFocus(312)] + [SubString(VideoPlayer.Genre,$LOCALIZE[31606]) | SubString(VideoPlayer.Genre,Crime) | SubString(Skin.String(TopVideoInformation6),Crime)]]</visible>
		</control>
		<control type="label">
			<include condition="!Skin.HasSetting(Genre)">GenreTextPlace</include>
			<include condition="Skin.HasSetting(Genre)">GenreTextPlace2</include>
			<label>$LOCALIZE[31607]</label>
			<visible>SubString(ListItem.Genre,$LOCALIZE[31607]) | SubString(ListItem.Genre,Disaster) | [!Window.IsVisible(DialogFullScreenInfo.xml) + SubString(Skin.String(ListItemGenre),Disaster)] | [[Window.IsActive(DialogFullScreenInfo.xml) | Control.HasFocus(311) | Control.HasFocus(312)] + [SubString(VideoPlayer.Genre,$LOCALIZE[31607]) | SubString(VideoPlayer.Genre,Disaster) | SubString(Skin.String(TopVideoInformation6),Disaster)]]</visible>
		</control>
		<control type="label">
			<include condition="!Skin.HasSetting(Genre)">GenreTextPlace</include>
			<include condition="Skin.HasSetting(Genre)">GenreTextPlace2</include>
			<label>$LOCALIZE[31608]</label>
			<visible>SubString(ListItem.Genre,$LOCALIZE[31608]) | SubString(ListItem.Genre,Document) | [!Window.IsVisible(DialogFullScreenInfo.xml) + SubString(Skin.String(ListItemGenre),Document)] | [[Window.IsActive(DialogFullScreenInfo.xml) | Control.HasFocus(311) | Control.HasFocus(312)] + [SubString(VideoPlayer.Genre,$LOCALIZE[31608]) | SubString(VideoPlayer.Genre,Document) | SubString(Skin.String(TopVideoInformation6),Document)]]</visible>
		</control>
		<control type="label">
			<include condition="!Skin.HasSetting(Genre)">GenreTextPlace</include>
			<include condition="Skin.HasSetting(Genre)">GenreTextPlace2</include>
			<label>$LOCALIZE[31609]</label>
			<visible>SubString(ListItem.Genre,$LOCALIZE[31609]) | SubString(ListItem.Genre,Drama) | [!Window.IsVisible(DialogFullScreenInfo.xml) + SubString(Skin.String(ListItemGenre),Drama)] | [[Window.IsActive(DialogFullScreenInfo.xml) | Control.HasFocus(311) | Control.HasFocus(312)] + [SubString(VideoPlayer.Genre,$LOCALIZE[31609]) | SubString(VideoPlayer.Genre,Drama) | SubString(Skin.String(TopVideoInformation6),Drama)]]</visible>
		</control>
		<control type="label">
			<include condition="!Skin.HasSetting(Genre)">GenreTextPlace</include>
			<include condition="Skin.HasSetting(Genre)">GenreTextPlace2</include>
			<label>$LOCALIZE[31610]</label>
			<visible>SubString(ListItem.Genre,$LOCALIZE[31610]) | SubString(ListItem.Genre,Family) | [!Window.IsVisible(DialogFullScreenInfo.xml) + SubString(Skin.String(ListItemGenre),Family)] | [[Window.IsActive(DialogFullScreenInfo.xml) | Control.HasFocus(311) | Control.HasFocus(312)] + [SubString(VideoPlayer.Genre,$LOCALIZE[31610]) | SubString(VideoPlayer.Genre,Family) | SubString(Skin.String(TopVideoInformation6),Family)]]</visible>
		</control>
		<control type="label">
			<include condition="!Skin.HasSetting(Genre)">GenreTextPlace</include>
			<include condition="Skin.HasSetting(Genre)">GenreTextPlace2</include>
			<label>$LOCALIZE[31611]</label>
			<visible>SubString(ListItem.Genre,$LOCALIZE[31611]) | SubString(ListItem.Genre,Fantasy) | [!Window.IsVisible(DialogFullScreenInfo.xml) + SubString(Skin.String(ListItemGenre),Fantasy)] | [[Window.IsActive(DialogFullScreenInfo.xml) | Control.HasFocus(311) | Control.HasFocus(312)] + [SubString(VideoPlayer.Genre,$LOCALIZE[31611]) | SubString(VideoPlayer.Genre,Fantasy) | SubString(Skin.String(TopVideoInformation6),Fantasy)]]</visible>
		</control>
		<control type="label">
			<include condition="!Skin.HasSetting(Genre)">GenreTextPlace</include>
			<include condition="Skin.HasSetting(Genre)">GenreTextPlace2</include>
			<label>$LOCALIZE[31612]</label>
			<visible>SubString(ListItem.Genre,$LOCALIZE[31612]) | SubString(ListItem.Genre,History) | [!Window.IsVisible(DialogFullScreenInfo.xml) + SubString(Skin.String(ListItemGenre),History)] | [[Window.IsActive(DialogFullScreenInfo.xml) | Control.HasFocus(311) | Control.HasFocus(312)] + [SubString(VideoPlayer.Genre,$LOCALIZE[31612]) | SubString(VideoPlayer.Genre,History) | SubString(Skin.String(TopVideoInformation6),History)]]</visible>
		</control>
		<control type="label">
			<include condition="!Skin.HasSetting(Genre)">GenreTextPlace</include>
			<include condition="Skin.HasSetting(Genre)">GenreTextPlace2</include>
			<label>$LOCALIZE[31614]</label>
			<visible>SubString(ListItem.Genre,$LOCALIZE[31613]) | SubString(ListItem.Genre,Holiday) | [!Window.IsVisible(DialogFullScreenInfo.xml) + SubString(Skin.String(ListItemGenre),Holiday) | SubString(ListItem.Genre,Christmas)] | [[Window.IsActive(DialogFullScreenInfo.xml) | Control.HasFocus(311) | Control.HasFocus(312)] + [SubString(VideoPlayer.Genre,$LOCALIZE[31613]) | SubString(VideoPlayer.Genre,Holiday) | SubString(VideoPlayer.Genre,Christmas) | SubString(Skin.String(TopVideoInformation6),Holiday) | SubString(Skin.String(TopVideoInformation6),Christmas)]]</visible>
		</control>
		<control type="label">
			<include condition="!Skin.HasSetting(Genre)">GenreTextPlace</include>
			<include condition="Skin.HasSetting(Genre)">GenreTextPlace2</include>
			<label>$LOCALIZE[31614]</label>
			<visible>SubString(ListItem.Genre,$LOCALIZE[31614]) | SubString(ListItem.Genre,Horror) | [!Window.IsVisible(DialogFullScreenInfo.xml) + SubString(Skin.String(ListItemGenre),Horror)] | [[Window.IsActive(DialogFullScreenInfo.xml) | Control.HasFocus(311) | Control.HasFocus(312)] + [SubString(VideoPlayer.Genre,$LOCALIZE[31614]) | SubString(VideoPlayer.Genre,Horror) | SubString(Skin.String(TopVideoInformation6),Horror)]]</visible>
		</control>
		<control type="label">
			<include condition="!Skin.HasSetting(Genre)">GenreTextPlace</include>
			<include condition="Skin.HasSetting(Genre)">GenreTextPlace2</include>
			<label>$LOCALIZE[31615]</label>
			<visible>SubString(ListItem.Genre,$LOCALIZE[31615]) | SubString(ListItem.Genre,Indie) | [!Window.IsVisible(DialogFullScreenInfo.xml) + SubString(Skin.String(ListItemGenre),Indie)] | [[Window.IsActive(DialogFullScreenInfo.xml) | Control.HasFocus(311) | Control.HasFocus(312)] + [SubString(VideoPlayer.Genre,$LOCALIZE[31615]) | SubString(VideoPlayer.Genre,Indie) | SubString(Skin.String(TopVideoInformation6),Indie)]]</visible>
		</control>
		<control type="label">
			<include condition="!Skin.HasSetting(Genre)">GenreTextPlace</include>
			<include condition="Skin.HasSetting(Genre)">GenreTextPlace2</include>
			<label>$LOCALIZE[31616]</label>
			<visible>SubString(ListItem.Genre,$LOCALIZE[31616]) | SubString(ListItem.Genre,Music) | [!Window.IsVisible(DialogFullScreenInfo.xml) + SubString(Skin.String(ListItemGenre),Music)] | [[Window.IsActive(DialogFullScreenInfo.xml) | Control.HasFocus(311) | Control.HasFocus(312)] + [SubString(VideoPlayer.Genre,$LOCALIZE[31616]) | SubString(VideoPlayer.Genre,Music) | SubString(Skin.String(TopVideoInformation6),Music)]]</visible>
			<visible>[!Window.IsActive(DialogFullScreenInfo.xml) + !SubString(ListItem.Genre,$LOCALIZE[31646]) + !SubString(ListItem.Genre,Musical)] | [[Window.IsActive(DialogFullScreenInfo.xml) | Control.HasFocus(311) | Control.HasFocus(312)] + !SubString(VideoPlayer.Genre,$LOCALIZE[31646]) + !SubString(VideoPlayer.Genre,Musical) + !SubString(Skin.String(TopVideoInformation6),Musical)]</visible>
		</control>
		<control type="label">
			<include condition="!Skin.HasSetting(Genre)">GenreTextPlace</include>
			<include condition="Skin.HasSetting(Genre)">GenreTextPlace2</include>
			<label>$LOCALIZE[31617]</label>
			<visible>SubString(ListItem.Genre,$LOCALIZE[31617]) | SubString(ListItem.Genre,Mystery) | [!Window.IsVisible(DialogFullScreenInfo.xml) + SubString(Skin.String(ListItemGenre),Mystery)] | [[Window.IsActive(DialogFullScreenInfo.xml) | Control.HasFocus(311) | Control.HasFocus(312)] + [SubString(VideoPlayer.Genre,$LOCALIZE[31617]) | SubString(VideoPlayer.Genre,Mystery) | SubString(Skin.String(TopVideoInformation6),Mystery)]]</visible>
		</control>
		<control type="label">
			<include condition="!Skin.HasSetting(Genre)">GenreTextPlace</include>
			<include condition="Skin.HasSetting(Genre)">GenreTextPlace2</include>
			<label>$LOCALIZE[31618]</label>
			<visible>SubString(ListItem.Genre,$LOCALIZE[31618]) | SubString(ListItem.Genre,Romance) | [!Window.IsVisible(DialogFullScreenInfo.xml) + SubString(Skin.String(ListItemGenre),Romance)] | [[Window.IsActive(DialogFullScreenInfo.xml) | Control.HasFocus(311) | Control.HasFocus(312)] + [SubString(VideoPlayer.Genre,$LOCALIZE[31618]) | SubString(VideoPlayer.Genre,Romance) | SubString(Skin.String(TopVideoInformation6),Romance)]]</visible>
		</control>
		<control type="label" description="מדע בדיוני">
			<include condition="!Skin.HasSetting(Genre)">GenreTextPlace</include>
			<include condition="Skin.HasSetting(Genre)">GenreTextPlace2</include>
			<label>$LOCALIZE[31619]</label>
			<visible>SubString(ListItem.Genre,$LOCALIZE[31619]) | SubString(ListItem.Genre,Science Fiction) | [!Window.IsVisible(DialogFullScreenInfo.xml) + SubString(ListItem.Genre,Science-Fiction)] | SubString(ListItem.Genre,Sci-Fi) | SubString(Skin.String(ListItemGenre),Science Fiction) | SubString(Skin.String(ListItemGenre),Science-Fiction) | SubString(Skin.String(ListItemGenre),Sci-Fi) | [[Window.IsActive(DialogFullScreenInfo.xml) | Control.HasFocus(311) | Control.HasFocus(312)] + [SubString(VideoPlayer.Genre,$LOCALIZE[31619]) | SubString(VideoPlayer.Genre,Science Fiction) | SubString(VideoPlayer.Genre,Science-Fiction) | SubString(VideoPlayer.Genre,Sci-Fi) | SubString(Skin.String(TopVideoInformation6),Science Fiction) | SubString(Skin.String(TopVideoInformation6),Science-Fiction) | SubString(Skin.String(TopVideoInformation6),Sci-Fi)]]</visible>
		</control>
		<control type="label">
			<include condition="!Skin.HasSetting(Genre)">GenreTextPlace</include>
			<include condition="Skin.HasSetting(Genre)">GenreTextPlace2</include>
			<label>$LOCALIZE[31620]</label>
			<visible>SubString(ListItem.Genre,$LOCALIZE[31620]) | SubString(ListItem.Genre,Short) | [!Window.IsVisible(DialogFullScreenInfo.xml) + SubString(Skin.String(ListItemGenre),Short)] | [[Window.IsActive(DialogFullScreenInfo.xml) | Control.HasFocus(311) | Control.HasFocus(312)] + [SubString(VideoPlayer.Genre,$LOCALIZE[31620]) | SubString(VideoPlayer.Genre,Short) | SubString(Skin.String(TopVideoInformation6),Short)]]</visible>
		</control>
		<control type="label">
			<include condition="!Skin.HasSetting(Genre)">GenreTextPlace</include>
			<include condition="Skin.HasSetting(Genre)">GenreTextPlace2</include>
			<label>$LOCALIZE[31621]</label>
			<visible>SubString(ListItem.Genre,$LOCALIZE[31621]) | SubString(ListItem.Genre,Sport) | [!Window.IsVisible(DialogFullScreenInfo.xml) + SubString(Skin.String(ListItemGenre),Sport)] | [[Window.IsActive(DialogFullScreenInfo.xml) | Control.HasFocus(311) | Control.HasFocus(312)] + [SubString(VideoPlayer.Genre,$LOCALIZE[31621]) | SubString(VideoPlayer.Genre,Sport) | SubString(Skin.String(TopVideoInformation6),Sport)]]</visible>
		</control>
		<control type="label">
			<include condition="!Skin.HasSetting(Genre)">GenreTextPlace</include>
			<include condition="Skin.HasSetting(Genre)">GenreTextPlace2</include>
			<label>$LOCALIZE[31622]</label>
			<visible>SubString(ListItem.Genre,$LOCALIZE[31622]) | SubString(ListItem.Genre,Suspense) | [!Window.IsVisible(DialogFullScreenInfo.xml) + SubString(Skin.String(ListItemGenre),Suspense)] | [[Window.IsActive(DialogFullScreenInfo.xml) | Control.HasFocus(311) | Control.HasFocus(312)] + [SubString(VideoPlayer.Genre,$LOCALIZE[31622]) | SubString(VideoPlayer.Genre,Suspense) | SubString(Skin.String(TopVideoInformation6),Suspense)]]</visible>
		</control>
		<control type="label">
			<include condition="!Skin.HasSetting(Genre)">GenreTextPlace</include>
			<include condition="Skin.HasSetting(Genre)">GenreTextPlace2</include>
			<label>$LOCALIZE[31623]</label>
			<visible>SubString(ListItem.Genre,$LOCALIZE[31623]) | SubString(ListItem.Genre,Thriller) | [!Window.IsVisible(DialogFullScreenInfo.xml) + SubString(Skin.String(ListItemGenre),Thriller)] | [[Window.IsActive(DialogFullScreenInfo.xml) | Control.HasFocus(311) | Control.HasFocus(312)] + [SubString(VideoPlayer.Genre,$LOCALIZE[31623]) | SubString(VideoPlayer.Genre,Thriller) | SubString(Skin.String(TopVideoInformation6),Thriller)]]</visible>
		</control>
		<control type="label">
			<include condition="!Skin.HasSetting(Genre)">GenreTextPlace</include>
			<include condition="Skin.HasSetting(Genre)">GenreTextPlace2</include>
			<label>$LOCALIZE[31624]</label>
			<visible>SubString(ListItem.Genre,$LOCALIZE[31624]) | SubString(ListItem.Genre,War) | [!Window.IsVisible(DialogFullScreenInfo.xml) + SubString(Skin.String(ListItemGenre),War)] | [[Window.IsActive(DialogFullScreenInfo.xml) | Control.HasFocus(311) | Control.HasFocus(312)] + [SubString(VideoPlayer.Genre,$LOCALIZE[31624]) | SubString(VideoPlayer.Genre,War) | SubString(Skin.String(TopVideoInformation6),War)]]</visible>
		</control>
		<control type="label">
			<include condition="!Skin.HasSetting(Genre)">GenreTextPlace</include>
			<include condition="Skin.HasSetting(Genre)">GenreTextPlace2</include>
			<label>$LOCALIZE[31625]</label>
			<visible>SubString(ListItem.Genre,$LOCALIZE[31625]) | SubString(ListItem.Genre,Western) | [!Window.IsVisible(DialogFullScreenInfo.xml) + SubString(Skin.String(ListItemGenre),Western)] | [[Window.IsActive(DialogFullScreenInfo.xml) | Control.HasFocus(311) | Control.HasFocus(312)] + [SubString(VideoPlayer.Genre,$LOCALIZE[31625]) | SubString(VideoPlayer.Genre,Western) | SubString(Skin.String(TopVideoInformation6),Western)]]</visible>
		</control>
		
		<control type="label">
			<include condition="!Skin.HasSetting(Genre)">GenreTextPlace</include>
			<include condition="Skin.HasSetting(Genre)">GenreTextPlace2</include>
			<label>$LOCALIZE[31626]</label>
			<visible>SubString(ListItem.Genre,$LOCALIZE[31626]) | SubString(ListItem.Genre,Game Show) | SubString(ListItem.Genre,Game-Show) | [!Window.IsVisible(DialogFullScreenInfo.xml) + SubString(Skin.String(ListItemGenre),Game Show)] | SubString(Skin.String(ListItemGenre),Game-Show) | [[Window.IsActive(DialogFullScreenInfo.xml) | Control.HasFocus(311) | Control.HasFocus(312)] + [SubString(VideoPlayer.Genre,$LOCALIZE[31626]) | SubString(VideoPlayer.Genre,Game Show) | SubString(VideoPlayer.Genre,Game-Show) | SubString(Skin.String(TopVideoInformation6),Game Show) | SubString(Skin.String(TopVideoInformation6),Game-Show)]]</visible>
		</control>
		<control type="label">
			<include condition="!Skin.HasSetting(Genre)">GenreTextPlace</include>
			<include condition="Skin.HasSetting(Genre)">GenreTextPlace2</include>
			<label>$LOCALIZE[31627]</label>
			<visible>SubString(ListItem.Genre,$LOCALIZE[31627]) | SubString(ListItem.Genre,News) | [!Window.IsVisible(DialogFullScreenInfo.xml) + SubString(Skin.String(ListItemGenre),News)] | [[Window.IsActive(DialogFullScreenInfo.xml) | Control.HasFocus(311) | Control.HasFocus(312)] + [SubString(VideoPlayer.Genre,$LOCALIZE[31627]) | SubString(VideoPlayer.Genre,News) | SubString(Skin.String(TopVideoInformation6),News)]]</visible>
		</control>
		<control type="label">
			<include condition="!Skin.HasSetting(Genre)">GenreTextPlace</include>
			<include condition="Skin.HasSetting(Genre)">GenreTextPlace2</include>
			<label>$LOCALIZE[31628]</label>
			<visible>SubString(ListItem.Genre,$LOCALIZE[31628]) | SubString(ListItem.Genre,Reality) | SubString(ListItem.Genre,Reality-TV) | [!Window.IsVisible(DialogFullScreenInfo.xml) + [SubString(Skin.String(ListItemGenre),Reality) | SubString(Skin.String(ListItemGenre),Reality-TV)]] | [[Window.IsActive(DialogFullScreenInfo.xml) | Control.HasFocus(311) | Control.HasFocus(312)] + [SubString(VideoPlayer.Genre,$LOCALIZE[31628]) | SubString(VideoPlayer.Genre,Reality) | SubString(VideoPlayer.Genre,Reality-TV) | SubString(Skin.String(TopVideoInformation6),Reality)]]</visible>
		</control>
		<control type="label">
			<include condition="!Skin.HasSetting(Genre)">GenreTextPlace</include>
			<include condition="Skin.HasSetting(Genre)">GenreTextPlace2</include>
			<label>$LOCALIZE[31629]</label>
			<visible>SubString(ListItem.Genre,$LOCALIZE[31629]) | SubString(ListItem.Genre,Sitcom) | SubString(ListItem.Genre,sitcom) | [!Window.IsVisible(DialogFullScreenInfo.xml) + [SubString(Skin.String(ListItemGenre),Sitcom) | SubString(Skin.String(ListItemGenre),sitcom)]] | [[Window.IsActive(DialogFullScreenInfo.xml) | Control.HasFocus(311) | Control.HasFocus(312)] + [SubString(VideoPlayer.Genre,$LOCALIZE[31629]) | SubString(VideoPlayer.Genre,Sitcom) | SubString(VideoPlayer.Genre,sitcom) | SubString(Skin.String(TopVideoInformation6),Sitcom)]]</visible>
		</control>
		<control type="label">
			<include condition="!Skin.HasSetting(Genre)">GenreTextPlace</include>
			<include condition="Skin.HasSetting(Genre)">GenreTextPlace2</include>
			<label>$LOCALIZE[31630]</label>
			<visible>SubString(ListItem.Genre,$LOCALIZE[31630]) | SubString(ListItem.Genre,Talk Show) | SubString(ListItem.Genre,Talk-Show) | [!Window.IsVisible(DialogFullScreenInfo.xml) +  [SubString(Skin.String(ListItemGenre),Talk Show) | SubString(Skin.String(ListItemGenre),Talk-Show)]] | [[Window.IsActive(DialogFullScreenInfo.xml) | Control.HasFocus(311) | Control.HasFocus(312)] + [SubString(VideoPlayer.Genre,$LOCALIZE[31630]) | SubString(VideoPlayer.Genre,Talk Show) | SubString(VideoPlayer.Genre,Talk-Show) | SubString(Skin.String(TopVideoInformation6),Talk Show) | SubString(Skin.String(TopVideoInformation6),Talk-Show)]]</visible>
		</control>
		<control type="label">
			<include condition="!Skin.HasSetting(Genre)">GenreTextPlace</include>
			<include condition="Skin.HasSetting(Genre)">GenreTextPlace2</include>
			<label>$LOCALIZE[31631]</label>
			<visible>SubString(ListItem.Genre,$LOCALIZE[31631]) | SubString(ListItem.Genre,Food) | SubString(ListItem.Genre,food) | [!Window.IsVisible(DialogFullScreenInfo.xml) + [SubString(Skin.String(ListItemGenre),Food) | SubString(Skin.String(ListItemGenre),food)]] | [[Window.IsActive(DialogFullScreenInfo.xml) | Control.HasFocus(311) | Control.HasFocus(312)] + [SubString(VideoPlayer.Genre,$LOCALIZE[31631]) | SubString(VideoPlayer.Genre,Food) | SubString(VideoPlayer.Genre,food) | SubString(Skin.String(TopVideoInformation6),Food)]]</visible>
		</control>
		<control type="label">
			<include condition="!Skin.HasSetting(Genre)">GenreTextPlace</include>
			<include condition="Skin.HasSetting(Genre)">GenreTextPlace2</include>
			<label>$LOCALIZE[31632]</label>
			<visible>SubString(ListItem.Genre,$LOCALIZE[31631]) | SubString(ListItem.Genre,Home and Garden) | SubString(ListItem.Genre,Home-and-Garden) | [!Window.IsVisible(DialogFullScreenInfo.xml) + [SubString(Skin.String(ListItemGenre),Home and Garden) | SubString(Skin.String(ListItemGenre),Home-and-Garden)]] | [[Window.IsActive(DialogFullScreenInfo.xml) | Control.HasFocus(311) | Control.HasFocus(312)] + [SubString(VideoPlayer.Genre,$LOCALIZE[31631]) | SubString(VideoPlayer.Genre,Home and Garden) | SubString(VideoPlayer.Genre,Home-and-Garden) | SubString(Skin.String(TopVideoInformation6),Home and Garden) | SubString(Skin.String(TopVideoInformation6),Home-and-Garden)]]</visible>
		</control>
		<control type="label">
			<include condition="!Skin.HasSetting(Genre)">GenreTextPlace</include>
			<include condition="Skin.HasSetting(Genre)">GenreTextPlace2</include>
			<label>$LOCALIZE[31633]</label>
			<visible>SubString(ListItem.Genre,$LOCALIZE[31633]) | SubString(ListItem.Genre,Mini Series) | SubString(ListItem.Genre,Mini-Series) | [!Window.IsVisible(DialogFullScreenInfo.xml) + [SubString(Skin.String(ListItemGenre),Mini Series) | SubString(Skin.String(ListItemGenre),Mini-Series)]] | [[Window.IsActive(DialogFullScreenInfo.xml) | Control.HasFocus(311) | Control.HasFocus(312)] + [SubString(VideoPlayer.Genre,$LOCALIZE[31633]) | SubString(VideoPlayer.Genre,Mini Series) | SubString(VideoPlayer.Genre,Mini-Series) | SubString(Skin.String(TopVideoInformation6),Mini Series) | SubString(Skin.String(TopVideoInformation6),Mini-Series)]]</visible>
		</control>
		<control type="label">
			<include condition="!Skin.HasSetting(Genre)">GenreTextPlace</include>
			<include condition="Skin.HasSetting(Genre)">GenreTextPlace2</include>
			<label>$LOCALIZE[31634]</label>
			<visible>SubString(ListItem.Genre,$LOCALIZE[31634]) | SubString(ListItem.Genre,Soap) | SubString(ListItem.Genre,soap) | [!Window.IsVisible(DialogFullScreenInfo.xml) + [SubString(Skin.String(ListItemGenre),Soap) | SubString(Skin.String(ListItemGenre),soap)]] | [[Window.IsActive(DialogFullScreenInfo.xml) | Control.HasFocus(311) | Control.HasFocus(312)] + [SubString(VideoPlayer.Genre,$LOCALIZE[31634]) | SubString(VideoPlayer.Genre,Soap) | SubString(VideoPlayer.Genre,soap) | SubString(Skin.String(TopVideoInformation6),Soap) | SubString(Skin.String(TopVideoInformation6),soap)]]</visible>
		</control>
		<control type="label">
			<include condition="!Skin.HasSetting(Genre)">GenreTextPlace</include>
			<include condition="Skin.HasSetting(Genre)">GenreTextPlace2</include>
			<label>$LOCALIZE[31635]</label>
			<visible>SubString(ListItem.Genre,$LOCALIZE[31635]) | SubString(ListItem.Genre,Special Interest) | SubString(ListItem.Genre,Special-Interest) | [!Window.IsVisible(DialogFullScreenInfo.xml) + [SubString(Skin.String(ListItemGenre),Special Interest) | SubString(Skin.String(ListItemGenre),Special-Interest)]] | [[Window.IsActive(DialogFullScreenInfo.xml) | Control.HasFocus(311) | Control.HasFocus(312)] + [SubString(VideoPlayer.Genre,$LOCALIZE[31635]) | SubString(VideoPlayer.Genre,Special Interest) | SubString(VideoPlayer.Genre,Special-Interest) | SubString(Skin.String(TopVideoInformation6),Special Interest) | SubString(Skin.String(TopVideoInformation6),Special-Interest)]]</visible>
		</control>
		<control type="label">
			<include condition="!Skin.HasSetting(Genre)">GenreTextPlace</include>
			<include condition="Skin.HasSetting(Genre)">GenreTextPlace2</include>
			<label>$LOCALIZE[31636]</label>
			<visible>SubString(ListItem.Genre,$LOCALIZE[31636]) | SubString(ListItem.Genre,Travel) | SubString(ListItem.Genre,travel) | [!Window.IsVisible(DialogFullScreenInfo.xml) + [SubString(Skin.String(ListItemGenre),Travel) | SubString(Skin.String(ListItemGenre),travel)]] | [[Window.IsActive(DialogFullScreenInfo.xml) | Control.HasFocus(311) | Control.HasFocus(312)] + [SubString(VideoPlayer.Genre,$LOCALIZE[31636]) | SubString(VideoPlayer.Genre,Travel) | SubString(VideoPlayer.Genre,travel) | SubString(Skin.String(TopVideoInformation6),Travel)]]</visible>
		</control>
		<control type="label">
			<include condition="!Skin.HasSetting(Genre)">GenreTextPlace</include>
			<include condition="Skin.HasSetting(Genre)">GenreTextPlace2</include>
			<label>$LOCALIZE[31637]</label>
			<visible>SubString(ListItem.Genre,$LOCALIZE[31637]) | SubString(ListItem.Genre,Film Noir) | SubString(ListItem.Genre,Film-Noir) | [!Window.IsVisible(DialogFullScreenInfo.xml) + [SubString(Skin.String(ListItemGenre),Film Noir) | SubString(Skin.String(ListItemGenre),Film-Noir)]] | [[Window.IsActive(DialogFullScreenInfo.xml) | Control.HasFocus(311) | Control.HasFocus(312)] + [SubString(VideoPlayer.Genre,$LOCALIZE[31637]) | SubString(VideoPlayer.Genre,Film Noir) | SubString(VideoPlayer.Genre,Film-Noir) | SubString(Skin.String(TopVideoInformation6),Film Noir) | SubString(Skin.String(TopVideoInformation6),Film-Noir)]]</visible>
		</control>
		<control type="label">
			<include condition="!Skin.HasSetting(Genre)">GenreTextPlace</include>
			<include condition="Skin.HasSetting(Genre)">GenreTextPlace2</include>
			<label>$LOCALIZE[31646]</label>
			<visible>SubString(ListItem.Genre,$LOCALIZE[31646]) | SubString(ListItem.Genre,Musical) | [!Window.IsVisible(DialogFullScreenInfo.xml) + SubString(Skin.String(ListItemGenre),Musical)] | [[Window.IsActive(DialogFullScreenInfo.xml) | Control.HasFocus(311) | Control.HasFocus(312)] + [SubString(VideoPlayer.Genre,$LOCALIZE[31646]) | SubString(VideoPlayer.Genre,Musical) | SubString(Skin.String(TopVideoInformation6),Musical)]]</visible>
		</control>
		
		<control type="label" description="מדע וטכנולוגיה">
			<include condition="!Skin.HasSetting(Genre)">GenreTextPlace</include>
			<include condition="Skin.HasSetting(Genre)">GenreTextPlace2</include>
			<label>$LOCALIZE[31650]</label>
			<visible>SubString(ListItem.Genre,$LOCALIZE[31650]) | SubString(ListItem.Genre,$LOCALIZE[19630]) | SubString(ListItem.Genre,Technology) | [[Window.IsActive(DialogFullScreenInfo.xml) | Control.HasFocus(311) | Control.HasFocus(312)] + [SubString(VideoPlayer.Genre,$LOCALIZE[31650]) | SubString(VideoPlayer.Genre,$LOCALIZE[19630]) | SubString(VideoPlayer.Genre,Technology) | SubString(Skin.String(TopVideoInformation6),Technology)]]</visible>
		</control>
		<control type="label" description="אנשים ובלוג">
			<include condition="!Skin.HasSetting(Genre)">GenreTextPlace</include>
			<include condition="Skin.HasSetting(Genre)">GenreTextPlace2</include>
			<label>$LOCALIZE[31651]</label>
			<visible>SubString(ListItem.Genre,$LOCALIZE[31651]) | SubString(ListItem.Genre,People) | SubString(ListItem.Genre,Blogs) | [[Window.IsActive(DialogFullScreenInfo.xml) | Control.HasFocus(311) | Control.HasFocus(312)] + [SubString(VideoPlayer.Genre,$LOCALIZE[31651]) | SubString(VideoPlayer.Genre,People) | SubString(VideoPlayer.Genre,Blogs) | SubString(Skin.String(TopVideoInformation6),Blogs)]]</visible>
		</control>
		<control type="label" description="בידור">
			<include condition="!Skin.HasSetting(Genre)">GenreTextPlace</include>
			<include condition="Skin.HasSetting(Genre)">GenreTextPlace2</include>
			<label>$LOCALIZE[31652]</label>
			<visible>SubString(ListItem.Genre,$LOCALIZE[31652]) | SubString(ListItem.Genre,Entertain) | [[Window.IsActive(DialogFullScreenInfo.xml) | Control.HasFocus(311) | Control.HasFocus(312)] + [SubString(VideoPlayer.Genre,$LOCALIZE[31652]) | SubString(VideoPlayer.Genre,Entertain) | SubString(Skin.String(TopVideoInformation6),Entertain)]]</visible>
		</control>
		<control type="label" description="וידאו ואנימציה">
			<include condition="!Skin.HasSetting(Genre)">GenreTextPlace</include>
			<include condition="Skin.HasSetting(Genre)">GenreTextPlace2</include>
			<label>$LOCALIZE[31653]</label>
			<visible>SubString(ListItem.Genre,$LOCALIZE[31653]) | SubString(ListItem.Genre,Film & Animation) | [[Window.IsActive(DialogFullScreenInfo.xml) | Control.HasFocus(311) | Control.HasFocus(312)] + [SubString(VideoPlayer.Genre,$LOCALIZE[31653]) | SubString(VideoPlayer.Genre,Film & Animation)]]</visible>
		</control>
		<control type="label" description="אוטו' ורכב">
			<include condition="!Skin.HasSetting(Genre)">GenreTextPlace</include>
			<include condition="Skin.HasSetting(Genre)">GenreTextPlace2</include>
			<label>$LOCALIZE[31654]</label>
			<visible>SubString(ListItem.Genre,$LOCALIZE[31654]) | SubString(ListItem.Genre,Autos & Vehicles) | [[Window.IsActive(DialogFullScreenInfo.xml) | Control.HasFocus(311) | Control.HasFocus(312)] + [SubString(VideoPlayer.Genre,$LOCALIZE[31654]) | SubString(VideoPlayer.Genre,Autos & Vehicles)]]</visible>
		</control>
		<control type="label" description="חדשות ופוליטיקה">
			<include condition="!Skin.HasSetting(Genre)">GenreTextPlace</include>
			<include condition="Skin.HasSetting(Genre)">GenreTextPlace2</include>
			<label>$LOCALIZE[31655]</label>
			<visible>SubString(ListItem.Genre,$LOCALIZE[31655]) | SubString(ListItem.Genre,News & Politics) | [[Window.IsActive(DialogFullScreenInfo.xml) | Control.HasFocus(311) | Control.HasFocus(312)] + [SubString(VideoPlayer.Genre,$LOCALIZE[31655]) | SubString(VideoPlayer.Genre,News & Politics)]]</visible>
		</control>
		<control type="label" description="השכלה">
			<include condition="!Skin.HasSetting(Genre)">GenreTextPlace</include>
			<include condition="Skin.HasSetting(Genre)">GenreTextPlace2</include>
			<label>$LOCALIZE[31656]</label>
			<visible>SubString(ListItem.Genre,$LOCALIZE[31656]) | SubString(ListItem.Genre,Education) | [[Window.IsActive(DialogFullScreenInfo.xml) | Control.HasFocus(311) | Control.HasFocus(312)] + [SubString(VideoPlayer.Genre,$LOCALIZE[31656]) | SubString(VideoPlayer.Genre,Education)]]</visible>
		</control>
		<control type="label" description="בעלי חיים">
			<include condition="!Skin.HasSetting(Genre)">GenreTextPlace</include>
			<include condition="Skin.HasSetting(Genre)">GenreTextPlace2</include>
			<label>$LOCALIZE[31657]</label>
			<visible>SubString(ListItem.Genre,$LOCALIZE[31657]) | SubString(ListItem.Genre,Pets & Animals) | [[Window.IsActive(DialogFullScreenInfo.xml) | Control.HasFocus(311) | Control.HasFocus(312)] + [SubString(VideoPlayer.Genre,$LOCALIZE[31657]) | SubString(VideoPlayer.Genre,Pets & Animals)]]</visible>
		</control>
		<control type="label" description="טיולים ואירועים">
			<include condition="!Skin.HasSetting(Genre)">GenreTextPlace</include>
			<include condition="Skin.HasSetting(Genre)">GenreTextPlace2</include>
			<label>$LOCALIZE[31658]</label>
			<visible>SubString(ListItem.Genre,$LOCALIZE[31658]) | SubString(ListItem.Genre,Travel & Events) | [[Window.IsActive(DialogFullScreenInfo.xml) | Control.HasFocus(311) | Control.HasFocus(312)] + [SubString(VideoPlayer.Genre,$LOCALIZE[31658]) | SubString(VideoPlayer.Genre,Travel & Events)]]</visible>
		</control>
		<control type="label" description="משחקים">
			<include condition="!Skin.HasSetting(Genre)">GenreTextPlace</include>
			<include condition="Skin.HasSetting(Genre)">GenreTextPlace2</include>
			<label>$LOCALIZE[15016]</label>
			<visible>SubString(ListItem.Genre,$LOCALIZE[15016]) | SubString(ListItem.Genre,Gaming) | [[Window.IsActive(DialogFullScreenInfo.xml) | Control.HasFocus(311) | Control.HasFocus(312)] + [SubString(VideoPlayer.Genre,$LOCALIZE[15016]) | SubString(VideoPlayer.Genre,Gaming)]]</visible>
		</control>
		<control type="label">
			<include condition="!Skin.HasSetting(Genre)">GenreTextPlace</include>
			<include condition="Skin.HasSetting(Genre)">GenreTextPlace2</include>
			<label>$LOCALIZE[31700]</label>
			<visible>SubString(ListItem.Genre,$LOCALIZE[31700]) | SubString(ListItem.Genre,Driving) | SubString(ListItem.Genre,Race)</visible>
		</control>
		<control type="label">
			<include condition="!Skin.HasSetting(Genre)">GenreTextPlace</include>
			<include condition="Skin.HasSetting(Genre)">GenreTextPlace2</include>
			<label>$LOCALIZE[31701]</label>
			<visible>SubString(ListItem.Genre,$LOCALIZE[31701]) | SubString(ListItem.Genre,Platform)</visible>
		</control>
		<control type="label">
			<include condition="!Skin.HasSetting(Genre)">GenreTextPlace</include>
			<include condition="Skin.HasSetting(Genre)">GenreTextPlace2</include>
			<label>$LOCALIZE[31702]</label>
			<visible>SubString(ListItem.Genre,$LOCALIZE[31702]) | SubString(ListItem.Genre,Run Jump)</visible>
		</control>
		<control type="label">
			<include condition="!Skin.HasSetting(Genre)">GenreTextPlace</include>
			<include condition="Skin.HasSetting(Genre)">GenreTextPlace2</include>
			<label>$LOCALIZE[31703]</label>
			<visible>SubString(ListItem.Genre,$LOCALIZE[31703]) | SubString(ListItem.Genre,Maze)</visible>
		</control>
		<control type="label">
			<include condition="!Skin.HasSetting(Genre)">GenreTextPlace</include>
			<include condition="Skin.HasSetting(Genre)">GenreTextPlace2</include>
			<label>$LOCALIZE[31704]</label>
			<visible>SubString(ListItem.Genre,$LOCALIZE[31704]) | SubString(ListItem.Genre,Digging)</visible>
		</control>
		<control type="label">
			<include condition="!Skin.HasSetting(Genre)">GenreTextPlace</include>
			<include condition="Skin.HasSetting(Genre)">GenreTextPlace2</include>
			<label>$LOCALIZE[31705]</label>
			<visible>SubString(ListItem.Genre,$LOCALIZE[31705]) | SubString(ListItem.Genre,Fighter)</visible>
		</control>
		<control type="label">
			<include condition="!Skin.HasSetting(Genre)">GenreTextPlace</include>
			<include condition="Skin.HasSetting(Genre)">GenreTextPlace2</include>
			<label>$LOCALIZE[31706]</label>
			<visible>SubString(ListItem.Genre,$LOCALIZE[31706]) | SubString(ListItem.Genre,Miscellaneous) | SubString(ListItem.Genre,Misc.)</visible>
		</control>
		<control type="label">
			<include condition="!Skin.HasSetting(Genre)">GenreTextPlace</include>
			<include condition="Skin.HasSetting(Genre)">GenreTextPlace2</include>
			<label>$LOCALIZE[31707]</label>
			<visible>SubString(ListItem.Genre,$LOCALIZE[31707]) | SubString(ListItem.Genre,Shooter)</visible>
		</control>
		<control type="label">
			<include condition="!Skin.HasSetting(Genre)">GenreTextPlace</include>
			<include condition="Skin.HasSetting(Genre)">GenreTextPlace2</include>
			<label>$LOCALIZE[31708]</label>
			<visible>SubString(ListItem.Genre,$LOCALIZE[31708]) | SubString(ListItem.Genre,Puzzle)</visible>
		</control>
		<control type="label">
			<include condition="!Skin.HasSetting(Genre)">GenreTextPlace</include>
			<include condition="Skin.HasSetting(Genre)">GenreTextPlace2</include>
			<label>$LOCALIZE[31709]</label>
			<visible>SubString(ListItem.Genre,$LOCALIZE[31709]) | SubString(ListItem.Genre,Toss)</visible>
		</control>
		<control type="label">
			<include condition="!Skin.HasSetting(Genre)">GenreTextPlace</include>
			<include condition="Skin.HasSetting(Genre)">GenreTextPlace2</include>
			<label>$LOCALIZE[31710]</label>
			<visible>SubString(ListItem.Genre,$LOCALIZE[31710]) | SubString(ListItem.Genre,Hang Gliding)</visible>
		</control>
		<control type="label">
			<include condition="!Skin.HasSetting(Genre)">GenreTextPlace</include>
			<include condition="Skin.HasSetting(Genre)">GenreTextPlace2</include>
			<label>$LOCALIZE[31711]</label>
			<visible>SubString(ListItem.Genre,$LOCALIZE[31711]) | SubString(ListItem.Genre,1st Person)</visible>
		</control>
		<control type="label">
			<include condition="!Skin.HasSetting(Genre)">GenreTextPlace</include>
			<include condition="Skin.HasSetting(Genre)">GenreTextPlace2</include>
			<label>$LOCALIZE[31712]</label>
			<visible>SubString(ListItem.Genre,$LOCALIZE[31712]) | SubString(ListItem.Genre,Gun)</visible>
		</control>
		<control type="label">
			<include condition="!Skin.HasSetting(Genre)">GenreTextPlace</include>
			<include condition="Skin.HasSetting(Genre)">GenreTextPlace2</include>
			<label>$LOCALIZE[31713]</label>
			<visible>SubString(ListItem.Genre,$LOCALIZE[31713]) | SubString(ListItem.Genre,Flying Vertical)</visible>
		</control>
		<control type="label">
			<include condition="!Skin.HasSetting(Genre)">GenreTextPlace</include>
			<include condition="Skin.HasSetting(Genre)">GenreTextPlace2</include>
			<label>$LOCALIZE[31714]</label>
			<visible>SubString(ListItem.Genre,$LOCALIZE[31714]) | SubString(ListItem.Genre,Flying Horizontal)</visible>
		</control>
		<control type="label">
			<include condition="!Skin.HasSetting(Genre)">GenreTextPlace</include>
			<include condition="Skin.HasSetting(Genre)">GenreTextPlace2</include>
			<label>$LOCALIZE[31715]</label>
			<visible>SubString(ListItem.Genre,$LOCALIZE[31715]) | SubString(ListItem.Genre,Versus)</visible>
		</control>
		<control type="label">
			<include condition="!Skin.HasSetting(Genre)">GenreTextPlace</include>
			<include condition="Skin.HasSetting(Genre)">GenreTextPlace2</include>
			<label>$LOCALIZE[31716]</label>
			<visible>SubString(ListItem.Genre,$LOCALIZE[31716]) | SubString(ListItem.Genre,Multiplay)</visible>
		</control>
		<control type="label">
			<include condition="!Skin.HasSetting(Genre)">GenreTextPlace</include>
			<include condition="Skin.HasSetting(Genre)">GenreTextPlace2</include>
			<label>$LOCALIZE[31717]</label>
			<visible>SubString(ListItem.Genre,$LOCALIZE[31717]) | SubString(ListItem.Genre,2.5D)</visible>
		</control>
		<control type="label">
			<include condition="!Skin.HasSetting(Genre)">GenreTextPlace</include>
			<include condition="Skin.HasSetting(Genre)">GenreTextPlace2</include>
			<label>$LOCALIZE[31718]</label>
			<visible>SubString(ListItem.Genre,$LOCALIZE[31718]) | SubString(ListItem.Genre,Field)</visible>
		</control>
		<control type="label">
			<include condition="!Skin.HasSetting(Genre)">GenreTextPlace</include>
			<include condition="Skin.HasSetting(Genre)">GenreTextPlace2</include>
			<label>$LOCALIZE[31719]</label>
			<visible>SubString(ListItem.Genre,$LOCALIZE[31719]) | SubString(ListItem.Genre,3rd Person)</visible>
		</control>
		<control type="label">
			<include condition="!Skin.HasSetting(Genre)">GenreTextPlace</include>
			<include condition="Skin.HasSetting(Genre)">GenreTextPlace2</include>
			<label>$LOCALIZE[31720]</label>
			<visible>SubString(ListItem.Genre,$LOCALIZE[31720]) | SubString(ListItem.Genre,Co-op)</visible>
		</control>
		<control type="label">
			<include condition="!Skin.HasSetting(Genre)">GenreTextPlace</include>
			<include condition="Skin.HasSetting(Genre)">GenreTextPlace2</include>
			<label>$LOCALIZE[31721]</label>
			<visible>SubString(ListItem.Genre,$LOCALIZE[31721]) | SubString(ListItem.Genre,Golf)</visible>
		</control>
		<control type="label">
			<include condition="!Skin.HasSetting(Genre)">GenreTextPlace</include>
			<include condition="Skin.HasSetting(Genre)">GenreTextPlace2</include>
			<label>$LOCALIZE[31722]</label>
			<visible>SubString(ListItem.Genre,$LOCALIZE[31722]) | SubString(ListItem.Genre,Wrestling)</visible>
		</control>
		<control type="label">
			<include condition="!Skin.HasSetting(Genre)">GenreTextPlace</include>
			<include condition="Skin.HasSetting(Genre)">GenreTextPlace2</include>
			<label>$LOCALIZE[31723]</label>
			<visible>SubString(ListItem.Genre,$LOCALIZE[31723]) | SubString(ListItem.Genre,Hockey)</visible>
		</control>
		<control type="label">
			<include condition="!Skin.HasSetting(Genre)">GenreTextPlace</include>
			<include condition="Skin.HasSetting(Genre)">GenreTextPlace2</include>
			<label>$LOCALIZE[31724]</label>
			<visible>SubString(ListItem.Genre,$LOCALIZE[31724]) | SubString(ListItem.Genre,Role-Playing)</visible>
		</control>
		<control type="label">
			<include condition="!Skin.HasSetting(Genre)">GenreTextPlace</include>
			<include condition="Skin.HasSetting(Genre)">GenreTextPlace2</include>
			<label>$LOCALIZE[31725]</label>
			<visible>SubString(ListItem.Genre,$LOCALIZE[31725]) | SubString(ListItem.Genre,Simulation)</visible>
		</control>
		<control type="label">
			<include condition="!Skin.HasSetting(Genre)">GenreTextPlace</include>
			<include condition="Skin.HasSetting(Genre)">GenreTextPlace2</include>
			<label>$LOCALIZE[31726]</label>
			<visible>SubString(ListItem.Genre,$LOCALIZE[31726]) | SubString(ListItem.Genre,Strategy)</visible>
		</control>
	</include>
</includes>