<?xml version="1.0" encoding="UTF-8"?>
<includes>
  <include name="4ways">
	  <onleft condition="!Skin.HasSetting(ViewsMenuOff) + [IsEmpty(Window(home).Property(ViewsSettings)) | !Control.IsVisible(57) + !Control.IsVisible(55)]">9000</onleft>
	  <onleft condition="!Skin.HasSetting(ViewsMenuOff) + !IsEmpty(Window(home).Property(ViewsSettings)) + [Control.IsVisible(57) | Control.IsVisible(55)]">9001</onleft>
	  <onleft condition="Skin.HasSetting(ViewsMenuOff) + Control.IsVisible(7011)">7017</onleft>
	  <onleft condition="Skin.HasSetting(ViewsMenuOff) + Player.HasAudio">ActivateWindow(12901)</onleft>
	  <onright condition="Control.IsVisible(60)">60</onright>
	  <onright condition="!Control.IsVisible(60) + Control.IsVisible(7011)">7017</onright>
	  <onright condition="!Control.IsVisible(60) + Player.HasAudio">ActivateWindow(12901)</onright>
	  <onright condition="[Window.IsActive(TVGuide) | Window.IsActive(RadioGuide)]">9000</onright>
	  <onup condition="Control.HasFocus(7017)">ActivateWindow(12901)</onup>
	  <onup condition="!Control.HasFocus(7017) + Control.IsVisible(7011)">7017</onup>			  
	  <onup condition="Player.HasAudio">ActivateWindow(12901)</onup>
	  <onup condition="[Window.IsActive(TVGuide) | Window.IsActive(RadioGuide)]">9000</onup>
	  <onup condition="[!Player.HasMedia | StringCompare(Container.FolderName,Advanced Launcher) + !Player.HasVideo] + Control.IsVisible(50)">50</onup>
	  <onup condition="[!Player.HasMedia | StringCompare(Container.FolderName,Advanced Launcher) + !Player.HasVideo] + Control.IsVisible(55)">55</onup>
	  <onup condition="!Player.HasMedia + Control.IsVisible(57)">57</onup>
	  <onup condition="!Player.HasMedia + Control.IsVisible(58)">58</onup>
	  <onup condition="!Player.HasMedia + Control.IsVisible(450)">450</onup>
	  <ondown condition="Window.IsVisible(SettingsCategory.xml)">3</ondown>
	  <ondown condition="[Control.IsVisible(7011) | Player.HasMedia]">noop</ondown>
	  <ondown condition="[Window.IsActive(TVGuide) | Window.IsActive(RadioGuide)]">9000</ondown>
	  <ondown condition="[StringCompare(Container.FolderName,Advanced Launcher) + !Player.HasMedia] + Control.IsVisible(50)">50</ondown>
	  <ondown condition="[StringCompare(Container.FolderName,Advanced Launcher) + !Player.HasMedia] + Control.IsVisible(55)">55</ondown>
	  <ondown condition="!Player.HasMedia + Control.IsVisible(57)">57</ondown>
	  <ondown condition="!Player.HasMedia + Control.IsVisible(58)">58</ondown>
	  <ondown condition="!Player.HasMedia + Control.IsVisible(58)">450</ondown>
	  <ondown condition="Control.IsVisible(50) + !Window.IsVisible(MyPVRChannels.xml) + !Window.IsVisible(MyPVRGuide.xml) + [!Player.HasMedia | Control.HasFocus(7017)]">50</ondown>
	  <ondown condition="Control.IsVisible(55) + [!Player.HasMedia | Control.HasFocus(7017)]">55</ondown>
	  <ondown condition="Control.IsVisible(57) + [!Player.HasMedia | Control.HasFocus(7017)]">57</ondown>		  
	  <ondown condition="Control.IsVisible(58) + [!Player.HasMedia | Control.HasFocus(7017)]">58</ondown>
	  <ondown condition="Control.IsVisible(450)">450</ondown>
	  <ondown condition="Control.IsVisible(10) + [Window.IsVisible(MyPVRChannels.xml) | Window.IsVisible(MyPVRGuide.xml)]">10</ondown>
	  <ondown condition="Control.IsVisible(11) + [Window.IsVisible(MyPVRChannels.xml) | Window.IsVisible(MyPVRGuide.xml)]">11</ondown>
	  <ondown condition="Control.IsVisible(12) + [Window.IsVisible(MyPVRChannels.xml) | Window.IsVisible(MyPVRGuide.xml)]">12</ondown>
	  <ondown condition="Control.IsVisible(13) + [Window.IsVisible(MyPVRChannels.xml) | Window.IsVisible(MyPVRGuide.xml)]">13</ondown>
	  <ondown condition="Control.IsVisible(14) + [Window.IsVisible(MyPVRChannels.xml) | Window.IsVisible(MyPVRGuide.xml)]">14</ondown>
	  <preloaditems>2</preloaditems>
	  <pagecontrol>60</pagecontrol>	  
	  <scrolltime tween="sine" easing="inout">200</scrolltime>
  </include>
  <include name="4ways2" description="IncludeShelf Top">
	  <onup condition="Control.IsVisible(7011)">7017</onup>
	  <onup condition="Window.IsVisible(CustomHomeCustomizer.xml) + Control.IsVisible(310) + !Control.IsVisible(7011)">310</onup>
	  <onup condition="Player.HasAudio">ActivateWindow(12901)</onup>
	  <ondown condition="Window.IsVisible(CustomHomeCustomizer.xml) + Control.IsVisible(50)">50</ondown>
	  <ondown condition="Window.IsVisible(Home.xml) + Control.IsVisible(9000)">9000</ondown>
	  <!--<ondown condition="Window.IsVisible(CustomHomeCustomizer.xml) + Control.IsVisible(50) + [Control.HasFocus(313) | Control.HasFocus(314) | Control.HasFocus(315)]">50</ondown>-->
      <onleft condition="Control.HasFocus(313)">313</onleft>
      <onright condition="Control.HasFocus(313)">313</onright>
      <onleft condition="Control.HasFocus(314)">314</onleft>
      <onright condition="Control.HasFocus(314)">314</onright>	  
      <onleft condition="Control.HasFocus(315)">315</onleft>
      <onright condition="Control.HasFocus(315)">315</onright>
  </include>
  <include name="4ways3" description="SideMenu">
  	<onup condition="ControlGroup(9000).HasFocus() + !ControlGroup(9001).HasFocus()">9000</onup>
	<onup condition="ControlGroup(9001).HasFocus()">9001</onup>
	<onup condition="ControlGroup(300).HasFocus()">300</onup>
	<ondown condition="ControlGroup(9000).HasFocus() + !ControlGroup(9001).HasFocus()">9000</ondown>
	<ondown condition="ControlGroup(9001).HasFocus()">9001</ondown>
	<ondown condition="ControlGroup(300).HasFocus()">300</ondown>
	<onleft condition="Control.IsVisible(7011)">7017</onleft>
	<onleft condition="Player.HasAudio">7017</onleft>
	<onright condition="Window.IsActive(DialogAddonInfo.xml)">Close</onright> 
    <onright condition="ControlGroup(9000).HasFocus() | ControlGroup(9001).HasFocus() | ControlGroup(300).HasFocus | Window.IsVisible(MyPVRChannels.xml)">50</onright>
  </include>
  <include name="ArrowNF">
    <control type="image" description="arrow">
      <visible>[Window.IsActive(Settings.xml) | ListItem.IsFolder] + ![StringCompare(ListItem.Label,..) | SubString(ListItem.Path,videodb://1/7) | container.content(Movies) | container.content(TVshows) | container.content(Seasons) | container.content(Episodes) | container.content(musicvideos) | container.content(songs) | container.content(addons) | SubString(Container.FolderPath,plugin://,left)]</visible>
      <posx>75r</posx>
      <height>81</height>
      <width>42</width>
      <aspectratio>keep</aspectratio>
      <texture>images/ArrowNF.png</texture>
    </control>
  </include>
  <include name="ArrowFO">
    <control type="image" description="arrow">
      <visible>[Window.IsActive(Settings.xml) | ListItem.IsFolder] + ![StringCompare(ListItem.Label,..) | SubString(ListItem.Path,videodb://1/7) | container.content(Movies) | container.content(TVshows) | container.content(Seasons) | container.content(Episodes) | container.content(musicvideos) | container.content(songs) | container.content(addons) | SubString(Container.FolderPath,plugin://,left)]</visible>
      <animation effect="fade" start="30" end="100" time="150" delay="300">Focus</animation>
      <posx>75r</posx>
      <height>81</height>
      <width>42</width>
      <aspectratio>keep</aspectratio>
      <texture>images/ArrowFO.png</texture>
    </control>
  </include>
  <include name="AutoScrollText" description="(Textbox) פרטי וידאו (1105)">
	<autoscroll tween="sine" easing="out" delay="7000" time="3000" repeat="7000">True</autoscroll>
  </include>
  <include name="AutoScrollText2" description="(Textbox) (הגדרות מעטפת/עזרה)">
	<autoscroll tween="sine" easing="out" delay="7000" time="3000" repeat="7000">True</autoscroll>
  </include>
  <include name="Backgrounds1" description="בית">
	<control type="group">
	  <include condition="!Skin.HasSetting(Performance)">Slide1.5</include>
	  <include condition="Skin.HasSetting(Performance)">Slide1.5p</include>
	  <height>552</height>
      <width>1920</width>
	  <control type="image" description="צבע (רקע עליון)">
		<!--<animation condition="Window.IsVisible(Home.xml) + [!Container(9000).Row(0) + !Container(9000).Row(1) | Container(9000).HasPrevious()]" effect="slide" start="0,0" end="0,25" time="220">Conditonal</animation>
	    <animation condition="Window.IsVisible(CustomHomeCustomizer.xml) + [!Container(50).Row(0) + !Container(50).Row(1) | Container(50).HasPrevious()]" effect="slide" start="0,0" end="0,25" time="220">Conditonal</animation>-->
		<include>Fade_TopMainBackgroundOverlay</include>
		<aspectratio>stretch</aspectratio>
		<posx>-15</posx>
		<posy>-7</posy>
		<height>564</height>
		<width>1950</width>
		<texture border="20" colordiffuse="$VAR[TopBackgroundColor]">buttons/ButtonC0.png</texture>
		<visible>!Skin.String(TopBackgroundColor,None)</visible>
		<visible>Skin.HasSetting(HideTopMainBackground) | Skin.HasSetting(background) | IsEmpty(Control.GetLabel(700102))</visible>
	  </control>
	  <control type="image" description="טקסטורה (רקע עליון)">
		<!--<include condition="!Skin.HasSetting(Performance)">Fade1</include>-->
		<include>Fade_TopMainBackgroundOverlay</include>
		<aspectratio>scale</aspectratio>
		<texture border="30" colordiffuse="$VAR[TopBackgroundColor]">$VAR[TopBackgroundTexture]</texture>
		<visible>!Control.IsVisible(7011)</visible>
		<visible>[[Container(9000).Row(0) | Container(9000).Row(1)] + !Container(9000).HasPrevious()]</visible>
		<!--<visible>Skin.HasSetting(HideTopMainBackground) | Skin.HasSetting(background) | IsEmpty(Control.GetLabel(700102))</visible>-->
	  </control>
	  <control type="label" id="700102" description="רקע נוסחא">
	    <visible>false</visible>
		<label>$VAR[background]</label>
	  </control>
	  <control type="label" id="700105" description="רקע נוסחא">
	    <visible>false</visible>
		<label>$VAR[ReloadSkin_check]</label>
	  </control>
	  <!--<control type="image" description="רקע בית תחתון (שחור)">
		<height>1080</height>
		<posy>552</posy>
		<texture>images/black.png</texture>
	  </control>-->
	  <control type="videowindow" id="7011" description="חלון וידאו/אודיו">
		<visible>Player.HasVideo</visible>
		<height>1080</height>
	  </control>
	  <control type="image" description="רקע שחור אחורי - מסתיר חלון וידאו על כל המסך">
		<aspectratio>stretch</aspectratio>
		<height>1080</height>
		<width>1920</width>
		<posy>552</posy>
		<texture>images/black.png</texture>
		<visible>Player.HasVideo + Control.IsVisible(7011)</visible>
	  </control>
	  <control type="image" description="רקע תחתון צבע">
		<!--<visible>Skin.HasSetting(background)</visible>-->
		
		<animation condition="[!Container(9000).Row(0) + !Container(9000).Row(1) | Container(9000).HasPrevious()]" effect="slide" start="0,0" end="0,29" time="220">Conditonal</animation>
		<include>Fade_MainBackgroundOverlay</include>
		<aspectratio>stretch</aspectratio>
		<height>1080</height>
		<width>1950</width>
		<posx>-15</posx>
		<posy>543</posy>
		<texture border="20" colordiffuse="$VAR[MainBackgroundColor]">buttons/ButtonC0.png</texture>
		<visible>!Skin.String(MainBackgroundColor,None)</visible>
	  </control>
	  <control type="image" description="רקע תחתון טקסטורה">
		<!--<animation condition="Window.IsVisible(Home.xml) + [!Container(9000).Row(0) + !Container(9000).Row(1) | Container(9000).HasPrevious()]" effect="slide" start="0,0" end="0,40" time="220">Conditonal</animation>
	    <animation condition="Window.IsVisible(CustomHomeCustomizer.xml) + [!Container(50).Row(0) + !Container(50).Row(1) | Container(50).HasPrevious()]" effect="slide" start="0,0" end="0,40" time="220">Conditonal</animation>-->
		<include>Fade_MainBackgroundOverlay</include>
		<aspectratio>scale</aspectratio>
		<height>1080</height>
		<width>1920</width>
		<posx>0</posx>
		<posy>552</posy>
		<texture border="30" colordiffuse="$VAR[MainBackgroundColor]">$VAR[MainBackgroundTexture]</texture>
	  </control>
	  <control type="largeimage" description="רקע פאנארט">
	    <animation condition="[!Container(9000).Row(0) + !Container(9000).Row(1) | Container(9000).HasPrevious()] | [[Container(9000).Row(0) | Container(9000).Row(1)] + !Container(9000).HasPrevious() + Player.HasVideo]" effect="slide" start="0,0" end="0,551" time="220">Conditonal</animation>
		<aspectratio align="top">scale</aspectratio>
		<visible>!Skin.HasSetting(background)</visible>
		<!--<visible>[[Container(9000).Row(0) | Container(9000).Row(1)] + !Container(9000).HasPrevious()] | [Container(50).Row(0) | Container(50).Row(1)] + !Container(50).HasPrevious()</visible>-->
		<include>Fade_BackgroundOverlay</include>
		<texture>$VAR[background]</texture>
		<posy>0</posy>
		<height>1080</height>
		<width>1920</width>
	  </control>
	  <control type="image" description="מסגרת (רקע עליון)">
		<height>562</height>
		<posy></posy>
		<posx>-15</posx>
		<width>1950</width>
		<texture border="30">buttons/ButtonCF.png</texture>
		<visible>[[Container(9000).Row(0) | Container(9000).Row(1)] + !Container(9000).HasPrevious()]</visible>
		<visible>false</visible>
	  </control>
	  <control type="button" id="7017" description="כפתור וידאו">
		  <visible>Control.IsVisible(7011)</visible>
		  <bordersize>10</bordersize>
		  <texturefocus border="10">misc/frames/selector.png</texturefocus>
		  <label></label>
		  <posx>0</posx>
		  <posy>0</posy>
		  <pulseonselect></pulseonselect>
		  <onclick>Fullscreen</onclick>
		  <onup condition="Control.IsVisible(9009)">9009</onup>
		  <onup condition="!Control.IsVisible(9009)">ActivateWindow(12901)</onup>
		  <ondown condition="Window.IsVisible(Home.xml) + Control.IsVisible(700)">700</ondown>
		  <ondown condition="Window.IsVisible(Home.xml) | Window.IsVisible(CustomHomeCustomizer.xml) + Control.IsVisible(9000)">9000</ondown>
		  <onleft>700</onleft>
		  <onright>700</onright>
		  <height>552</height>
		  <width>1920</width>
	  </control>
	</control>
  </include>
  <include name="Backgrounds3" description="MoviesPT View">
	<control type="group">
	  <include condition="!Skin.HasSetting(Performance)">Slide1</include>
	  <include condition="Skin.HasSetting(Performance)">Slide1p</include>
	  <height>552</height>
      <width>1920</width>
	  <control type="image" description="צבע (רקע עליון)">
		<animation condition="[Control.IsVisible(50) | Control.HasFocus(7017) | Control.IsVisible(450) | Control.IsVisible(52) | Window.IsVisible(SettingsCategory.xml)] + Player.HasVideo + [!Container.Content(Seasons) + !Container.Content(Episodes) | Control.IsVisible(50) | Control.IsVisible(52) | Control.IsVisible(58)]" effect="slide" start="0,0" end="0,-33" time="700" reversible="false">>Conditional</animation>
	    <animation condition="Control.IsVisible(57) + [Container.Content(Seasons) | Container.Content(Episodes)]" effect="slide" start="0,0" end="0,-33" delay="0" time="700" reversible="false">Conditional</animation>
	    <animation condition="Control.IsVisible(57) + !Control.HasFocus(7017) + !Container.Content(Seasons) + !Container.Content(Episodes) + !Control.HasFocus(60) + [!IsEmpty(Control.GetLabel(1106)) + !IsEmpty(Control.GetLabel(1105)) | Player.HasVideo] + !Container(57).OnNext + !Container(57).OnPrevious + !Skin.HasSetting(ShowTopVideoInformation)" effect="slide" start="0,0" end="0,-33" delay="3000" time="700" reversible="false">Conditional</animation>
	    <animation condition="Control.IsVisible(55) + !Control.HasFocus(7017) + !Control.HasFocus(60) + [!IsEmpty(Control.GetLabel(1106)) + !IsEmpty(Control.GetLabel(1105)) | Player.HasVideo] + !Container(55).OnNext + !Container(55).OnPrevious + [!Skin.HasSetting(ShowTopProgramInformation) | !Skin.HasSetting(Admin)]" effect="slide" start="0,0" end="0,-33" delay="3000" time="700" reversible="false">Conditional</animation>
	    <animation condition="Control.IsVisible(55) + !Control.HasFocus(7017) + !Control.HasFocus(60) + [!IsEmpty(Control.GetLabel(1106)) + !IsEmpty(Control.GetLabel(1105)) | Player.HasVideo] + !Container(55).OnNext + !Container(55).OnPrevious + [Skin.HasSetting(ShowTopProgramInformation) + Skin.HasSetting(Admin)]" effect="slide" start="0,0" end="0,-33" delay="0" time="0" reversible="true">Conditional</animation>
        <animation condition="Control.IsVisible(58) + !Control.HasFocus(7017) + !Control.HasFocus(60) + [Player.HasVideo] + !Container(58).OnNext + !Container(58).OnPrevious" effect="slide" start="0,0" end="0,552" delay="3000" time="700" reversible="false">Conditional</animation>
		<include>Fade_TopMainBackgroundOverlay</include>
		<aspectratio>stretch</aspectratio>
		<posy>-552</posy>
		<texture border="40">$VAR[TopBackgroundColor]</texture>
		<visible>false</visible>
	  </control>
	  <control type="image" id="7012" description="טקסטורה (רקע עליון)">
		<include condition="!Skin.HasSetting(Performance)">Fade1</include>
		<include>Fade_TopMainBackgroundOverlay</include>
		<aspectratio>scale</aspectratio>
		<posy>-552</posy>
		<texture border="30" colordiffuse="$VAR[TopBackgroundTexture]">$VAR[TopBackgroundTexture]</texture>
		<visible>Skin.String(TopBackgroundTexture)</visible>
		<visible>!Player.HasVideo + [!Control.IsVisible(7013) | IsEmpty(Control.GetLabel(70130))]</visible>
		<visible>Window.IsVisible(Home.xml)</visible>
		<visible>false</visible>
	  </control>
	  <control type="image" description="רקע שחור אחורי (TEMP?)">
		<aspectratio>stretch</aspectratio>
		<height>1080</height>
		<posy>0</posy>
		<texture>images/black.png</texture>
	  </control>
	  <control type="videowindow" id="7011" description="חלון וידאו">
		<posy>-552</posy>
		<height>1080</height>
        <width>1920</width>
		<visible>Player.HasVideo</visible> <!-- | Slideshow.IsActive | Slideshow.IsPaused | Slideshow.IsVideo-->
	  </control>
	  <control type="image" description="רקע שחור אחורי - מסתיר חלון וידאו על כל המסך">
		<aspectratio>stretch</aspectratio>
		<height>1080</height>
		<width>1920</width>
		<posy>0</posy>
		<texture>images/black.png</texture>
		<visible>Player.HasVideo + Control.IsVisible(7011)</visible>
	  </control>
	  <control type="image" id="7021" description="רקע תחתון צבע">
	    <!--<animation condition="!Skin.HasSetting(Performance) + Control.IsVisible(58) + !Container(58).OnNext + !Container(58).OnPrevious + Player.HasVideo" effect="slide" end="0,-582" delay="3000" time="700" reversible="false">Conditional</animation>
		<animation condition="Skin.HasSetting(Performance) + Control.IsVisible(58) + !Container(58).OnNext + !Container(58).OnPrevious + Player.HasVideo" effect="slide" end="0,-582" delay="3000" time="220" reversible="false">Conditional</animation>-->
		
		
		<animation condition="[Control.IsVisible(50) | Control.HasFocus(7017) | Control.IsVisible(450) | Control.IsVisible(52) | Window.IsVisible(SettingsCategory.xml)] + Player.HasVideo + [!Container.Content(Seasons) + !Container.Content(Episodes) | Control.IsVisible(50) | Control.IsVisible(52) | Control.IsVisible(58)]" effect="slide" start="0,0" end="0,-31" time="700" reversible="false">>Conditional</animation>
	    <animation condition="Control.IsVisible(57) + [Container.Content(Seasons) | Container.Content(Episodes)]" effect="slide" start="0,0" end="0,-31" delay="0" time="700" reversible="false">Conditional</animation>
	    <animation condition="Control.IsVisible(57) + !Control.HasFocus(7017) + !Container.Content(Seasons) + !Container.Content(Episodes) + !Control.HasFocus(60) + [!IsEmpty(Control.GetLabel(1106)) + !IsEmpty(Control.GetLabel(1105)) | Player.HasVideo] + !Container(57).OnNext + !Container(57).OnPrevious + !Skin.HasSetting(ShowTopVideoInformation)" effect="slide" start="0,0" end="0,-31" delay="3000" time="700" reversible="false">Conditional</animation>
	    <animation condition="Control.IsVisible(55) + !Control.HasFocus(7017) + !Control.HasFocus(60) + [!IsEmpty(Control.GetLabel(1106)) + !IsEmpty(Control.GetLabel(1105)) | Player.HasVideo] + !Container(55).OnNext + !Container(55).OnPrevious + [!Skin.HasSetting(ShowTopProgramInformation) | !Skin.HasSetting(Admin)]" effect="slide" start="0,0" end="0,-31" delay="3000" time="700" reversible="false">Conditional</animation>
	    <animation condition="Control.IsVisible(55) + !Control.HasFocus(7017) + !Control.HasFocus(60) + [!IsEmpty(Control.GetLabel(1106)) + !IsEmpty(Control.GetLabel(1105)) | Player.HasVideo] + !Container(55).OnNext + !Container(55).OnPrevious + [Skin.HasSetting(ShowTopProgramInformation) + Skin.HasSetting(Admin)]" effect="slide" start="0,0" end="0,-31" delay="0" time="0" reversible="true">Conditional</animation>
        <animation condition="Control.IsVisible(58) + !Control.HasFocus(7017) + !Control.HasFocus(60) + [Player.HasVideo] + !Container(58).OnNext + !Container(58).OnPrevious" effect="slide" start="0,0" end="0,-31" delay="3000" time="700" reversible="false">Conditional</animation>
		<include>Fade_MainBackgroundOverlay</include>
		<aspectratio>stretch</aspectratio>
		<height>1080</height>
		<width>1950</width>
		<posx>-15</posx>
		<posy>24</posy>
		<texture border="20" colordiffuse="$VAR[MainBackgroundColor]">buttons/ButtonC0.png</texture>
	  </control>
	  <control type="image" description="רקע תחתון טקסטורה">
	    <include>Fade_MainBackgroundOverlay</include>
	    <include condition="!Skin.HasSetting(Performance)">Slide1.1</include>
	    <include condition="Skin.HasSetting(Performance)">Slide1.1p</include>
		<aspectratio>keep</aspectratio>
		<height>1080</height>
		<posy>0</posy>
		<texture border="30" colordiffuse="$VAR[MainBackgroundColor]">$VAR[MainBackgroundTexture]</texture>
		<include condition="!Skin.HasSetting(Performance) + !Skin.HasSetting(FullFanartTopVideoInformation) + !IsEmpty(Control.GetLabel(70130)) + !Player.HasVideo">Slide1</include>
	    <include condition="Skin.HasSetting(Performance) + !Skin.HasSetting(FullFanartTopVideoInformation) + !IsEmpty(Control.GetLabel(70130)) + !Player.HasVideo">Slide1p</include>
	  </control>
	  <control type="largeimage" id="7013" description="פאנארט">
		<fadetime>200</fadetime>
		<include>Fade_Background2Overlay</include>
		<!--<include condition="!Skin.HasSetting(Performance) + !Window.IsVisible(MyPrograms.xml)">Fade2</include>-->
		<posx>0</posx>
	    <!--<posy>-1104</posy>-->
		<posy>-1104</posy>
	    <height>1080</height>
		<width>1920</width>
		
		<include condition="Window.IsVisible(MyVideoNav.xml)">Slide2.1</include>
		<!--<include condition="Window.IsVisible(MyVideoNav.xml) + Skin.HasSetting(Performance)">Slide2.1p</include>-->
		<include condition="Window.IsVisible(MyPrograms.xml)">Slide2.1_55</include>
		<include condition="Window.IsVisible(MyVideoNav.xml)">Slide2.1f</include>
		<include condition="Window.IsVisible(MyPrograms.xml)">Slide2.1f_55</include>
		<texture background="false">$VAR[fanart]</texture>
        <aspectratio align="top">stretch</aspectratio>
		<visible>!IsEmpty(Control.GetLabel(70130))</visible>
		<visible>Control.IsVisible(57) | Control.IsVisible(55) + StringCompare(Container.FolderName,Advanced Launcher)</visible>
		<!--<visible>!Control.IsVisible(58) + !Control.IsVisible(50)</visible>
		<visible>[[!Player.HasVideo | StringCompare(Container.FolderName,Advanced Launcher)] + !Control.HasFocus(60)] | [Container.Content(Seasons) | Container.Content(Episodes)]</visible>-->
      </control>
	  <control type="largeimage" id="7015" description="פאנארט">
		<fadetime>200</fadetime>
		<include>Fade_Background2Overlay</include>
		
		<!--<include condition="!Skin.HasSetting(Performance) + !Window.IsVisible(MyPrograms.xml)">Fade2</include>-->
		<posx>0</posx>
	    <posy>0</posy>
	    <height>1080</height>
		<width>1920</width>
		<!--<include condition="!Skin.HasSetting(Performance)">Slide2.1</include>
		<include condition="Skin.HasSetting(Performance)">Slide2.1p</include>
		<include>Slide2.1f</include>-->
		<texture background="false">$VAR[fanart]</texture>
        <aspectratio align="top">stretch</aspectratio>
		<visible>!IsEmpty(Control.GetLabel(70130)) + !Control.IsVisible(7013)</visible>
		<visible>!Skin.HasSetting(background2) + [!Control.IsVisible(57) + !Control.IsVisible(55)]</visible>
      </control>
	  <control type="largeimage" id="7014" description="רקע פאנארט">
		<include>Fade_Background2Overlay</include>
		<aspectratio align="top">scale</aspectratio>
		<posy>0</posy>
		<height>1080</height>
		<texture>$VAR[background2]</texture>
		<width>1920</width>
		<visible>!Skin.HasSetting(background2) + !Control.IsVisible(7013) + !Control.IsVisible(7015) + !IsEmpty(Control.GetLabel(70140))</visible>
	  </control>
	  <control type="image" description="מסגרת (רקע עליון)">
	    <!--<include condition="!Skin.HasSetting(Performance)">Slide2.1</include>
		<include condition="Skin.HasSetting(Performance)">Slide2.1p</include>-->
		<animation condition="true" effect="fade" start="70" end="70" time="0">Conditional</animation>
		<height>562</height>
		<posy>-554</posy>
		<posx>-15</posx>
		<width>1950</width>
		<texture border="20">buttons/ButtonCF.png</texture>
		<visible>!Control.IsVisible(58) + !Control.IsVisible(50)</visible>
		<visible>!IsEmpty(Control.GetLabel(70130)) + [Player.HasVideo | !Container.Content(Seasons) + !Container.Content(Episodes)]</visible>
		<visible>Control.IsVisible(57) + [Player.HasVideo | !Skin.HasSetting(ShowTopVideoInformation) + Skin.HasSetting(FullFanartTopVideoInformation) + !Skin.HasSetting(AlwaysFanart)]</visible>
		<visible>false</visible>
	  </control>
	  <control type="image" description="מסגרת (רקע תחתון)">
	    <include condition="!Skin.HasSetting(Performance)">Slide2.1</include>
		<include condition="Skin.HasSetting(Performance)">Slide2.1p</include>
		<include>Fade_MainBackgroundOverlay</include>
		
		<animation condition="!Container(57).OnNext + !Container(57).OnPrevious + !Container(55).OnNext + !Container(55).OnPrevious + !Control.HasFocus(60)" effect="fade" start="0" delay="3500" end="100" time="220">Conditional</animation>
		<aspectratio>stretch</aspectratio>
		<height>552</height>
		<width>1950</width>
		<posx>-15</posx>
		<posy>-15</posy>
		<texture border="20">buttons/ButtonEF.png</texture>
		<visible>!IsEmpty(Control.GetLabel(70130)) + [Player.HasVideo | !Container.Content(Seasons) + !Container.Content(Episodes)]</visible>
		<visible>Control.IsVisible(57) + [Player.HasVideo | !Skin.HasSetting(ShowTopVideoInformation) + Skin.HasSetting(FullFanartTopVideoInformation) + !Skin.HasSetting(AlwaysFanart)]</visible>
		<visible>false</visible>
	  </control>
	  <control type="label" id="700105" description="רקע נוסחא">
	    <visible>false</visible>
		<label>$VAR[ReloadSkin_check]</label>
	  </control>
	  <control type="label" id="70130" description="fake">
	    <label>$VAR[fanart]</label>
		<visible>false</visible>
	  </control>
	  <control type="label" id="70140" description="fake">
	    <label>$VAR[background2]</label>
		<visible>false</visible>
	  </control>
	  <control type="button" id="7017">
		<visible>Control.IsVisible(7011)</visible>
		<bordersize>10</bordersize>
		<texturefocus border="10">misc/frames/selector.png</texturefocus>
		<texturenofocus colordiffuse="FFFFAAFF"></texturenofocus>
		<posy>-552</posy>
		<onclick condition="Player.HasVideo">Fullscreen</onclick>
		<include>4ways</include>
		<!--<onup>ActivateWindow(12901)</onup>
		<ondown condition="Control.IsVisible(50) + !Window.IsVisible(MyPVRChannels.xml) + !Window.IsVisible(MyPVRGuide.xml)">50</ondown>
		<ondown condition="Control.IsVisible(55)">55</ondown>
		<ondown condition="Control.IsVisible(57)">57</ondown>		  
		<ondown condition="Control.IsVisible(58)">58</ondown>
		<ondown condition="Control.IsVisible(450)">450</ondown>
		<ondown condition="Control.IsVisible(10) + [Window.IsVisible(MyPVRChannels.xml) | Window.IsVisible(MyPVRGuide.xml)]">10</ondown>
		<ondown condition="Control.IsVisible(11) + [Window.IsVisible(MyPVRChannels.xml) | Window.IsVisible(MyPVRGuide.xml)]">11</ondown>
		<ondown condition="Control.IsVisible(12) + [Window.IsVisible(MyPVRChannels.xml) | Window.IsVisible(MyPVRGuide.xml)]">12</ondown>
		<ondown condition="Control.IsVisible(13) + [Window.IsVisible(MyPVRChannels.xml) | Window.IsVisible(MyPVRGuide.xml)]">13</ondown>
		<ondown condition="Control.IsVisible(14) + [Window.IsVisible(MyPVRChannels.xml) | Window.IsVisible(MyPVRGuide.xml)]">14</ondown>
		<ondown condition="Window.IsVisible(SettingsCategory.xml)">3</ondown>-->
      <!--<onleft condition="Control.IsVisible(50)">50</onleft>  
		<onleft condition="Control.IsVisible(55)">55</onleft>
		<onleft condition="Control.IsVisible(57)">57</onleft>		  
		<onleft condition="Control.IsVisible(58)">58</onleft>
		<onright condition="Control.IsVisible(50)">50</onright>
		<onright condition="Control.IsVisible(55)">55</onright>
		<onright condition="Control.IsVisible(57)">57</onright>		  
		<onright condition="Control.IsVisible(58)">58</onright>-->
		<height>552</height>
		<width>1920</width>
	  </control>
	</control>
  </include>
  
  <include name="VideoOSDflag">
	<control type="image">
	  <aspectratio>keep</aspectratio>
	  <animation condition="!Control.IsVisible(707)" effect="slide" start="0,0" end="-50,0" time="0">Conditional</animation>
	  <animation condition="!Control.IsVisible(601)" effect="slide" start="0,0" end="-50,0" time="0">Conditional</animation>
	  <animation condition="!Control.IsVisible(602)" effect="slide" start="0,0" end="-50,0" time="0">Conditional</animation>
	  
	  <animation condition="Control.IsVisible(613)" effect="slide" start="0,0" end="50,0" time="0">Conditional</animation>
	  <animation condition="Control.IsVisible(699)" effect="slide" start="0,0" end="50,0" time="0">Conditional</animation>
	  <animation condition="Control.IsVisible(701)" effect="slide" start="0,0" end="50,0" time="0">Conditional</animation>
	  <animation condition="Control.IsVisible(702)" effect="slide" start="0,0" end="50,0" time="0">Conditional</animation>
	  <animation condition="Control.IsVisible(705)" effect="slide" start="0,0" end="50,0" time="0">Conditional</animation>
	  <animation condition="Control.IsVisible(803)" effect="slide" start="0,0" end="50,0" time="0">Conditional</animation>
	  <animation condition="Control.IsVisible(804)" effect="slide" start="0,0" end="50,0" time="0">Conditional</animation>
	  <animation condition="Control.IsVisible(807)" effect="slide" start="0,0" end="50,0" time="0">Conditional</animation>
	  <animation condition="Control.IsVisible(808)" effect="slide" start="0,0" end="50,0" time="0">Conditional</animation>
	  <animation condition="Control.IsVisible(810)" effect="slide" start="0,0" end="50,0" time="0">Conditional</animation>
	  <posx>1090</posx>
	  <posy>82</posy>
	  <height>40</height>
	  <width>40</width>
	  <texture>$INFO[VideoPlayer.SubtitlesLanguage,badges/countries/v2/,.png]</texture>
	  <visible>Control.IsVisible(703) + !IsEmpty(VideoPlayer.SubtitlesLanguage)</visible>
	  <visible>VideoPlayer.SubtitlesEnabled + VideoPlayer.HasSubtitles</visible>
	</control>
	<control type="label">
	  <posy>400</posy>
	  <label>$INFO[VideoPlayer.SubtitlesLanguage,badges/countries/v2/,.png]</label>
	  <visible>Skin.HasSetting(Admin) + !Skin.HasSetting(Admin2) + Skin.HasSetting(Admin3)</visible>
	</control>
  </include>
  <include name="BlackBackground">
    <control type="image" description="Default BG">
      <width>1920</width>
      <height>1080</height>
      <texture>images/black.png</texture>
    </control>
  </include>
  <include name="BlackBackground2">
    <control type="image" description="Default BG">
	  <animation condition="true" effect="fade" end="70" time="200">Conditional</animation>
      <width>1920</width>
      <height>1080</height>
      <texture>images/black.png</texture>
    </control>
  </include>
  <include name="PVRprogress">
	  <control type="group">
	    <posx>585</posx>
		<posy>95</posy>
		<visible>ListItem.HasEpg</visible>
		<control type="progress">
		  <posx>55</posx>
		  <width>190</width>
		  <height>13</height>
		  <texturebg>MusicOSD/ProgressBG.png</texturebg>
		  <midtexture>MusicOSD/ProgressM.png</midtexture>
		  <righttexture>MusicOSD/ProgressR.png</righttexture>
		  <lefttexture>MusicOSD/ProgressL.png</lefttexture>
		  <info>ListItem.Progress</info>
		</control>
		<control type="label" description="StartTime">
		  <posy>-10</posy>
		  <width>70</width>
		  <height>30</height>
		  <font>size18</font>
		  <textcolor>Grey2</textcolor>
		  <align>left</align>
		  <label>$INFO[ListItem.StartTime]</label>
		</control>
		<control type="label" description="EndTime">
		  <posx>250</posx>
		  <posy>-10</posy>
		  <width>70</width>
		  <height>30</height>
		  <font>size18</font>
		  <textcolor>Grey2</textcolor>
		  <align>left</align>
		  <label>$INFO[ListItem.EndTime]</label>
		</control>
	  </control>
  </include>
  <include name="SetFocusView" description="onload">
    <onload condition="Window.IsActive(MyPrograms.xml) + ControlGroup(9000).HasFocus() + StringCompare(Container.Viewmode,addonsPT)">Control.SetFocus(50)</onload>
	<onload condition="Window.IsActive(MyPrograms.xml) + ControlGroup(9000).HasFocus() + StringCompare(Container.Viewmode,romPT)">Control.SetFocus(55)</onload>
	
	<onload condition="[Window.IsActive(MyVideoNav.xml) | Window.IsActive(MyPics.xml) | Window.IsActive(MyMusicNav.xml)] + ControlGroup(9000).HasFocus() + StringCompare(Container.Viewmode,GeneralPT)">Control.SetFocus(50)</onload>
	<onload condition="[Window.IsActive(MyVideoNav.xml) | Window.IsActive(MyPics.xml)] + ControlGroup(9000).HasFocus() + StringCompare(Container.Viewmode,IconsPT)">Control.SetFocus(58)</onload>
	<onload condition="Window.IsActive(MyVideoNav.xml) + ControlGroup(9000).HasFocus() + StringCompare(Container.Viewmode,MoviesPT)">Control.SetFocus(57)</onload>
  </include>
  <include name="InProgressBadge">
    <control type="group" description="סדרות בתהליך">		  
	  <height>312</height>
	  <posx>23</posx>
	  <posy>19</posy>
	  <width>237</width>
	  <visible>!IsEmpty(Control.GetLabel(11300))</visible>
	  <control type="image" description="אדום">
		<aspectratio>keep</aspectratio>
		<height>50</height>
		<posx>80r</posx>
		<posy>4</posy>
		<texture>badges/BadgeCount.png</texture>
		<width>70</width>
		<visible>!Container.Content(Seasons)</visible>
	  </control>
	  <control type="image" description="שחור">
		<aspectratio>keep</aspectratio>
		<height>50</height>
		<posx>80r</posx>
		<posy>4</posy>
		<texture>badges/BadgeCount.png</texture>
		<width>70</width>
		<visible>Container.Content(Seasons)</visible>
	  </control>		  
	  <control type="label" id="11300" description="">					
		<angle>0</angle>
		<font>size28</font>
		<height>30</height>
		<label>$VAR[Button11300]</label>
		<posx>80r</posx>
		<posy>10</posy>
		<align>center</align>
		<textcolor>White2</textcolor>
		<width>70</width>
	  </control>			  
	</control>
  </include>
  <include name="AutoView" description="Videoviews.xml">
    <control type="button">
	  <!--MyVideoNav-->
	  <onfocus description="For ID(50)" condition="!Skin.HasSetting(AutoView) + Window.IsVisible(MyVideoNav.xml) + !StringCompare(Container.Viewmode,GeneralPT) + [[!Container.content(movies) + [StringCompare(Container.FolderPath,videodb://movies/)]] | [[!Container.Content(TVshows) + !Container.Content(Seasons) + !Container.content(Episodes)] + [StringCompare(Container.FolderPath,videodb://tvshows/) | SubString(Container.FolderPath,plugin://plugin.video.genesis/)]]]">AlarmClock(GeneralPT,Container.SetViewMode(50),0,silent)</onfocus>
	  <onfocus description="For ID(50)" condition="!Skin.HasSetting(AutoView) + Window.IsVisible(MyVideoNav.xml) + !StringCompare(Container.Viewmode,GeneralPT) + [StringCompare(Container.FolderName,$LOCALIZE[135]) | StringCompare(Container.FolderName,$LOCALIZE[345]) | StringCompare(Container.FolderName,$LOCALIZE[20348]) | StringCompare(Container.FolderName,$LOCALIZE[20388]) | StringCompare(Container.FolderName,$LOCALIZE[20451]) | StringCompare(Container.FolderName,$LOCALIZE[20459]) | StringCompare(Container.FolderPath,special://userdata/library/) | StringCompare(ListItem.Path,library://video/)]">AlarmClock(GeneralPT,Container.SetViewMode(50),0,silent)</onfocus>
	  <onfocus description="For ID(50) IsraeLIVE" condition="!Skin.HasSetting(AutoView) + Window.IsVisible(MyVideoNav.xml) + !StringCompare(Container.Viewmode,GeneralPT) + [StringCompare(Container.FolderName,IsraeLIVE) + SubString(Container.FolderPath,plugin://plugin.video.israelive)]">AlarmClock(GeneralPT,Container.SetViewMode(50),0,silent)</onfocus>
	  <onfocus description="For ID(50) - Youtube's + Addons" condition="!Skin.HasSetting(AutoView) + Window.IsVisible(MyVideoNav.xml) + !StringCompare(Container.Viewmode,GeneralPT) + [StringCompare(Container.FolderPath,plugin://plugin.video.youtube.channels/) | SubString(Container.FolderPath,plugin://plugin.video.youtube.channels/?mode=listVideos) | SubString(Container.FolderPath,plugin://plugin.video.vidstatsx_com) | SubString(Container.FolderPath,plugin://plugin.video.ted.talks)]">AlarmClock(GeneralPT,Container.SetViewMode(50),0,silent)</onfocus>
	  <onfocus description="For ID(50) - Youtube" condition="!Skin.HasSetting(AutoView) + Window.IsVisible(MyVideoNav.xml) + !StringCompare(Container.Viewmode,GeneralPT) + [StringCompare(Container.FolderPath,plugin://plugin.video.youtube/) | StringCompare(Container.FolderPath,plugin://plugin.video.youtube/) | StringCompare(Container.FolderPath,plugin://plugin.video.youtube/kodion/search/list/) | StringCompare(Container.FolderPath,plugin://plugin.video.youtube/special/browse_channels/)]">AlarmClock(GeneralPT,Container.SetViewMode(50),0,silent)</onfocus>
	  <onfocus description="For ID(50) - GoPros's Addons" condition="!Skin.HasSetting(AutoView) + Window.IsVisible(MyVideoNav.xml) + !StringCompare(Container.Viewmode,GeneralPT) + [StringCompare(Container.FolderPath,plugin://plugin.video.htpt.gopro/) | SubString(Container.FolderPath,plugin://plugin.video.football.today/) | SubString(Container.FolderPath,plugin://plugin.video.nbaondemand/) | SubString(Container.FolderPath,plugin://plugin.video.nhlondemand/) | SubString(Container.FolderPath,plugin://plugin.video.thaakillah/) | SubString(Container.FolderPath,plugin://plugin.video.wweonline/)]">AlarmClock(GeneralPT,Container.SetViewMode(50),0,silent)</onfocus>
	  <onfocus description="For ID(50) - HTPT's Main Category" condition="!Skin.HasSetting(AutoView) + Window.IsVisible(MyVideoNav.xml) + !StringCompare(Container.Viewmode,GeneralPT) + [StringCompare(Container.FolderPath,plugin://plugin.video.htpt.music/?&amp;)]">AlarmClock(GeneralPT,Container.SetViewMode(50),0,silent)</onfocus>
	  <onfocus description="For ID(50) - Israel TV's Addons" condition="!Skin.HasSetting(AutoView) + Window.IsVisible(MyVideoNav.xml) + !StringCompare(Container.Viewmode,GeneralPT) + [SubString(Container.FolderPath,plugin://plugin.video.makoTV.video/?) | SubString(Container.FolderPath,plugin://plugin.video.reshet.video/?) | StringCompare(Container.FolderPath,plugin://plugin.video.sdarot.tv/) | SubString(Container.FolderPath,plugin://plugin.video.IBA/) | SubString(Container.FolderPath,plugin://plugin.video.ilten/) | StringCompare(Container.FolderPath,plugin://plugin.video.sdarot.tv/)]">AlarmClock(GeneralPT,Container.SetViewMode(50),0,silent)</onfocus>
	  <onfocus description="For ID(50) - Others" condition="!Skin.HasSetting(AutoView) + Window.IsVisible(MyVideoNav.xml) + !StringCompare(Container.Viewmode,GeneralPT) + [SubString(Container.FolderPath,plugin.video.wallaNew.video)]">AlarmClock(GeneralPT,Container.SetViewMode(50),0,silent)</onfocus>
	  <onfocus description="For ID(50) - XXX Addons" condition="!Skin.HasSetting(AutoView) + Window.IsVisible(MyVideoNav.xml) + !StringCompare(Container.Viewmode,GeneralPT) + [StringCompare(Container.FolderPath,plugin://plugin.video.fantasticc/) | StringCompare(Container.FolderPath,plugin://plugin.video.videodevil/)]">AlarmClock(GeneralPT,Container.SetViewMode(50),0,silent)</onfocus>
	  
	  <onfocus description="For ID(57)" condition="!Skin.HasSetting(AutoView) + Window.IsVisible(MyVideoNav.xml) + !StringCompare(Container.Viewmode,MoviesPT) + [[Container.content(movies) + [SubString(Container.FolderPath,videodb://movies/) | SubString(Container.FolderPath,plugin://plugin.video.genesis/?) | SubString(Container.FolderPath,plugin://plugin.video.pulsar/)]] | [[Container.Content(TVshows) | Container.Content(Seasons) | Container.content(Episodes)] + [SubString(Container.FolderPath,videodb://tvshows/) | SubString(Container.FolderPath,plugin://plugin.video.genesis/?) | SubString(Container.FolderPath,plugin://plugin.video.pulsar/)]]]">AlarmClock(MoviesPT,Container.SetViewMode(57),0,silent)</onfocus>
	  
	  <!--<onfocus description="For ID(58) - Israel TV's Addons" condition="!Skin.HasSetting(AutoView) + Window.IsVisible(MyVideoNav.xml) + !StringCompare(Container.Viewmode,IconsPT) + [SubString(Container.FolderPath,plugin://plugin.video.sdarot.tv/?) + Container.Content(TVshows) + !Container.content(Episodes) + !Container.content(Seasons)]">AlarmClock(IconsPT,Container.SetViewMode(58),0,silent)</onfocus>-->
	  <onfocus description="For ID(58) - שחקנים/מארז סרטים" condition="!Skin.HasSetting(AutoView) + Window.IsVisible(MyVideoNav.xml) + !StringCompare(Container.Viewmode,IconsPT) + [[!Container.content(movies) + SubString(Container.FolderPath,videodb://movies/sets/)] | StringCompare(Container.FolderName,$LOCALIZE[344])]">AlarmClock(IconsPT,Container.SetViewMode(58),0,silent)</onfocus>
	  <onfocus description="For ID(58) - YouTube's + Addons" condition="!Skin.HasSetting(AutoView) + Window.IsVisible(MyVideoNav.xml) + !StringCompare(Container.Viewmode,IconsPT) + [SubString(Container.FolderPath,plugin://plugin.video.youtube.channels/?mode=myChannels&url) | SubString(Container.FolderPath,plugin://plugin.video.youtube.channels/?mode=listCat&url=) | SubString(Container.FolderPath,plugin://plugin.video.youtube.3d/)]">AlarmClock(IconsPT,Container.SetViewMode(58),0,silent)</onfocus>
	  <onfocus description="For ID(58) - Youtube" condition="!Skin.HasSetting(AutoView) + Window.IsVisible(MyVideoNav.xml) + !StringCompare(Container.Viewmode,IconsPT) + [SubString(Container.FolderPath,plugin://plugin.video.youtube/?feed=search&amp;path=%2froot%2fsearch&amp;search=) | SubString(Container.FolderPath,plugin://plugin.video.youtube/?login=true&amp;path=%2froot%2fplaylists&amp;playlist=)]">AlarmClock(GeneralPT,Container.SetViewMode(58),0,silent)</onfocus>
	  <onfocus description="For ID(58) - GoPros's Addons" condition="!Skin.HasSetting(AutoView) + Window.IsVisible(MyVideoNav.xml) + !StringCompare(Container.Viewmode,IconsPT) + [SubString(Container.FolderPath,plugin://plugin.video.GoProCamera) | SubString(Container.FolderPath,plugin://plugin.video.extreme.com/?)]">AlarmClock(IconsPT,Container.SetViewMode(58),0,silent)</onfocus>
	  <onfocus description="For ID(58) - XXX Addons" condition="!Skin.HasSetting(AutoView) + Window.IsVisible(MyVideoNav.xml) + !StringCompare(Container.Viewmode,IconsPT) + [SubString(Container.FolderPath,plugin://plugin.video.fantasticc/?) | SubString(Container.FolderPath,plugin://plugin.video.videodevil/?)]">AlarmClock(IconsPT,Container.SetViewMode(58),0,silent)</onfocus>
	  
	  <onfocus description="*For All ID" condition="Window.IsVisible(MyVideoNav.xml) + !Skin.HasSetting(Admin) + !Skin.HasSetting(AutoViewoff) + [SubString(Container.FolderPath,\userdata\library\,right) | StringCompare(ListItem.Path,library://video/) | StringCompare(Container.FolderPath,special://userdata/library/) | StringCompare(Container.FolderPath,special://home/external/) | StringCompare(Container.FolderPath,special://skin/specials/) | [[StringCompare(Container.FolderPath,plugin://plugin.video.wallaNew.video/) | StringCompare(Container.FolderPath,plugin://plugin.video.10qtv/) | StringCompare(Container.FolderPath,plugin://plugin.video.movixws/) | StringCompare(Container.FolderPath,plugin://plugin.video.genesis/)] + Window.Previous(Home.xml)]]">Action(Back)</onfocus>
	  
	  <!--<onfocus description="GenreVar" condition="Window.IsVisible(MyVideoNav.xml) + !Skin.HasSetting(Admin) StringCompare(Container.FolderPath,videodb://movies/genres/) | StringCompare(Container.FolderPath,plugin://plugin.video.genesis/?action=genres_movies) | StringCompare(Container.FolderPath,plugin://plugin.video.genesis/?action=genres_shows)">Container.Update</onfocus>-->
	  <!--MyVideoNav - Videos-->
	  <onfocus description="For ID(58) - PATH" condition="Window.IsVisible(MyVideoNav.xml) + !Skin.HasSetting(Admin) + !Skin.HasSetting(AutoViewoff) + !Skin.HasSetting(AutoView) + !StringCompare(Container.Viewmode,IconsPT) + [[SubString(Container.FolderPath,special://userdata/library/videos/) | [SubString(Container.FolderPath,/var/media/) + SubString(Container.FolderPath,/videos/)] | SubString(Container.FolderPath,special://home/external/videos/)]]">Container.SetViewMode(58)</onfocus>
	  <!--MyPics-->
	  <!--<onfocus description="For ID(50) - PATH" condition="Window.IsVisible(MyPics.xml) + !Skin.HasSetting(Admin) + !Skin.HasSetting(AutoViewoff) + !Skin.HasSetting(AutoView) + !StringCompare(Container.Viewmode,GeneralPT) + [StringCompare(Container.FolderPath,special://userdata/library/) | StringCompare(Container.FolderPath,special://home/external/) | StringCompare(Container.FolderPath,Skin.String(VarCurrentPicVidPath))]">Container.SetViewMode(50)</onfocus>-->
	  <onfocus description="For ID(58) - PATH" condition="Window.IsVisible(MyPics.xml) + !Skin.HasSetting(Admin) + !Skin.HasSetting(AutoViewoff) + !Skin.HasSetting(AutoView) + !StringCompare(Container.Viewmode,IconsPT) + [SubString(Container.FolderPath,special://userdata/library/pictures/) | [SubString(Container.FolderPath,/var/media/) + SubString(Container.FolderPath,/pictures/)] | SubString(Container.FolderPath,special://home/external/pictures/)]">Container.SetViewMode(58)</onfocus>
	  <onfocus description="For All ID - PATH" condition="Window.IsVisible(MyPics.xml) + !Skin.HasSetting(Admin) + !Skin.HasSetting(AutoViewoff) + [!SubString(Container.FolderPath,userdata\library\pictures\) + !SubString(Container.FolderPath,userdata/library/pictures/) + !SubString(Container.FolderPath,special://userdata/library/pictures/) + !SubString(Container.FolderPath,/var/media/) + !SubString(Container.FolderPath,special://home/external/)]">Action(Back)</onfocus>
	  <!--MyPrograms-->
	  <onfocus description="*For ID(50) - משחקים" condition="Window.IsVisible(MyPrograms.xml) + StringCompare(Container.FolderName,Advanced Launcher) + !StringCompare(Container.Viewmode,addonsPT) + !IntegerGreaterThan(Container.NumItems,13) + [SubString(ListItem.Label,Arcade) | SubString(ListItem.Label,Nintendo) | SubString(ListItem.Label,Sega) | SubString(ListItem.Label,Sony Playstation) | SubString(ListItem.Label,TurboGrafx)] + [[IsEmpty(ListItem.Plot) + IsEmpty(ListItem.Genre) + IsEmpty(ListItem.Art(fanart))]]">AlarmClock(addonsPT,Container.SetViewMode(50),0,silent)</onfocus>
	  <onfocus description="*For ID(50) - כללי" condition="Window.IsVisible(MyPrograms.xml) + !StringCompare(Container.FolderName,Advanced Launcher) + !StringCompare(Container.Viewmode,addonsPT) + [SubString(Container.FolderPath,addons://outdated/)]">AlarmClock(addonsPT,Container.SetViewMode(50),0,silent)</onfocus>
	  <onfocus description="*For ID(55) - משחקים" condition="Window.IsVisible(MyPrograms.xml) + StringCompare(Container.FolderName,Advanced Launcher) + !StringCompare(Container.Viewmode,romPT) + [[!IsEmpty(ListItem.Plot) + !IsEmpty(ListItem.Genre) + !IsEmpty(ListItem.Art(fanart))] | IntegerGreaterThan(Container.NumItems,13)]">AlarmClock(romPT,Container.SetViewMode(55),0,silent)</onfocus>
	  <onfocus description="*For All ID" condition="Window.IsVisible(MyPrograms.xml) + !Skin.HasSetting(Admin) + StringCompare(ListItem.Path,addons://sources/) + IsEmpty(ListItem.FolderName) + IsEmpty(Container.FolderName)">Action(Back)</onfocus>
	  <onfocus description="*For All ID - Addons" condition="Window.IsVisible(MyPrograms.xml) + !Skin.HasSetting(Admin) + [StringCompare(Container.FolderPath,plugin://plugin.programm.htptmail/)]">Action(Back)</onfocus>
	  <visible>false</visible>
	</control>
  </include>
  <include name="Badges">
   <control type="grouplist">
	<height>24</height>
	<itemgap>10</itemgap>
	<align>left</align>
	<orientation>horizontal</orientation>
	<posx>70</posx>
	<posy>2</posy>
	<visible>Player.HasVideo</visible>
	<visible>!StringCompare(Player.Title,playHTPT.mp4) + !StringCompare(Player.Title,playHTPT2.flac)</visible>
	<control type="image">
	  <texture>$INFO[VideoPlayer.VideoResolution,badges/video/,.png]</texture>
	  <visible>!IsEmpty(VideoPlayer.VideoResolution)</visible>
	  <width>50</width>
	</control>
	<control type="image">
	  <texture>$INFO[VideoPlayer.VideoCodec,badges/video/,.png]</texture>
	  <visible>!IsEmpty(VideoPlayer.VideoCodec)</visible>
	  <width>50</width>
	</control>
	<control type="image">
	  <texture>$INFO[VideoPlayer.AudioChannels,badges/channels/channels,.png]</texture>
	  <visible>Player.HasAudio + [!IsEmpty(VideoPlayer.AudioChannels) | !IsEmpty(MusicPlayer.Channels)]</visible>
	  <width>50</width>
	</control>
	<control type="image">
	  <texture>$INFO[VideoPlayer.AudioCodec,badges/audio/,.png]</texture>
	  <visible>Player.HasAudio + [!IsEmpty(VideoPlayer.AudioCodec) | !IsEmpty(MusicPlayer.Codec)]</visible>
	  <width>50</width>
	</control>
   </control>
   
  <control type="grouplist" id="1132">
	<height>24</height>
	<itemgap>10</itemgap>
	<align>left</align>
	<orientation>horizontal</orientation>
	<posx>70</posx>
	<posy>2</posy>
	<visible>!Player.HasVideo + !IsEmpty(ListItem.VideoResolution) + !IsEmpty(ListItem.VideoCodec)</visible>
	<control type="image">
	  <texture>$INFO[ListItem.VideoResolution,badges/video/,.png]</texture>
	  <visible>!IsEmpty(ListItem.VideoResolution)</visible>
	  <width>50</width>
	</control>
	<control type="image">
	  <texture>$INFO[ListItem.VideoCodec,badges/video/,.png]</texture>
	  <visible>!IsEmpty(ListItem.VideoCodec)</visible>
	  <width>50</width>
	</control>
	<control type="image">
	  <texture>$INFO[ListItem.AudioChannels,badges/channels/channels,.png]</texture>
	  <visible>!IsEmpty(ListItem.AudioChannels) | !IsEmpty(MusicPlayer.Channels)</visible>
	  <width>50</width>
	</control>
	<control type="image">
	  <texture>$INFO[ListItem.AudioCodec,badges/audio/,.png]</texture>
	  <visible>!IsEmpty(ListItem.AudioCodec) | !IsEmpty(MusicPlayer.Codec)</visible>
	  <width>50</width>
	</control>
   </control>
  </include>
  <include name="Badges2" description="למחוק?">
   <control type="grouplist">
	<height>24</height>
	<itemgap>10</itemgap>
	<align>left</align>
	<orientation>horizontal</orientation>
	<posx>70</posx>
	<posy>2</posy>
	<control type="image">
	  <visible>!IsEmpty(ListItem.VideoResolution)</visible>
	  <width>50</width>
	  <texture>$INFO[ListItem.VideoResolution,badges/video/,.png]</texture>
	</control>
	<!--<control type="image">
	  <visible>!IsEmpty(ListItem.VideoCodec)</visible>
	  <width>50</width>
	  <texture>$INFO[ListItem.VideoCodec,badges/video/,.png]</texture>
	</control>-->
	<control type="image">
	  <visible>!IsEmpty(ListItem.AudioChannels)</visible>
	  <width>50</width>
	  <texture>$INFO[ListItem.AudioChannels,badges/channels/channels,.png]</texture>
	</control>
	<!--<control type="image">
	  <visible>!IsEmpty(ListItem.AudioCodec)</visible>
	  <width>50</width>
	  <texture>$INFO[ListItem.AudioCodec,badges/audio/,.png]</texture>
	</control>-->
   </control>
  </include>
  <include name="HTPTlogo">
    <control type="image">
	  <aspectratio>keep</aspectratio>
	  <height>90</height>
	  <posx>-35</posx>
	  <posy>-30</posy>
	  <width>130</width>
	  <texture>osd/htpt_pause4.png</texture>
    </control>
  </include>
  <include name="IconsInformation">
   <control type="grouplist">
	<align>right</align>
	<height>24</height>
	<posx>600r</posx>
	<itemgap>10</itemgap>
	<orientation>horizontal</orientation>
	<posy>1</posy>
	<width>250</width>
	<control type="image" description="ניגון אוטומטי 5">
	  <visible>Skin.String(General_ConnectionScore,5)</visible>
	  <visible>!Skin.HasSetting(AutoPlay_Pause)</visible>
	  <width>50</width>
	  <texture>badges/specials/autoplay5.png</texture>
	</control>
	<control type="image" description="ניגון אוטומטי בוטל 5">
	  <visible>Skin.String(General_ConnectionScore,5)</visible>
	  <visible>Skin.HasSetting(AutoPlay_Pause)</visible>
	  <width>50</width>
	  <texture>badges/specials/autoplay5off.png</texture>
	</control>
	<control type="image" description="ניגון אוטומטי 4">
	  <visible>Skin.String(General_ConnectionScore,4)</visible>
	  <visible>!Skin.HasSetting(AutoPlay_Pause)</visible>
	  <width>50</width>
	  <texture>badges/specials/autoplay4.png</texture>
	</control>
	<control type="image" description="ניגון אוטומטי בוטל 4">
	  <visible>Skin.String(General_ConnectionScore,4)</visible>
	  <visible>Skin.HasSetting(AutoPlay_Pause)</visible>
	  <width>50</width>
	  <texture>badges/specials/autoplay4off.png</texture>
	</control>
	<control type="image" description="ניגון אוטומטי 3">
	  <visible>Skin.String(General_ConnectionScore,3)</visible>
	  <visible>!Skin.HasSetting(AutoPlay_Pause)</visible>
	  <width>50</width>
	  <texture>badges/specials/autoplay3.png</texture>
	</control>
	<control type="image" description="ניגון אוטומטי בוטל 3">
	  <visible>Skin.String(General_ConnectionScore,3)</visible>
	  <visible>Skin.HasSetting(AutoPlay_Pause)</visible>
	  <width>50</width>
	  <texture>badges/specials/autoplay3off.png</texture>
	</control>
	<control type="image" description="ניגון אוטומטי 2">
	  <visible>Skin.String(General_ConnectionScore,2)</visible>
	  <visible>!Skin.HasSetting(AutoPlay_Pause)</visible>
	  <width>50</width>
	  <texture>badges/specials/autoplay2.png</texture>
	</control>
	<control type="image" description="ניגון אוטומטי בוטל 2">
	  <visible>Skin.String(General_ConnectionScore,2)</visible>
	  <visible>Skin.HasSetting(AutoPlay_Pause)</visible>
	  <width>50</width>
	  <texture>badges/specials/autoplay2off.png</texture>
	</control>
	<control type="image" description="ניגון אוטומטי 1">
	  <visible>Skin.String(General_ConnectionScore,1)</visible>
	  <visible>!Skin.HasSetting(AutoPlay_Pause)</visible>
	  <width>50</width>
	  <texture>badges/specials/autoplay1.png</texture>
	</control>
	<control type="image" description="ניגון אוטומטי בוטל 1">
	  <visible>Skin.String(General_ConnectionScore,1)</visible>
	  <visible>Skin.HasSetting(AutoPlay_Pause)</visible>
	  <width>50</width>
	  <texture>badges/specials/autoplay1off.png</texture>
	</control>
	<control type="image" description="ניגון אוטומטי 0">
	  <visible>Skin.String(General_ConnectionScore,0)</visible>
	  <visible>!Skin.HasSetting(AutoPlay_Pause)</visible>
	  <width>50</width>
	  <texture>badges/specials/autoplay0.png</texture>
	</control>
	<control type="image" description="ניגון אוטומטי בוטל 0">
	  <visible>Skin.String(General_ConnectionScore,0)</visible>
	  <visible>Skin.HasSetting(AutoPlay_Pause)</visible>
	  <width>50</width>
	  <texture>badges/specials/autoplay0off.png</texture>
	</control>
	<control type="image" description="ביצועים">
	  <visible>Skin.HasSetting(Performance)</visible>
	  <width>50</width>
	  <texture>badges/specials/performance.png</texture>
	</control>
	<control type="image" description="דיסק קשיח חיצוני">
	  <visible>!Skin.HasSetting(myHTPT2) + Skin.HasSetting(myHTPT3) + !System.Platform.Windows | Skin.HasSetting(Admin3) + Skin.HasSetting(myHTPT3)</visible>
	  <width>50</width>
	  <texture>badges/specials/myHTPT2.png</texture>
	  <!--<texture>icons/usbstick.png</texture>-->
	</control>
	<control type="image" id="824" description="אין אינטרנט">
	  <visible>!Skin.HasSetting(Connected) + !Control.IsVisible(825)</visible>
	  <visible>!Skin.String(Ping_Now,None)</visible>
	  <width>50</width>
	  <texture>badges/specials/internet.png</texture>
	</control>
	<control type="image" id="825" description="אין רשת / was bugged :)">
	  <visible>[!Skin.HasSetting(Connected2) + !Skin.HasSetting(Connected3)]</visible>
	  <visible>!Skin.String(Ping_Now,None)</visible>
	  <width>50</width>
	  <texture>badges/specials/lan.png</texture>
	</control>
	<control type="image" id="826" description="אינטרנט קווי / was bugged">
	  <visible>[StringCompare(System.InternetState,$LOCALIZE[15207]) | IsEmpty(System.InternetState)]</visible>
	  <visible>[!Skin.HasSetting(Connected2) + Skin.HasSetting(Connected3)]</visible>
	  <visible>!Control.IsVisible(824)</visible>
	  <visible>!Skin.String(Ping_Now,None)</visible>
	  <width>50</width>
	  <texture>$VAR[PingRating1]</texture>
	</control>
	<control type="image" id="827" description="אינטרנט אלחוטי">
	  <visible>Skin.HasSetting(Connected2)</visible>
	  <visible>!Control.IsVisible(824)</visible>
	  <visible>!Skin.String(Ping_Now,None)</visible>
	  <width>50</width>
	  <texture>$VAR[PingRating2]</texture>
	</control>
	<control type="image" id="829" description="אינטרנט אלחוטי">
	  <visible>Skin.HasSetting(TotalMouse)</visible>
	  <visible>System.Platform.Windows</visible>
	  <visible>!Skin.String(Ping_Now,None)</visible>
	  <width>50</width>
	  <texture>icons/mouse.png</texture>
	</control>
   </control>
  </include>
  <include name="ScrollLabel" description="()">
	<scroll>true</scroll>
	<scrollspeed>100</scrollspeed>
	<scrollsuffix></scrollsuffix>
  </include>
  <include name="ScrollBar">
	<control type="group" description="מצב ספרייה">
	  <visible>Control.IsVisible(60)</visible>
	  <include condition="!Skin.HasSetting(Performance)">Slide1.2</include>
	  <include condition="Skin.HasSetting(Performance)">Slide1.2p</include>
	  <include condition="!Skin.HasSetting(Performance)">Slide1.3</include>
	  <include condition="Skin.HasSetting(Performance)">Slide1.3p</include>
	  <height>1400</height>
	  <width>20</width>
	  <posx>10r</posx>
	  <posy>-100</posy>
      <control type="image" description="מסגרת">
		<posx>-10</posx>
		<!--<texture border="20">buttons/ButtonEF.png</texture>-->
		<texture>buttons/LineV.png</texture>
		<visible></visible>
      </control>
	  <control type="image" description="מסגרת">
		<posx>-10</posx>
		<texture>buttons/LineV.png</texture>
		<!--<texture border="10">buttons/ButtonEF.png</texture>-->
		<visible></visible>
      </control>
	</control>
	<control type="scrollbar" id="60" description="כלי גלילה">
	    <include condition="!Skin.HasSetting(Performance)">Slide1.2</include>
	    <include condition="Skin.HasSetting(Performance)">Slide1.2p</include>
		<include condition="!Skin.HasSetting(Performance)">Slide1.3</include>
	    <include condition="Skin.HasSetting(Performance)">Slide1.3p</include>
		<onright condition="Control.IsVisible(7011)">7017</onright>
		<onright condition="Player.HasAudio">ActivateWindow(12901)</onright>
		<onleft condition="[Window.IsVisible(DialogPeripheralSettings.xml) | Window.IsVisible(SettingsCategory.xml)] + Control.IsVisible(5)">5</onleft>
		<onleft condition="Control.IsVisible(50) + !Window.IsVisible(MyPVRChannels.xml)">50</onleft>
		<onleft condition="Control.IsVisible(52)">52</onleft>
		<onleft condition="Control.IsVisible(55)">55</onleft>
		<onleft condition="Control.IsVisible(57)">57</onleft>
		<onleft condition="Control.IsVisible(58)">58</onleft>
		<onleft condition="Control.IsVisible(450)">450</onleft>
		<onleft condition="Control.IsVisible(10) + Window.IsVisible(MyPVRChannels.xml)">10</onleft>
		<onleft condition="Control.IsVisible(11) + Window.IsVisible(MyPVRChannels.xml)">11</onleft>
		<onleft condition="Control.IsVisible(12) + Window.IsVisible(MyPVRChannels.xml)">12</onleft>
		<!--<visible>IntegerGreaterThan(Container.NumPages,2)</visible>-->
	</control>
  </include>
  <include name="smartkeyboardH">
    <onunload condition="Skin.String(smartkeyboardH0) + !StringCompare(Skin.String(smartkeyboardH0),Skin.String(smartkeyboardH5)) + !StringCompare(Skin.String(smartkeyboardH0),Skin.String(smartkeyboardH4)) + !StringCompare(Skin.String(smartkeyboardH0),Skin.String(smartkeyboardH3)) + !StringCompare(Skin.String(smartkeyboardH0),Skin.String(smartkeyboardH2)) + !StringCompare(Skin.String(smartkeyboardH0),Skin.String(smartkeyboardH1))">Skin.SetString(smartkeyboardH5,$INFO[Skin.String(smartkeyboardH4)])</onunload>
	<onunload condition="Skin.String(smartkeyboardH0) + !StringCompare(Skin.String(smartkeyboardH0),Skin.String(smartkeyboardH5)) + !StringCompare(Skin.String(smartkeyboardH0),Skin.String(smartkeyboardH4)) + !StringCompare(Skin.String(smartkeyboardH0),Skin.String(smartkeyboardH3)) + !StringCompare(Skin.String(smartkeyboardH0),Skin.String(smartkeyboardH2)) + !StringCompare(Skin.String(smartkeyboardH0),Skin.String(smartkeyboardH1))">Skin.SetString(smartkeyboardH4,$INFO[Skin.String(smartkeyboardH3)])</onunload>
	<onunload condition="Skin.String(smartkeyboardH0) + !StringCompare(Skin.String(smartkeyboardH0),Skin.String(smartkeyboardH5)) + !StringCompare(Skin.String(smartkeyboardH0),Skin.String(smartkeyboardH4)) + !StringCompare(Skin.String(smartkeyboardH0),Skin.String(smartkeyboardH3)) + !StringCompare(Skin.String(smartkeyboardH0),Skin.String(smartkeyboardH2)) + !StringCompare(Skin.String(smartkeyboardH0),Skin.String(smartkeyboardH1))">Skin.SetString(smartkeyboardH3,$INFO[Skin.String(smartkeyboardH2)])</onunload>
	<onunload condition="Skin.String(smartkeyboardH0) + !StringCompare(Skin.String(smartkeyboardH0),Skin.String(smartkeyboardH5)) + !StringCompare(Skin.String(smartkeyboardH0),Skin.String(smartkeyboardH4)) + !StringCompare(Skin.String(smartkeyboardH0),Skin.String(smartkeyboardH3)) + !StringCompare(Skin.String(smartkeyboardH0),Skin.String(smartkeyboardH2)) + !StringCompare(Skin.String(smartkeyboardH0),Skin.String(smartkeyboardH1))">Skin.SetString(smartkeyboardH2,$INFO[Skin.String(smartkeyboardH1)])</onunload>
	<onunload condition="Skin.String(smartkeyboardH0) + !StringCompare(Skin.String(smartkeyboardH0),Skin.String(smartkeyboardH5)) + !StringCompare(Skin.String(smartkeyboardH0),Skin.String(smartkeyboardH4)) + !StringCompare(Skin.String(smartkeyboardH0),Skin.String(smartkeyboardH3)) + !StringCompare(Skin.String(smartkeyboardH0),Skin.String(smartkeyboardH2)) + !StringCompare(Skin.String(smartkeyboardH0),Skin.String(smartkeyboardH1))">Skin.SetString(smartkeyboardH1,$INFO[Skin.String(smartkeyboardH0)])</onunload>
	<onunload condition="Skin.String(smartkeyboardH0)">Skin.SetString(smartkeyboardH0,)</onunload>
  </include>
  
  <include name="WarningInformation">
	  <control type="label" id="210" description="מצב אינטרנט">
		<include>LabelC1</include>
		<height>20</height>
		<label>***$LOCALIZE[79512]***</label>
		<visible>Control.IsVisible(824)</visible>
	  </control>
	  <control type="label" id="213" description="מצב אינטרנט2">
		<include>LabelC1</include>
		<height>20</height>
		<label>$VAR[Label213]</label>
		<visible>System.HasAddon(service.htpt) + Skin.String(Ping_Rate) + Skin.String(Ping_Now) + Skin.HasSetting(General_ScriptON) + [!Control.IsVisible(210) + !Control.IsVisible(825) | Skin.HasSetting(Admin)]</visible>
	  </control>
	  <control type="label" id="211" description="מצב טמפרטורה">
		<include>LabelC1</include>
		<height>20</height>
		<label>***$LOCALIZE[79510] $INFO[System.CPUTemperature] $INFO[System.TemperatureUnits]***</label>
		<visible>[System.Platform.Linux.RaspberryPi + IntegerGreaterThan(System.CPUTemperature,80)] | IntegerGreaterThan(System.CPUTemperature,90)</visible>
		<visible>SubString(System.TemperatureUnits,C)</visible>
	  </control>
	  <control type="label" id="212" description="מצב דיסק קשיח">
		<include>LabelC1</include>
		<height>20</height>
		<label>***$LOCALIZE[79509] ($INFO[System.FreeSpace])***</label>
		<visible>!IntegerGreaterThan(System.FreeSpacePercent(/dev/sda2),5) + !IsEmpty(System.FreeSpacePercent(/dev/sda2))</visible>
		<visible>false</visible>
	  </control>
	  <control type="label" id="214" description="מצב רשת">
		<include>LabelC1</include>
		<height>20</height>
		<label>***$LOCALIZE[79508]***</label>
		<visible>Control.IsVisible(825)</visible>
	  </control>
	  <control type="label" id="215" description="מצב פעילות המערכת">
		<include>LabelC1</include>
		<height>20</height>
		<label>***$LOCALIZE[79507]***</label>
		<visible>IntegerGreaterThan(System.Uptime,1440)</visible>
		<visible>!Control.IsVisible(210) + !Control.IsVisible(213) + !Control.IsVisible(212) + !Control.IsVisible(214)</visible>
	  </control>
	  <control type="label" id="220" description="לא פעיל SD-ניגון אוטומטי גם ב">
		<include>LabelC1</include>
		<height>20</height>
		<label>***$LOCALIZE[79103] $LOCALIZE[77854] SD $LOCALIZE[16039]***</label>
		<visible>Skin.String(General_ConnectionScore,4) + !Skin.HasSetting(AutoPlaySD) + Window.IsVisible(DialogOk.xml)</visible>
	  </control>
	  <control type="label" id="213" description="עומס בסדרות ישראליות">
		<include>LabelC1</include>
		<height>20</height>
		<label>$LOCALIZE[79513]</label>
		<visible>Skin.String(Current_Header,Sdarot.tv Video) + !Skin.String(AutoPlay2,0)</visible>
	  </control>
  </include>
  <include name="WatchedStatus">
	<control type="image" description="סמן נצפה">
	  <aspectratio align="left">keep</aspectratio>
	  <texture>$VAR[Overlay]</texture>
	  <visible>!IsEmpty(Control.GetLabel(1104)) | Control.IsVisible(50)</visible> <!-- | Window.IsVisible(DialogFullScreenInfo.xml)-->
	</control>
  </include>
  <include name="list1000" description="OpenELEC - mainWindow.xml">
		<left>10</left>
		<top>100</top>
		<width>260</width>
		<height>541</height>
		<onleft>1500</onleft>
		<pagecontrol>-</pagecontrol>
		<scrolltime>300</scrolltime>
		<itemlayout height="54" width="260">
			<control type="image">
				<left>0</left>
				<top>0</top>
				<width>260</width>
				<height>55</height>
				<texture border="5">default/MenuItemNF.png</texture>
			</control>
			<control type="label">
				<animation condition="[!Skin.HasSetting(Admin) + Skin.HasSetting(noway)] + StringCompare(Container(1000).ListItem.Label,)" effect="fade" start="0" end="0" time="0" reversible="false">Conditional</animation>
				<animation condition="[!Skin.HasSetting(Admin) + Skin.HasSetting(noway)] + [StringCompare(ListItem.Label,Skin.String(openelec1)) | StringCompare(ListItem.Label,Skin.String(openelec4)) | StringCompare(ListItem.Label,Skin.String(openelec6))]" effect="fade" start="0" end="0" time="0" reversible="false">Conditional</animation>
				<animation condition="[!Skin.HasSetting(Admin) + Skin.HasSetting(noway)] + StringCompare(Container(1000).ListItem.Label,Skin.String(openelec5)) + [StringCompare(ListItem.Label,Skin.String(openelec2)) | StringCompare(ListItem.Label,Skin.String(openelec3))]" effect="fade" start="0" end="0" time="0" reversible="false">Conditional</animation>
				<animation condition="[!Skin.HasSetting(Admin) + Skin.HasSetting(noway)] + [StringCompare(Container(1000).ListItem.Label,Skin.String(openelec2)) | StringCompare(Container(1000).ListItem.Label,Skin.String(openelec3))] + [StringCompare(ListItem.Label,Skin.String(openelec5))" effect="fade" start="0" end="0" time="0" reversible="false">Conditional</animation>
				<left>10</left>
				<top>0</top>
				<width>240</width>
				<height>55</height>
				<font>font24_title</font>
				<textcolor>FF505050</textcolor>
				<align>right</align>
				<aligny>center</aligny>
				<label>$INFO[ListItem.Label]</label>
			</control>
		</itemlayout>
		<focusedlayout height="54" width="260">
			<control type="image">
				<left>0</left>
				<top>0</top>
				<width>260</width>
				<height>55</height>
				<texture border="5">default/MenuItemFO.png</texture>
				<animation effect="fade" end="50" time="10">Unfocus</animation>
			</control>
			<control type="button">
			  <!--<onfocus>$VAR[mainWindow]</onfocus>-->
			  <!--<onfocus condition="Skin.HasSetting(Admin) + Container(1000).HasFocus + !IsEmpty(Container(1000).ListItem.Label)">Notification($INFO[Container(1000).ListItem.Label],1000,3000)</onfocus>-->
			  <!--<onfocus condition="Skin.HasSetting(Joystick2) + !StringCompare(Container(1000).ListItem.Label,$ADDON[service.openelec.settings 32331])">AlarmClock(JOYSTICK2.2,Action(Right),0,silent)</onfocus>-->
			  <!--<onfocus>Notification($INFO[Container(1000).ListItem.Label],$INFO[Container(1000).ListItem.Property(listTyp)],1000)</onfocus>-->
			  <!--<onunfocus condition="Skin.HasSetting(noway) + !Skin.HasSetting(Joystick2) + StringCompare(Container(1000).ListItem.Label,Bluetooth)">AlarmClock(NOWAY2,Action(Up),0,silent)</onunfocus>-->
			  <label>$ADDON[service.openelec.settings 32331]</label>
			  <visible>false</visible>
			</control>
			<control type="label">
				<animation condition="[!Skin.HasSetting(Admin) + Skin.HasSetting(noway)] + StringCompare(Container(1000).ListItem.Label,)" effect="fade" start="0" end="0" time="0" reversible="false">Conditional</animation>
				<animation condition="[!Skin.HasSetting(Admin) + Skin.HasSetting(noway)] + [StringCompare(ListItem.Label,Skin.String(openelec1)) | StringCompare(ListItem.Label,Skin.String(openelec4)) | StringCompare(ListItem.Label,Skin.String(openelec6))]" effect="fade" start="0" end="0" time="0" reversible="false">Conditional</animation>
				<animation condition="[!Skin.HasSetting(Admin) + Skin.HasSetting(noway)] + StringCompare(Container(1000).ListItem.Label,Skin.String(openelec5)) + [StringCompare(ListItem.Label,Skin.String(openelec2)) | StringCompare(ListItem.Label,Skin.String(openelec3))]" effect="fade" start="0" end="0" time="0" reversible="false">Conditional</animation>
				<animation condition="[!Skin.HasSetting(Admin) + Skin.HasSetting(noway)] + [StringCompare(Container(1000).ListItem.Label,Skin.String(openelec2)) | StringCompare(Container(1000).ListItem.Label,Skin.String(openelec3))] + [StringCompare(ListItem.Label,Skin.String(openelec5))" effect="fade" start="0" end="0" time="0" reversible="false">Conditional</animation>
				<left>10</left>
				<top>0</top>
				<width>240</width>
				<height>55</height>
				<font>font24_title</font>
				<textcolor>white</textcolor>
				<align>right</align>
				<aligny>center</aligny>
				<label>$INFO[ListItem.Label]</label>
			</control>
		</focusedlayout>

  </include>
  <include name="VisibleFadeEffect" description="OpenELEC - mainWindow.xml">
  </include>
  <include name="WindowTitleCommons" description="OpenELEC">
  </include>
  
  <include name="onunload_ClearProperty_ListItem">
    <onunload condition="Skin.String(ListItemGenre)">Skin.SetString(ListItemGenre,)</onunload>
	<onunload condition="Skin.String(ListItemDuration)">Skin.SetString(ListItemDuration,)</onunload>
	<onunload condition="Skin.String(ListItemRating)">Skin.SetString(ListItemRating,)</onunload>
	<onunload condition="Skin.String(ListItemYear)">Skin.SetString(ListItemYear,)</onunload>
	<onunload condition="Skin.String(ListItemUnWatchedEpisodes)">Skin.SetString(ListItemUnWatchedEpisodes,)</onunload>
	<onunload condition="Skin.String(ListItemTVShowTitle)">Skin.SetString(ListItemTVShowTitle,)</onunload>
  </include>
  
  <include name="onunload_ClearProperty_TopVideoInformation">
    <onunload condition="Skin.String(TopVideoInformation1)">Skin.SetString(TopVideoInformation1,)</onunload>
	<onunload condition="Skin.String(TopVideoInformation2)">Skin.SetString(TopVideoInformation2,)</onunload>
	<onunload condition="Skin.String(TopVideoInformation3)">Skin.SetString(TopVideoInformation3,)</onunload>
	<onunload condition="Skin.String(TopVideoInformation4)">Skin.SetString(TopVideoInformation4,)</onunload>
	<onunload condition="Skin.String(TopVideoInformation5)">Skin.SetString(TopVideoInformation5,)</onunload>
	<onunload condition="Skin.String(TopVideoInformation6)">Skin.SetString(TopVideoInformation6,)</onunload>
	<onunload condition="Skin.String(TopVideoInformation7)">Skin.SetString(TopVideoInformation7,)</onunload>
	<onunload condition="Skin.String(TopVideoInformation8)">Skin.SetString(TopVideoInformation8,)</onunload>
	<onunload condition="Skin.String(TopVideoInformation9)">Skin.SetString(TopVideoInformation9,)</onunload>
  </include>
  
</includes>