<?xml version="1.0" encoding="UTF-8"?>
<window description="(500)">
  <defaultcontrol always="true">50</defaultcontrol>
  <include condition="Skin.HasSetting(Performance)">Performance1</include>
  <allowoverlay>no</allowoverlay>
  <onload>close</onload>
  <controls>
    <!--<include>BlackBackground</include>
    <control type="group">
      <posx>0</posx>
      <posy>0</posy>
      <control type="group" description="50 fatList">
        <visible>Control.IsVisible(50)</visible>
        <control type="group" description="Slider and List">
          <include>LargeListItemCount</include>
          <posx>1020</posx>
		  <posy>131</posy>
          <control type="fixedlist" id="50">
            <posx>0</posx>
            <posy>0</posy>
            <width>802</width>
            <height>888</height>
            <onleft condition="!Skin.HasSetting(ViewsMenuOff)">9000</onleft>
            <onright condition="Skin.HasSetting(Scrollbars_Active)">60</onright>
            <onup>50</onup>
            <ondown>50</ondown>
            <pagecontrol>60</pagecontrol>
            <viewtype label="535">List</viewtype>
            <focusposition>3</focusposition>
            <movement>4</movement>
            <preloaditems>4</preloaditems>
            <scrolltime tween="sine" easing="inout">280</scrolltime>
            <itemlayout width="802" height="111">
              
              <control type="image">
                <posx>0</posx>
                <posy>0</posy>
                <height>111</height>
                <width>111</width>
                <bordersize>6</bordersize>
                <texture background="true">$INFO[ListItem.Icon]</texture>
                <aspectratio>scale</aspectratio>
              </control>
              <control type="label" description="Main Label">
                <visible>StringCompare(ListItem.Title,MusicPlayer.Title)</visible>
                <width>600</width>
				<posx>128</posx>
				<posy>12</posy>
				<height>50</height>
				<width>720</width>
				<textcolor>White</textcolor>
				<aligny>center</aligny>
				<font>size36</font>
				<scroll>false</scroll>
                <label>$INFO[ListItem.Label]</label>
              </control>
              <control type="label" description="Main Label">
                <visible>!StringCompare(ListItem.Title,MusicPlayer.Title)</visible>
                <width>645</width>
				<posx>128</posx>
				<posy>12</posy>
				<height>50</height>
				<width>720</width>
				<textcolor>White</textcolor>
				<aligny>center</aligny>
				<font>size36</font>
				<scroll>false</scroll>
                <label>$INFO[ListItem.Label]</label>
              </control>
              <control type="label" description="Label2">
				<posx>128</posx>
				<posy>63</posy>
				<height>33</height>
				<width>350</width>
				<font>size27</font>
				<textcolor>Grey</textcolor>
				<scroll>false</scroll>
                <label>$INFO[ListItem.Label2]</label>
              </control>
              <control type="image" description="playing">
                <visible>Player.HasAudio</visible>
                <visible>StringCompare(ListItem.Title,MusicPlayer.Title)</visible>
                <posx>750</posx>
                <posy>0</posy>
                <height>111</height>
                <width>36</width>
                <aspectratio>keep</aspectratio>
                <texture>images/NowPlayingNF.png</texture>
              </control>
            </itemlayout>
            <focusedlayout width="802" height="111">
              
              <control type="image">
                <posx>0</posx>
                <posy>0</posy>
                <height>111</height>
                <width>111</width>
                <bordersize>6</bordersize>
                <texture background="true">$INFO[ListItem.Icon]</texture>
                <aspectratio>scale</aspectratio>
              </control>
              <control type="label" description="Main Label">
                <visible>StringCompare(ListItem.Title,MusicPlayer.Title)</visible>
                <width>600</width>
				<posx>128</posx>
				<posy>12</posy>
				<height>50</height>
				<width>720</width>
				<textcolor>White</textcolor>
				<aligny>center</aligny>
				<font>size36</font>
				<scroll>false</scroll>
                <label>$INFO[ListItem.Label]</label>
              </control>
              <control type="label" description="Main Label">
                <visible>!StringCompare(ListItem.Title,MusicPlayer.Title)</visible>
                <width>645</width>
				<posx>128</posx>
				<posy>12</posy>
				<height>50</height>
				<width>720</width>
				<textcolor>White2</textcolor>
				<aligny>center</aligny>
				<font>size36</font>
                <label>$INFO[ListItem.Label]</label>
              </control>
              <control type="label" description="Label2">
				<animation effect="fade" time="200" start="50" end="100" delay="100">Focus</animation>
				<posx>128</posx>
				<posy>63</posy>
				<height>33</height>
				<width>350</width>
				<font>size27</font>
				<textcolor>White2</textcolor>
                <label>$INFO[ListItem.Label2]</label>
              </control>
              <control type="image" description="playing">
                <visible>Player.HasAudio</visible>
                <visible>StringCompare(ListItem.Title,MusicPlayer.Title)</visible>
                <animation effect="fade" start="50" end="100" time="100" delay="200">Focus</animation>
                <posx>750</posx>
                <posy>0</posy>
                <height>111</height>
                <width>36</width>
                <aspectratio>keep</aspectratio>
                <texture>images/NowPlayingFO.png</texture>
              </control>
            </focusedlayout>
          </control>
          <include>LargeListSlider</include>
        </control>
        <include>ListFade</include>
        <control type="scrollbar" id="60">
          <posx>51r</posx>
          <posy>135</posy>
          <height>870</height>
          <onleft>50</onleft>
          <onright>noop</onright>
        </control>
      </control>
      <control type="group" description="Side menu 9000 group">
        <visible allowhiddenfocus="true">ControlGroup(9000).HasFocus()</visible>
        <control type="image" description="List back">
          <posx>459</posx>
          <posy>168</posy>
          <width>1002</width>
          <height>762</height>
          <aspectratio>stretch</aspectratio>
          <texture border="150">buttons/Dialog.png</texture>
        </control>
        <control type="grouplist" id="9000">
			<posx>675</posx>
			<posy>354</posy>
			<width>576</width>
			<height>375</height>
			<itemgap>0</itemgap>
			<onleft>50</onleft>
			<onright>50</onright>
			<onup>9000</onup>
			<ondown>9000</ondown>
			<orientation>vertical</orientation>
          <control type="radiobutton" id="20" description="Shuffle">
            <radioposx>630</radioposx>
            <include>ButtonC1</include>
            <label>191</label>
          </control>
          <control type="button" id="21" description="Save">
            <include>ButtonC1</include>
            <label>190</label>
          </control>
          <control type="button" id="22" description="Clear">
            <include>ButtonC1</include>
            <label>192</label>
          </control>
          <control type="button" id="23" description="Play">
            <include>ButtonC1</include>
            <label>208</label>
          </control>
          <control type="button" id="26" description="Repeat">
            <include>ButtonC1</include>
            <label>-</label>
          </control>
        </control>
      </control>
    </control>-->
  </controls>
</window>
