<?xml version="1.0" encoding="UTF-8"?>
<includes>
   <include name="Slide1" description="(Backgrounds)">
     <animation condition="[Control.IsVisible(50) | Control.HasFocus(7017) | Control.IsVisible(450) | Control.IsVisible(52) | Window.IsVisible(SettingsCategory.xml)] + Player.HasVideo + [!Container.Content(Seasons) + !Container.Content(Episodes) | Control.IsVisible(50) | Control.IsVisible(52)]" effect="slide" start="0,0" end="0,552" time="700" reversible="false">>Conditonal</animation>
	 <animation condition="Control.IsVisible(57) + [Container.Content(Seasons) | Container.Content(Episodes)]" effect="slide" start="0,0" end="0,552" delay="0" time="700" reversible="false">Conditonal</animation>
	 <animation condition="Control.IsVisible(57) + !Control.HasFocus(7017) + !Container.Content(Seasons) + !Container.Content(Episodes) + !Control.HasFocus(60) + [!IsEmpty(Control.GetLabel(1106)) + !IsEmpty(Control.GetLabel(1105)) | Player.HasVideo] + !Container(57).OnNext + !Container(57).OnPrevious + Skin.HasSetting(ShowTopVideoInformation)" effect="slide" start="0,0" end="0,552" delay="3000" time="700" reversible="false">Conditonal</animation>
	 <animation condition="Control.IsVisible(55) + !Control.HasFocus(7017) + !Control.HasFocus(60) + [!IsEmpty(Control.GetLabel(1106)) + !IsEmpty(Control.GetLabel(1105)) | Player.HasVideo] + !Container(55).OnNext + !Container(55).OnPrevious + [!Skin.HasSetting(ShowTopProgramInformation) | !Skin.HasSetting(Admin)]" effect="slide" start="0,0" end="0,552" delay="3000" time="700" reversible="false">Conditonal</animation>
	 <animation condition="Control.IsVisible(55) + !Control.HasFocus(7017) + !Control.HasFocus(60) + [!IsEmpty(Control.GetLabel(1106)) + !IsEmpty(Control.GetLabel(1105)) | Player.HasVideo] + !Container(55).OnNext + !Container(55).OnPrevious + [Skin.HasSetting(ShowTopProgramInformation) + Skin.HasSetting(Admin)]" effect="slide" start="0,0" end="0,552" delay="0" time="0" reversible="true">Conditonal</animation>
     <animation condition="Control.IsVisible(58) + !Control.HasFocus(7017) + !Control.HasFocus(60) + [Player.HasVideo] + !Container(58).OnNext + !Container(58).OnPrevious" effect="slide" start="0,0" end="0,552" delay="3000" time="700" reversible="false">Conditonal</animation>
   </include>
   <include name="Slide1p" description="(Backgrounds)">
     <animation condition="[Control.IsVisible(50) | Control.HasFocus(7017) | Control.IsVisible(450) | Control.IsVisible(52) | Window.IsVisible(SettingsCategory.xml)] + Player.HasVideo + [!Container.Content(Seasons) + !Container.Content(Episodes) | Control.IsVisible(50) | Control.IsVisible(52)]" effect="slide" start="0,0" end="0,552" time="220" reversible="false">>Conditonal</animation> <!--Control.HasFocus(450)-->
	 <animation condition="Control.IsVisible(57) + [Container.Content(Seasons) | Container.Content(Episodes)]" effect="slide" start="0,0" end="0,552" delay="0" time="220" reversible="false">Conditonal</animation>
	 <animation condition="Control.IsVisible(57) + !Control.HasFocus(7017) + !Container.Content(Seasons) + !Container.Content(Episodes) + !Control.HasFocus(60) + [!IsEmpty(Control.GetLabel(1106)) + !IsEmpty(Control.GetLabel(1105)) | Player.HasVideo] + !Container(57).OnNext + !Container(57).OnPrevious + Skin.HasSetting(ShowTopVideoInformation)" effect="slide" start="0,0" end="0,552" delay="3000" time="220" reversible="false">Conditonal</animation>
	 <animation condition="Control.IsVisible(55) + !Control.HasFocus(7017) + !Control.HasFocus(60) + [!IsEmpty(Control.GetLabel(1106)) + !IsEmpty(Control.GetLabel(1105)) | Player.HasVideo] + !Container(55).OnNext + !Container(55).OnPrevious + [!Skin.HasSetting(ShowTopProgramInformation) | !Skin.HasSetting(Admin)]" effect="slide" start="0,0" end="0,552" delay="3000" time="220" reversible="false">Conditonal</animation>
	 <animation condition="Control.IsVisible(55) + !Control.HasFocus(7017) + !Control.HasFocus(60) + [!IsEmpty(Control.GetLabel(1106)) + !IsEmpty(Control.GetLabel(1105)) | Player.HasVideo] + !Container(55).OnNext + !Container(55).OnPrevious + [Skin.HasSetting(ShowTopProgramInformation) + Skin.HasSetting(Admin)]" effect="slide" start="0,0" end="0,552" delay="0" time="0" reversible="true">Conditonal</animation>
     <animation condition="Control.IsVisible(58) + !Control.HasFocus(7017) + !Control.HasFocus(60) + [Player.HasVideo] + !Container(58).OnNext + !Container(58).OnPrevious" effect="slide" start="0,0" end="0,552" delay="3000" time="220" reversible="false">Conditonal</animation>
   </include>
   <include name="Slide1.1" description="(2 רקע בית)">
     <animation condition="Control.IsVisible(57) + Control.IsVisible(7013) + [Container.Content(Seasons) | Container.Content(Episodes)]" effect="slide" start="0,0" end="0,552" delay="0" time="700" reversible="false">Conditonal</animation>
   </include>
   <include name="Slide1.1p" description="(2 רקע בית)">
     <animation condition="Control.IsVisible(57) + Control.IsVisible(7013) + [Container.Content(Seasons) | Container.Content(Episodes)]" effect="slide" start="0,0" end="0,552" delay="0" time="220" reversible="false">Conditonal</animation>
   </include>
   <include name="Slide1.2" description="גלילה">
     <animation condition="[Control.IsVisible(50) | Control.HasFocus(7017) | Control.IsVisible(450) | Control.IsVisible(52) | Window.IsVisible(SettingsCategory.xml)] + Player.HasVideo + [!Container.Content(Seasons) + !Container.Content(Episodes) | Control.IsVisible(50) | Control.IsVisible(52)]" effect="slide" start="0,0" end="0,280" time="700" reversible="false">Conditonal</animation>
	 <animation condition="Control.IsVisible(57) + [Container.Content(Seasons) | Container.Content(Episodes)]" effect="slide" start="0,0" end="-650,280" delay="0" time="700" reversible="false">Conditonal</animation>
	 <animation condition="Control.IsVisible(57) + !Control.HasFocus(7017) + !Container.Content(Seasons) + !Container.Content(Episodes) + !Control.HasFocus(60) + [!IsEmpty(Control.GetLabel(1106)) + !IsEmpty(Control.GetLabel(1105)) | Player.HasVideo] + !Container(57).OnNext + !Container(57).OnPrevious + Skin.HasSetting(ShowTopVideoInformation)" effect="slide" start="0,0" end="0,280" delay="3000" time="700" reversible="false">Conditonal</animation>
	 <animation condition="Control.IsVisible(55) + !Control.HasFocus(7017) + !Control.HasFocus(60) + [!IsEmpty(Control.GetLabel(1106)) + !IsEmpty(Control.GetLabel(1105)) | Player.HasVideo] + !Container(55).OnNext + !Container(55).OnPrevious + [!Skin.HasSetting(ShowTopProgramInformation) | !Skin.HasSetting(Admin)]" effect="slide" start="0,0" end="0,280" delay="3000" time="700" reversible="false">Conditonal</animation> 
	 <animation condition="Control.IsVisible(55) + !Control.HasFocus(7017) + !Control.HasFocus(60) + [!IsEmpty(Control.GetLabel(1106)) + !IsEmpty(Control.GetLabel(1105)) | Player.HasVideo] + !Container(55).OnNext + !Container(55).OnPrevious + [Skin.HasSetting(ShowTopProgramInformation) + Skin.HasSetting(Admin)]" effect="slide" start="0,0" end="0,280" delay="0" time="0" reversible="true">Conditonal</animation> 
     <animation condition="Control.IsVisible(58) + !Control.HasFocus(7017) + !Control.HasFocus(60) + [Player.HasVideo] + !Container(58).OnNext + !Container(58).OnPrevious" effect="slide" start="0,0" end="0,280" delay="3000" time="700" reversible="false">Conditonal</animation>
	 <animation condition="Window.IsVisible(DialogPeripheralSettings.xml)" effect="slide" start="0,0" end="-450,-310" delay="0" time="700" reversible="false">Conditonal</animation>
   </include>
   <include name="Slide1.2p" description="גלילה">
     <animation condition="[Control.IsVisible(50) | Control.HasFocus(7017) | Control.IsVisible(450) | Control.IsVisible(52) | Window.IsVisible(SettingsCategory.xml)] + Player.HasVideo + [!Container.Content(Seasons) + !Container.Content(Episodes) | Control.IsVisible(50) | Control.IsVisible(52)]" effect="slide" start="0,0" end="0,280" time="220" reversible="false">Conditonal</animation>
	 <animation condition="Control.IsVisible(57) + [Container.Content(Seasons) | Container.Content(Episodes)]" effect="slide" start="0,0" end="-650,280" delay="0" time="220" reversible="false">Conditonal</animation>
	 <animation condition="Control.IsVisible(57) + !Control.HasFocus(7017) + !Container.Content(Seasons) + !Container.Content(Episodes) + !Control.HasFocus(60) + [!IsEmpty(Control.GetLabel(1106)) + !IsEmpty(Control.GetLabel(1105)) | Player.HasVideo] + !Container(57).OnNext + !Container(57).OnPrevious + Skin.HasSetting(ShowTopVideoInformation)" effect="slide" start="0,0" end="0,280" delay="3000" time="220" reversible="false">Conditonal</animation>
	 <animation condition="Control.IsVisible(55) + !Control.HasFocus(7017) + !Control.HasFocus(60) + [!IsEmpty(Control.GetLabel(1106)) + !IsEmpty(Control.GetLabel(1105)) | Player.HasVideo] + !Container(55).OnNext + !Container(55).OnPrevious + [!Skin.HasSetting(ShowTopProgramInformation) | !Skin.HasSetting(Admin)]" effect="slide" start="0,0" end="0,280" delay="3000" time="220" reversible="false">Conditonal</animation> 
	 <animation condition="Control.IsVisible(55) + !Control.HasFocus(7017) + !Control.HasFocus(60) + [!IsEmpty(Control.GetLabel(1106)) + !IsEmpty(Control.GetLabel(1105)) | Player.HasVideo] + !Container(55).OnNext + !Container(55).OnPrevious + [Skin.HasSetting(ShowTopProgramInformation) + Skin.HasSetting(Admin)]" effect="slide" start="0,0" end="0,280" delay="0" time="0" reversible="true">Conditonal</animation> 
     <animation condition="Control.IsVisible(58) + !Control.HasFocus(7017) + !Control.HasFocus(60) + [Player.HasVideo] + !Container(58).OnNext + !Container(58).OnPrevious" effect="slide" start="0,0" end="0,280" delay="3000" time="220" reversible="false">Conditonal</animation>
	 <animation condition="Window.IsVisible(DialogPeripheralSettings.xml)" effect="slide" start="0,0" end="-450,-310" delay="0" time="220" reversible="false">Conditonal</animation>
   </include>
   <include name="Slide2" description="(Zoom-Backgrounds)">
     <animation condition="[Control.IsVisible(50) | Control.HasFocus(7017) | Control.IsVisible(450) | Control.IsVisible(52) | Window.IsVisible(SettingsCategory.xml)] + Player.HasVideo + [!Container.Content(Seasons) + !Container.Content(Episodes) | Control.IsVisible(50) | Control.IsVisible(52)]" effect="zoom" end="100,50" time="700" reversible="false">Conditonal</animation>
	 <animation condition="Control.IsVisible(57) + [Container.Content(Seasons) | Container.Content(Episodes)]" effect="zoom" end="100,50" delay="0" time="700" reversible="false">Conditonal</animation>
	 <animation condition="Control.IsVisible(57) + !Control.HasFocus(7017) + !Container.Content(Seasons) + !Container.Content(Episodes) + !Control.HasFocus(60) + [!IsEmpty(Control.GetLabel(1106)) + !IsEmpty(Control.GetLabel(1105)) | Player.HasVideo] + !Container(57).OnNext + !Container(57).OnPrevious + Skin.HasSetting(ShowTopVideoInformation)" effect="zoom" end="100,47" delay="3000" time="700" reversible="false">Conditonal</animation>
     <animation condition="Control.IsVisible(55) + !Control.HasFocus(7017) + !Control.HasFocus(60) + [!IsEmpty(Control.GetLabel(1106)) + !IsEmpty(Control.GetLabel(1105)) | Player.HasVideo] + !Container(55).OnNext + !Container(55).OnPrevious + [!Skin.HasSetting(ShowTopProgramInformation) | !Skin.HasSetting(Admin)]" effect="zoom" end="100,47" delay="3000" time="700" reversible="false">Conditonal</animation>
	 <animation condition="Control.IsVisible(55) + !Control.HasFocus(7017) + !Control.HasFocus(60) + [!IsEmpty(Control.GetLabel(1106)) + !IsEmpty(Control.GetLabel(1105)) | Player.HasVideo] + !Container(55).OnNext + !Container(55).OnPrevious + [Skin.HasSetting(ShowTopProgramInformation) + Skin.HasSetting(Admin)]" effect="zoom" end="100,47" delay="0" time="0" reversible="true">Conditonal</animation>
	 <animation condition="Control.IsVisible(58) + !Control.HasFocus(7017) + !Control.HasFocus(60) + [Player.HasVideo] + !Container(58).OnNext + !Container(58).OnPrevious" effect="zoom" end="100,47" delay="3000" time="700" reversible="false">Conditonal</animation>
   </include>
   <include name="Slide2p" description="(Zoom-Backgrounds)">
     <animation condition="[Control.IsVisible(50) | Control.HasFocus(7017) | Control.IsVisible(450) | Control.IsVisible(52) | Window.IsVisible(SettingsCategory.xml)] + Player.HasVideo + [!Container.Content(Seasons) + !Container.Content(Episodes) | Control.IsVisible(50) | Control.IsVisible(52)]" effect="zoom" end="100,50" time="220" reversible="false">Conditonal</animation>
	 <animation condition="Control.IsVisible(57) + [Container.Content(Seasons) | Container.Content(Episodes)]" effect="zoom" end="100,50" delay="0" time="220" reversible="false">Conditonal</animation>
	 <animation condition="Control.IsVisible(57) + !Control.HasFocus(7017) + !Container.Content(Seasons) + !Container.Content(Episodes) + !Control.HasFocus(60) + [!IsEmpty(Control.GetLabel(1106)) + !IsEmpty(Control.GetLabel(1105)) | Player.HasVideo] + !Container(57).OnNext + !Container(57).OnPrevious + Skin.HasSetting(ShowTopVideoInformation)" effect="zoom" end="100,47" delay="3000" time="220" reversible="false">Conditonal</animation>
     <animation condition="Control.IsVisible(55) + !Control.HasFocus(7017) + !Control.HasFocus(60) + !IsEmpty(Control.GetLabel(1106)) + !IsEmpty(Control.GetLabel(1105)) + !Container(55).OnNext + !Container(55).OnPrevious + [!Skin.HasSetting(ShowTopProgramInformation) | !Skin.HasSetting(Admin)]" effect="zoom" end="100,47" delay="3000" time="220" reversible="false">Conditonal</animation>
	 <animation condition="Control.IsVisible(55) + !Control.HasFocus(7017) + !Control.HasFocus(60) + !IsEmpty(Control.GetLabel(1106)) + !IsEmpty(Control.GetLabel(1105)) + !Container(55).OnNext + !Container(55).OnPrevious + [Skin.HasSetting(ShowTopProgramInformation) + Skin.HasSetting(Admin)]" effect="zoom" end="100,47" delay="0" time="0" reversible="true">Conditonal</animation>
	 <animation condition="Control.IsVisible(58) + !Control.HasFocus(7017) + !Control.HasFocus(60) + [Player.HasVideo] + !Container(58).OnNext + !Container(58).OnPrevious" effect="zoom" end="100,47" delay="3000" time="220" reversible="false">Conditonal</animation>
   </include>
   <include name="Slide2.1" description="(Fanart)">
     <animation condition="!Control.IsVisible(58) + Control.IsVisible(7013) + [Container.Content(Seasons) | Container.Content(Episodes)] + !Player.HasVideo" effect="zoom" end="100,200" delay="0" time="700" reversible="false">Conditonal</animation>
	 <animation condition="!Control.IsVisible(58) + Control.IsVisible(7013) + [Container.Content(Seasons) | Container.Content(Episodes)] + Player.HasVideo" effect="slide" start="0,0" end="0,552" delay="0" time="700" reversible="false">Conditonal</animation>
   </include>
   <include name="Slide2.1p" description="(Fanart)">
     <animation condition="!Control.IsVisible(58) + Control.IsVisible(7013) + [Container.Content(Seasons) | Container.Content(Episodes)] + !Player.HasVideo" effect="zoom" end="100,200" delay="0" time="220" reversible="false">Conditonal</animation>
	 <animation condition="!Control.IsVisible(58) + Control.IsVisible(7013) + [Container.Content(Seasons) | Container.Content(Episodes)] + Player.HasVideo" effect="slide" start="0,0" end="0,552" delay="0" time="220" reversible="false">Conditonal</animation>
   </include>
   <include name="Slide3" description="(TopVideoInformation)">
	 <animation condition="Control.IsVisible(57) + [Container.Content(Seasons) | Container.Content(Episodes)] + Control.IsVisible(7016)" effect="slide" tween="Cubic" easing="out" start="0,0" end="0,592" delay="0" time="3000" reversible="false">Conditonal</animation>
	 <animation condition="Control.IsVisible(57) + !Control.HasFocus(7017) + [!Container.Content(Seasons) + !Container.Content(Episodes) + !Control.HasFocus(60) + !IsEmpty(Control.GetLabel(1106)) + !IsEmpty(Control.GetLabel(1105)) + !Container(57).OnNext + !Container(57).OnPrevious] + Skin.HasSetting(ShowTopVideoInformation) | Window.IsVisible(DialogFullScreenInfo.xml)" effect="slide" tween="Cubic" easing="out" start="0,0" end="0,592" delay="1700" time="3000" reversible="false">Conditonal</animation>
	 <animation condition="Control.IsVisible(55) + !Control.HasFocus(7017) + !Control.HasFocus(60) + !IsEmpty(Control.GetLabel(1106)) + !IsEmpty(Control.GetLabel(1105)) + !Container(55).OnNext + !Container(55).OnPrevious + [!Skin.HasSetting(ShowTopProgramInformation) | !Skin.HasSetting(Admin)]" effect="slide" tween="Cubic" easing="out" start="0,0" end="0,592" delay="1700" time="3000" reversible="false">Conditonal</animation>
	 <animation condition="Control.IsVisible(55) + !Control.HasFocus(7017) + !Control.HasFocus(60) + !IsEmpty(Control.GetLabel(1106)) + !IsEmpty(Control.GetLabel(1105)) + !Container(55).OnNext + !Container(55).OnPrevious + [Skin.HasSetting(ShowTopProgramInformation) + Skin.HasSetting(Admin)]" effect="slide" tween="Cubic" easing="out" start="0,0" end="0,592" delay="0" time="0" reversible="true">Conditonal</animation>
     <animation condition="Control.IsVisible(58) + !Control.HasFocus(7017) + [!Control.HasFocus(60) + !IsEmpty(Control.GetLabel(1106)) + !IsEmpty(Control.GetLabel(1105)) + !Container(58).OnNext + !Container(58).OnPrevious]" effect="slide" tween="Cubic" easing="out" start="0,0" end="0,592" delay="1700" time="3000" reversible="false">Conditonal</animation>
	 <animation condition="Window.IsActive(DialogVideoInfo.xml) | Window.IsVisible(DialogAddonInfo.xml) | Window.IsVisible(AddonBrowser.xml)" effect="slide" tween="Cubic" easing="out" start="0,0" end="0,592" time="700" reversible="false">Conditonal</animation>
   </include>
   <include name="Slide3p" description="(TopVideoInformation)">
	 <animation condition="Control.IsVisible(57) + [Container.Content(Seasons) | Container.Content(Episodes)] + Control.IsVisible(7016)" effect="slide" tween="Cubic" easing="out" start="0,0" end="0,592" delay="0" time="220" reversible="false">Conditonal</animation>
	 <animation condition="Control.IsVisible(57) + !Control.HasFocus(7017) + [!Container.Content(Seasons) + !Container.Content(Episodes) + !Control.HasFocus(60) + !IsEmpty(Control.GetLabel(1106)) + !IsEmpty(Control.GetLabel(1105)) + !Container(57).OnNext + !Container(57).OnPrevious] + Skin.HasSetting(ShowTopVideoInformation) | Window.IsVisible(DialogFullScreenInfo.xml)" effect="slide" tween="Cubic" easing="out" start="0,0" end="0,592" delay="3000" time="220" reversible="false">Conditonal</animation>
	 <animation condition="Control.IsVisible(55) + !Control.HasFocus(7017) + !Control.HasFocus(60) + !IsEmpty(Control.GetLabel(1106)) + !IsEmpty(Control.GetLabel(1105)) + !Container(55).OnNext + !Container(55).OnPrevious + [!Skin.HasSetting(ShowTopProgramInformation) | !Skin.HasSetting(Admin)]" effect="slide" tween="Cubic" easing="out" start="0,0" end="0,592" delay="3000" time="220" reversible="false">Conditonal</animation>
	 <animation condition="Control.IsVisible(55) + !Control.HasFocus(7017) + !Control.HasFocus(60) + !IsEmpty(Control.GetLabel(1106)) + !IsEmpty(Control.GetLabel(1105)) + !Container(55).OnNext + !Container(55).OnPrevious + [Skin.HasSetting(ShowTopProgramInformation) + Skin.HasSetting(Admin)]" effect="slide" tween="Cubic" easing="out" start="0,0" end="0,592" delay="0" time="0" reversible="true">Conditonal</animation>
     <animation condition="Control.IsVisible(58) + !Control.HasFocus(7017) + [!Control.HasFocus(60) + !IsEmpty(Control.GetLabel(1106)) + !IsEmpty(Control.GetLabel(1105)) + !Container(58).OnNext + !Container(58).OnPrevious]" effect="slide" tween="Cubic" easing="out" start="0,0" end="0,592" delay="1700" time="220" reversible="false">Conditonal</animation>
	 <animation condition="Window.IsActive(DialogVideoInfo.xml) | Window.IsVisible(DialogAddonInfo.xml) | Window.IsVisible(AddonBrowser.xml)" effect="slide" tween="Cubic" easing="out" start="0,0" end="0,592" time="220" reversible="false">Conditonal</animation>
   </include>
   <include name="Slide4" description="(TopVideoInformation|TopAddonInformation)">
	 <animation condition="Control.IsVisible(57) + [Container.Content(Seasons) | Container.Content(Episodes)]" effect="slide" tween="Cubic" easing="out" start="0,-592" end="0,0" delay="0" time="4700" reversible="false">Conditonal</animation>
	 <animation condition="Control.IsVisible(57) + !Control.HasFocus(7017) + [!Container.Content(Seasons) + !Container.Content(Episodes) + !Control.HasFocus(60) + !IsEmpty(Control.GetLabel(1106)) + !IsEmpty(Control.GetLabel(1105)) + !Container(57).OnNext + !Container(57).OnPrevious] + Skin.HasSetting(ShowTopVideoInformation) | Window.IsVisible(DialogFullScreenInfo.xml)" effect="slide" tween="Cubic" easing="out" start="0,-592" end="0,0" delay="1700" time="4700" reversible="false">Conditonal</animation>
	 <animation condition="Control.IsVisible(55) + !Control.HasFocus(7017) + !Control.HasFocus(60) + !IsEmpty(Control.GetLabel(1106)) + !IsEmpty(Control.GetLabel(1105)) + !Container(55).OnNext + !Container(55).OnPrevious + [!Skin.HasSetting(ShowTopProgramInformation) | !Skin.HasSetting(Admin)]" effect="slide" tween="Cubic" easing="out" start="0,-592" end="0,0" delay="1700" time="4700" reversible="false">Conditonal</animation>
	 <animation condition="Control.IsVisible(55) + !Control.HasFocus(7017) + !Control.HasFocus(60) + !IsEmpty(Control.GetLabel(1106)) + !IsEmpty(Control.GetLabel(1105)) + !Container(55).OnNext + !Container(55).OnPrevious + [Skin.HasSetting(ShowTopProgramInformation) + Skin.HasSetting(Admin)]" effect="slide" tween="Cubic" easing="out" start="0,-592" end="0,0" delay="0" time="0" reversible="true">Conditonal</animation>
     <animation condition="Control.IsVisible(58) + !Control.HasFocus(7017) + !Control.HasFocus(60) + !IsEmpty(Control.GetLabel(1106)) + !IsEmpty(Control.GetLabel(1105)) + !Container(58).OnNext + !Container(58).OnPrevious" effect="slide" tween="Cubic" easing="out" start="0,-592" end="0,0" delay="1700" time="4700" reversible="false">Conditonal</animation>
	 <animation condition="Window.IsActive(DialogVideoInfo.xml) | Window.IsVisible(DialogAddonInfo.xml) | Window.IsVisible(AddonBrowser.xml)" effect="slide" tween="Cubic" easing="out" start="0,-592" end="0,0" time="1700" reversible="false">Conditonal</animation>
   </include>
   <include name="Slide4p" description="(TopVideoInformation|TopAddonInformation)">
	 <animation condition="Control.IsVisible(57) + [Container.Content(Seasons) | Container.Content(Episodes)]" effect="slide" tween="Cubic" easing="out" start="0,-592" end="0,0" delay="0" time="220" reversible="false">Conditonal</animation>
	 <animation condition="Control.IsVisible(57) + !Control.HasFocus(7017) + [!Container.Content(Seasons) + !Container.Content(Episodes) + !Control.HasFocus(60) + !IsEmpty(Control.GetLabel(1106)) + !IsEmpty(Control.GetLabel(1105)) + !Container(57).OnNext + !Container(57).OnPrevious] + Skin.HasSetting(ShowTopVideoInformation) | Window.IsVisible(DialogFullScreenInfo.xml)" effect="slide" tween="Cubic" easing="out" start="0,-592" end="0,0" delay="3000" time="220" reversible="false">Conditonal</animation>
	 <animation condition="Control.IsVisible(55) + !Control.HasFocus(7017) + !Control.HasFocus(60) + !IsEmpty(Control.GetLabel(1106)) + !IsEmpty(Control.GetLabel(1105)) + !Container(55).OnNext + !Container(55).OnPrevious + [!Skin.HasSetting(ShowTopProgramInformation) | !Skin.HasSetting(Admin)]" effect="slide" tween="Cubic" easing="out" start="0,-592" end="0,0" delay="3000" time="220" reversible="false">Conditonal</animation>
	 <animation condition="Control.IsVisible(55) + !Control.HasFocus(7017) + !Control.HasFocus(60) + !IsEmpty(Control.GetLabel(1106)) + !IsEmpty(Control.GetLabel(1105)) + !Container(55).OnNext + !Container(55).OnPrevious + [Skin.HasSetting(ShowTopProgramInformation) + Skin.HasSetting(Admin)]" effect="slide" tween="Cubic" easing="out" start="0,-592" end="0,0" delay="0" time="0" reversible="true">Conditonal</animation>
     <animation condition="Control.IsVisible(58) + !Control.HasFocus(7017) + !Control.HasFocus(60) + !IsEmpty(Control.GetLabel(1106)) + !IsEmpty(Control.GetLabel(1105)) + !Container(58).OnNext + !Container(58).OnPrevious" effect="slide" tween="Cubic" easing="out" start="0,-592" end="0,0" delay="1700" time="220" reversible="false">Conditonal</animation>
	 <animation condition="Window.IsActive(DialogVideoInfo.xml) | Window.IsVisible(DialogAddonInfo.xml) | Window.IsVisible(AddonBrowser.xml)" effect="slide" tween="Cubic" easing="out" start="0,-592" end="0,0" time="220" reversible="false">Conditonal</animation>
   </include>
   <include name="Slide5" description="LeftMenu2">
	  <animation effect="slide" start="0,0" end="400,0" delay="0" time="700" reversible="true">VisibleChange</animation>
   </include>
   <include name="Slide5p" description="LeftMenu2">
	  <animation effect="slide" start="0,0" end="400,0" delay="0" time="1" reversible="true">VisibleChange</animation>
   </include>
   <include name="Slide6" description="LeftMenu">
	  <animation effect="slide" start="0,0" end="400,0" delay="0" time="700" reversible="true">WindowOpen</animation>
   </include>
   <include name="Slide6p" description="LeftMenu">
	  <animation effect="slide" start="0,0" end="400,0" delay="0" time="1" reversible="true">WindowOpen</animation>
   </include>
   <include name="Slide7" description="RightMenu">
	  <animation effect="slide" start="0,0" end="-400,0" delay="0" time="700" reversible="true">WindowOpen</animation>
   </include>
   <include name="Slide7p" description="RightMenu">
	  <animation effect="slide" start="0,0" end="-400,0" delay="0" time="1" reversible="true">WindowOpen</animation>
   </include>
   <include name="Slide8" description="BottomMenu">
	  <animation effect="slide" start="0,0" end="0,-400" delay="0" time="700" reversible="true">WindowOpen</animation>
   </include>
   <include name="Slide8p" description="BottomMenu">
	  <animation effect="slide" start="0,0" end="0,-400" delay="0" time="1" reversible="true">WindowOpen</animation>
   </include>
   <include name="Slide9" description="TopMenu">
	  <animation effect="slide" start="0,0" end="0,400" delay="0" time="700" reversible="true">WindowOpen</animation>
   </include>
   <include name="Slide9p" description="TopMenu">
	  <animation effect="slide" start="0,0" end="0,400" delay="0" time="1" reversible="true">WindowOpen</animation>
   </include>
   
   <include name="Fade1" description="VideoWindow">
	  <animation effect="fade" time="7000">VisibleChange</animation>
   </include>
   <include name="Fade2" description="VideoWindow">
	  <animation effect="fade" start="0" end="80" time="7000">VisibleChange</animation>
   </include>
   <include name="Fade3">
     <animation effect="fade" end="100" delay="200" time="200">Focus</animation>
     <animation effect="fade" end="0" time="100">Unfocus</animation>
   </include>
   <include name="Fade4">
	  <animation effect="fade" start="0" end="100" time="200">VisibleChange</animation>
   </include>
  <include name="Fade5">
    <control type="image" description="BG">
      <animation condition="true" effect="fade" end="70" time="200">Conditional</animation>
      <width>1920</width>
      <height>1080</height>
      <texture>images/black.png</texture>
    </control>
  </include>
   <include name="Fade6">
     <animation effect="fade" time="200">WindowOpen</animation>
     <animation effect="fade" time="200">WindowClose</animation>
   </include>
  <include name="Fade7">
    <animation condition="[System.IdleTime(3) + !Container().Scrolling + !IsEmpty(Control.GetLabel(1106)) + !IsEmpty(Control.GetLabel(1105))] + [Control.IsVisible(57) | Control.IsVisible(55) | Window.IsVisible(DialogContextMenu.xml) | Window.IsVisible(DialogVideoInfo.xml) | Window.IsActive(DialogFullScreenInfo.xml)]" effect="fade" start="100" end="50" time="1000">Conditional</animation>
	<!--<animation condition="[[System.IdleTime(1) + !Container().Scrolling + !IsEmpty(Control.GetLabel(1106)) + !IsEmpty(Control.GetLabel(1105)) + [Control.IsVisible(55)]" effect="fade" start="100" end="50" time="1000">Conditional</animation>-->
  </include>
  <include name="Fade8">
	<animation effect="fade" start="70" end="50" time="220">Focus</animation>
    <animation effect="fade" start="50" end="70" time="220">unFocus</animation>
  </include>
  <include name="Fade9">
	<animation effect="fade" start="0" end="100" time="100" reversible="false">Focus</animation>
	<animation effect="fade" start="100" end="0" time="50" reversible="false">unFocus</animation>
  </include>  
   <include name="Fade10" desciption="Skin.HasSetting(Performance2)-algorithmdirtyregions">
	  <animation effect="fade" start="90" end="100" time="300" reversible="false">Focus</animation>
	  <animation effect="fade" start="90" end="100" time="300" reversible="false">UnFocus</animation>
   </include>
   <include name="Fade10.1" desciption="Skin.HasSetting(Performance2)-algorithmdirtyregions">
	  <animation effect="fade" start="70" end="100" time="500" reversible="false">Focus</animation>
	  <animation effect="fade" start="70" end="100" time="500" reversible="false">UnFocus</animation>
   </include>   
   <include name="Fade11" description="">
     <animation condition="Window.IsVisible(DialogContextMenu.xml) | ControlGroup(9000).HasFocus() | ControlGroup(450).HasFocus()" effect="fade" start="100" end="50" time="200">Conditional</animation>
   </include>
   <include name="Fade12" description="VideoWindow">
	  <animation effect="fade" time="5000">WindowOpen</animation>
   </include>
   <include name="Fade13" description="VideoWindow">
	  <animation effect="fade" start="100" end="0" time="1000">WindowClose</animation>
   </include>
   <include name="Fade14" desciption="Skin.HasSetting(Performance2)-algorithmdirtyregions">
	  <animation effect="fade" start="100" end="100" time="0" reversible="false">Focus</animation>
	  <animation effect="fade" start="100" end="70" time="200" reversible="false">UnFocus</animation>
   </include>   
   <include name="Fade20">
     <animation effect="fade" end="100" delay="200" time="200">Visible</animation>
     <animation effect="fade" end="0" time="100">Hidden</animation>
   </include>
</includes>
