<?xml version="1.0" encoding="UTF-8"?>
<window description="(12)">
  <defaultcontrol always="true">3</defaultcontrol>
  <onload description="SettingsLevel" condition="!Skin.HasSetting(Admin) + !Window.Previous(Custom1170.xml) + !Skin.String(SettingsLevel,$LOCALIZE[13611]) + !Window.Previous(MyPrograms.xml)">SettingsLevelChange</onload>
  <onload description="SettingsLevel" condition="!Skin.String(SettingsLevel,$LOCALIZE[13611]) + !Window.Previous(MyPrograms.xml)">Skin.SetString(SettingsLevel,$INFO[Control.GetLabel(20)])</onload>
  <allowoverlay>no</allowoverlay>
  <include condition="Skin.HasSetting(Performance)">Performance1</include>  
  <controls>
	<include>Backgrounds3</include>
	<include>TopInformation</include>
	<control type="group" description="">
	  <include condition="!Skin.HasSetting(Performance)">Slide1</include>
	  <include condition="Skin.HasSetting(Performance)">Slide1p</include>
	  <include condition="!Skin.HasSetting(Performance)">Slide2</include>
	  <include condition="Skin.HasSetting(Performance)">Slide2p</include>
		<control type="label" id="2" description="Heading">
		  <height>75</height>
		  <include>LabelC11</include>
		  <label>-</label>
		  <posx>330</posx>
		  <posy>20</posy>
		  <width>1260</width>
		</control>
		<control type="grouplist" id="3" description="TopMenu">
		  <posx>190</posx>
		  <posy>95</posy>
		  <width>1540</width>
		  <align>center</align>
		  <height>80</height>
		  <itemgap>5</itemgap>
		  <onup>20</onup>
		  <ondown>5</ondown>
		  <orientation>horizontal</orientation>
		</control>
		<control type="grouplist" id="5" description="Stage">
		  <posx>250</posx>
		  <posy>200</posy>
		  <width>1420</width>
		  <height>830</height>
		  <onright>60</onright>
		  <onup>3</onup>
		  <ondown>noop</ondown>
		  <onright>3</onright>
		  <onleft>3</onleft>
		  <pagecontrol>60</pagecontrol>
		  <orientation>vertical</orientation>
		</control>
		<control type="button" id="7" description="Button (רגיל)">
		  <include>ButtonL2</include>
		  <!--<include condition="!StringCompare(System.Language,Hebrew)">ButtonL2</include>
		  <include condition="StringCompare(System.Language,Hebrew)">ButtonR2</include>-->
		</control>
		<control type="radiobutton" id="8" description="Radio Button">
		  <radioposx>1350</radioposx>
		  <include>ButtonL2</include>
		</control>
		<control type="spincontrolex" id="9" description="Spin control">
		  <width>1260</width>
		  <include>ButtonL2</include>
		</control>
		<control type="button" id="10" description="Category Button">
		  <width>380</width>
		  <texturenofocus border="40">buttons/ButtonE2.png</texturenofocus>
		  <include>ButtonC1</include>
		  <!--<onfocus condition="Skin.HasSetting(Admin)">Notification(onfocus,$INFO[System.CurrentControl],0)</onfocus>-->
		  <onfocus condition="SubString(System.CurrentControl,$LOCALIZE[1270]) + !SubString(System.CurrentControl,Skin.String(AirPlay2))">Skin.SetString(AirPlay2,$INFO[System.CurrentControl])</onfocus>
		</control>
		<control type="sliderex" id="13" description="*חדש">
		  <width>1260</width>
		  <include>ButtonL2</include>
		</control>
		<control type="textbox" id="6" description="תאור הגדרה">
		  <left>25</left>
		  <top>240</top>
		  <width>210</width>
		  <height>700</height>
		  <font>size24</font>
		  <align>justify</align>
		  <autoscroll time="3000" delay="4000" repeat="5000">true</autoscroll>
		  <visible>System.IdleTime(3)</visible>
		  <!--<visible>Skin.HasSetting(Admin2) | Skin.HasSetting(Admin)</visible>-->
		</control>
		<control type="button" id="20" description="Settings Level">
		  <include>ButtonC10</include>
		  <!--<visible>Skin.HasSetting(Admin) | Skin.HasSetting(Admin2) | Window.Previous(Custom1170.xml)</visible>-->
		  <posx>20</posx>
		  <posy>32</posy>
		  <height>40</height>
		  <onclick condition="!Skin.HasSetting(Admin2) + !Skin.HasSetting(Admin) + !Skin.HasSetting(ID40)">Notification($LOCALIZE[78957],$LOCALIZE[78956],2000)</onclick>
		  <onclick condition="Skin.HasSetting(Admin2) | Skin.HasSetting(Admin) | Skin.HasSetting(ID40)">SettingsLevelChange</onclick>
		  <onclick condition="Skin.HasSetting(Admin2) | Skin.HasSetting(Admin) | Skin.HasSetting(ID40)">Skin.SetString(SettingsLevel,$INFO[Control.GetLabel(20)])</onclick>
		  <ondown>3</ondown>
		  <include>4ways</include>
		</control>
	</control>
	<include>ScrollBar</include>
      
  </controls>
</window>