﻿<?xml version="1.0" encoding="UTF-8"?>
<window id="2002">
  <include condition="Skin.HasSetting(Performance) + !Player.HasVideo">Performance1</include>
  <type>dialog</type>
  <defaultcontrol always="true">10</defaultcontrol>
  <allowoverlay>no</allowoverlay>
  <onunload condition="Skin.String(CustomVAR)">Skin.SetString(CustomVAR,)</onunload>
  <onunload condition="Window.IsVisible(Startup.xml)">Control.SetFocus(10)</onunload>
  <onload condition="Window.IsVisible(Startup.xml) + SubString(Control.GetLabel(1),IsraeLIVE)">Dialog.Close(okdialog)</onload>
  <controls>
    <include>BottomMenuDialogOk</include>
  </controls>
</window>