<?xml version='1.0' encoding='UTF-8' standalone='yes'?>
<addon id="skin.htpt" version="0.1.30" name="HTPT SYSTEM" provider-name="finalmakerr">
  <requires>
    <import addon="xbmc.gui" version="5.3.0"/>
	<!--<import addon="xbmc.python" version="2.1.0"/>-->
	<!--<import addon="script.module.simplejson" version="2.0.10" />-->
	<import addon="script.htpt.install" version="0.0.9"/>
	<import addon="service.htpt" version="0.1.9"/>
	<import addon="script.htpt.debug" version="0.1.9"/>
	<import addon="service.htpt.fix" version="0.0.7"/>
	<import addon="script.htpt.smartbuttons" version="0.0.4"/>
	<import addon="script.htpt.homebuttons" version="0.1.11"/>
	<import addon="script.htpt.refresh" version="0.1.13"/>
	<import addon="script.htpt.remote" version="0.1.1"/>
	<import addon="script.htpt.widgets" version="0.1.0"/>
	<!--<import addon="script.htpt.emu" version="0.0.1"/>-->
	
	<import addon="script.favourites" version="3.2.5"/>
	<!--<import addon="metadata.universal" version="2.6.3"/>-->
	
	
  </requires>
  <extension point="xbmc.gui.skin" effectslowdown="1.0" debugging="false">
    <res width="1920" height="1080" aspect="16:9" default="true" folder="1080i"/>
  </extension>
  <extension point="xbmc.addon.metadata">
    <language>he en</language>
	<platform>all</platform>
    <summary>HTPT System Component</summary>
    <description>[B]INSTALL YOUR HTPT SYSTEM IN ONE CLICK![/B][CR][CR][B]REQUIREMENT:[/B][CR]- OpenELEC or Windows OS.[CR]- 400MB Free Space.[CR]- 1GB Memory RAM.</description>
    <disclaimer>YOU MAY ALSO REFER TO HTPT INSTALLER ADDON</disclaimer>
	<email>infohtpt@gmail.com</email>
	<website>https://www.facebook.com/pages/HTPT/934744346549707</website>
  </extension>
</addon>