<?xml version="1.0" encoding="UTF-8"?>
<window type="dialog" id="1173">
  <include condition="Skin.HasSetting(Performance)  + !Player.HasVideo">Performance1</include>
  <defaultcontrol always="true">100</defaultcontrol>
  <allowoverlay>yes</allowoverlay>

  <controls>
  	<control type="group" description="">
	  <!--<include>Backgrounds3</include>-->
	  <include>ScrollBar</include>
      <control type="group">
	    <control type="list" id="100" description="TopMenu">
		  <posx>460</posx>
		  <posy>40</posy>
		  <align>center</align>
		  <height>100</height>
		  <itemgap>5</itemgap>
		  <onleft>noop</onleft>
		  <onright>noop</onright>
		  <onup condition="Control.IsVisible(7011)">7017</onup>
		  <onup condition="Player.HasAudio">ActivateWindow(12901)</onup>
		  <ondown>50</ondown>
		  <preloaditems>2</preloaditems>
		  <pagecontrol>60</pagecontrol>	  
		  <scrolltime tween="sine" easing="inout">200</scrolltime>
		  <orientation>horizontal</orientation>
		  <width>1000</width>
		  <itemlayout width="250" height="70">
			<control type="image" description="מסגרת">
              <posx>0</posx>
              <posy>20</posy>
              <width>250</width>
              <height>75</height>
              <texture border="30">buttons/ButtonE2.png</texture>
            </control>
			<control type="label" description="שם">
              <include>LabelC3</include>
			  <posx>0</posx>
              <posy>20</posy>
              <width>250</width>
              <height>75</height>
			  <label>$INFO[ListItem.Label]</label>
			  <visible>!IsEmpty(ListItem.Label)</visible>
            </control>
		  </itemlayout>
          <focusedlayout height="75" width="250">
			<control type="image" description="מסגרת">
			  <include>Fade14</include>
              <posx>0</posx>
              <posy>20</posy>
              <width>250</width>
              <height>75</height>
              <texture border="30">buttons/ButtonE.png</texture>
            </control>
			<control type="label" description="שם">
              <textcolor>Yellow</textcolor>
			  <include>LabelC3</include>
			  <posx>0</posx>
              <posy>20</posy>
              <width>250</width>
              <height>75</height>
			  <scroll>true</scroll>
			  <label>$INFO[ListItem.Label]</label>
			  <visible>!IsEmpty(ListItem.Label)</visible>
            </control>
		  </focusedlayout>
		  <content>
			<item id="1" description="כללי">
				<label>128</label>
				<onclick>noop</onclick>
				<visible>!Skin.HasSetting(SkinDesign)</visible>
			</item>
			<item id="2">
				<label>משתמש</label>
				<onclick>noop</onclick>
				<visible>!Skin.HasSetting(SkinDesign)</visible>
			</item>
			<item id="3">
				<label>ביצועים</label>
				<onclick>noop</onclick>
				<visible>!Skin.HasSetting(SkinDesign)</visible>
			</item>
			<item id="4">
				<label>מתקדם</label>
				<onclick>noop</onclick>
				<visible>!Skin.HasSetting(SkinDesign)</visible>
			</item>
			<item id="5">
				<label>HTPT</label>
				<onclick>noop</onclick>
				<visible>Skin.String(MAC5,$LOCALIZE[70000]) + Skin.HasSetting(Admin) + !Skin.HasSetting(Admin2)</visible>
				<visible>!Skin.HasSetting(SkinDesign)</visible>
			</item>
			
			<item id="20" description="בית">
				<label>$LOCALIZE[76202]</label>
				<onclick>noop</onclick>
				<visible>Skin.HasSetting(SkinDesign)</visible>
			</item>
			
			<item id="21" description="גלובלי">
				<label>$LOCALIZE[74839]</label>
				<onclick>noop</onclick>
				<visible>Skin.HasSetting(SkinDesign)</visible>
			</item>
			
			<item id="25" description="מתקדם">
				<label>10038</label>
				<onclick>noop</onclick>
				<visible>Skin.HasSetting(SkinDesign)</visible>
			</item>
			
		  </content>
        </control>
        <control type="Panel" id="50">
          <posx>20</posx>
          <posy>150</posy>
          <width>1880</width>
          <height>960</height>
		  <onup>100</onup>
		  <onleft condition="Skin.HasSetting(ViewsMenuOff) + Control.IsVisible(7011)">7017</onleft>
		  <onleft condition="Skin.HasSetting(ViewsMenuOff) + Player.HasAudio">ActivateWindow(12901)</onleft>
		  <onright condition="Control.IsVisible(60)">60</onright>
		  <onright condition="!Control.IsVisible(60) + Control.IsVisible(7011)">7017</onright>
		  <onright condition="!Control.IsVisible(60) + Player.HasAudio">ActivateWindow(12901)</onright>
		  <onup>100</onup>			  
		  <ondown>noop</ondown>
		  <preloaditems>2</preloaditems>
		  <pagecontrol>60</pagecontrol>	  
		  <scrolltime tween="sine" easing="inout">200</scrolltime>
          <pagecontrol>60</pagecontrol>
		  <itemlayout description="(כללי)" height="100" width="960">
			<control type="image" description="מסגרת">
              <posx>500</posx>
              <posy>20</posy>
              <width>880</width>
              <height>100</height>
              <texture background="true" border="30">buttons/ButtonE2.png</texture>
			  <visible></visible>
            </control>
			<control type="image" description="מסגרת2">
              <posx>500</posx>
              <posy>20</posy>
              <width>880</width>
              <height>100</height>
              <texture background="true" border="30">$INFO[ListItem.Icon]</texture>
            </control>	
			<control type="label" description="שם">
              <include>LabelC3</include>
			  <posx>600</posx>
              <posy>32</posy>
              <width>700</width>
              <height>70</height>
			  <label>$INFO[ListItem.Label]</label>
			  <visible>!IsEmpty(ListItem.Label)</visible>
            </control>	
			<control type="label" description="נתון">
              <align>left</align>
			  <textcolor>Grey2</textcolor>
			  <include>LabelC3</include>
			  <posx>530</posx>
              <posy>32</posy>
              <width>200</width>
              <height>70</height>
			  <label>$INFO[ListItem.Label2]</label>
			  <visible>!IsEmpty(ListItem.Label2)</visible>
            </control>  				
			</itemlayout>
          <focusedlayout description="(כללי)" height="100" width="960">    
			<control type="image" description="מסגרת"> 
			  <height>100</height>
			  <posx>500</posx>
              <posy>20</posy>
              <width>880</width>
              <texture background="true" border="30">buttons/ButtonE.png</texture>
            </control>
			<control type="label" description="שם">
              <textcolor>Yellow</textcolor>
			  <include>LabelC3</include>
			  <posx>600</posx>
              <posy>32</posy>
              <width>700</width>
              <height>70</height>
			  <scroll>true</scroll>
			  <label>$INFO[ListItem.Label]</label>
			  <visible>!IsEmpty(ListItem.Label)</visible>
            </control> 
			<control type="label" description="נתון">
              <align>left</align>
			  <textcolor>Yellow</textcolor>
			  <include>LabelC3</include>
			  <posx>530</posx>
              <posy>32</posy>
              <width>200</width>
              <height>70</height>
			  <scroll>true</scroll>
			  <label>$INFO[ListItem.Label2]</label>
			  <visible>!IsEmpty(ListItem.Label2)</visible>
            </control>
          </focusedlayout>        		
		  <content>
		  
		  <!--200-249 מסך בית מותאם אישי-->
		  <item id="200" description="סמן בחירה (כפתור)">
			<visible>Skin.HasSetting(SelectionMarker)</visible>
			<icon>buttons/ButtonE4.png</icon>
			<label>$LOCALIZE[78021] ($LOCALIZE[78219])</label>
			<label2>107</label2>
			<onclick>Skin.ToggleSetting(SelectionMarker)</onclick>
			<visible>Container(100).Hasfocus(20)</visible>
		  </item>
		  <item id="200" description="סמן בחירה (כפתור)">
			<visible>!Skin.HasSetting(SelectionMarker)</visible>
			<icon>buttons/ButtonE2.png</icon>
            <label>$LOCALIZE[78021] ($LOCALIZE[78219])</label>
            <label2>106</label2>
            <onclick>Skin.ToggleSetting(SelectionMarker)</onclick>
			<visible>Container(100).Hasfocus(20)</visible>
		  </item>
		  <item id="201" description="סמן בחירה 2 (כפתור)">
			<visible>!Skin.HasSetting(SelectionMarker2)</visible>
			<icon>buttons/ButtonE2.png</icon>
            <label>$LOCALIZE[78021] 2 ($LOCALIZE[78219])</label>
            <label2>106</label2>
            <onclick>Skin.ToggleSetting(SelectionMarker2)</onclick>
			<visible>Container(100).Hasfocus(20)</visible>
		  </item>
		  <item id="201" description="סמן בחירה 2 (כפתור)">
			<visible>Skin.HasSetting(SelectionMarker2)</visible>
			<icon>buttons/ButtonE4.png</icon>
			<label>$LOCALIZE[78021] 2 ($LOCALIZE[78219])</label>
			<label2>107</label2>
			<onclick>Skin.ToggleSetting(SelectionMarker2)</onclick>
			<visible>Container(100).Hasfocus(20)</visible>
		  </item>
		  <item id="203" description="צללית (כפתור)">
			<visible>!Skin.HasSetting(ShadowButton)</visible>
			<icon>buttons/ButtonE2.png</icon>
            <label>$LOCALIZE[78218] ($LOCALIZE[78219])</label>
            <label2>106</label2>
            <onclick>Skin.ToggleSetting(ShadowButton)</onclick>
			<visible>Container(100).Hasfocus(20)</visible>
		  </item>
		  <item id="203" description="צללית (כפתור)">
			<visible>Skin.HasSetting(ShadowButton)</visible>
			<icon>buttons/ButtonE4.png</icon>
			<label>$LOCALIZE[78218] ($LOCALIZE[78219])</label>
			<label2>107</label2>
			<onclick>Skin.ToggleSetting(ShadowButton)</onclick>
			<visible>Container(100).Hasfocus(20)</visible>
		  </item>
		  <item id="204" description="שקופית (כפתור)">
			<visible>!Skin.HasSetting(OverlayButton)</visible>
			<icon>buttons/ButtonE4.png</icon>
			<label>$LOCALIZE[78217] ($LOCALIZE[78219])</label>
			<label2>106</label2>
			<onclick>Skin.ToggleSetting(OverlayButton)</onclick>
			<visible>Container(100).Hasfocus(20)</visible>
		  </item>
		  <item id="204" description="שקופית (כפתור)">
			<visible>Skin.HasSetting(OverlayButton)</visible>
			<icon>buttons/ButtonE2.png</icon>
            <label>$LOCALIZE[78217] ($LOCALIZE[78219])</label>
            <label2>107</label2>
            <onclick>Skin.ToggleSetting(OverlayButton)</onclick>
			<visible>Container(100).Hasfocus(20)</visible>
		  </item>
		  <item id="210" description="שקיפות אייקון נבחר (כפתור)">
			<visible></visible>
			<icon>buttons/ButtonE2.png</icon>
			<label>$LOCALIZE[78215] $LOCALIZE[78216] ($LOCALIZE[78219])</label>
			<label2>$INFO[Skin.String(IconOverlayButton)]</label2>
			<onclick condition="skin.string(IconOverlayButton, 100) | !skin.string(IconOverlayButton)">Skin.SetString(IconOverlayButton, 95)</onclick>
			<onclick condition="skin.string(IconOverlayButton, 95)">Skin.SetString(IconOverlayButton, 90)</onclick>
			<onclick condition="skin.string(IconOverlayButton, 90)">Skin.SetString(IconOverlayButton, 85)</onclick>
			<onclick condition="skin.string(IconOverlayButton, 85)">Skin.SetString(IconOverlayButton, 80)</onclick>
			<onclick condition="skin.string(IconOverlayButton, 80)">Skin.SetString(IconOverlayButton, 70)</onclick>
			<onclick condition="skin.string(IconOverlayButton, 70)">Skin.SetString(IconOverlayButton, 60)</onclick>
			<onclick condition="skin.string(IconOverlayButton, 60)">Skin.SetString(IconOverlayButton, 40)</onclick>
			<onclick condition="skin.string(IconOverlayButton, 40)">Skin.SetString(IconOverlayButton, 30)</onclick>
			<onclick condition="skin.string(IconOverlayButton, 30)">Skin.SetString(IconOverlayButton, 20)</onclick>
			<onclick condition="skin.string(IconOverlayButton, 20)">Skin.SetString(IconOverlayButton, 100)</onclick>
			<!--<onclick condition="!Player.HasVideo">RunScript(script.htpt.smartbuttons,,?mode=200)</onclick>
			<onclick condition="Player.HasVideo">Notification($LOCALIZE[257],$LOCALIZE[70100],2000)</onclick>-->
			<visible>Container(100).Hasfocus(20)</visible>
		  </item>
		  
		  <item id="250" description="שקיפות (רקע ראשי)">
			<visible></visible>
			<icon>buttons/ButtonE2.png</icon>
			<label>$LOCALIZE[78215] ($LOCALIZE[78214])</label>
			<label2>$INFO[Skin.String(MainBackgroundOverlay)]</label2>
			<onclick condition="skin.string(MainBackgroundOverlay, 100) | !skin.string(MainBackgroundOverlay)">Skin.SetString(MainBackgroundOverlay, 95)</onclick>
			<onclick condition="skin.string(MainBackgroundOverlay, 95)">Skin.SetString(MainBackgroundOverlay, 90)</onclick>
			<onclick condition="skin.string(MainBackgroundOverlay, 90)">Skin.SetString(MainBackgroundOverlay, 85)</onclick>
			<onclick condition="skin.string(MainBackgroundOverlay, 85)">Skin.SetString(MainBackgroundOverlay, 80)</onclick>
			<onclick condition="skin.string(MainBackgroundOverlay, 80)">Skin.SetString(MainBackgroundOverlay, 70)</onclick>
			<onclick condition="skin.string(MainBackgroundOverlay, 70)">Skin.SetString(MainBackgroundOverlay, 60)</onclick>
			<onclick condition="skin.string(MainBackgroundOverlay, 60)">Skin.SetString(MainBackgroundOverlay, 40)</onclick>
			<onclick condition="skin.string(MainBackgroundOverlay, 40)">Skin.SetString(MainBackgroundOverlay, 30)</onclick>
			<onclick condition="skin.string(MainBackgroundOverlay, 30)">Skin.SetString(MainBackgroundOverlay, 20)</onclick>
			<onclick condition="skin.string(MainBackgroundOverlay, 20)">Skin.SetString(MainBackgroundOverlay, 100)</onclick>
			<!--<onclick condition="!Player.HasVideo">RunScript(script.htpt.smartbuttons,,?mode=200)</onclick>
			<onclick condition="Player.HasVideo">Notification($LOCALIZE[257],$LOCALIZE[70100],2000)</onclick>-->
			<visible>Container(100).Hasfocus(21)</visible>
		  </item>
		  <item id="252" description="טקסטורה (רקע ראשי)">
			<visible>!Skin.HasSetting(MainBackgroundTexture)</visible>
			<icon>buttons/ButtonE2.png</icon>
			<label>$LOCALIZE[78018] ($LOCALIZE[78214])</label>
			<label2>106</label2>
			<onclick>Skin.ToggleSetting(MainBackgroundTexture)</onclick>
			<visible>Container(100).Hasfocus(21)</visible>
		  </item>
		  <item id="252" description="טקסטורה (רקע ראשי)">
		    <visible>Skin.HasSetting(MainBackgroundTexture)</visible>
			<icon>buttons/ButtonE4.png</icon>
			<label>$LOCALIZE[78018] ($LOCALIZE[78214])</label>
			<label2>107</label2>
			<onclick>Skin.ToggleSetting(MainBackgroundTexture)</onclick>
			<visible>Container(100).Hasfocus(21)</visible>
		  </item>
		  
		  <item id="253" description="בחירת צבע (פס עליון)">
			<visible>!Skin.String(TopInformationColor) | Skin.String(TopInformationColor,$LOCALIZE[762])</visible>
			<icon>buttons/ButtonE2.png</icon>
			<label>$LOCALIZE[78020] ($LOCALIZE[78019])</label>
			<label2>$INFO[Skin.String(TopInformationColor_)]</label2>
			<onclick>SetFocus(9003)</onclick>
			<visible>Container(100).Hasfocus(21)</visible>
		  </item>
		  <item id="253" description="בחירת צבע (פס עליון)">
		    <visible>Skin.String(TopInformationColor) + !Skin.String(TopInformationColor,$LOCALIZE[762])</visible>
			<icon>buttons/ButtonE4.png</icon>
			<label>$LOCALIZE[78020] ($LOCALIZE[78019])</label>
			<label2>$INFO[Skin.String(TopInformationColor_)]</label2>
			<onclick>SetFocus(9003)</onclick>
			<visible>Container(100).Hasfocus(21)</visible>
		  </item>
		  <item id="254" description="שקיפות (פס עליון)">
			<icon>buttons/ButtonE2.png</icon>
			<label>$LOCALIZE[78215] ($LOCALIZE[78019])</label>
			<label2>$INFO[Skin.String(TopInformationOverlay)]</label2>
			<onclick condition="skin.string(TopInformationOverlay, 100) | !skin.string(TopInformationOverlay)">Skin.SetString(TopInformationOverlay, 95)</onclick>
			<onclick condition="skin.string(TopInformationOverlay, 95)">Skin.SetString(TopInformationOverlay, 90)</onclick>
			<onclick condition="skin.string(TopInformationOverlay, 90)">Skin.SetString(TopInformationOverlay, 85)</onclick>
			<onclick condition="skin.string(TopInformationOverlay, 85)">Skin.SetString(TopInformationOverlay, 80)</onclick>
			<onclick condition="skin.string(TopInformationOverlay, 80)">Skin.SetString(TopInformationOverlay, 70)</onclick>
			<onclick condition="skin.string(TopInformationOverlay, 70)">Skin.SetString(TopInformationOverlay, 60)</onclick>
			<onclick condition="skin.string(TopInformationOverlay, 60)">Skin.SetString(TopInformationOverlay, 40)</onclick>
			<onclick condition="skin.string(TopInformationOverlay, 40)">Skin.SetString(TopInformationOverlay, 30)</onclick>
			<onclick condition="skin.string(TopInformationOverlay, 30)">Skin.SetString(TopInformationOverlay, 20)</onclick>
			<onclick condition="skin.string(TopInformationOverlay, 20)">Skin.SetString(TopInformationOverlay, 100)</onclick>
			<!--<onclick>Close</onclick>-->
			
			
			
			<!--<onclick condition="!Player.HasVideo">RunScript(script.htpt.smartbuttons,,?mode=200)</onclick>
			<onclick condition="Player.HasVideo">Notification($LOCALIZE[257],$LOCALIZE[70100],2000)</onclick>-->
			<visible>Container(100).Hasfocus(21)</visible>
		  </item>
		  <item id="255" description="בחירת צבע (פרטי וידאו)">
			<visible>!Skin.String(TopVideoInformationColor) | Skin.String(TopVideoInformationColor,$LOCALIZE[762])</visible>
			<icon>buttons/ButtonE2.png</icon>
			<label>$LOCALIZE[78020] ($LOCALIZE[20159])</label>
			<label2>$INFO[Skin.String(TopVideoInformationColor_)]</label2>
			<onclick>SetFocus(9003)</onclick>
			<visible>Container(100).Hasfocus(21)</visible>
		  </item>
		  <item id="255" description="בחירת צבע (פרטי וידאו)">
		    <visible>Skin.String(TopVideoInformationColor) + !Skin.String(TopVideoInformationColor,$LOCALIZE[762])</visible>
			<icon>buttons/ButtonE4.png</icon>
			<label>$LOCALIZE[78020] ($LOCALIZE[20159])</label>
			<label2>$INFO[Skin.String(TopVideoInformationColor_)]</label2>
			<onclick>SetFocus(9003)</onclick>
			<visible>Container(100).Hasfocus(21)</visible>
		  </item>
		  <item id="256" description="שקיפות (פרטי וידאו)">
			<icon>buttons/ButtonE2.png</icon>
			<label>$LOCALIZE[78215] ($LOCALIZE[20159])</label>
			<label2>$INFO[Skin.String(TopVideoInformationOverlay)]</label2>
			<onclick condition="skin.string(TopVideoInformationOverlay, 100) | !skin.string(TopVideoInformationOverlay)">Skin.SetString(TopVideoInformationOverlay, 95)</onclick>
			<onclick condition="skin.string(TopVideoInformationOverlay, 95)">Skin.SetString(TopVideoInformationOverlay, 90)</onclick>
			<onclick condition="skin.string(TopVideoInformationOverlay, 90)">Skin.SetString(TopVideoInformationOverlay, 85)</onclick>
			<onclick condition="skin.string(TopVideoInformationOverlay, 85)">Skin.SetString(TopVideoInformationOverlay, 80)</onclick>
			<onclick condition="skin.string(TopVideoInformationOverlay, 80)">Skin.SetString(TopVideoInformationOverlay, 70)</onclick>
			<onclick condition="skin.string(TopVideoInformationOverlay, 70)">Skin.SetString(TopVideoInformationOverlay, 60)</onclick>
			<onclick condition="skin.string(TopVideoInformationOverlay, 60)">Skin.SetString(TopVideoInformationOverlay, 40)</onclick>
			<onclick condition="skin.string(TopVideoInformationOverlay, 40)">Skin.SetString(TopVideoInformationOverlay, 30)</onclick>
			<onclick condition="skin.string(TopVideoInformationOverlay, 30)">Skin.SetString(TopVideoInformationOverlay, 20)</onclick>
			<onclick condition="skin.string(TopVideoInformationOverlay, 20)">Skin.SetString(TopVideoInformationOverlay, 100)</onclick>
			<!--<onclick condition="!Player.HasVideo">RunScript(script.htpt.smartbuttons,,?mode=200)</onclick>
			<onclick condition="Player.HasVideo">Notification($LOCALIZE[257],$LOCALIZE[70100],2000)</onclick>-->
			<visible>Container(100).Hasfocus(21)</visible>
		  </item>		  
		  <item id="265" description="שקיפות (רקע ראשי עליון)">
			<icon>buttons/ButtonE2.png</icon>
			<label>$LOCALIZE[78215] ($LOCALIZE[78017])</label>
			<label2>$INFO[Skin.String(TopMainBackgroundOverlay)]</label2>
			<onclick condition="skin.string(TopMainBackgroundOverlay, 100) | !skin.string(TopMainBackgroundOverlay)">Skin.SetString(TopMainBackgroundOverlay, 95)</onclick>
			<onclick condition="skin.string(TopMainBackgroundOverlay, 95)">Skin.SetString(TopMainBackgroundOverlay, 90)</onclick>
			<onclick condition="skin.string(TopMainBackgroundOverlay, 90)">Skin.SetString(TopMainBackgroundOverlay, 85)</onclick>
			<onclick condition="skin.string(TopMainBackgroundOverlay, 85)">Skin.SetString(TopMainBackgroundOverlay, 80)</onclick>
			<onclick condition="skin.string(TopMainBackgroundOverlay, 80)">Skin.SetString(TopMainBackgroundOverlay, 70)</onclick>
			<onclick condition="skin.string(TopMainBackgroundOverlay, 70)">Skin.SetString(TopMainBackgroundOverlay, 60)</onclick>
			<onclick condition="skin.string(TopMainBackgroundOverlay, 60)">Skin.SetString(TopMainBackgroundOverlay, 40)</onclick>
			<onclick condition="skin.string(TopMainBackgroundOverlay, 40)">Skin.SetString(TopMainBackgroundOverlay, 30)</onclick>
			<onclick condition="skin.string(TopMainBackgroundOverlay, 30)">Skin.SetString(TopMainBackgroundOverlay, 20)</onclick>
			<onclick condition="skin.string(TopMainBackgroundOverlay, 20)">Skin.SetString(TopMainBackgroundOverlay, 100)</onclick>
			<visible>Container(100).Hasfocus(21)</visible>
		  </item>
		  <item id="270" description="שקיפות (תפריט שמאל)">
			<visible>!Skin.String(LeftMenuOverlay) | Skin.String(LeftMenuOverlay,70)</visible>
			<icon>buttons/ButtonE2.png</icon>
			<label>$LOCALIZE[78215] ($LOCALIZE[78928])</label>
			<label2>$INFO[Skin.String(LeftMenuOverlay)]</label2>
			<onclick condition="skin.string(LeftMenuOverlay, 100) | !skin.string(LeftMenuOverlay)">Skin.SetString(LeftMenuOverlay, 95)</onclick>
			<onclick condition="skin.string(LeftMenuOverlay, 95)">Skin.SetString(LeftMenuOverlay, 90)</onclick>
			<onclick condition="skin.string(LeftMenuOverlay, 90)">Skin.SetString(LeftMenuOverlay, 85)</onclick>
			<onclick condition="skin.string(LeftMenuOverlay, 85)">Skin.SetString(LeftMenuOverlay, 80)</onclick>
			<onclick condition="skin.string(LeftMenuOverlay, 80)">Skin.SetString(LeftMenuOverlay, 70)</onclick>
			<onclick condition="skin.string(LeftMenuOverlay, 70)">Skin.SetString(LeftMenuOverlay, 60)</onclick>
			<onclick condition="skin.string(LeftMenuOverlay, 60)">Skin.SetString(LeftMenuOverlay, 40)</onclick>
			<onclick condition="skin.string(LeftMenuOverlay, 40)">Skin.SetString(LeftMenuOverlay, 30)</onclick>
			<onclick condition="skin.string(LeftMenuOverlay, 30)">Skin.SetString(LeftMenuOverlay, 20)</onclick>
			<onclick condition="skin.string(LeftMenuOverlay, 20)">Skin.SetString(LeftMenuOverlay, 100)</onclick>
			<visible>Container(100).Hasfocus(21)</visible>
		  </item>
		  <item id="273" description="שקיפות (תפריט תחתון)">
			<icon>buttons/ButtonE2.png</icon>
			<label>$LOCALIZE[78215] ($LOCALIZE[74435])</label>
			<label2>$INFO[Skin.String(BottomMenuOverlay)]</label2>
			<onclick condition="skin.string(BottomMenuOverlay, 100) | !skin.string(BottomMenuOverlay)">Skin.SetString(BottomMenuOverlay, 95)</onclick>
			<onclick condition="skin.string(BottomMenuOverlay, 95)">Skin.SetString(BottomMenuOverlay, 90)</onclick>
			<onclick condition="skin.string(BottomMenuOverlay, 90)">Skin.SetString(BottomMenuOverlay, 85)</onclick>
			<onclick condition="skin.string(BottomMenuOverlay, 85)">Skin.SetString(BottomMenuOverlay, 80)</onclick>
			<onclick condition="skin.string(BottomMenuOverlay, 80)">Skin.SetString(BottomMenuOverlay, 70)</onclick>
			<onclick condition="skin.string(BottomMenuOverlay, 70)">Skin.SetString(BottomMenuOverlay, 60)</onclick>
			<onclick condition="skin.string(BottomMenuOverlay, 60)">Skin.SetString(BottomMenuOverlay, 40)</onclick>
			<onclick condition="skin.string(BottomMenuOverlay, 40)">Skin.SetString(BottomMenuOverlay, 30)</onclick>
			<onclick condition="skin.string(BottomMenuOverlay, 30)">Skin.SetString(BottomMenuOverlay, 20)</onclick>
			<onclick condition="skin.string(BottomMenuOverlay, 20)">Skin.SetString(BottomMenuOverlay, 100)</onclick>
			<visible>Container(100).Hasfocus(21)</visible>
		  </item>
		  <item id="276" description="שקיפות (תפריט אמצע)">
			<icon>buttons/ButtonE2.png</icon>
			<label>$LOCALIZE[78215] ($LOCALIZE[74436])</label>
			<label2>$INFO[Skin.String(CenterMenuOverlay)]</label2>
			<onclick condition="skin.string(CenterMenuOverlay, 100) | !skin.string(CenterMenuOverlay)">Skin.SetString(CenterMenuOverlay, 95)</onclick>
			<onclick condition="skin.string(CenterMenuOverlay, 95)">Skin.SetString(CenterMenuOverlay, 90)</onclick>
			<onclick condition="skin.string(CenterMenuOverlay, 90)">Skin.SetString(CenterMenuOverlay, 85)</onclick>
			<onclick condition="skin.string(CenterMenuOverlay, 85)">Skin.SetString(CenterMenuOverlay, 80)</onclick>
			<onclick condition="skin.string(CenterMenuOverlay, 80)">Skin.SetString(CenterMenuOverlay, 70)</onclick>
			<onclick condition="skin.string(CenterMenuOverlay, 70)">Skin.SetString(CenterMenuOverlay, 60)</onclick>
			<onclick condition="skin.string(CenterMenuOverlay, 60)">Skin.SetString(CenterMenuOverlay, 40)</onclick>
			<onclick condition="skin.string(CenterMenuOverlay, 40)">Skin.SetString(CenterMenuOverlay, 30)</onclick>
			<onclick condition="skin.string(CenterMenuOverlay, 30)">Skin.SetString(CenterMenuOverlay, 20)</onclick>
			<onclick condition="skin.string(CenterMenuOverlay, 20)">Skin.SetString(CenterMenuOverlay, 100)</onclick>
			
			<visible>Container(100).Hasfocus(21)</visible>
		  </item>
		  
		  <item id="390" description="איפוס הגדרות">
			<visible></visible>
			<icon>buttons/ButtonE2.png</icon>
			<label>$LOCALIZE[10035] $LOCALIZE[10507]</label>
			<label2></label2>
			<onclick>RunScript(script.htpt.smartbuttons,,?mode=201)</onclick>
			<visible>Container(100).Hasfocus(25)</visible>
		  </item>
		  <item id="391" description="שמירה וטעינת הגדרות עיצוב">
			<visible></visible>
			<icon>buttons/ButtonE2.png</icon>
			<label>$LOCALIZE[74444]</label>
			<label2></label2>
			<onclick>RunScript(script.htpt.smartbuttons,,?mode=203)</onclick>
			<visible>Container(100).Hasfocus(25)</visible>
		  </item>
        </content>
		</control>
      </control>
	  <include>AdditionalInformation</include>
	  
	  <include>colortest</include>
    </control>
  </controls>
</window>
