<?xml version="1.0" encoding="UTF-8"?>
<window id="1172" description="חשבונות משתמש">
  <include condition="Skin.HasSetting(Performance)  + !Player.HasVideo">Performance1</include>
  <defaultcontrol always="true">100</defaultcontrol>
  <allowoverlay>no</allowoverlay>
  <onunload condition="Skin.HasSetting(fixhtpt)">Skin.ToggleSetting(fixhtpt)</onunload>
  <controls>
  	<control type="group" description="">
	  <include>Backgrounds3</include>
	  <include>ScrollBar</include>	   
      <control type="group">
	    <control type="list" id="100" description="TopMenu">
		  <include condition="!Skin.HasSetting(Performance)">Slide1</include>
		  <include condition="Skin.HasSetting(Performance)">Slide1p</include>
		  <include condition="!Skin.HasSetting(Performance)">Slide2</include>
		  <include condition="Skin.HasSetting(Performance)">Slide2p</include>
		  <posx>460</posx>
		  <posy>40</posy>
		  <align>center</align>
		  <height>100</height>
		  <itemgap>5</itemgap>
		  <onleft>noop</onleft>
		  <onright>noop</onright>
		  <onup condition="Control.IsVisible(7011)">7017</onup>
		  <onup condition="Player.HasAudio">ActivateWindow(12901)</onup>
		  <ondown>50</ondown>
		  <preloaditems>2</preloaditems>
		  <pagecontrol>60</pagecontrol>
		  <scrolltime tween="sine" easing="inout">200</scrolltime>
		  <orientation>horizontal</orientation>
		  <width>1000</width>
		  <itemlayout width="250" height="70">
			<control type="image" description="מסגרת">
              <posx>0</posx>
              <posy>0</posy>
              <width>250</width>
              <height>75</height>
              <texture border="30">buttons/ButtonE2.png</texture>
            </control>
			<control type="label" description="שם">
              <include>LabelC3</include>
			  <posx>0</posx>
              <posy>0</posy>
              <width>250</width>
              <height>75</height>
			  <label>$INFO[ListItem.Label]</label>
			  <visible>!IsEmpty(ListItem.Label)</visible>
            </control>
		  </itemlayout>
          <focusedlayout height="75" width="250">
			<control type="image" description="מסגרת">
              <posx>0</posx>
              <posy>0</posy>
              <width>250</width>
              <height>75</height>
              <texture border="30">buttons/ButtonE.png</texture>
            </control>
			<control type="label" description="שם">
              <textcolor>Yellow</textcolor>
			  <include>LabelC3</include>
			  <posx>0</posx>
              <posy>0</posy>
              <width>250</width>
              <height>75</height>
			  <scroll>true</scroll>
			  <label>$INFO[ListItem.Label]</label>
			  <visible>!IsEmpty(ListItem.Label)</visible>
            </control>
		  </focusedlayout>
		  <content>
			<item id="1" description="כללי">
				<label>128</label>
				<onclick>noop</onclick>
			</item>
			<item id="2" description="וידאו">
				<label>3</label>
				<onclick>noop</onclick>
				<visible>false</visible>
			</item>
			<item id="3">
				<label>כלים</label>
				<onclick>noop</onclick>
				<visible>false</visible>
			</item>
			<item id="4">
				<label>מתקדם</label>
				<onclick>noop</onclick>
				<visible>false</visible>
			</item>
			<item id="5">
				<label>HTPT</label>
				<onclick>noop</onclick>
				<visible>false</visible>
			</item>
		  </content>
        </control>
        <control type="panel" id="50">
		  <include condition="!Skin.HasSetting(Performance)">Slide1</include>
		  <include condition="Skin.HasSetting(Performance)">Slide1p</include>
		  <include condition="!Skin.HasSetting(Performance)">Slide2</include>
		  <include condition="Skin.HasSetting(Performance)">Slide2p</include>
          <posx>20</posx>
          <posy>120</posy>
          <width>1880</width>
          <height>920</height>
		  <onup>100</onup>
		  <onleft condition="Skin.HasSetting(ViewsMenuOff) + Control.IsVisible(7011)">7017</onleft>
		  <onleft condition="Skin.HasSetting(ViewsMenuOff) + Player.HasAudio">ActivateWindow(12901)</onleft>
		  <onright condition="Control.IsVisible(60)">60</onright>
		  <onright condition="!Control.IsVisible(60) + Control.IsVisible(7011)">7017</onright>
		  <onright condition="!Control.IsVisible(60) + Player.HasAudio">ActivateWindow(12901)</onright>
		  <onup>100</onup>			  
		  <ondown>noop</ondown>
		  <preloaditems>2</preloaditems>
		  <pagecontrol>60</pagecontrol>	  
		  <scrolltime tween="sine" easing="inout">200</scrolltime>
		  <itemlayout description="(כללי)" height="100" width="960">
			<control type="image" description="מסגרת">
              <posx>500</posx>
              <posy>20</posy>
              <width>880</width>
              <height>100</height>
              <texture background="true" border="30">buttons/ButtonE2.png</texture>
            </control>				
			<control type="label" description="שם">
              <include>LabelC3</include>
			  <posx>600</posx>
              <posy>32</posy>
              <width>690</width>
              <height>70</height>
			  <label>$INFO[ListItem.Label]</label>
			  <visible>!IsEmpty(ListItem.Label)</visible>
            </control>	
			<control type="label" description="נתון">
              <align>left</align>
			  <textcolor>Red</textcolor>
			  <include>LabelC3</include>
			  <posx>600</posx>
              <posy>32</posy>
              <width>200</width>
              <height>70</height>
			  <label>$INFO[ListItem.Label2]</label>
			  <visible>!IsEmpty(ListItem.Label2)</visible>
            </control>
			<control type="image" description="אייקון">
              <animation condition="true" effect="fade" start="50" end="50" time="220">Conditional</animation>
			  <posx>510</posx>
              <posy>27</posy>
              <width>90</width>
              <height>90</height>
              <texture>$INFO[ListItem.Thumb]</texture>
            </control>
			</itemlayout>
          <focusedlayout description="(כללי)" height="100" width="960">    
			<control type="image" description="מסגרת"> 
			  <height>100</height>
			  <posx>500</posx>
              <posy>20</posy>
              <width>880</width>
              <texture background="true" border="30">buttons/ButtonE.png</texture>
            </control>
			<control type="label" description="שם">
              <textcolor>Yellow</textcolor>
			  <include>LabelC3</include>
			  <posx>600</posx>
              <posy>32</posy>
              <width>700</width>
              <height>70</height>
			  <scroll>true</scroll>
			  <label>$INFO[ListItem.Label]</label>
			  <visible>!IsEmpty(ListItem.Label)</visible>
            </control>
			<control type="label" description="נתון">
              <align>left</align>
			  <textcolor>Red</textcolor>
			  <include>LabelC3</include>
			  <posx>600</posx>
              <posy>32</posy>
              <width>200</width>
              <height>70</height>
			  <scroll>true</scroll>
			  <label>$INFO[ListItem.Label2]</label>
			  <visible>!IsEmpty(ListItem.Label2)</visible>
            </control>
			<control type="image" description="אייקון">
			  <posx>510</posx>
              <posy>27</posy>
              <width>90</width>
              <height>90</height>
              <texture>$INFO[ListItem.Thumb]</texture>
            </control>
          </focusedlayout>
		  <content>
			  <item id="94" description="TRAKT.TV-חשבון פעיל ב">
				<visible>Skin.HasSetting(Account10_Active)</visible>
				<label>$LOCALIZE[78969] - TRAKT TV</label>
				<label2>107</label2>
				<onclick>RunScript(script.htpt.smartbuttons,,?mode=94)</onclick>
				<visible>Container(100).Hasfocus(1)</visible>
			  </item>
			  <item id="94" description="TRAKT.TV-חשבון פעיל ב">
				<visible>!Skin.HasSetting(Account10_Active)</visible>
				<label>$LOCALIZE[78969] - TRAKT TV</label>
				<label2>106</label2>
				<onclick>RunScript(script.htpt.smartbuttons,,?mode=94)</onclick>
				<visible>Container(100).Hasfocus(1)</visible>
			  </item>
			  <item id="95" description="SDAROT TV-חשבון פעיל ב">
				<visible>Skin.HasSetting(Account2_Active)</visible>
				<label>($INFO[Skin.String(Account2_Period)]) $LOCALIZE[78969] - SDAROT TV</label>
				<label2>107</label2>
				<onclick>RunScript(script.htpt.smartbuttons,,?mode=95)</onclick>
				<visible>Container(100).Hasfocus(1)</visible>
			  </item>
			  <item id="95" description="SDAROT TV-חשבון פעיל ב">
				<visible>!Skin.HasSetting(Account2_Active)</visible>
				<label>$LOCALIZE[78969] - SDAROT TV</label>
				<label2>106</label2>
				<onclick>RunScript(script.htpt.smartbuttons,,?mode=95)</onclick>
				<visible>Container(100).Hasfocus(1)</visible>
			  </item>
			  <item id="96" description="NOOBROOM-חשבון פעיל ב">
				<visible>Skin.HasSetting(Account5_Active)</visible>
				<label>($INFO[Skin.String(Account5_Period)]) $LOCALIZE[78969] - NOOBRROM</label>
				<label2>107</label2>
				<onclick>RunScript(script.htpt.smartbuttons,,?mode=96)</onclick>
				<visible>Container(100).Hasfocus(1)</visible>
			  </item>
			  <item id="96" description="NOOBROOM-חשבון פעיל ב">
				<visible>!Skin.HasSetting(Account5_Active)</visible>
				<label>$LOCALIZE[78969] - NOOBRROM</label>
				<label2>106</label2>
				<onclick>RunScript(script.htpt.smartbuttons,,?mode=96)</onclick>
				<visible>Container(100).Hasfocus(1)</visible>
			  </item>
			  <item id="97" description="PREMIUMIZE-חשבון פעיל ב">
				<visible>Skin.HasSetting(Account4_Active)</visible>
				<label>($INFO[Skin.String(Account4_Period)]) $LOCALIZE[78969] - PREMIUMIZE</label>
				<label2>107</label2>
				<onclick>RunScript(script.htpt.smartbuttons,,?mode=97)</onclick>
				<visible>Container(100).Hasfocus(1)</visible>
			  </item>
			  <item id="97" description="PREMIUMIZE-חשבון פעיל ב">
				<visible>!Skin.HasSetting(Account4_Active)</visible>
				<label>$LOCALIZE[78969] - PREMIUMIZE</label>
				<label2>106</label2>
				<onclick>RunScript(script.htpt.smartbuttons,,?mode=97)</onclick>
				<visible>Container(100).Hasfocus(1)</visible>
			  </item>
			  <item id="98" description="MOVREEL-חשבון פעיל ב">
				<visible>Skin.HasSetting(Account3_Active)</visible>
				<label>($INFO[Skin.String(Account3_Period)]) $LOCALIZE[78969] - MOVREEL</label>
				<label2>107</label2>
				<onclick>RunScript(script.htpt.smartbuttons,,?mode=98)</onclick>
				<visible>Container(100).Hasfocus(1)</visible>
			  </item>
			  <item id="98" description="MOVREEL-חשבון פעיל ב">
				<visible>!Skin.HasSetting(Account3_Active)</visible>
				<label>$LOCALIZE[78969] - MOVREEL</label>
				<label2>106</label2>
				<onclick>RunScript(script.htpt.smartbuttons,,?mode=98)</onclick>
				<visible>Container(100).Hasfocus(1)</visible>
			  </item>
			  <item id="99" description="REALDEBRID-חשבון פעיל ב">
				<visible>Skin.HasSetting(Account1_Active)</visible>
				<label>($INFO[Skin.String(Account1_Period)]) $LOCALIZE[78969] - REALDEBRID</label>
				<label2>107</label2>
				<onclick>RunScript(script.htpt.smartbuttons,,?mode=99)</onclick>
				<visible>Container(100).Hasfocus(1)</visible>
			  </item>
			  <item id="99" description="REALDEBRID-חשבון פעיל ב">
				<visible>!Skin.HasSetting(Account1_Active)</visible>
				<label>$LOCALIZE[78969] - REALDEBRID</label>
				<label2>106</label2>
				<onclick>RunScript(script.htpt.smartbuttons,,?mode=99)</onclick>
				<visible>Container(100).Hasfocus(1)</visible>
			  </item>
        </content>
		</control>
      </control>
	  <include>AdditionalInformation</include>
	  <include>TopInformation</include>
    </control>
  </controls>
</window>