<?xml version="1.0" encoding="UTF-8"?>
<includes>
  <include name="Musicviews">
	<control type="group" description="GeneralPT">
	  <visible>Control.IsVisible(50)</visible>
	  <include>Backgrounds3</include>
	  <include>ScrollBar</include>
      <control type="group">
        <control type="panel" id="50">
		  <include condition="!Skin.HasSetting(Performance)">Slide1</include>
		  <include condition="Skin.HasSetting(Performance)">Slide1p</include>
		  <include condition="!Skin.HasSetting(Performance)">Slide2</include>
		  <include condition="Skin.HasSetting(Performance)">Slide2p</include>
          <posx>20</posx>
          <posy>20</posy>
          <width>1880</width>
          <height>1060</height>
		  <include>4ways</include>
          <viewtype label="GeneralPT">List</viewtype>
		  <itemlayout description="(כללי)" condition="" height="100" width="960">
			<control type="image" description="מסגרת">
              <posx>500</posx>
              <posy>20</posy>
              <width>880</width>
              <height>100</height>
              <texture border="30">buttons/ButtonE2.png</texture>
            </control>
			<control type="group" description="תמונה">
				<height>60</height>		
				<posx>530</posx>
				<posy>40</posy>	      
				<width>40</width>
				<control type="image" description="">
				  <aspectratio>scale</aspectratio>
				  <texture background="false">$VAR[VideoInformation2]</texture>
				</control>
			</control>
			<control type="group" description="סמן פרטי אודיו">
				<height>60</height>		
				<posx>1310</posx>
				<posy>40</posy>	      
				<width>40</width>
				<visible>[!IsEmpty(ListItem.Genre) | !IsEmpty(ListItem.Year) | !IsEmpty(ListItem.Duration)]</visible>
				<control type="image" description="">
				  <aspectratio>keep</aspectratio>
				  <texture background="false">icons/info.png</texture>
				</control>
			</control> 						
			<control type="label" description="שם">
              <include>LabelC3</include>
			  <posx>600</posx>
              <posy>32</posy>
              <width>690</width>
              <height>70</height>
			  <label>$INFO[ListItem.Label]</label>
			  <visible>!IsEmpty(ListItem.Label)</visible>
            </control>						
			<control type="image" description="סמן נצפה">
			  <aspectratio align="left">stretch</aspectratio>			  
			  <height>60</height>
			  <posx>522</posx>
			  <posy>39</posy>
			  <texture>$VAR[Overlay]</texture>
			  <width>60</width>
			</control>
			</itemlayout>
          <focusedlayout description="(כללי)" condition="" height="100" width="960">    
			<control type="image" id="729" description="מסגרת"> 
			  <height>100</height>
			  <posx>500</posx>
              <posy>20</posy>
              <width>880</width>
              <texture border="30">buttons/ButtonE.png</texture>
            </control>
			<control type="group" id="730" description="תמונה">
		      <height>60</height>		
			  <posx>530</posx>
			  <posy>40</posy>	      
			  <width>40</width>
			  <control type="image" description="">
			    <aspectratio>scale</aspectratio>
			    <texture background="false">$VAR[VideoInformation2]</texture>
			  </control>
			</control>
			<control type="group" description="סמן פרטי אודיו">
				<height>60</height>		
				<posx>1310</posx>
				<posy>40</posy>	      
				<width>40</width>
				<visible>[!IsEmpty(ListItem.Genre) | !IsEmpty(ListItem.Year) | !IsEmpty(ListItem.Duration)]</visible>
				<control type="image" description="">
				  <aspectratio>keep</aspectratio>
				  <texture background="false">icons/info.png</texture>
				</control>
			</control> 		
			<control type="label" description="שם">
              <textcolor>Yellow</textcolor>
			  <include>LabelC3</include>
			  <posx>600</posx>
              <posy>32</posy>
              <width>700</width>
              <height>70</height>
			  <label>$INFO[ListItem.Label]</label>
			  <scroll>true</scroll>
			  <visible>!IsEmpty(ListItem.Label)</visible>
            </control>
			<control type="image" description="סמן נצפה">
			  <aspectratio align="left">stretch</aspectratio>			  
			  <height>60</height>
			  <posx>522</posx>
			  <posy>39</posy>
			  <texture>$VAR[Overlay]</texture>
			  <width>60</width>
			</control>
          </focusedlayout>
        </control>
      </control>
	  <include>AdditionalInformation</include>
    </control>
	<include>TopInformation</include>
 </include>
</includes>