<?xml version="1.0" encoding="UTF-8"?>
<window type="dialog" id="1134" description="טלנובלה">
  <defaultcontrol always="true">100</defaultcontrol>
  <controls>
    <include>Fade5</include>
	<control type="group" description="Side menu 9000 group">
      <posx>720</posx>
      <posy>310</posy>
      <visible allowhiddenfocus="false">true</visible>
      <control type="image" description="מסגרת">
        <include>Fade_CenterMenuOverlay</include>
		<height>480</height>
        <texture border="40">buttons/ButtonE2.png</texture>
		<width>480</width>
      </control>
	  <control type="grouplist" id="9000">
		<onright>Close</onright>
		<onleft>Close</onleft>
		<onup>9000</onup>
		<ondown>9000</ondown>
		  <control type="button" id="100" description="חזור"> 
			<height>110</height>
			<label>--></label>
			<onclick>Close</onclick>
		  </control>  
		  <control type="button" id="99" description="">
			<visible>false</visible>
			<font>Size42</font>
			<height>110</height>
			<label></label>
			<onclick></onclick>
		  </control>
		  <control type="button" id="101" description="טלנובלה 1">
			<font>Size42</font>
			<height>110</height>
			<label>$LOCALIZE[78943] 1</label>
			<onclick>dialog.close(1134)</onclick>
			<!--<onclick>ActivateWindow(10025,plugin://plugin.video.wallaNew.video/?mode=2&module=wallavod&name=%d7%99%d7%a9%d7%a8%d7%90%d7%9c%d7%99%20(98)&url=genre%3dmovies%26genreId%3d6260,return)</onclick>-->
			<onclick condition="System.HasAddon(plugin.video.wallaNew.video)">ActivateWindow(10025,plugin://plugin.video.wallaNew.video/?mode=2&module=wallavod&name=%d7%98%d7%9c%d7%a0%d7%95%d7%91%d7%9c%d7%95%d7%aa%20(22)&url=genre%3dtvshows%26genreId%3d6280,return)</onclick>
			<onclick condition="!System.HasAddon(plugin.video.wallaNew.video)">Notification($LOCALIZE[79195],$LOCALIZE[79154],4000)</onclick>
			<onclick condition="!System.HasAddon(plugin.video.wallaNew.video)">ActivateWindow(10025,plugin://plugin.video.wallaNew.video,return)</onclick>
		  </control>
		  <control type="button" id="102" description="טלנובלה 2">
			<font>Size42</font>
			<height>110</height>
			<label>$LOCALIZE[78943] 2</label>
			<onclick>dialog.close(1134)</onclick>
			<onclick condition="System.HasAddon(plugin.video.sdarot.tv)">ActivateWindow(10025,plugin://plugin.video.sdarot.tv/?mode=2&module=http%3a%2f%2fwww.sdarot.wf%2fseries%2fgenre%2f13%d7%98%d7%9c%d7%a0%d7%95%d7%91%d7%9c%d7%94&name=%d7%98%d7%9c%d7%a0%d7%95%d7%91%d7%9c%d7%94&url=all-heb,return)</onclick>
		    <onclick condition="!System.HasAddon(plugin.video.sdarot.tv)">Notification($LOCALIZE[79195],$LOCALIZE[79154],4000)</onclick>
		    <onclick condition="!System.HasAddon(plugin.video.sdarot.tv)">ActivateWindow(10025,plugin://plugin.video.sdarot.tv,return)</onclick>
		  </control>
		  <control type="button" id="103" description="טלנובלה 3">
			<font>Size42</font>
			<height>110</height>
			<label>$LOCALIZE[78943] 3</label>
			<onclick>RunScript(script.htpt.homebuttons)</onclick>
			<visible>false</visible>
		  </control>
	  </control>
    </control>
  </controls>
</window>