<?xml version="1.0" encoding="UTF-8"?>
<window id="1170" description="כפתור עזרה">
  <include condition="Skin.HasSetting(Performance)  + !Player.HasVideo">Performance1</include>
  <defaultcontrol always="true">100</defaultcontrol>
  <allowoverlay>no</allowoverlay>
  <onunload condition="Skin.HasSetting(fixhtpt)">Skin.ToggleSetting(fixhtpt)</onunload>
  <controls>
  	<control type="group" description="">
	  <include>Backgrounds3</include>
	  <include>ScrollBar</include>	   
      <control type="group">
	    <control type="list" id="100" description="TopMenu">
		  <include condition="!Skin.HasSetting(Performance)">Slide1</include>
		  <include condition="Skin.HasSetting(Performance)">Slide1p</include>
		  <include condition="!Skin.HasSetting(Performance)">Slide2</include>
		  <include condition="Skin.HasSetting(Performance)">Slide2p</include>
		  <posx>460</posx>
		  <posy>40</posy>
		  <align>center</align>
		  <height>100</height>
		  <itemgap>5</itemgap>
		  <onleft>noop</onleft>
		  <onright>noop</onright>
		  <onup condition="Control.IsVisible(7011)">7017</onup>
		  <onup condition="Player.HasAudio">ActivateWindow(12901)</onup>
		  <ondown>50</ondown>
		  <preloaditems>2</preloaditems>
		  <pagecontrol>60</pagecontrol>
		  <scrolltime tween="sine" easing="inout">200</scrolltime>
		  <orientation>horizontal</orientation>
		  <width>1000</width>
		  <itemlayout width="250" height="70">
			<control type="image" description="מסגרת">
              <posx>0</posx>
              <posy>0</posy>
              <width>250</width>
              <height>75</height>
              <texture border="30">buttons/ButtonE2.png</texture>
            </control>
			<control type="label" description="שם">
              <include>LabelC3</include>
			  <posx>0</posx>
              <posy>0</posy>
              <width>250</width>
              <height>75</height>
			  <label>$INFO[ListItem.Label]</label>
			  <visible>!IsEmpty(ListItem.Label)</visible>
            </control>
		  </itemlayout>
          <focusedlayout height="75" width="250">
			<control type="image" description="מסגרת">
              <posx>0</posx>
              <posy>0</posy>
              <width>250</width>
              <height>75</height>
              <texture border="30">buttons/ButtonE.png</texture>
            </control>
			<control type="label" description="שם">
              <textcolor>Yellow</textcolor>
			  <include>LabelC3</include>
			  <posx>0</posx>
              <posy>0</posy>
              <width>250</width>
              <height>75</height>
			  <scroll>true</scroll>
			  <label>$INFO[ListItem.Label]</label>
			  <visible>!IsEmpty(ListItem.Label)</visible>
            </control>
		  </focusedlayout>
		  <content>
			<item id="1" description="כללי">
				<label>128</label>
				<onclick>noop</onclick>
			</item>
			<item id="2" description="וידאו">
				<label>3</label>
				<onclick>noop</onclick>
			</item>
			<item id="3" description="כלים">
				<label>$LOCALIZE[77473]</label>
				<onclick>noop</onclick>
				<visible>Skin.HasSetting(ID40) | Skin.HasSetting(Admin3)</visible>
			</item>
			<item id="4" description="מתקדם">
				<label>$LOCALIZE[10038]</label>
				<onclick>noop</onclick>
				<visible>false</visible>
			</item>
			<item id="5">
				<label>HTPT</label>
				<onclick>noop</onclick>
				<visible>false</visible>
			</item>
		  </content>
        </control>
        <control type="panel" id="50">
		  <include condition="!Skin.HasSetting(Performance)">Slide1</include>
		  <include condition="Skin.HasSetting(Performance)">Slide1p</include>
		  <include condition="!Skin.HasSetting(Performance)">Slide2</include>
		  <include condition="Skin.HasSetting(Performance)">Slide2p</include>
          <posx>20</posx>
          <posy>120</posy>
          <width>1880</width>
          <height>920</height>
		  <onup>100</onup>
		  <onleft condition="Skin.HasSetting(ViewsMenuOff) + Control.IsVisible(7011)">7017</onleft>
		  <onleft condition="Skin.HasSetting(ViewsMenuOff) + Player.HasAudio">ActivateWindow(12901)</onleft>
		  <onright condition="Control.IsVisible(60)">60</onright>
		  <onright condition="!Control.IsVisible(60) + Control.IsVisible(7011)">7017</onright>
		  <onright condition="!Control.IsVisible(60) + Player.HasAudio">ActivateWindow(12901)</onright>
		  <onup>100</onup>			  
		  <ondown>noop</ondown>
		  <preloaditems>2</preloaditems>
		  <pagecontrol>60</pagecontrol>	  
		  <scrolltime tween="sine" easing="inout">200</scrolltime>
		  <itemlayout description="(כללי)" height="100" width="960">
			<control type="image" description="מסגרת">
			  <include>Fade_MenuButtonsOverlay</include>
              <posx>500</posx>
              <posy>20</posy>
              <width>880</width>
              <height>100</height>
              <texture background="true" border="30">buttons/ButtonE2.png</texture>
            </control>
			<control type="group" description="סמן פרטי וידאו">
				<height>60</height>		
				<posx>1310</posx>
				<posy>40</posy>	      
				<width>40</width>
				<visible>!IsEmpty(Control.GetLabel(11700))</visible>
				<visible>false</visible>
				<control type="image" description="">
				  <aspectratio>keep</aspectratio>
				  <texture background="true">icons/info.png</texture>
				</control>
			</control>		
			<control type="label" description="שם">
              <include>LabelC3</include>
			  <posx>600</posx>
              <posy>32</posy>
              <width>690</width>
              <height>70</height>
			  <label>$INFO[ListItem.Label]</label>
			  <visible>!IsEmpty(ListItem.Label)</visible>
            </control>	
			<control type="label" description="נתון">
              <align>left</align>
			  <textcolor>Red</textcolor>
			  <include>LabelC3</include>
			  <posx>600</posx>
              <posy>32</posy>
              <width>200</width>
              <height>70</height>
			  <label>$INFO[ListItem.Label2]</label>
			  <visible>!IsEmpty(ListItem.Label2)</visible>
            </control>
			<control type="image" description="אייקון">
              <animation condition="true" effect="fade" start="50" end="50" time="220">Conditional</animation>
			  <posx>510</posx>
              <posy>27</posy>
              <width>90</width>
              <height>90</height>
              <texture>$INFO[ListItem.Thumb]</texture>
            </control>
			</itemlayout>
          <focusedlayout description="(כללי)" height="100" width="960">    
			<control type="image" description="מסגרת"> 
			  <height>100</height>
			  <posx>500</posx>
              <posy>20</posy>
              <width>880</width>
              <texture background="true" border="30">buttons/ButtonE.png</texture>
            </control>
			<control type="group" description="סמן פרטי וידאו">
				<height>60</height>		
				<posx>1310</posx>
				<posy>40</posy>	      
				<width>40</width>
				<visible>!IsEmpty(Control.GetLabel(11700))</visible>
				<control type="image" description="">
				  <aspectratio>keep</aspectratio>
				  <texture background="true">icons/info.png</texture>
				</control>
			</control>
			<control type="label" description="שם">
              <textcolor>Yellow</textcolor>
			  <include>LabelC3</include>
			  <posx>600</posx>
              <posy>32</posy>
              <width>700</width>
              <height>70</height>
			  <scroll>true</scroll>
			  <label>$INFO[ListItem.Label]</label>
			  <visible>!IsEmpty(ListItem.Label)</visible>
            </control>
			<control type="label" description="נתון">
              <align>left</align>
			  <textcolor>Red</textcolor>
			  <include>LabelC3</include>
			  <posx>600</posx>
              <posy>32</posy>
              <width>200</width>
              <height>70</height>
			  <scroll>true</scroll>
			  <label>$INFO[ListItem.Label2]</label>
			  <visible>!IsEmpty(ListItem.Label2)</visible>
            </control>
			<control type="image" description="אייקון">
			  <posx>510</posx>
              <posy>27</posy>
              <width>90</width>
              <height>90</height>
              <texture>$INFO[ListItem.Thumb]</texture>
            </control>
          </focusedlayout>
		  <content>
		  <item id="1" description="AirPlay">
            <label>$LOCALIZE[1273]</label>
            <label2>$VAR[BoolAirPlay]</label2>
            <!--<onclick>ActivateWindow(servicesettings)</onclick>
			<onclick description="SettingsLevel" condition="!Skin.HasSetting(Admin) + Skin.String(SettingsLevel,$LOCALIZE[10036])">Action(Back)</onclick>
			<onclick description="SettingsLevel" condition="!Skin.HasSetting(Admin) + Skin.String(SettingsLevel,$LOCALIZE[10036])">ActivateWindow(servicesettings)</onclick>
			<onclick condition="!Skin.String(SettingsLevel,$LOCALIZE[10036]">Action(Left)</onclick>
			<onclick condition="!Skin.String(SettingsLevel,$LOCALIZE[10036]">Action(Down)</onclick>
			<onclick condition="SubString(System.CurrentControl,AirPlay)">Action(Select)</onclick>
			<onclick>Notification($LOCALIZE[79063],$LOCALIZE[79064],5000)</onclick>
			<onclick condition="System.GetBool(services.airplay) + SubString(System.CurrentControl,AirPlay)">Action(Select)</onclick>
			<onclick condition="">AlarmClock(AirPlay5,Action(Back),0,silent)</onclick>-->
			<onclick>RunScript(script.htpt.smartbuttons,,?mode=350)</onclick>
			<thumb>icons/airplay.png</thumb>
			<visible>Container(100).Hasfocus(1)</visible>
			<visible>true</visible>
          </item>		  
          <item id="2" description="הודעות">
			<label>$LOCALIZE[79220]</label>
            <label2></label2>
			<thumb>icons/message.png</thumb>
			<onclick>RunScript(script.htpt.smartbuttons,,?mode=351)</onclick>
			<visible>Container(100).Hasfocus(1)</visible>
          </item>
          <item id="5" description="קריאת שירות">
            <label>$LOCALIZE[79066]</label>
            <label2>$INFO[System.UpTime]</label2>
			<thumb>icons/fix.png</thumb>
			<!--<onclick condition="">AlarmClock(DEBUG: $INFO[Skin.String(fixhtpt)]*fixhtpt,Skin.SetString(fixhtpt,),0,silent)</onclick>
			<onclick condition="">AlarmClock(fixhtpt3,RunAddon(script.xbmc.debug.log),0,silent)</onclick>-->
			<onclick>RunScript(service.htpt.debug,,?mode=1)</onclick>
			<visible>Container(100).Hasfocus(1)</visible>
          </item>
		  <item id="10" description="אתחול כרטיס רשת">
			<label>$LOCALIZE[79061]</label>
			<label2>$VAR[CurrentMAC]</label2>
			<thumb>icons/net.png</thumb>
			<onclick>RunScript(script.htpt.smartbuttons,,?mode=39)</onclick>
			<visible>Container(100).Hasfocus(1)</visible>
			<visible>!System.Platform.Windows | [Skin.HasSetting(Admin) + Skin.HasSetting(Admin3)]</visible>
          </item>
		  
          <item id="19" description="מבוא ל-HTPT">
            <label>מבוא ל-HTPT</label>
            <label2></label2>
			<thumb>icons/home.png</thumb>
            <onclick>PlayMedia(plugin://plugin.video.youtube/play/?video_id=)</onclick>
			<visible>Container(100).Hasfocus(2)</visible>
			<visible>false</visible>
          </item>
          <item id="20" description="הערוץ שלנו">
            <label>$LOCALIZE[78970]</label>
            <label2>$LOCALIZE[73430]</label2>
			<thumb>icons/htpt.png</thumb>
            <onclick>RunScript(script.htpt.smartbuttons,,?mode=30)</onclick>
			<visible>Container(100).Hasfocus(2)</visible>
          </item>
		  
		  <item id="50" description="">
            <label>$LOCALIZE[78924]</label>
            <label2>$VAR[Button50]</label2>
			<thumb>icons/exit.png</thumb>
            <onclick>RunScript(script.htpt.install,,?mode=22)</onclick>
			<visible>Container(100).Hasfocus(3)</visible>
			<visible>System.HasAddon(script.htpt.install) + Skin.HasSetting(ID40)</visible>
			<visible>false</visible>
          </item>
		  
		  <item id="51" description="הגדרת סקרייפר לסרטים וסדרות">
            <label>$LOCALIZE[78925]</label>
            <label2></label2>
			<thumb>icons/movies.png</thumb>
            <onclick>RunScript(script.htpt.smartbuttons,,?mode=49)</onclick>
			<visible>Container(100).Hasfocus(3)</visible>
          </item>
		  
		  <item id="52" description="OverClock Your PI">
            <label>OverClock Your PI</label>
            <label2>$INFO[Skin.String(OverClockLevel]</label2>
			<thumb>icons/fix.png</thumb>
            <onclick condition="Skin.HasSetting(Admin) | Skin.HasSetting(Admin2)">RunScript(script.htpt.smartbuttons,,?mode=44)</onclick>
			<onclick condition="!Skin.HasSetting(Admin) + !Skin.HasSetting(Admin2)">Notification($LOCALIZE[78957],$LOCALIZE[78956],2000)</onclick>
			<visible>Container(100).Hasfocus(3)</visible>
			<visible>Skin.HasSetting(Admin3) | System.Platform.Linux.RaspberryPi</visible>
          </item>
		  
		  <item id="63" description="Texture & DB Removal">
            <label>Texture & DB Removal</label>
            <label2></label2>
			<thumb>icons/magicwand.png</thumb>
			<enable>Skin.HasSetting(Admin2)</enable>
            <onclick condition="Skin.HasSetting(Admin) | Skin.HasSetting(Admin2)">RunScript(script.htpt.smartbuttons,,?mode=63)</onclick>
			<onclick condition="!Skin.HasSetting(Admin) + !Skin.HasSetting(Admin2)">Notification($LOCALIZE[78957],$LOCALIZE[78956],2000)</onclick>
			<visible>Container(100).Hasfocus(3)</visible>
			<visible></visible>
          </item>
		  
		  <item id="65" description="Total Mouse">
            <label>Total Mouse</label>
            <label2></label2>
			<thumb>icons/mouse.png</thumb>
			<enable>true</enable>
			<onclick condition="System.HasAddon(script.htpt.smartbuttons)">RunScript(script.htpt.smartbuttons,,?mode=101)</onclick>
			<onclick condition="!System.HasAddon(script.htpt.smartbuttons)">Notification(Admin,Addon is missing,1000)</onclick>
			<onclick condition="!System.HasAddon(script.htpt.smartbuttons)">ActivateWindow(10025,plugin://script.htpt.smartbuttons,return)</onclick>
			<visible>Container(100).Hasfocus(3)</visible>
			<visible>System.Platform.Windows</visible>
			<visible>false</visible>
          </item>
		  
          <item id="22" description="סדרות">
            <label>$LOCALIZE[20343]</label>
            <label2></label2>
			<thumb>icons/tvshows.png</thumb>
            <onclick>PlayMedia(plugin://plugin.video.youtube/play/?video_id=)</onclick>
			<visible>Container(100).Hasfocus(2)</visible>
			<visible>false</visible>
          </item>
          <item id="23" description="טלוויזיה ישראלית">
            <label>$LOCALIZE[73420]+</label>
            <label2></label2>
			<thumb>icons/israeltv.png</thumb>
            <onclick>PlayMedia(plugin://plugin.video.youtube/play/?video_id=)</onclick>
			<visible>Container(100).Hasfocus(2)</visible>
			<visible>false</visible>
          </item>
          <item id="24" description="יו-טיוב">
            <label>$LOCALIZE[73430]+</label>
            <label2></label2>
			<thumb>icons/youtube.png</thumb>
            <onclick>PlayMedia(plugin://plugin.video.youtube/play/?video_id=)</onclick>
			<visible>Container(100).Hasfocus(2)</visible>
			<visible>false</visible>
          </item>
          <item id="25" description="גו-פרו">
            <label>$LOCALIZE[73440]+</label>
            <label2></label2>
			<thumb>icons/gopro.png</thumb>
            <onclick>PlayMedia(plugin://plugin.video.youtube/play/?video_id=)</onclick>
			<visible>Container(100).Hasfocus(2)</visible>
			<visible>false</visible>
          </item>
          <item id="26" description="חפש/הוסף סרטים">
            <label>$LOCALIZE[73200]</label>
            <label2></label2>
			<thumb>icons/moviese.png</thumb>
            <onclick>PlayMedia(plugin://plugin.video.youtube/play/?video_id=)</onclick>
			<visible>Container(100).Hasfocus(2)</visible>
			<visible>false</visible>
          </item>
          <item id="27" description="חפש/הוסף סדרות">
            <label>$LOCALIZE[73210]</label>
            <label2></label2>
			<thumb>icons/tvshowse.png</thumb>
            <onclick>PlayMedia(plugin://plugin.video.youtube/play/?video_id=)</onclick>
			<visible>Container(100).Hasfocus(2)</visible>
			<visible>false</visible>
          </item>
          <item id="28" description="מזג אוויר">
            <label>מזג אוויר</label>
            <label2></label2>
			<thumb>icons/weather.png</thumb>
            <onclick>PlayMedia(plugin://plugin.video.youtube/play/?video_id=)</onclick>
			<visible>Container(100).Hasfocus(2)</visible>
			<visible>false</visible>
          </item>
          <item id="29" description="תמונות">
            <label>$LOCALIZE[1]</label>
            <label2></label2>
			<thumb>icons/pictures.png</thumb>
            <onclick>PlayMedia(plugin://plugin.video.youtube/play/?video_id=)</onclick>
			<visible>Container(100).Hasfocus(2)</visible>
			<visible>false</visible>
          </item>
          <item id="30" description="משחקים">
            <label>$LOCALIZE[15016]</label>
            <label2></label2>
			<thumb>icons/games.png</thumb>
            <onclick>PlayMedia(plugin://plugin.video.youtube/play/?video_id=)</onclick>
			<visible>Container(100).Hasfocus(2)</visible>
			<visible>false</visible>
          </item>
          <item id="31" description="קדימונים">
            <label>$LOCALIZE[72100]</label>
            <label2></label2>
			<thumb>icons/trailers.png</thumb>
            <onclick>PlayMedia(plugin://plugin.video.youtube/play/?video_id=)</onclick>
			<visible>Container(100).Hasfocus(2)</visible>
			<visible>false</visible>
          </item>
          <item id="33" description="וידאו">
            <label>$LOCALIZE[157]</label>
            <label2></label2>
			<thumb>icons/videos.png</thumb>
            <onclick>PlayMedia(plugin://plugin.video.youtube/play/?video_id=)</onclick>
			<visible>Container(100).Hasfocus(2)</visible>
			<visible>false</visible>
          </item>
          <item id="34" description="מוזיקה">
            <label>$LOCALIZE[2]</label>
            <label2></label2>
			<thumb>icons/music.png</thumb>
            <onclick>PlayMedia(plugin://plugin.video.youtube/play/?video_id=)</onclick>
			<visible>Container(100).Hasfocus(2)</visible>
			<visible>false</visible>
          </item>
          <item id="35" description="ילדים">
            <label>$LOCALIZE[73220]</label>
            <label2></label2>
			<thumb>icons/kids.png</thumb>
            <onclick>PlayMedia(plugin://plugin.video.youtube/play/?video_id=)</onclick>
			<visible>Container(100).Hasfocus(2)</visible>
			<visible>false</visible>
          </item>
          <item id="36" description="3D סרטים">
            <label>3D $LOCALIZE[342]</label>
            <label2></label2>
			<thumb>icons/3dmovs.png</thumb>
            <onclick>PlayMedia(plugin://plugin.video.youtube/play/?video_id=)</onclick>
			<visible>Container(100).Hasfocus(2)</visible>
			<visible>false</visible>
          </item>
          <item id="37" description="אינטרנט">
            <label>$LOCALIZE[443]</label>
            <label2></label2>
			<thumb>icons/internet.png</thumb>
            <onclick>PlayMedia(plugin://plugin.video.youtube/play/?video_id=)</onclick>
			<visible>Container(100).Hasfocus(2)</visible>
			<visible>false</visible>
          </item>
          <item id="38" description="גאדג'ט">
            <label>$LOCALIZE[79026]</label>
            <label2></label2>
			<thumb>icons/gadget.png</thumb>
            <onclick>PlayMedia(plugin://plugin.video.youtube/play/?video_id=)</onclick>
			<visible>Container(100).Hasfocus(3)</visible>
			<visible>false</visible>
          </item>
          <item id="39" description="קריוקי">
            <label>$LOCALIZE[13327]</label>
            <label2></label2>
			<thumb>icons/karaoke.png</thumb>
            <onclick>PlayMedia(plugin://plugin.video.youtube/play/?video_id=)</onclick>
			<visible>Container(100).Hasfocus(3)</visible>
			<visible>false</visible>
          </item>
          <item id="40" description="סרטוני משחקים">
            <label>$LOCALIZE[73290]</label>
            <label2></label2>
			<thumb>icons/gametrailers.png</thumb>
            <onclick>PlayMedia(plugin://plugin.video.youtube/play/?video_id=)</onclick>
			<visible>Container(100).Hasfocus(3)</visible>
			<visible>false</visible>
          </item>
          <item id="41" description="שיעורי גיטרה">
            <label>$LOCALIZE[79027]</label>
            <label2></label2>
			<thumb>icons/guitar.png</thumb>
            <onclick>PlayMedia(plugin://plugin.video.youtube/play/?video_id=)</onclick>
			<visible>Container(100).Hasfocus(3)</visible>
			<visible>false</visible>
          </item>
          <item id="42" description="מעודפים">
            <label>$LOCALIZE[1036]</label>
            <label2></label2>
			<thumb>icons/favourites.png</thumb>
            <onclick>PlayMedia(plugin://plugin.video.youtube/play/?video_id=)</onclick>
			<visible>Container(100).Hasfocus(3)</visible>
			<visible>false</visible>
          </item>
          <item id="43" description="ערוצי טלוויזיה">
            <label>$LOCALIZE[19023]</label>
            <label2></label2>
			<thumb>icons/LiveTV.png</thumb>
            <onclick>PlayMedia(plugin://plugin.video.youtube/play/?video_id=)</onclick>
			<visible>Container(100).Hasfocus(2)</visible>
			<visible>false</visible>
          </item>
		  <item id="44" description="ערוצי רדיו">
            <label>$LOCALIZE[19024]</label>
            <label2></label2>
			<thumb>icons/radio.png</thumb>
            <onclick>PlayMedia(plugin://plugin.video.youtube/play/?video_id=)</onclick>
			<visible>Container(100).Hasfocus(2)</visible>
			<visible>false</visible>
          </item>
		  <item id="45" description="הורדת כתוביות בשפות">
            <label>$LOCALIZE[24111]</label>
            <label2></label2>
			<thumb>icons/subtitle.png</thumb>
            <onclick>PlayMedia(plugin://plugin.video.youtube/play/?video_id=)</onclick>
			<visible>Container(100).Hasfocus(2)</visible>
			<visible>false</visible>
          </item>
		  <item id="46" description="שלט אוניברסלי">
            <label>$LOCALIZE[13612]</label>
            <label2></label2>
			<thumb>icons/remoteb.png</thumb>
            <onclick>PlayMedia(plugin://plugin.video.youtube/play/?video_id=)</onclick>
			<visible>Container(100).Hasfocus(2)</visible>
			<visible>false</visible>
          </item>
		  <item id="47" description="APPLE שלט">
            <label>$LOCALIZE[13600]</label>
            <label2></label2>
			<thumb>icons/remotea.png</thumb>
            <onclick>PlayMedia(plugin://plugin.video.youtube/play/?video_id=)</onclick>
			<visible>Container(100).Hasfocus(2)</visible>
			<visible>false</visible>
          </item>
		  <item id="70" description="כתוביות">
            <label>$LOCALIZE[24012]</label>
            <label2></label2>
			<thumb>icons/subtitle.png</thumb>
            <onclick>PlayMedia(plugin://plugin.video.youtube/play/?video_id=)</onclick>
			<visible>Container(100).Hasfocus(3)</visible>
			<visible>false</visible>
          </item>
          <item id="32" description="חידון">
            <label>$LOCALIZE[75090]</label>
            <label2></label2>
			<thumb>icons/quiz.png</thumb>
            <onclick>PlayMedia(plugin://plugin.video.youtube/play/?video_id=)</onclick>
			<visible>Container(100).Hasfocus(3)</visible>
			<visible>false</visible>
          </item>
          <item id="100" description="מנהל קבצים">
            <label>$LOCALIZE[7]</label>
            <label2></label2>
			<thumb>icons/filesmanager.png</thumb>
            <onclick>PlayMedia(plugin://plugin.video.youtube/play/?video_id=)</onclick>
			<visible>Container(100).Hasfocus(3)</visible>
			<visible>false</visible>
          </item>
          <item id="101" description="עיצוב תפריט הבית">
            <label>עיצוב תפריט הבית</label>
            <label2></label2>
			<thumb>icons/ofx.png</thumb>
            <onclick>PlayMedia(plugin://plugin.video.youtube/play/?video_id=)</onclick>
			<visible>Container(100).Hasfocus(3)</visible>
			<visible>false</visible>
          </item>
		  <item id="102" description="עיצוב תכני ספרייה">
            <label>עיצוב ספריית סרטים/סדרות</label>
            <label2></label2>
			<thumb>icons/ofx.png</thumb>
            <onclick>PlayMedia(plugin://plugin.video.youtube/play/?video_id=)</onclick>
			<visible>Container(100).Hasfocus(3)</visible>
			<visible>false</visible>
          </item>
		  <item id="103" description="trakt ספריית">
            <label>trakt ספריית</label>
            <label2></label2>
			<thumb>icons/trakt.png</thumb>
            <onclick>PlayMedia(plugin://plugin.video.youtube/play/?video_id=)</onclick>
			<visible>Container(100).Hasfocus(3)</visible>
			<visible>false</visible>
          </item>
		  <item id="22" description="שונות">
            <label>שונות</label>
            <label2></label2>
            <onclick>PlayMedia(plugin://plugin.video.youtube/play/?video_id=)</onclick>
			<visible>Container(100).Hasfocus(3)</visible>
			<visible>false</visible>
          </item>
		  <item id="22" description="הפעלה/כיבוי">
            <label>הפעלה/כיבוי</label>
            <label2></label2>
			<thumb>icons/power.png</thumb>
            <onclick>PlayMedia(plugin://plugin.video.youtube/play/?video_id=)</onclick>
			<visible>Container(100).Hasfocus(3)</visible>
			<visible>false</visible>
          </item>			  
          <item id="150" description="אייר-פליי">
            <label>$LOCALIZE[71273]</label>
            <label2></label2>
			<thumb>icons/airplay.png</thumb>
            <onclick>PlayMedia(plugin://plugin.video.youtube/play/?video_id=)</onclick>
			<visible>Container(100).Hasfocus(3)</visible>
			<visible>false</visible>
          </item>
		  <!--ID-5-->
		  <item id="150" description="HTPT Video 1">
            <label>HTPT Video 1</label>
            <label2></label2>
			<thumb>icons/filesmanager.png</thumb>
            <onclick>PlayMedia(plugin://plugin.video.youtube/play/?video_id=dQSEeasjMm8)</onclick>
			<visible>Container(100).Hasfocus(5)</visible>
			<visible>false</visible>
          </item>
        </content>
		</control>
      </control>
	  <include>AdditionalInformation</include>
	  <include>TopInformation</include>
    </control>
  </controls>
</window>