<?xml version="1.0" encoding="UTF-8"?>
<window>
  <defaultcontrol always="true">9000</defaultcontrol>
  <allowoverlay>yes</allowoverlay>
  <onload condition="Skin.HasSetting(VALIDATION)">Skin.ToggleSetting(VALIDATION)</onload>
  <onload condition="Skin.HasSetting(VALIDATION2)">Skin.ToggleSetting(VALIDATION2)</onload>
  <onload condition="!Skin.String(Skin_Name,skin.htpt) + System.HasAddon(script.htpt.smartbuttons) + !Window.Previous(Startup.xml)">Skin.SetString(Skin_Name,skin.htpt)</onload>
  <onload condition="!Skin.String(Skin_Name,skin.htpt) + System.HasAddon(script.htpt.smartbuttons)+ !Window.Previous(Startup.xml)">Notification(Installation almost done!, Please wait, 3000)</onload>
  <onload condition="!Skin.String(Skin_Name,skin.htpt) + System.HasAddon(script.htpt.smartbuttons)+ !Window.Previous(Startup.xml)">RunScript(script.htpt.smartbuttons,,?mode=50)</onload>
  <controls>
	<include>Backgrounds1</include>
    <control type="grouplist" id="9009" description="כפתור קצה">
	  <orientation>horizontal</orientation>
	  <animation condition="[Control.HasFocus(311) | Control.HasFocus(312)]" effect="fade" start="100" end="40" delay="2000" time="700" reversible="false">Conditional</animation>
	  <visible>[Control.IsVisible(311) | Control.IsVisible(312)]</visible>
	  <visible>!Skin.HasSetting(widget)</visible>
      <posx>20</posx>
      <posy>32</posy>
      <width>640</width>
      <height>40</height>
	  <onup condition="Player.HasAudio">ActivateWindow(12901)</onup>
      <onup condition="Control.IsVisible(311)">311</onup>
      <onup condition="Control.IsVisible(312)">312</onup>
      <ondown condition="Control.IsVisible(311)">311</ondown>
      <ondown condition="Control.IsVisible(312)">312</ondown>
	  <onright condition="Control.IsVisible(311)">9009</onright>
      <onright condition="Control.IsVisible(312)">312</onright>
	  <onleft condition="Control.IsVisible(311)">9009</onleft>
      <!--<onleft condition="Control.IsVisible(311)">311</onleft>-->
      <onleft condition="Control.IsVisible(312)">312</onleft>
	  <control type="button" id="9090" description="כפתור קצה">
		  <width>350</width>
		  <!--<texturenofocus border="1">$VAR[TopVideoInformationColor]</texturenofocus>-->
		  <include>ButtonC10</include>
		  <label>$VAR[Button9090]</label>
		  <onclick condition="Control.IsVisible(311)">Skin.ToggleSetting(MoviesShelfWL)</onclick>
		  <onclick condition="Control.IsVisible(311)">ActivateWindow(Videos,MovieTitles)</onclick>
		  <onclick condition="Control.IsVisible(311)">ReplaceWindow(0)</onclick>
		  <onclick condition="Control.IsVisible(311)">Control.SetFocus(9090)</onclick>
		  
		  <onclick condition="Control.IsVisible(312)">Skin.ToggleSetting(TVShelf_Watchlist)</onclick>
		  <onclick condition="Control.IsVisible(312)">ActivateWindow(Videos,TVShowTitles)</onclick>
		  <onclick condition="Control.IsVisible(312)">ReplaceWindow(0)</onclick>
		  <onclick condition="Control.IsVisible(312)">Control.SetFocus(9090)</onclick>
		  <visible>[Control.IsVisible(311) + Library.HasContent(Movies)] | [Control.IsVisible(312) + Library.HasContent(TVShows)]</visible>
	  </control>
	  <control type="button" id="9091" description="קדימונים/סרטים">
		  <width>150</width>
		  <include>ButtonC10</include>
		  <label>$VAR[Button9091]</label>	  
		  <posx>-10</posx>
		  <onclick condition="!Skin.HasSetting(trailers)">Skin.ToggleSetting(trailers)</onclick>
		  <onclick condition="Skin.HasSetting(trailers)">Skin.ToggleSetting(trailers)</onclick>>
		  <visible>Control.IsVisible(311) + Control.IsVisible(9090)</visible>
	  </control>
	  <control type="button" id="9092" description="רענן">
		  <width>150</width>
		  <include>ButtonC10</include>
		  <label>$LOCALIZE[184]</label>
		  <onclick condition="Skin.HasSetting(Admin)">RunPlugin(plugin://plugin.video.genesis/?action=library_service)</onclick>
		  <onclick condition="Skin.HasSetting(Admin)">RunPlugin(plugin://plugin.video.genesis/?action=indicator_service)</onclick>
		  <onclick>RunScript(script.htpt.refresh,,?mode=3)</onclick>
		  <posx>-10</posx>
		  <visible>Control.IsVisible(312) + Control.IsVisible(9090)</visible>
	  </control>
	  <control type="button" id="9093" description="ניגון ידני/אוטומטי">
		  <width>140</width>
		  <include>ButtonC10</include>
		  <label>$VAR[Button9093]</label>
		  <onclick>RunScript(script.htpt.refresh,,?mode=2)</onclick>
		  <posx>-10</posx>
		  <visible>Control.IsVisible(9090)</visible>
	  </control>
    </control>
	<control type="panel" id="9000" description="פנל ראשי">
      <!--<animation condition="!Container(9000).Row(0) + !Container(9000).Row(1) | Container(9000).HasPrevious()" effect="slide" start="0,0" end="0,-295" time="220">Conditonal</animation>-->
	  <!--<animation condition="Container(9000).Row(1) + Container(9000).OnScrollNext" effect="fade" start="0,=0" end="0,460" time="220">Conditonal</animation>-->
	  <animation condition="!Container(9000).Row(0) + !Container(9000).Row(1) | Container(9000).HasPrevious()" effect="slide" start="0,0" end="0,-551" time="220">Conditonal</animation>
      <posx>40</posx>
	  <posy>581</posy>
	  <width>1840</width>
      <height>1040</height>
      <onleft>9000</onleft>
      <onright>9000</onright>
	  <onup>700</onup>
      <ondown>noop</ondown>
      <itemlayout height="230" width="368">
	  <control type="group">
	  <include condition="Skin.HasSetting(Performance2)">Fade10</include>
	  
        <control type="image" description="רקע כפתור">
		  <height>180</height>
		  <posx>30</posx>
          <posy>30</posy>
		  <texture>$INFO[ListItem.Property(color)]</texture>
		  <width>312</width>
        </control>
        <control type="image" description="אייקון">
          <aspectratio>keep</aspectratio>
		  <height>180</height>
		  <posx>30</posx>
          <posy>30</posy>
          <texture diffuse="buttons/diffusehome.png">$INFO[ListItem.thumb]</texture>
		  <visible>!IsEmpty(Listitem.thumb)</visible>
		  <width>312</width>
        </control>
		<control type="image" description="צללית">
		  <animation condition="true" effect="fade" end="40" time="0">Conditional</animation>
		  <posx>30</posx>
          <posy>30</posy>
          <width>312</width>
          <height>180</height>
          <texture>buttons/backgrounds/menuiconshadow.png</texture>
		  <visible>Skin.HasSetting(ShadowButton)</visible>
        </control>
        <control type="image" description="אייקון (מזג אוויר)">
          <aspectratio>keep</aspectratio>
		  <height>102</height>
		  <posx>80</posx>
          <posy>40</posy>
          <texture>$INFO[ListItem.Property(weatherthumb)]</texture>
		  <visible>!IsEmpty(ListItem.Property(weatherthumb))</visible>
          <width>176</width>
		  <visible>false</visible>
        </control>
        <control type="image" description="שקופית">
          <posx>30</posx>
          <posy>30</posy>
          <width>312</width>
          <height>180</height>
          <texture>buttons/backgrounds/overlay.png</texture>
		  <visible>Skin.HasSetting(OverlayButton)</visible>
        </control>
		<control type="label" description="weathertemp">
		  <align>center</align>
		  <font>size24</font>
		  <height>24</height>
		  <label>[B]$INFO[ListItem.Property(weathertemp)][/B]</label>
		  <posx>0</posx>
          <posy>140</posy>
		  <visible>!IsEmpty(ListItem.Property(weathertemp))</visible>
		  <width>368</width>
        </control>
		<control type="label" description="weatherlabel">
		  <align>center</align>
		  <font>size28</font>
		  <height>24</height>
		  <label>[B]$INFO[ListItem.Property(weatherlabel)][/B]</label>
		  <posx>0</posx>
          <posy>220</posy>
		  <visible>!IsEmpty(ListItem.Property(weatherlabel))</visible>
		  <width>368</width>
        </control>
        <control type="label" description="כותרת">
          <posx>0</posx>
          <posy>220</posy>
          <width>368</width>
          <height>24</height>
          <font>size28</font>
          <align>center</align>
          <label>[B]$INFO[ListItem.Label][/B]</label>
        </control>
	  </control>
      </itemlayout>
      <focusedlayout height="250" width="388">
	  <control type="group">
	    <include condition="Skin.HasSetting(Performance2)">Fade10</include>
        <control type="image" description="רקע כפתור">
          <posx>20</posx>
          <posy>20</posy>
          <width>332</width>
          <height>200</height>
		  <texture>$INFO[ListItem.Property(color)]</texture>
        </control>
		<control type="image" description="סמן בחירה 2">
		  <colordiffuse>BFFFFFFF</colordiffuse>
		  <posx>20</posx>
          <posy>20</posy>
          <width>332</width>
          <height>200</height>
		  <texture>buttons/backgrounds/choosen2.png</texture>
		  <visible>Skin.HasSetting(SelectionMarker2)</visible>
        </control>
		<control type="image" description="סמן בחירה 3">
		  <!--<animation condition="true" effect="fade" end="10" time="0">Conditional</animation>-->
		  <bordersize>1</bordersize>
		  <posx>18</posx>
          <posy>14</posy>
		  <width>335</width>
		  <height>211</height>
		  <texture border="11">misc/frames/selector.png</texture>
		  <visible>Skin.HasSetting(SelectionMarker)</visible>
		</control>
		<control type="image" description="צללית">
		  <animation condition="true" effect="fade" end="40" time="0">Conditional</animation>
		  <posx>20</posx>
          <posy>20</posy>
          <width>332</width>
          <height>200</height>
          <texture>buttons/backgrounds/menuiconshadow.png</texture>
		  <visible>Skin.HasSetting(ShadowButton)</visible>
		  <visible>false</visible>
        </control>
		<control type="image" description="אייקון">
          <aspectratio>keep</aspectratio>
          <height>200</height>		  
		  <posx>20</posx>
          <posy>20</posy>
		  <texture diffuse="buttons/diffusehome.png">$INFO[ListItem.thumb]</texture>
		  <!--<visible>IsEmpty(Listitem.ActualIcon) + !IsEmpty(Listitem.thumb)</visible>-->
		  <width>332</width>
        </control>
        <control type="image" description="אייקון2">
          <include>Fade_IconOverlayButton</include>
		  <aspectratio>keep</aspectratio>
          <height>200</height>		  
		  <posx>20</posx>
          <posy>20</posy>
		  <texture diffuse="buttons/diffusehome.png">$INFO[ListItem.ActualIcon]</texture>
		  <visible>!IsEmpty(Listitem.ActualIcon)</visible>
		  <width>332</width>
        </control>
        <control type="image" description="THMBS weather מזג אוויר">
          <aspectratio>keep</aspectratio>
		  <height>102</height>
		  <posx>80</posx>
          <posy>50</posy>
          <texture>$INFO[ListItem.Property(weatherthumb)]</texture>
		  <visible>!IsEmpty(ListItem.Property(weatherthumb))</visible>
          <width>176</width>
        </control>
        <control type="image" description="שקופית">
          <posx>20</posx>
          <posy>20</posy>
          <width>332</width>
          <height>200</height>
          <texture>buttons/backgrounds/overlay.png</texture>
		  <visible>Skin.HasSetting(OverlayButton)</visible>
        </control>
		<control type="label" description="weathertemp">
		  <font>size28</font>
		  <include>LabelC3</include>
		  <align>center</align>
		  <height>24</height>
		  <label>[B]$INFO[ListItem.Property(weathertemp)][/B]</label>
		  <textcolor>White2</textcolor>
		  <posx>0</posx>
          <posy>140</posy>
		  <visible>!IsEmpty(ListItem.Property(weathertemp))</visible>
		  <width>368</width>
        </control>
		<control type="label" description="weatherlabel">
		  <align>center</align>
		  <font>size28</font>
		  <height>24</height>
		  <label>[B]$INFO[ListItem.Property(weatherlabel)][/B]</label>
		  <posx>0</posx>
          <posy>220</posy>
		  <visible>!IsEmpty(ListItem.Property(weatherlabel)) + IsEmpty(ListItem.Property(weathertemp))</visible>
		  <width>368</width>
        </control>
		<control type="label" description="weatherlocation">
          <animation effect="fade" start="80" end="100" time="300" delay="300">Focus</animation>
          <textcolor>Yellow</textcolor>
		  <include>LabelC3</include>
		  <posx>0</posx>
          <posy>220</posy>
          <width>368</width>
          <height>24</height>
		  <font>size28</font>
          <label>[B]$INFO[ListItem.Property(weatherlocation)][/B]</label>
		  <visible>!IsEmpty(ListItem.Property(weatherlocation))</visible>
        </control>
        <control type="label" description="כותרת נבחר">
          <animation effect="fade" start="80" end="100" time="300" delay="300">Focus</animation>
          <textcolor>Yellow</textcolor>
		  <include>LabelC3</include>
		  <posx>0</posx>
          <posy>220</posy>
          <!--<width>368</width>-->
		  <width>378</width>
          <height>24</height>
          <label>[B]$INFO[ListItem.Label][/B]</label>
		  <visible>IsEmpty(ListItem.Property(weatherlocation))</visible>
        </control>
	  </control>
      </focusedlayout>
      <content>
        <item id="340" description="סרטים">
          <visible>!Skin.HasSetting(Movies)</visible>
          <thumb fallback="icons/movies.png">$INFO[Skin.String(icon340)]</thumb>
		  <icon fallback="icons/movies2.png">$INFO[Skin.String(icon340)]</icon>
          <label>$LOCALIZE[342]</label>
		  <property name="color">buttons/backgrounds/$INFO[Skin.String(color340)].png</property>
		  <onclick>RunScript(script.htpt.smartbuttons,,?mode=501)</onclick>
        </item>
        <item id="341" description="סדרות">
          <visible>!Skin.HasSetting(TVshows)</visible>
		  <thumb fallback="icons/tvshows.png">$INFO[Skin.String(icon341)]</thumb>
		  <icon fallback="icons/tvshows2.png">$INFO[Skin.String(icon341)]</icon>
          <label>$LOCALIZE[20343]</label>
		  <property name="color">buttons/backgrounds/$INFO[Skin.String(color341)].png</property>
		  <onclick>RunScript(script.htpt.smartbuttons,,?mode=502)</onclick>
        </item>
		<item id="342" description="סדרות ישראליות">
          <visible>!Skin.HasSetting(IsraelTV)</visible>
		  <thumb fallback="icons/israeltv.png">$INFO[Skin.String(icon342)]</thumb>
		  <icon fallback="icons/israeltv2.png">$INFO[Skin.String(icon342)]</icon>
          <label>$LOCALIZE[73420]</label>
		  <property name="color">buttons/backgrounds/$INFO[Skin.String(color342)].png</property>
		  <onclick>RunScript(script.htpt.smartbuttons,,?mode=503)</onclick>
        </item>
        <item id="343" description="יו-טיוב">
          <visible>!Skin.HasSetting(YouTube)</visible>
          <thumb fallback="icons/youtube.png">$INFO[Skin.String(icon343)]</thumb>
		  <icon fallback="icons/youtube2.png">$INFO[Skin.String(icon343)]</icon>
          <label>$LOCALIZE[73430]</label>
          <property name="color">buttons/backgrounds/$INFO[Skin.String(color343)].png</property>
		  <!--<onclick>RunScript(script.htpt.smartbuttons,,?mode=504)</onclick>-->
		  <onclick condition="System.HasAddon(plugin.video.youtube)">RunAddon(plugin.video.youtube)</onclick>
		  <onclick condition="!System.HasAddon(plugin.video.youtube)">Notification($LOCALIZE[79195],$LOCALIZE[79154],2000)</onclick>
		  <onclick condition="!System.HasAddon(plugin.video.youtube)">ActivateWindow(10025,plugin://plugin.video.youtube,return)</onclick>
        </item>
        <item id="344" description="גו-פרו">
          <visible>!Skin.HasSetting(GoPro)</visible>
		  <thumb fallback="icons/gopro.png">$INFO[Skin.String(icon344)]</thumb>
		  <icon fallback="icons/gopro2.png">$INFO[Skin.String(icon344)]</icon>
          <label>$LOCALIZE[73440]</label>
		  <property name="color">buttons/backgrounds/$INFO[Skin.String(color344)].png</property>
		  <onclick>RunScript(script.htpt.smartbuttons,,?mode=505)</onclick>
        </item>
        <item id="320" description="חפש/הוסף סרטים">
          <visible>!Skin.HasSetting(moviese)</visible>
          <thumb>$VAR[Button320]</thumb>
		  <icon>$VAR[Button320_2]</icon>
          <label>$LOCALIZE[73200]</label>
		  <property name="color">buttons/backgrounds/$INFO[Skin.String(color320)].png</property>
		  <onclick condition="!Skin.HasSetting(moviesep)">RunScript(script.htpt.smartbuttons,,?mode=506)</onclick>
		  <onclick condition="Skin.HasSetting(moviesep)">SetFocus(9001)</onclick>
        </item>
        <item id="321" description="חפש/הוסף סדרות">
          <visible>!Skin.HasSetting(tvshowse)</visible>
          <thumb>$VAR[Button321]</thumb>
		  <icon>$VAR[Button321_2]</icon>
          <label>$LOCALIZE[73210]</label>
		  <property name="color">buttons/backgrounds/$INFO[Skin.String(color321)].png</property>
		  <onclick condition="!Skin.HasSetting(tvshowsep)">RunScript(script.htpt.smartbuttons,,?mode=507)</onclick>
          <onclick condition="Skin.HasSetting(tvshowsep)">SetFocus(9001)</onclick>
        </item>
		<item id="345" description="מזג אוויר">
          <visible>!Skin.HasSetting(weather)</visible>
		  <thumb fallback="icons/weather.png">$INFO[Skin.String(icon345)]</thumb>
		  <icon fallback="icons/weather2.png">$INFO[Skin.String(icon345)]</icon>
		  <label>$LOCALIZE[400]</label>
          <property name="weatherthumb">$INFO[Weather.Conditions]</property>
		  <property name="weathertemp">$INFO[Weather.Temperature]</property>
		  <property name="weatherlocation">$INFO[Weather.Location]</property>
		  <property name="weatherlabel">$LOCALIZE[400]</property>
          <property name="color">buttons/backgrounds/$INFO[Skin.String(color345)].png</property>
		  <onclick condition="System.HasAddon(weather.yahoo)">ActivateWindow(MyWeather)</onclick>
		  <onclick condition="System.HasAddon(weather.yahoo)">Weather.Refresh</onclick>
		  <onclick condition="!System.HasAddon(weather.yahoo)">Notification($LOCALIZE[79195],$LOCALIZE[79154],4000)</onclick>
		  <onclick condition="!System.HasAddon(weather.yahoo)">ActivateWindow(10025,plugin://weather.yahoo,return)</onclick>
        </item>
		<item id="507" description="תמונות">
          <visible>!Skin.HasSetting(pictures)</visible>
		  <thumb fallback="icons/pictures.png">$INFO[Skin.String(icon507)]</thumb>
		  <icon fallback="icons/pictures2.png">$INFO[Skin.String(icon507)]</icon>
          <label>$LOCALIZE[1]</label>
		  <property name="color">buttons/backgrounds/$INFO[Skin.String(color507)].png</property>
		  <!--<onclick condition="!Skin.HasSetting(VALIDATION)">ActivateWindow(Pictures,special://userdata/library/pictures/,return)</onclick>-->
		  <onclick>RunScript(script.htpt.smartbuttons,,?mode=509)</onclick>
        </item>
		<item id="323" description="משחקים">
          <visible>!Skin.HasSetting(games)</visible>
		  <thumb fallback="icons/games.png">$INFO[Skin.String(icon323)]</thumb>
		  <icon fallback="icons/games2.png">$INFO[Skin.String(icon323)]</icon>
          <label>$LOCALIZE[15016]</label>
		  <property name="color">buttons/backgrounds/$INFO[Skin.String(color323)].png</property>
		  <onclick>RunScript(script.htpt.smartbuttons,,?mode=510)</onclick>
        </item>
		<item id="351" description="קדימונים">
          <visible>!Skin.HasSetting(trailers2)</visible>
		  <thumb fallback="icons/trailers.png">$INFO[Skin.String(icon351)]</thumb>
		  <icon fallback="icons/trailers2.png">$INFO[Skin.String(icon351)]</icon>
          <label>$LOCALIZE[72100]</label>
		  <property name="color">buttons/backgrounds/$INFO[Skin.String(color351)].png</property>
		  <onclick condition="System.HasAddon(screensaver.randomtrailers)">RunAddon(screensaver.randomtrailers)</onclick>
		  <onclick condition="!System.HasAddon(screensaver.randomtrailers)">Notification($LOCALIZE[79195],$LOCALIZE[79154],4000)</onclick>
		  <onclick condition="!System.HasAddon(screensaver.randomtrailers)">ActivateWindow(10025,plugin://screensaver.randomtrailers,return)</onclick>
          <!--<onclick condition="!Skin.HasSetting(VALIDATION) + !SubString(System.InternetState,$LOCALIZE[13297]) + !IsEmpty(Network.IPAddress)">RunScript(&quot;screensaver.randomtrailers&quot;)</onclick>-->
        </item>
		<item id="327" description="אינטרנט">
          <visible>!Skin.HasSetting(internet)</visible>
		  <thumb fallback="icons/internet.png">$INFO[Skin.String(icon327)]</thumb>
		  <icon fallback="icons/internet2.png">$INFO[Skin.String(icon327)]</icon>
          <label>$LOCALIZE[443]</label>
		  <property name="color">buttons/backgrounds/$INFO[Skin.String(color327)].png</property>
		  <onclick>RunScript(script.htpt.smartbuttons,,?mode=512)</onclick>
        </item>
		<item id="325" description="וידאו">
          <visible>!Skin.HasSetting(videos)</visible>
		  <thumb fallback="icons/videos.png">$INFO[Skin.String(icon325)]</thumb>
		  <icon fallback="icons/videos2.png">$INFO[Skin.String(icon325)]</icon>
          <label>$LOCALIZE[157]</label>
		  <property name="color">buttons/backgrounds/$INFO[Skin.String(color325)].png</property>
		  <onclick>RunScript(script.htpt.smartbuttons,,?mode=513)</onclick>
        </item>		
		<item id="508" description="מוזיקה">
          <visible>!Skin.HasSetting(music)</visible>
		  <thumb>$VAR[Button508]</thumb>
		  <icon>$VAR[Button508_2]</icon>
          <label>$LOCALIZE[2]</label>
		  <property name="color">buttons/backgrounds/$INFO[Skin.String(color508)].png</property>
		  <onclick condition="Skin.HasSetting(musicsep)">SetFocus(9001)</onclick>
		  <onclick condition="!Skin.HasSetting(musicsep)">RunScript(script.htpt.smartbuttons,,?mode=514)</onclick>
        </item>
		<item id="322" description="ילדים">
          <visible>!Skin.HasSetting(kids)</visible>
          <thumb>$VAR[Button322]</thumb>
		  <icon>$VAR[Button322_2]</icon>
          <label>$LOCALIZE[73220]</label>
		  <property name="color">buttons/backgrounds/$INFO[Skin.String(color322)].png</property>
		  <onclick>RunScript(script.htpt.smartbuttons,,?mode=515)</onclick>
        </item>
		<item id="324" description="סרטים תלת-מימד">
          <visible>!Skin.HasSetting(3dmovs) + Skin.HasSetting(Admin)</visible>
          <thumb fallback="icons/3dmovs.png">$INFO[Skin.String(icon324)]</thumb>
		  <icon fallback="icons/3dmovs2.png">$INFO[Skin.String(icon324)]</icon>
		  <label>3D $LOCALIZE[342]</label>
		  <property name="color">buttons/backgrounds/$INFO[Skin.String(color324)].png</property>
		  <!--<onclick condition="!Skin.HasSetting(VALIDATION) + [!SubString(System.InternetState,$LOCALIZE[13297]) + !IsEmpty(Network.IPAddress)]">ActivateWindow(10025,&quot;plugin://plugin.video.movie25/?fanart&amp;genre&amp;iconimage=https%3a%2f%2fraw.github.com%2fmash2k3%2fMashupArtwork%2fmaster%2fskins%2fvector%2f3d.png&amp;mode=223&amp;name=3D%20Movies&amp;plot&amp;url=3D&quot;,return)</onclick>-->
		  <onclick>RunScript(script.htpt.smartbuttons,,?mode=506&amp;value=104)</onclick>
		  <visible>false</visible>
        </item>
		<item id="331" description="סרטים למבוגרים">
          <visible>Skin.HasSetting(adult)</visible>
          <thumb fallback="icons/adult.png">$INFO[Skin.String(icon331)]</thumb>
		  <icon fallback="icons/adult2.png">$INFO[Skin.String(icon331)]</icon>
          <label>$LOCALIZE[75003]</label>
		  <property name="color">buttons/backgrounds/$INFO[Skin.String(color331)].png</property>
		  <onclick condition="System.HasAddon(script.htpt.smartbuttons)">RunScript(script.htpt.smartbuttons,,?mode=520)</onclick>
		  <onclick condition="!System.HasAddon(script.htpt.smartbuttons)">Notification($LOCALIZE[79195],$LOCALIZE[79154],4000)</onclick>
		  <onclick condition="!System.HasAddon(script.htpt.smartbuttons)">ActivateWindow(10025,plugin://script.htpt.smartbuttons,return)</onclick>
        </item>
		<item id="330" description="">
          <visible>false</visible>
          <thumb></thumb>
		  <icon></icon>
          <label></label>
          <property name="color">buttons/backgrounds/$INFO[Skin.String(color330)].png</property>
		  <onclick>noop</onclick>
        </item>
		<item id="352" description="מעודפים">
          <visible>!Skin.HasSetting(favourites)</visible>
		  <thumb fallback="icons/favourites.png">$INFO[Skin.String(icon352)]</thumb>
		  <icon fallback="icons/favourites2.png">$INFO[Skin.String(icon352)]</icon>
          <label>$LOCALIZE[1036]</label>
		  <property name="color">buttons/backgrounds/$INFO[Skin.String(color352)].png</property>
          <!--<onclick>ActivateWindow(134)</onclick>-->
		  <onclick>ActivateWindow(134)</onclick>
        </item>
		<item id="355" description="ערוצי טלוויזיה">
          <thumb fallback="icons/LiveTV.png">$INFO[Skin.String(icon355)]</thumb>
		  <icon fallback="icons/LiveTV2.png">$INFO[Skin.String(icon355)]</icon>
          <label>$LOCALIZE[19023]</label>
		  <property name="color">buttons/backgrounds/$INFO[Skin.String(color355)].png</property>
		  <onclick>RunScript(script.htpt.smartbuttons,,?mode=517)</onclick>
		  <visible>!Skin.HasSetting(livetv) + !System.GetBool(pvrmanager.enabled)</visible>
        </item>
		<item id="3550" description="ערוצי טלוויזיה2">
          <thumb fallback="icons/LiveTV.png">$INFO[Skin.String(icon355)]</thumb>
		  <icon fallback="icons/LiveTV2.png">$INFO[Skin.String(icon355)]</icon>
          <label>$LOCALIZE[19023]</label>
		  <property name="color">buttons/backgrounds/$INFO[Skin.String(color355)].png</property>
		  <visible>!Pvr.IsRecording + System.GetBool(pvrmanager.enabled) + !Skin.HasSetting(livetv)</visible>
		  <!--<onclick>ActivateWindow(TVChannels)</onclick>-->
		  <onclick>RunScript(script.htpt.smartbuttons,,?mode=517)</onclick>
        </item>
		<!--<item id="355" description="ערוצי טלוויזיה">
          <thumb>icons/LiveTVrec.png</thumb>
		  <icon>icons/LiveTV2.png</icon>
          <label>$INFO[Pvr.NowRecordingTitle]</label>
          <onclick condition="!Skin.HasSetting(VALIDATION) + !SubString(System.InternetState,$LOCALIZE[13297]) + !IsEmpty(Network.IPAddress)">ActivateWindowAndFocus(MyPVR, 32,0, 11,0)</onclick>
		  <visible>Pvr.IsRecording + System.GetBool(pvrmanager.enabled) + !Skin.HasSetting(livetv)</visible>
        </item>-->
		<item id="357" description="עוד...">
          <visible>Skin.HasSetting(More)</visible>
		  <thumb fallback="icons/buttonadd.png">$INFO[Skin.String(icon357)]</thumb>
		  <icon fallback="icons/buttonadd2.png">$INFO[Skin.String(icon357)]</icon>
          <label>$LOCALIZE[22082]</label>
		  <property name="color">buttons/backgrounds/$INFO[Skin.String(color357)].png</property>
		  <onclick>SetFocus(9001)</onclick>
        </item>
<!--הגדרות משתמש מתחילות כאן-->
        <item id="401" description="הרחבות אישי">
          <visible>!IsEmpty(Skin.String(HomeAddon.1.Label))</visible>
          <thumb>$VAR[HomeAddon1]</thumb>
          <label>$INFO[system.addonTitle(Skin.String(HomeAddon.1.Label))]</label>
		  <property name="color">buttons/backgrounds/$INFO[Skin.String(color401)].png</property>
          <onclick>RunAddon($INFO[Skin.String(HomeAddon.1.Label)])</onclick>
        </item>
        <item id="402" description="הרחבות אישי">
          <visible>!IsEmpty(Skin.String(HomeAddon.2.Label))</visible>
          <thumb>$VAR[HomeAddon2]</thumb>
          <label>$INFO[system.addonTitle(Skin.String(HomeAddon.2.Label))]</label>
		  <property name="color">buttons/backgrounds/$INFO[Skin.String(color402)].png</property>
          <onclick>RunAddon($INFO[Skin.String(HomeAddon.2.Label)])</onclick>
        </item>
        <item id="403" description="הרחבות אישי">
          <visible>!IsEmpty(Skin.String(HomeAddon.3.Label))</visible>
          <thumb>$VAR[HomeAddon3]</thumb>
          <label>$INFO[system.addonTitle(Skin.String(HomeAddon.3.Label))]</label>
		  <property name="color">buttons/backgrounds/$INFO[Skin.String(color403)].png</property>
          <onclick>RunAddon($INFO[Skin.String(HomeAddon.3.Label)])</onclick>
        </item>
        <item id="404" description="הרחבות אישי">
          <visible>!IsEmpty(Skin.String(HomeAddon.4.Label))</visible>
          <thumb>$VAR[HomeAddon4]</thumb>
          <label>$INFO[system.addonTitle(Skin.String(HomeAddon.4.Label))]</label>
          <property name="color">buttons/backgrounds/$INFO[Skin.String(color404)].png</property>
          <onclick>RunAddon($INFO[Skin.String(HomeAddon.4.Label)])</onclick>
        </item>
        <item id="405" description="הרחבות אישי">
          <visible>!IsEmpty(Skin.String(HomeAddon.5.Label))</visible>
          <thumb>$VAR[HomeAddon5]</thumb>
          <label>$INFO[system.addonTitle(Skin.String(HomeAddon.5.Label))]</label>
          <property name="color">buttons/backgrounds/$INFO[Skin.String(color405)].png</property>
          <onclick>RunAddon($INFO[Skin.String(HomeAddon.5.Label)])</onclick>
        </item>
		<item id="601" description="מעודפים אישי">
          <visible>!IsEmpty(Skin.String(HomeFav.1.Label))</visible>
          <thumb fallback="icons/favourites.png">$INFO[Skin.String(HomeFav.1.Thumb)]</thumb>
		  <icon>$INFO[Skin.String(HomeFav.1.Icon)]</icon>
          <label>$INFO[Skin.String(HomeFav.1.Label)]</label>
          <property name="color">buttons/backgrounds/$INFO[Skin.String(color601)].png</property>
          <onclick>$INFO[Skin.String(HomeFav.1.Path)]</onclick>
        </item>
        <item id="602" description="מעודפים אישי">
          <visible>!IsEmpty(Skin.String(HomeFav.2.Label))</visible>
          <thumb fallback="icons/favourites.png">$INFO[Skin.String(HomeFav.2.Icon)]</thumb>
          <label>$INFO[Skin.String(HomeFav.2.Label)]</label>
          <property name="color">buttons/backgrounds/$INFO[Skin.String(color602)].png</property>
          <onclick>$INFO[Skin.String(HomeFav.2.Path)]</onclick>
        </item>
		<item id="603" description="מעודפים אישי">
          <visible>!IsEmpty(Skin.String(HomeFav.3.Label))</visible>
          <thumb fallback="icons/favourites.png">$INFO[Skin.String(HomeFav.3.Icon)]</thumb>
          <label>$INFO[Skin.String(HomeFav.3.Label)]</label>
          <property name="color">buttons/backgrounds/$INFO[Skin.String(color603)].png</property>
          <onclick>$INFO[Skin.String(HomeFav.3.Path)]</onclick>
		  
        </item>
        <item id="604" description="מעודפים אישי">
          <visible>!IsEmpty(Skin.String(HomeFav.4.Label))</visible>
          <thumb fallback="icons/favourites.png">$INFO[Skin.String(HomeFav.4.Icon)]</thumb>
          <label>$INFO[Skin.String(HomeFav.4.Label)]</label>
          <property name="color">buttons/backgrounds/$INFO[Skin.String(color604)].png</property>
          <onclick>$INFO[Skin.String(HomeFav.4.Path)]</onclick>
		  
        </item>
		<item id="605" description="מעודפים אישי">
          <visible>!IsEmpty(Skin.String(HomeFav.5.Label))</visible>
          <thumb fallback="icons/favourites.png">$INFO[Skin.String(HomeFav.5.Icon)]</thumb>
          <label>$INFO[Skin.String(HomeFav.5.Label)]</label>
          <property name="color">buttons/backgrounds/$INFO[Skin.String(color605)].png</property>
          <onclick>$INFO[Skin.String(HomeFav.5.Path)]</onclick>
        </item>
		<item id="371" description="Test 2">
          <visible>!Skin.HasSetting(hidetest) + Skin.HasSetting(Admin) + !Skin.HasSetting(Admin2)</visible>
          <thumb>icons/caa2.png</thumb>
		  <icon>icons/caa22.png</icon>
          <label>Test 2</label>
		  <onclick>RunScript(script.htpt.smartbuttons,,?mode=0)</onclick>
		</item>
		<item id="346" description="עזרה">
          <visible>!Skin.HasSetting(help)</visible>
          <thumb fallback="icons/help.png">$INFO[Skin.String(icon346)]</thumb>
		  <icon fallback="icons/help2.png">$INFO[Skin.String(icon346)]</icon>
		  <property name="color">buttons/backgrounds/$INFO[Skin.String(color346)].png</property>
		  <icon>icons/help2.png</icon>
          <label>$LOCALIZE[10043]</label>
		  <onclick>ActivateWindow(1170)</onclick>
        </item>
		<item id="375" description="הערוץ שלנו">
          <!--<visible>!Skin.HasSetting(htptchannel)</visible>-->
          <thumb>icons/htpt.png</thumb>
		  <icon>icons/htpt2.png</icon>
          <label>$LOCALIZE[78970]</label>
		  <onclick>RunScript(script.htpt.smartbuttons,,?mode=30)</onclick>
		  <visible>false</visible>
        </item>
        <item id="348" description="הגדרות">
          <thumb fallback="icons/settings.png">$INFO[Skin.String(icon348)]</thumb>
		  <icon fallback="icons/settings2.png">$INFO[Skin.String(icon348)]</icon>
          <label>5</label>
          <property name="color">buttons/backgrounds/$INFO[Skin.String(color348)].png</property>
          <onclick>ActivateWindow(Settings.xml)</onclick>
        </item>
		<item id="380" description="מסך נעילה">
          <visible>Skin.HasSetting(VALIDATION) | Skin.HasSetting(VALIDATION2) | Skin.HasSetting(Admin) + !Skin.HasSetting(Admin2)</visible>
          <thumb>icons/Unlock.png</thumb>
		  <icon>icons/Unlock2.png</icon>
          <label>$LOCALIZE[79039]</label>
          <onclick>ActivateWindow(LoginScreen.xml)</onclick>
        </item>
		<item id="381" description="מסך כניסה">
          <visible>Skin.HasSetting(Admin) + !Skin.HasSetting(Admin2)</visible>
          <thumb>icons/Unlock.png</thumb>
		  <icon>icons/Unlock2.png</icon>
          <label>$LOCALIZE[10029]</label>
          <onclick>ActivateWindow(Startup.xml)</onclick>
        </item>
        <item id="349" description="כיבוי">
          <visible>!Player.HasVideo</visible>
          <thumb fallback="icons/power.png">$INFO[Skin.String(icon349)]</thumb>
		  <icon fallback="icons/power2.png">$INFO[Skin.String(icon349)]</icon>
          <label>351</label>
          <property name="color">buttons/backgrounds/$INFO[Skin.String(color349)].png</property>
		  <onclick condition="!System.HasAddon(script.htpt.smartbuttons)">Notification($LOCALIZE[79195],$LOCALIZE[79154],4000)</onclick>
		  <onclick condition="!System.HasAddon(script.htpt.smartbuttons)">ActivateWindow(10025,plugin://script.htpt.smartbuttons,return)</onclick>
		  <onclick condition="System.HasAddon(script.htpt.smartbuttons)">ActivateWindow(1191)</onclick>
        </item>
	  </content>
    </control>
	<include>weather_shelf</include>
    <control type="group" id="700" description="Shelf items שורה עליונה בכחול">
      <include description="פנל מדף סרטים שנוספו לאחרונה" condition="!Skin.HasSetting(MoviesShelfWL) + !Skin.HasSetting(widget)">Movies_RA</include>
      <include condition="Skin.HasSetting(MoviesShelfWL) + !Skin.HasSetting(widget)">Movies_WL</include> 
      <include description="פנל מדף פרקים שנוספו לאחרונה" condition="!Skin.HasSetting(TVShelf_Watchlist) + !Skin.HasSetting(widget)">TV_RAIR</include> 
      <include condition="Skin.HasSetting(TVShelf_Watchlist) + !Skin.HasSetting(widget)">TV_WL</include>
      <include condition="Skin.HasSetting(IsraelTV_Custom)">Israel_TV</include>
      <include condition="Skin.HasSetting(YouTube_Custom)">YouTube_Shortcuts</include>
	  <include condition="Skin.HasSetting(GoPro_Custom)">GoPro_Shortcuts</include>
	  <onup condition="Control.IsVisible(9009)">9009</onup>
	  <onup condition="Control.IsVisible(7011)">7017</onup>
	  <onup condition="Player.HasAudio + !Control.IsVisible(9009)">ActivateWindow(12901)</onup>
	  <ondown>9000</ondown>
    </control>
    <include>CenterMenu</include>
	<include>TopVideoInformation</include>
	<include>TopInformation</include>
  </controls>
</window>