<?xml version="1.0" encoding="UTF-8"?>
<window description="(2)">
  <defaultcontrol always="true">58</defaultcontrol>
  <allowoverlay>yes</allowoverlay>
  <include condition="Skin.HasSetting(Performance) + !Player.HasVideo">Performance1</include>
  <include>SetFocusView</include>
  <onunload condition="Skin.HasSetting(AutoViewoff)">Skin.ToggleSetting(AutoViewoff)</onunload>
  <onunload condition="Skin.String(VarCurrentPicVidPath)">Skin.SetString(VarCurrentPicVidPath,)</onunload>
  <controls>
	<control type="group" description="GeneralPT">
	  <visible>Control.IsVisible(50)</visible>
	  <include>Backgrounds3</include>
	  <include>ScrollBar</include>	   
      <control type="group">
        <control type="panel" id="50">
		  <include condition="!Skin.HasSetting(Performance)">Slide1</include>
		  <include condition="Skin.HasSetting(Performance)">Slide1p</include>
		  <include condition="!Skin.HasSetting(Performance)">Slide2</include>
		  <include condition="Skin.HasSetting(Performance)">Slide2p</include>
          <posx>20</posx>
          <posy>20</posy>
          <width>1880</width>
          <height>1060</height>
		  <include>4ways</include>
          <viewtype label="GeneralPT">List</viewtype>
		  <itemlayout description="(כללי)" condition="true" height="100" width="960"> <!--!SubString(Container.FolderPath,special://userdata/library/pictures/,left) + !SubString(Container.FolderPath,/var/media/pictures/,left)-->
			<control type="image" description="מסגרת">
			  <include>Fade_MenuButtonsOverlay</include>
              <posx>500</posx>
              <posy>20</posy>
              <width>880</width>
              <height>100</height>
              <texture border="30">buttons/ButtonE2.png</texture>
            </control>
			<control type="group" description="תמונה">
				<height>60</height>		
				<posx>530</posx>
				<posy>40</posy>	      
				<width>40</width>
				<control type="image" description="">
				  <aspectratio>scale</aspectratio>
				  <texture background="false">$VAR[VideoInformation2]</texture>
				</control>
			</control>	
			<control type="label" description="שם">
              <include>LabelC3</include>
			  <posx>600</posx>
              <posy>32</posy>
              <width>700</width>
              <height>70</height>
			  <label>$INFO[ListItem.Label]</label>
			  <visible>!IsEmpty(ListItem.Label)</visible>
            </control>
			</itemlayout>
          <focusedlayout description="(כללי)" condition="true" height="100" width="960"> <!--!SubString(Container.FolderPath,special://userdata/library/pictures/,left) + !SubString(Container.FolderPath,/var/media/,left)-->
			<control type="image" id="729" description="מסגרת"> 
			  <height>100</height>
			  <posx>500</posx>
              <posy>20</posy>
              <width>880</width>
              <texture border="30">buttons/ButtonE.png</texture>
            </control>
			<control type="group" id="730" description="תמונה">
		      <height>60</height>		
			  <posx>530</posx>
			  <posy>40</posy>
			  <width>40</width>
			  <control type="image" description="">
			    <aspectratio>scale</aspectratio>
			    <texture background="false">$VAR[VideoInformation2]</texture>
			  </control>
			</control>
			<control type="label" description="שם">
              <include>LabelC3</include>
			  <posx>600</posx>
              <posy>32</posy>
              <width>700</width>
              <height>70</height>
              <textcolor>Yellow</textcolor>
			  <scroll>true</scroll>
              <align>center</align>
			  <label>$INFO[ListItem.Label]</label>
			  <visible>!IsEmpty(ListItem.Label)</visible>
            </control>
			<include condition="!Skin.HasSetting(AutoView)">AutoView</include>
          </focusedlayout>        		
        </control>		
      </control>
	  <include>AdditionalInformation</include>
    </control>
    <control type="group" description="IconsPT">
	  <visible>Control.IsVisible(58)</visible>
	  <include>Backgrounds3</include>
	  <include>ScrollBar</include>
      <control type="group">
        <control type="panel" id="58">
		  <include condition="!Skin.HasSetting(Performance)">Slide1</include>
		  <include condition="Skin.HasSetting(Performance)">Slide1p</include>
		  <include condition="!Skin.HasSetting(Performance)">Slide2</include>
		  <include condition="Skin.HasSetting(Performance)">Slide2p</include>
          <posx>20</posx>
          <posy>50</posy>
          <width>1880</width>
          <height>1030</height>
		  <include>4ways</include>
          <viewtype label="IconsPT">Grid</viewtype>
		  <itemlayout description="" condition="true" height="510" width="353">	            
			<control type="image" description="תמונה">
			  <aspectratio align="center">keep</aspectratio>	
			  <posx>55</posx>
              <posy>40</posy>
              <width>310</width>
              <height>430</height>
              <texture background="false">$VAR[TopVideoInformation4]</texture>
            </control>
			<control type="image" description="אייקון">
			  <include>Fade8</include>
			  <aspectratio align="center">keep</aspectratio>			  			  
			  <height>70</height>
			  <posx>55</posx>
			  <posy>40</posy>
			  <texture>$VAR[PhotoInformation1]</texture>
			  <width>310</width>
			</control>			
			<control type="label" description="כותרת">
			  <include>LabelC2</include>
              <posx>55</posx>
              <posy>472</posy>
              <width>310</width>
              <height>35</height>
              <textcolor>White2</textcolor>
			  <scroll>false</scroll>
			  <label>$INFO[ListItem.Label]</label>
			  <visible>!IsEmpty(ListItem.Label)</visible>
            </control>				
			</itemlayout>
          <focusedlayout description="" condition="true" height="510" width="353">    
			<control type="image" description="תמונה נבחר">
			  <aspectratio align="center">keep</aspectratio>
			  <posx>55</posx>
              <posy>40</posy>
              <height>430</height>
              <texture background="false">$VAR[TopVideoInformation4]</texture>
              <width>310</width>			  
            </control>
			<control type="image" description="אייקון">
			  <include condition="!Skin.HasSetting(Performance)">Fade8</include>
			  <aspectratio align="center">keep</aspectratio>			  			  
			  <height>70</height>
			  <posx>55</posx>
			  <posy>40</posy>
			  <texture>$VAR[PhotoInformation1]</texture>
			  <width>310</width>
			</control>
			<control type="label" description="תאריך תמונה">
			  <include condition="!Skin.HasSetting(Performance)">Fade3</include>
			  <include>LabelC2</include>
              <posx>78</posx>
              <posy>14</posy>
			  <scroll>false</scroll>
              <width>270</width>
              <height>15</height>
			  <label>$VAR[PhotoInformation2]</label>
			  <visible>!IsEmpty(ListItem.Date) | !IsEmpty(ListItem.PictureDate)</visible>
			</control>
            <control type="group" description="מסגרת סמן בחירה">
              <control type="image">
                <include condition="!Skin.HasSetting(Performance)">Fade9</include>
				<bordersize>10</bordersize>
                <posx>7</posx>
                <posy>-7</posy>
                <width>406</width>
                <height>525</height>
                <texture border="1">misc/frames/selector.png</texture>
              </control>
            </control>
			<!--<control type="image" description="סמן נצפה">
			  <aspectratio align="left">keep</aspectratio>
			  <height>410</height>
			  <posx>17</posx>
			  <posy>19</posy>
			  <width>290</width>				  
			  <texture>$VAR[Overlay]</texture>
			</control>	-->		
			<control type="image" description="רקע שחור">
			  <include condition="Skin.HasSetting(Performance2)">Fade10</include>
			  <posx>50</posx>
			  <posy>474</posy>
			  <width>317</width>
			  <height>33</height>
			  <texture>images/black.png</texture>
			  <colordiffuse>99FFFFFF</colordiffuse>
			  <aspectratio>scale</aspectratio>
			  <visible>!IsEmpty(ListItem.Label)</visible>
			</control>
			<control type="label" description="כותרת">
              <include condition="Skin.HasSetting(Performance2)">Fade10</include>
			  <textcolor>Yellow</textcolor>			  
			  <include>LabelC2</include>
              <posx>55</posx>
              <posy>472</posy>
              <width>310</width>
              <height>35</height>
			  <scroll>true</scroll>
			  <label>$INFO[ListItem.Label]</label>
			  <visible>!IsEmpty(ListItem.Label)</visible>
            </control>
			<include condition="!Skin.HasSetting(AutoView)">AutoView</include>			
          </focusedlayout>        
        </control>
      </control>
    </control>
    <include>TopInformation</include>
	<include>LeftMenuMyPics</include>
  </controls>
</window>
