<?xml version="1.0" encoding="UTF-8"?>
<window description="(25)">
  <defaultcontrol always="false">50</defaultcontrol>
  <allowoverlay>yes</allowoverlay>
  <views>50,57,58</views>
  <include>TopInformation</include>
  <include>SetFocusView</include>
  <onunload condition="Skin.HasSetting(AutoViewoff)">Skin.ToggleSetting(AutoViewoff)</onunload>
  <onunload condition="Skin.String(VarCurrentPicVid)">Skin.SetString(VarCurrentPicVid,)</onunload>
  <controls>
    <include>Videoviews</include>
	<include>LeftMenuMyVideoNav</include>
</controls>
</window>