<?xml version="1.0" encoding="UTF-8"?>
<includes>
  <include name="Programviews">
	<include>Backgrounds3</include>
	<include>ScrollBar</include>
	<control type="group" description="addonsPT(50)">
	  <visible>Control.IsVisible(50)</visible>
      <control type="group">
        <control type="panel" id="50">
		  <include condition="!Skin.HasSetting(Performance)">Slide1</include>
		  <include condition="Skin.HasSetting(Performance)">Slide1p</include>
		  <include condition="!Skin.HasSetting(Performance)">Slide2</include>
		  <include condition="Skin.HasSetting(Performance)">Slide2p</include>
          <posx>20</posx>
          <posy>20</posy>
          <width>1880</width>
          <height>1060</height>
		  <include>4ways</include>
          <viewtype label="addonsPT">List</viewtype>
		  <itemlayout description="(AddonsGeneral)" condition="[IsEmpty(Control.GetLabel(1105)) + IsEmpty(Control.GetLabel(1106))]" height="100" width="960">
			<control type="image" description="מסגרת">
			  <include>Fade_MenuButtonsOverlay</include>
              <posx>500</posx>
              <posy>20</posy>
			  <visible>[!StringCompare(ListItem.Label,XArcade) | Skin.HasSetting(Adult)]</visible>
              <width>880</width>
              <height>100</height>
              <texture border="30">buttons/ButtonE2.png</texture>
            </control>
			<control type="group" description="תמונה">
				<height>60</height>		
				<posx>530</posx>
				<posy>40</posy>
				<visible>[!StringCompare(ListItem.Label,XArcade) | Skin.HasSetting(Adult)]</visible>				
				<width>40</width>
				<control type="image" description="">
				  <aspectratio>scale</aspectratio>
				  <texture background="true">$VAR[VideoInformation2]</texture>
				</control>
			</control> 	
			<control type="group" description="סמן פרטי וידאו">
				<height>60</height>		
				<posx>1310</posx>
				<posy>40</posy>	      
				<width>40</width>
				<visible>!IsEmpty(ListItem.Plot) | !IsEmpty(ListItem.Property(Addon.Description))</visible>
				<control type="image" description="">
				  <aspectratio>keep</aspectratio>
				  <texture>icons/info.png</texture>
				</control>
			</control> 	
			<control type="label" description="שם">
              <include>LabelC3</include>
			  <posx>580</posx>
              <posy>31</posy>
              <width>730</width>
              <height>70</height>
			  <label>$INFO[ListItem.Label]</label>
			  <visible>!IsEmpty(ListItem.Label) + [!StringCompare(ListItem.Label,XArcade) | Skin.HasSetting(Adult)]</visible>
            </control>
			<control type="textbox" description="שם2">
              <animation condition="true" effect="fade" start="40" end="40" time="0">Conditional</animation>
			  <align>left</align>
			  <include>LabelC4</include>
			  <posx>455</posx>
              <posy>31</posy>
              <width>50</width>
              <height>70</height>
			  <label>$INFO[ListItem.Label2]</label>
			  <wrapmultiline>true</wrapmultiline>
			  <visible>!IsEmpty(ListItem.Label2)</visible>
            </control>			
			<control type="image" description="סמן נצפה">
			  <aspectratio align="left">stretch</aspectratio>			  
			  <height>60</height>
			  <posx>522</posx>
			  <posy>39</posy>
			  <texture>$VAR[Overlay]</texture>
			  <visible>[!StringCompare(ListItem.Label,XArcade) | Skin.HasSetting(Adult)]</visible>
			  <width>60</width>
			</control>
			</itemlayout>
          <focusedlayout description="(AddonsGeneral)" condition="[IsEmpty(Control.GetLabel(1105)) + IsEmpty(Control.GetLabel(1106))]" height="100" width="960">    
			<control type="image" description="מסגרת"> 
			  <height>100</height>
			  <posx>500</posx>
              <posy>20</posy>
			  <visible>[!StringCompare(ListItem.Label,XArcade) | Skin.HasSetting(Adult)]</visible>
              <width>880</width>
              <texture border="30">buttons/ButtonE.png</texture>
            </control>
			<control type="button">
			  <onfocus condition="StringCompare(Container.FolderName,Advanced Launcher) + !Skin.HasSetting(Adult) + [StringCompare(ListItem.Label,XArcade) + [Skin.String(ADULT2,..) | !Skin.String(ADULT2) | Player.HasVideo]]">Action(Up)</onfocus>
			  <onfocus condition="StringCompare(Container.FolderName,Advanced Launcher) + !Skin.HasSetting(Adult) + [StringCompare(ListItem.Label,XArcade) + Skin.String(ADULT2,TurboGrafx 16)]">Action(Down)</onfocus>
			  <onfocus condition="StringCompare(Container.FolderName,Advanced Launcher) + !Skin.HasSetting(Adult) + [!Skin.String(ADULT2,..) + StringCompare(ListItem.Label,..)]">Skin.SetString(ADULT2,$INFO[ListItem.Label])</onfocus>
			  <onfocus condition="StringCompare(Container.FolderName,Advanced Launcher) + !Skin.HasSetting(Adult) + [!Skin.String(ADULT2,TurboGrafx 16) + StringCompare(ListItem.Label,TurboGrafx 16)]">Skin.SetString(ADULT2,$INFO[ListItem.Label])</onfocus>
			  <onfocus condition="StringCompare(Container.FolderName,Advanced Launcher) + Skin.HasSetting(Admin) + !Skin.HasSetting(Adult) + [!Skin.String(ADULT2,TurboGrafx 16) + StringCompare(ListItem.Label,TurboGrafx 16)]">Notification(SetString ADULT2,$INFO[ListItem.Label],1000)</onfocus>
			  <onfocus condition="StringCompare(Container.FolderName,Advanced Launcher) + Skin.HasSetting(Admin) + !Skin.HasSetting(Adult) + [!Skin.String(ADULT2,..) + StringCompare(ListItem.Label,..)]">Notification(SetString ADULT2,$INFO[ListItem.Label],1000)</onfocus>
			  <!--<onunfocus condition="!Skin.HasSetting(Adult) + [StringCompare(ListItem.Label,XArcade)">Skin.ToggleSetting(Admin)</onunfocus>--><!--AlarmClock(Adult,Skin.ToggleSetting(Admin),0)-->
			  <visible>false</visible>
			</control>
			<include condition="true">AutoView</include>
			<control type="group" id="730" description="תמונה">
		      <height>60</height>		
			  <posx>530</posx>
			  <posy>40</posy>
			  <visible>[!StringCompare(ListItem.Label,XArcade) | Skin.HasSetting(Adult)]</visible>
			  <width>40</width>
			  <control type="image" description="">
			    <aspectratio>scale</aspectratio>
			    <texture background="true">$VAR[VideoInformation2]</texture>
			  </control>
			</control>
			<control type="group" description="סמן פרטי וידאו">
				<height>60</height>		
				<posx>1310</posx>
				<posy>40</posy>	      
				<width>40</width>
				<visible>!IsEmpty(ListItem.Plot) | !IsEmpty(ListItem.Property(Addon.Description))</visible>
				<control type="image" description="">
				  <aspectratio>keep</aspectratio>
				  <texture>icons/info.png</texture>
				</control>
			</control> 		
		    <control type="label" description="שם">
			  <textcolor>Yellow</textcolor>
			  <include>LabelC3</include>
			  <posx>580</posx>
              <posy>32</posy>
              <width>730</width>
              <height>70</height>
			  <scroll>true</scroll>
			  <label>$INFO[ListItem.Label]</label>
			  <visible>!IsEmpty(ListItem.Label) + [!StringCompare(ListItem.Label,XArcade) | Skin.HasSetting(Adult)]</visible>
            </control>
			<control type="textbox" description="שם2">
			  <align>left</align>
			  <include>LabelC4</include>
			  <posx>455</posx>
              <posy>31</posy>
              <width>50</width>
              <height>70</height>
			  <label>$INFO[ListItem.Label2]</label>
			  <wrapmultiline>true</wrapmultiline>
			  <visible>!IsEmpty(ListItem.Label2)</visible>
            </control>		
			<control type="image" description="סמן נצפה">
			  <aspectratio align="left">stretch</aspectratio>			  
			  <height>60</height>
			  <posx>522</posx>
			  <posy>39</posy>
			  <texture>$VAR[Overlay]</texture>
			  <visible>[!StringCompare(ListItem.Label,XArcade) | Skin.HasSetting(Adult)]</visible>
			  <width>60</width>
			</control>       
          </focusedlayout>        		
        </control>		
      </control>
	  <include>AdditionalInformation</include>
    </control>
	<control type="group" description="romPT(55)">
		<visible>Control.IsVisible(55)</visible>
		<control type="group" description="Container and frame">
        <control type="panel" id="55" description="Panel">
          <viewtype label="romPT">Icons</viewtype>
		  <include condition="!Skin.HasSetting(Performance)">Slide1</include>
		  <include condition="Skin.HasSetting(Performance)">Slide1p</include>
		  <include condition="!Skin.HasSetting(Performance)">Slide2</include>
		  <include condition="Skin.HasSetting(Performance)">Slide2p</include>
          <posx>20</posx>
          <posy>40</posy>
          <width>1880</width>
          <height>1040</height>
		  <include>4ways</include>
		  <itemlayout description="(AddonsInfo)" condition="[!IsEmpty(Control.GetLabel(1105)) + !IsEmpty(Control.GetLabel(1106)) | !IsEmpty(Container(55).ListItem(1).Plot) + !IsEmpty(Container(55).ListItem(1).Genre) | !IsEmpty(Container(55).ListItem(2).Plot) + !IsEmpty(Container(55).ListItem(2).Genre)]" height="345" width="360">
            <control type="image" description="תמונה לא נבחר">
              <posx>55</posx>
              <posy>30</posy>
              <height>290</height>
              <texture background="true">$VAR[TopVideoInformation4]</texture>
			  <visible>[!StringCompare(ListItem.Label,XArcade) | Skin.HasSetting(Adult)]</visible>
			  <width>290</width>
            </control>
			<control type="image" description="סמן נצפה">
			  <height>350</height>
			  <posx>28</posx>
			  <posy>-17</posy>
			  <width>200</width>					
			  <aspectratio align="left">keep</aspectratio>
			  <texture>$VAR[Overlay]</texture>
			  <visible>[!StringCompare(ListItem.Label,XArcade) | Skin.HasSetting(Adult)]</visible>
			</control>
			<control type="label" description="כותרת">
			  <include>Fade11</include>
			  <scrollspeed>1</scrollspeed>
			  <align>center</align>
			  <font>size18</font>
              <posx>100</posx>
              <posy>317</posy>
              <width>195</width>
              <height>35</height>
              <textcolor>White</textcolor>
			  <label>$INFO[ListItem.Label]</label>
			  <visible>!IsEmpty(ListItem.Label) + [!StringCompare(ListItem.Label,XArcade) | Skin.HasSetting(Adult)]</visible>
            </control>
			</itemlayout>
          <focusedlayout description="(AddonsInfo)" condition="[!IsEmpty(Control.GetLabel(1105)) + !IsEmpty(Control.GetLabel(1106)) | !IsEmpty(Container(55).ListItem(1).Plot) + !IsEmpty(Container(55).ListItem(1).Genre) | !IsEmpty(Container(55).ListItem(2).Plot) + !IsEmpty(Container(55).ListItem(2).Genre)]" height="345" width="360">     
			<control type="image" description="תמונה נבחר">
			  <posx>55</posx>
              <posy>30</posy>
              <width>290</width>
              <height>290</height>
              <texture background="true">$VAR[TopVideoInformation4]</texture>
			  <visible>[!StringCompare(ListItem.Label,XArcade) | Skin.HasSetting(Adult)]</visible>
            </control>
			<control type="button">
			  <onfocus condition="!Skin.HasSetting(Adult) + [StringCompare(ListItem.Label,XArcade) + [Skin.String(ADULT2,..) | !Skin.String(ADULT2) | Player.HasVideo]]">Action(Up)</onfocus>
			  <onfocus condition="!Skin.HasSetting(Adult) + [StringCompare(ListItem.Label,XArcade) + Skin.String(ADULT2,TurboGrafx 16)] + !Player.HasVideo">Action(Down)</onfocus>
			  <onfocus condition="!Skin.HasSetting(Adult) + [StringCompare(ListItem.Label,XArcade) + StringCompare(Container().ListItem(-1).Label,..)]">Action(Left)</onfocus>
			  <onfocus condition="!Skin.HasSetting(Adult) + [!Skin.String(ADULT2,..) + StringCompare(ListItem.Label,..)]">Skin.SetString(ADULT2,$INFO[ListItem.Label])</onfocus>
			  <onfocus condition="!Skin.HasSetting(Adult) + [!Skin.String(ADULT2,TurboGrafx 16) + StringCompare(ListItem.Label,TurboGrafx 16)]">Skin.SetString(ADULT2,$INFO[ListItem.Label])</onfocus>
			  <onfocus condition="Skin.HasSetting(Admin) + !Skin.HasSetting(Adult) + [!Skin.String(ADULT2,TurboGrafx 16) + StringCompare(ListItem.Label,TurboGrafx 16)]">Notification(SetString ADULT2,$INFO[ListItem.Label],1000)</onfocus>
			  <onfocus condition="Skin.HasSetting(Admin) + !Skin.HasSetting(Adult) + [!Skin.String(ADULT2,..) + StringCompare(ListItem.Label,..)]">Notification(SetString ADULT2,$INFO[ListItem.Label],1000)</onfocus>
			  <visible>false</visible>
			</control>
			<include condition="true">AutoView</include>
			<control type="image" description="סמן נצפה">
			  <height>350</height>
			  <posx>28</posx>
			  <posy>-17</posy>
			  <width>200</width>					
			  <aspectratio align="left">keep</aspectratio>
			  <texture>$VAR[Overlay]</texture>
			  <visible>[!StringCompare(ListItem.Label,XArcade) | Skin.HasSetting(Adult)]</visible>
			</control>
            <control type="group" description="מסגרת סמן בחירה">
              <control type="image">
                <include>Fade9</include>
                <posx>18</posx>
                <posy>2</posy>
                <width>364</width>
                <height>345</height>
                <texture border="1">misc/frames/selector.png</texture>
				<visible>[!StringCompare(ListItem.Label,XArcade) | Skin.HasSetting(Adult)]</visible>
              </control>
			  <control type="image" description="רקע שחור">
			    <posx>93</posx>
			    <posy>324</posy>
			    <width>211</width>
			    <height>22</height>
			    <texture>images/black.png</texture>
			    <colordiffuse>99FFFFFF</colordiffuse>
			    <aspectratio>scale</aspectratio>
			    <visible>!IsEmpty(ListItem.Label)</visible>
			    <visible>[!StringCompare(ListItem.Label,XArcade) | Skin.HasSetting(Adult)]</visible>
			  </control>
			  <control type="label" description="כותרת">
			    <include>Fade7</include>
			    <scrollspeed>1</scrollspeed>
			    <align>center</align>
			    <font>size18</font>
                <posx>100</posx>
                <posy>317</posy>
			    <shadowcolor>Black</shadowcolor>
                <width>195</width>
                <height>35</height>
                <textcolor>Yellow</textcolor>
			    <label>$INFO[ListItem.Label]</label>
			    <visible>!IsEmpty(ListItem.Label)</visible>
			    <visible>[!StringCompare(ListItem.Label,XArcade) | Skin.HasSetting(Adult)]</visible>
              </control>
            </control>
          </focusedlayout>        
		</control>
	  </control>
	</control>
	<include>TopVideoInformation</include>
	<include>TopInformation</include>
 </include>
</includes>
