<?xml version="1.0" encoding="UTF-8"?>
<window id="2007">
  <controls>
    <!--<onload>Notification(1,1,5000)</onload>-->
	<!--<defaultcontrol always="true">13</defaultcontrol>-->
    <include>TopInformation</include>
	<!--<control type="group" description="כפתורים עליונים">
	<animation effect="slide" start="0,-438" end="0,0" time="220" delay="240" reversibile="false" tween="quadratic">WindowOpen</animation>
	<animation effect="slide" end="0,-438" start="0,0" time="220" tween="quadratic">WindowClose</animation>
	<top>200</top>
	<control type="grouplist" id="202" description="כפתורים וידאו/אודיו">
		<top>100</top>
		<height>144</height>
		<width>1920</width>
		<align>center</align>
		<itemgap>0</itemgap>
		<scrolltime tween="sine">200</scrolltime>
		<orientation>horizontal</orientation>
		<onup>noop</onup>
		<ondown>close</ondown>
		<ondown condition="Control.IsVisible(7011)">7017</ondown>
		<onleft>202</onleft>
		<onright>202</onright>
		<visible>Player.HasMedia</visible>
		<control type="button" id="700" description="Bookmark">
			<textoffsety>60</textoffsety>
			<texturefocus>osd/buttons/OSDBookMarksFO.png</texturefocus>
			<texturenofocus>osd/buttons/OSDBookMarksNF.png</texturenofocus>
			<label>-</label>
			<width>100</width>
			<height>100</height>
			<onclick>ActivateWindow(videobookmarks)</onclick>
			<visible>false</visible>
		</control>
		<control type="button" id="701" description="הגדרות אודיו">
			<texturefocus>osd/buttons/OSDAudioFO.png</texturefocus>
			<texturenofocus>osd/buttons/OSDAudioNF.png</texturenofocus>
			<width>100</width>
			<height>100</height>
			<onclick>ActivateWindow(osdaudiosettings)</onclick>
			<visible>Skin.HasSetting(Admin)</visible>
		</control>
		<control type="button" id="702" description="הגדרות וידאו">
			<texturefocus>osd/buttons/OSDVideoFO.png</texturefocus>
			<texturenofocus>osd/buttons/OSDVideoNF.png</texturenofocus>
			<width>100</width>
			<height>100</height>
			<onclick>ActivateWindow(osdvideosettings)</onclick>
			<visible>Skin.HasSetting(Admin) | VideoPlayer.IsStereoscopic + Control.IsVisible(705)</visible>
		</control>
		<control type="button" id="705" description="3D">
			<texturefocus>osd/buttons/OSDStereoscopicFO.png</texturefocus>
			<texturenofocus>osd/buttons/OSDStereoscopicNF.png</texturenofocus>
			<label>-</label>
			<width>100</width>
			<height>100</height>
			<ondown>NextStereoMode</ondown>
			<onup>PreviousStereoMode</onup>
			<onclick>ToggleStereoMode</onclick>
			<visible>Skin.HasSetting(Admin) | VideoPlayer.IsStereoscopic | !IsEmpty(VideoPlayer.StereoscopicMode) | StringCompare(VideoPlayer.VideoResolution,1080)</visible>
			<visible>Player.HasVideo</visible>
		</control>				
		<control type="button" id="603" description="הפסק">
			<texturefocus>osd/buttons/OSDStopFO.png</texturefocus>
			<texturenofocus>osd/buttons/OSDStopNF.png</texturenofocus>
			<width>100</width>
			<height>100</height>
			<onclick>PlayerControl(Stop)</onclick>
		</control>
		<control type="button" id="613" description="Audio">
			<texturefocus>osd/buttons/OSDLyricsFO.png</texturefocus>
			<texturenofocus>osd/buttons/OSDLyricsNF.png</texturenofocus>
			<width>100</width>
			<height>100</height>
			<onclick condition="IsEmpty(Skin.String(LyricPath))">Skin.SetAddon(LyricPath,xbmc.python.lyrics)</onclick>
			<onclick condition="!IsEmpty(Skin.String(LyricPath))">XBMC.RunScript($INFO[Skin.String(LyricPath)])</onclick>
			<visible>Player.HasAudio</visible>
			<visible>Skin.HasSetting(Admin)</visible>
		</control>
		<control type="button" id="601" description="אחורה">
			<texturefocus>osd/buttons/OSDRewindFO+.png</texturefocus>
			<texturenofocus>osd/buttons/OSDRewindNF.png</texturenofocus>
			<width>100</width>
			<height>100</height>
			<onup>PlayerControl(Previous)</onup>		
			<onclick condition="Player.Paused">PlayerControl(Play)</onclick>
			<onclick>PlayerControl(Rewind)</onclick>
			<visible>Player.SeekEnabled</visible>
		</control>
		<control type="button" id="803" description="ערוץ קודם">
			<textoffsety>60</textoffsety>
			<texturefocus>osd/buttons/OSDChannelDownFO.png</texturefocus>
			<texturenofocus>osd/buttons/OSDChannelDownNF.png</texturenofocus>
			<label>-</label>
			<width>100</width>
			<height>100</height>
			<onclick>PlayerControl(Next)</onclick>
			<visible>Player.NextEnabled + VideoPlayer.Content(LiveTV)</visible>
		</control>						
		<control type="togglebutton" id="602" description="נגן/עצור">
			<altclick condition="Player.Paused">PlayerControl(Play)</altclick>
			<texturefocus>osd/buttons/OSDPauseFO.png</texturefocus>
			<texturenofocus>osd/buttons/OSDPauseNF.png</texturenofocus>
			<alttexturefocus>osd/buttons/OSDPlayFO.png</alttexturefocus>
			<alttexturenofocus>osd/buttons/OSDPlayNF.png</alttexturenofocus>
			<width>100</width>
			<height>100</height>
			<usealttexture>Player.Paused | Player.Forwarding | Player.Rewinding</usealttexture>			
			<onclick>PlayerControl(Play)</onclick>
			<visible>Player.PauseEnabled</visible>
		</control>
		<control type="button" id="802" description="ערוץ הבא">
			<texturefocus>osd/buttons/OSDChannelUPFO.png</texturefocus>
			<texturenofocus>osd/buttons/OSDChannelUPNF.png</texturenofocus>
			<label>-</label>
			<width>100</width>
			<height>100</height>
			<onclick>PlayerControl(Previous)</onclick>
			<visible>Player.PreviousEnabled + VideoPlayer.Content(LiveTV)</visible>
		</control>
		<control type="togglebutton" id="804" description="הקלטה">
			<texturefocus>osd/buttons/OSDRecordOffFO.png</texturefocus>
			<texturenofocus>osd/buttons/OSDRecordOffNF.png</texturenofocus>
			<alttexturefocus>osd/buttons/OSDRecordOnFO.png</alttexturefocus>
			<alttexturenofocus>osd/buttons/OSDRecordOnNF.png</alttexturenofocus>
			<label>-</label>
			<altlabel>208</altlabel>
			<width>100</width>
			<height>100</height>
			<onclick>PlayerControl(Record)</onclick>
			<enable>Player.CanRecord</enable>
			<usealttexture>Player.Recording</usealttexture>
			<visible>[VideoPlayer.Content(LiveTV) | Pvr.IsPlayingTv] + Player.CanRecord</visible>
		</control>		
		<control type="button" id="807">
			<texturefocus>osd/buttons/OSDChannelListFO.png</texturefocus>
			<texturenofocus>osd/buttons/OSDChannelListNF.png</texturenofocus>
			<label>-</label>
			<width>100</width>
			<height>100</height>
			<onclick>ActivateWindow(PVROSDChannels)</onclick>
			<onclick>Dialog.close(VideoOSD)</onclick>
			<visible>Skin.HasSetting(Admin) | VideoPlayer.Content(LiveTV) | Pvr.IsPlayingTv</visible>
			<visible>Player.HasVideo</visible>
		</control>
		<control type="button" id="808">
			<texturefocus>osd/buttons/OSDepgFO.png</texturefocus>
			<texturenofocus>osd/buttons/OSDepgNF.png</texturenofocus>
			<label>-</label>
			<width>100</width>
			<height>100</height>
			<onclick condition="VideoFullScreen.xml">Action(Back)</onclick>					
			<onclick>ActivateWindow(PVROSDGuide)</onclick>
			<visible>Pvr.HasEpg | VideoPlayer.HasEpg</visible>
		</control>
		<control type="button" id="810">
			<texturefocus>osd/buttons/OSDTeleTextFO.png</texturefocus>
			<texturenofocus>osd/buttons/OSDTeleTextNF.png</texturenofocus>
			<label>-</label>
			<width>100</width>
			<height>100</height>
			<onclick>ActivateWindow(Teletext)</onclick>
			<visible>Pvr.HasTxt</visible>
		</control>				
		<control type="button" id="604" description="קדימה">
			<texturefocus>osd/buttons/OSDForwardFO+.png</texturefocus>
			<texturenofocus>osd/buttons/OSDForwardNF.png</texturenofocus>
			<label>-</label>
			<width>100</width>
			<height>100</height>
			<onup>PlayerControl(Next)</onup>	
			<onclick condition="Player.Paused">PlayerControl(Play)</onclick>
			<onclick>PlayerControl(Forward)</onclick>
			<visible>Player.SeekEnabled</visible>
		</control>
		<control type="button" id="703" description="תרגום">
			<texturefocus condition="VideoPlayer.HasSubtitles">osd/buttons/OSDSubtitlesFO+.png</texturefocus>
			<texturefocus>osd/buttons/OSDSubtitlesFO.png</texturefocus>
			<texturenofocus>osd/buttons/OSDSubtitlesNF.png</texturenofocus>
			<width>100</width>
			<height>100</height>
			<onup condition="VideoPlayer.HasSubtitles">SubtitleDelayPlus</onup>
			<ondown condition="VideoPlayer.HasSubtitles">SubtitleDelayMinus</ondown>
			<onclick>close</onclick>
			<onclick>ActivateWindow(SubtitleSearch)</onclick>
			<visible>!VideoPlayer.Content(LiveTV)</visible>
		</control>
		<control type="button" id="704" description="DVD">
			<texturefocus>osd/buttons/OSDDvdFO.png</texturefocus>
			<texturenofocus>osd/buttons/OSDDvdNF.png</texturenofocus>
			<label>-</label>
			<width>100</width>
			<height>100</height>
			<onclick>PlayerControl(ShowVideoMenu)</onclick>
			<visible>VideoPlayer.HasMenu</visible>
		</control>
		<control type="button" id="706" description="מידע">
			<texturefocus>osd/buttons/OSDInfoFO.png</texturefocus>
			<texturenofocus>osd/buttons/OSDInfoNF.png</texturenofocus>
			<label>-</label>
			<width>100</width>
			<height>100</height>
			<onclick>close</onclick>
			<onclick>ActivateWindow(10142)</onclick>
			<visible>false</visible>
			<visible>VideoPlayer.Content(movies) | VideoPlayer.Content(episodes)</visible>
		</control>
		<control type="togglebutton" id="611" description="Audio">
			<texturefocus>osd/buttons/OSDRepeatFO.png</texturefocus>
			<texturenofocus>osd/buttons/OSDRepeatNF.png</texturenofocus>
			<alttexturefocus>osd/buttons/OSDRepeatAllFO.png</alttexturefocus>
			<alttexturenofocus>osd/buttons/OSDRepeatAllNF.png</alttexturenofocus>
			<width>100</width>
			<height>100</height>
			<usealttexture>Playlist.IsRepeat | Playlist.IsRepeatOne</usealttexture>
			<onclick>PlayerControl(RepeatAll)</onclick>
			<altclick>PlayerControl(RepeatOff)</altclick>
			<visible>Player.HasAudio + !Pvr.IsPlayingRadio</visible>
		</control>	
		<control type="togglebutton" id="612" description="Audio">
			<enable>Player.HasAudio</enable>
			<texturefocus>osd/buttons/OSDRandomOffFO.png</texturefocus>
			<texturenofocus>osd/buttons/OSDRandomOffNF.png</texturenofocus>
			<alttexturefocus>osd/buttons/OSDRandomOnFO.png</alttexturefocus>
			<alttexturenofocus>osd/buttons/OSDRandomOnNF.png</alttexturenofocus>
			<width>100</width>
			<height>100</height>
			<usealttexture>Playlist.IsRandom</usealttexture>
			<onclick>PlayerControl(Random)</onclick>
			<altclick>PlayerControl(Random)</altclick>
			<visible>Player.HasAudio + Playlist.IsRepeat + !Pvr.IsPlayingRadio</visible>
		</control>	
	</control>
  </control>-->
	<control type="group">
	  <include>htptpause</include>
	</control>
	<control type="group" description="כפתורים עליונים">
		<!--<animation effect="slide" end="0,-438" time="240" tween="quadratic" condition="!Window.IsVisible(DialogFullScreenInfo.xml) + [System.IdleTime(7) | Window.IsVisible(SliderDialog) | Window.IsVisible(PVROSDGuide) | Window.IsVisible(PVROSDTeletext) | Window.IsVisible(PVROSDChannels) | Window.IsVisible(OSDVideoSettings) | Window.IsVisible(OSDAudioSettings) | Window.IsVisible(VideoBookmarks)]">Conditional</animation>-->
		<!--<animation effect="slide" end="0,-438" time="240" tween="quadratic" condition="System.IdleTime(7)">Conditional</animation>-->
		<animation effect="fade" start="100" end="20" time="220" condition="System.IdleTime(3) + Control.HasFocus(703) + VideoPlayer.HasSubtitles">Conditional</animation>
		<animation effect="fade" start="100" end="50" time="220" condition="System.IdleTime(5) + [!Control.HasFocus(703) | !VideoPlayer.HasSubtitles]">Conditional</animation>
		<animation effect="slide" start="0,-438" end="0,0" time="220" delay="240" reversibile="false" tween="quadratic">WindowOpen</animation>
		<animation effect="slide" end="0,-438" start="0,0" time="220" tween="quadratic">WindowClose</animation>
		<top>200</top>
		<visible>false</visible>
		<control type="grouplist" id="13" description="כפתורים וידאו/אודיו">
			<top>100</top>
			<height>144</height>
			<width>1920</width>
			<align>center</align>
			<itemgap>0</itemgap>
			<scrolltime tween="sine">200</scrolltime>
			<orientation>horizontal</orientation>
			<onup>noop</onup>
			<ondown>close</ondown>
			<ondown condition="Control.IsVisible(7011)">7017</ondown>
			<onleft>202</onleft>
			<onright>202</onright>
			<visible></visible>
			<control type="togglebutton" id="601" description="ROTATE">
				<texturefocus>osd/buttons/OSDZoomFO.png</texturefocus>
				<texturenofocus>osd/buttons/OSDZoomNF.png</texturenofocus>
				<alttexturefocus>osd/buttons/OSDSubtitles2FO.png</alttexturefocus>
				<alttexturenofocus>osd/buttons/OSDSubtitles2NF.png</alttexturenofocus>
				<usealttexture>!VideoPlayer.SubtitlesEnabled | !VideoPlayer.HasSubtitles</usealttexture>
				<width>100</width>
				<height>100</height>
				<onup condition="">Action(ZoomIn)</onup>
				<ondown condition="">Action(ZoomOut)</ondown>
				<ondown condition="!VideoPlayer.HasSubtitles">close</ondown>
				<onclick condition="">Action(ZoomNormal)</onclick>
				<onclick condition="false">Action(ZoomLevel3)</onclick>
			</control>
			<control type="togglebutton" id="602" description="נגן/עצור">
				<altclick condition="Player.Paused">PlayerControl(Play)</altclick>
				<texturefocus>osd/buttons/OSDPauseFO.png</texturefocus>
				<texturenofocus>osd/buttons/OSDPauseNF.png</texturenofocus>
				<alttexturefocus>osd/buttons/OSDPlayFO.png</alttexturefocus>
				<alttexturenofocus>osd/buttons/OSDPlayNF.png</alttexturenofocus>
				<width>100</width>
				<height>100</height>
				<usealttexture>Player.Paused | Player.Forwarding | Player.Rewinding</usealttexture>			
				<onclick>PlayerControl(Play)</onclick>
				<visible></visible>
				<!--<visible>!SubString(Player.FolderPath,rtmp://) + !SubString(Player.FolderPath,mms://)</visible>-->
			</control>
			<control type="button" id="603" description="ZOOM">
				<texturefocus>osd/buttons/OSDZoomFO.png</texturefocus>
				<texturenofocus>osd/buttons/OSDZoomNF.png</texturenofocus>
				<alttexturefocus>osd/buttons/OSDSubtitles2FO.png</alttexturefocus>
				<alttexturenofocus>osd/buttons/OSDSubtitles2NF.png</alttexturenofocus>
				<usealttexture>!VideoPlayer.SubtitlesEnabled | !VideoPlayer.HasSubtitles</usealttexture>
				<width>100</width>
				<height>100</height>
				<onup condition="">Action(ZoomIn)</onup>
				<ondown condition="">Action(ZoomOut)</ondown>
				<ondown condition="!VideoPlayer.HasSubtitles">close</ondown>
				<onclick condition="">Action(ZoomNormal)</onclick>
				<onclick condition="false">Action(ZoomLevel3)</onclick>
			</control>
		</control>
	</control>
	
 </controls>
</window>