<?xml version="1.0" encoding="UTF-8"?>
<window id="1000" description="קבצים">
  <defaultcontrol always="true">701</defaultcontrol>
  <onload>AlarmClock(timeout,Action(Back),00:04,silent)</onload>
  <onunload>CancelAlarm(timeout,true)</onunload>
  <controls>
    <control type="label">
	  <include>LabelC11</include>
	  <!--<posx>960</posx>
	  <posy>540</posy>-->
	  <height>1080</height>
	  <width>1920</width>
	  <label>$LOCALIZE[31407]</label>
	</control>
	<control type="label">
	  <include>LabelC11</include>
	  <!--<posx>960</posx>-->
	  <posy>40</posy>
	  <height>1080</height>
	  <width>1920</width>
	  <label>$INFO[Window(home).Property(TEMP)]</label>
	  <visible>IntegerGreaterThan(Window(home).Property(TEMP),0)</visible>
	</control>
  </controls>
</window>