<?xml version="1.0" encoding="UTF-8"?>
<window type="dialog" id="1120" description="הגדרות">
  <defaultcontrol always="true">698</defaultcontrol>
  <controls>
    <include>Fade5</include>
	<control type="group" description="Side menu 9000 group">
      <posx>720</posx>
      <posy>310</posy>
      <visible allowhiddenfocus="false">true</visible>
      <control type="image" description="מסגרת">
        <include>Fade_CenterMenuOverlay</include>
		<height>480</height>
        <texture border="20" colordiffuse="$VAR[MenuColor]">buttons/ButtonE0.png</texture>
		<width>480</width>
      </control>
	  <control type="grouplist" id="9000">
		<onright>Close</onright>
		<onleft>Close</onleft>
		<onup>9000</onup>
		<ondown>9000</ondown>
		  <control type="button" id="697" description="חזור"> 
			<label>--></label>
			<onclick>Close</onclick>
			<visible>false</visible>
		  </control>		  
		  <control type="button" id="698" description="הגדרות">
			<font>Size42</font>
			<height>110</height>
			<label>$LOCALIZE[5]</label>
			<onclick>Close</onclick>
			<onclick>ActivateWindow(Settings)</onclick>
		  </control>
		  <!--<control type="button" id="696" description="הגדרות מעטפת">
			<label>20077</label>
			<onclick>Close</onclick>
			<onclick>ActivateWindow(SkinSettings)</onclick>
		  </control>-->
		  <!--<control type="button" id="700" description="הגדרת רשת">
			<label>$LOCALIZE[10128]</label>
			<onclick>Close</onclick>
			<onclick>RunScript(&quot;service.openelec.settings&quot;)</onclick>
		  </control>-->	  
		  <control type="button" id="699" description="הרחבות">
			<font>Size42</font>
			<height>110</height>
			<label>$LOCALIZE[24001]</label>
			<onclick>Close</onclick>
			<onclick>ActivateWindow(1118)</onclick>
		  </control>
		  <control type="button" id="701" description="קבצים">
			<font>Size42</font>
			<height>110</height>
			<label>$LOCALIZE[1214]</label>
			<onclick>Close</onclick>
			<onclick>ActivateWindow(1115)</onclick>
		  </control>
	  </control>
    </control>
  </controls>
</window>