<?xml version="1.0" encoding="UTF-8"?>
<window id="1170" description="כפתור עזרה">
  <include condition="Skin.HasSetting(Performance)  + !Player.HasVideo">Performance1</include>
  <defaultcontrol always="true">100</defaultcontrol>
  <allowoverlay>no</allowoverlay>
  <onunload condition="Skin.HasSetting(fixhtpt)">Skin.ToggleSetting(fixhtpt)</onunload>
  <controls>
  	<control type="group" description="">
	  <include>Backgrounds3</include>
	  <include>ScrollBar</include>	   
      <control type="group">
	    <include condition="!Skin.HasSetting(Performance)">Slide1</include>
		<include condition="Skin.HasSetting(Performance)">Slide1p</include>
		<include condition="!Skin.HasSetting(Performance)">Slide2</include>
		<include condition="Skin.HasSetting(Performance)">Slide2p</include>
	    <include>MenuDesign_TopSettings</include>
		<include>MenuDesign_Settings</include>
      </control>
	  <include>TopInformation</include>
    </control>
  </controls>
</window>