<?xml version="1.0" encoding="UTF-8"?>
<window id="1178" description="ColorPicker">
	<defaultcontrol always="true">3110</defaultcontrol>
	<onload condition="Window.IsVisible(Custom1175.xml)" description="סגירת חלון פעולות">Dialog.Close(1175)</onload>
	<onunload>ClearProperty(TEMP,home)</onunload>
	<controls>
	  <!--current color name-->
      <control type="label">
		<aligny>top</aligny>
		<include>LabelC12</include>
		<include>Fade7</include>
		<label>[COLOR=Yellow]$INFO[Window.Property(colorname)][/COLOR] ($INFO[Window.Property(colorstring)])</label>
		<posx>600</posx>
		<posy>-4</posy>
		<scroll>false</scroll>
		<width>720</width>
      </control>
      <control type="group" description="חלון צבעים">
        <posx>-18</posx>
        <posy>32</posy>
		<!-- background panel -->
		<control type="image">
			<animation condition="false" effect="fade" start="90" end="90" time="0">Conditional</animation>
			<width>1955</width>
			<height>530</height>
			<texture border="30">buttons/ButtonC2.png</texture>
		</control>
	
        <!--Header-->
        <control type="label">
            <posx>61</posx>
            <posy>60</posy>
            <width min="80" max="1400">auto</width>
            <height>100</height>
            <font>font35_title</font>
			<label>$ADDON[script.skin.helper.service 32011]</label>
            <align>left</align>
            <textcolor>white</textcolor>
			<shadowcolor>black</shadowcolor>
			<visible>false</visible>
        </control>

		<control type="panel" id="3110">
			<viewtype label="31438">icons</viewtype>
			<posx>20</posx>
			<posy>0</posy>
			<width>1920</width>
			<height>435</height>
			<orientation>vertical</orientation>
			<onleft>3110</onleft>
			<onright>3110</onright>
			<onup>3110</onup>
			<ondown>3010</ondown>
			<preloaditems>4</preloaditems>
			<pagecontrol>60</pagecontrol>
			<itemlayout height="70" width="70">
				<control type="image">
					<posx>15</posx>
					<posy>15</posy>
					<width>92%</width>
					<height>92%</height>
					<texture border="5">$INFO[ListItem.Icon]</texture>
				</control>
				<control type="image" description="סמן בחירה">
				  <posx>0</posx>
				  <posy>0</posy>
				  <width>100%</width>
				  <height>100%</height>
				  <texture border="10">misc/frames/selector.png</texture>
				  <visible>false</visible>
				</control>
			</itemlayout>
			<focusedlayout height="100" width="100">
				<control type="image">
				    <posx>0</posx>
					<posy>0</posy>
					<width>100%</width>
					<height>100%</height>
					<texture border="5">$INFO[ListItem.Icon]</texture>
				</control>
				<control type="image" description="סמן בחירה">
				  <posx>0</posx>
				  <posy>0</posy>
				  <width>100%</width>
				  <height>100%</height>
				  <texture border="10">misc/frames/selector.png</texture>
				  <visible></visible>
				</control>
				<control type="textbox">
					<font>font13</font>
					<left>10</left>
					<top>10</top>
					<right>10</right>
					<width>90%</width>
					<height>90%</height>
					<align>left</align>
					<info>ListItem.Label</info>
					<textcolor>white</textcolor>
					<shadowcolor>black</shadowcolor>
				</control>
			</focusedlayout>
		</control>
		
		<control type="grouplist">
			<height>775</height>
			<itemgap>10</itemgap>
			<orientation>horizontal</orientation>
			<posx>40</posx>
			<posy>435</posy>
			<width>1400</width>
			<ondown>SetFocus(3110,1)</ondown>
			<onright>3011</onright>
			<onup>noop</onup>
			<!--<onup>3110</onup>-->
			<onleft>3010</onleft>
			<control type="button" id="3010" description="edit manual">
				<width>200</width>
				<height>70</height>
				<!--<font>Reg32</font>-->
				<onup>3110</onup>
				<align>center</align>
			    <aligny>center</aligny>
				
				<label>$INFO[Window.Property(colorstring)]</label>
				<label2></label2>
				<textcolor>white</textcolor>
				<posy>5</posy>
				<texturenofocus border="40">buttons/Button2E2.png</texturenofocus>
			    <texturefocus border="40">buttons/Button2E.png</texturefocus>
			</control>
			<control type="button" id="3012" description="שמירה">
				<posx>210</posx>
				<width>200</width>
				<height>70</height>
				<!--<font>Reg32</font>-->				
				<onclick>ClearProperty(TEMP,home)</onclick>
				<onclick>Dialog.Close(1173)</onclick>
				<onclick>Dialog.Close(1117)</onclick>
				<onclick>ActivateWindow(1117)</onclick>
				<onclick condition="Window.IsVisible(1173)">ActivateWindow(1173)</onclick>
				<align>center</align>
			    <aligny>center</aligny>
				<label>190</label>
				<textcolor>white</textcolor>
				<posy>5</posy>
				<texturenofocus border="40">buttons/Button2E2.png</texturenofocus>
			    <texturefocus border="40">buttons/Button2E.png</texturefocus>
			</control>
			<control type="button" id="30110" description="ברירת מחדל">
				<posx>210</posx>
				<width>240</width>
				<height>70</height>
				<!--<font>Reg32</font>-->
				<onclick>Notification(.,,1000)</onclick>
				<onclick>RunScript(script.htpt.smartbuttons,,?mode=202&value=30110)</onclick>
				<onclick>ClearProperty(TEMP,home)</onclick>
				<align>center</align>
			    <aligny>center</aligny>
				<label></label>
				<label2>$LOCALIZE[409]</label2>
				<textoffsetx>25</textoffsetx>
				<textcolor>white</textcolor>
				<posy>5</posy>
				<texturenofocus border="40">buttons/Button2E2.png</texturenofocus>
			    <texturefocus border="40">buttons/Button2E.png</texturefocus>
			</control>
			<control type="button" id="3011" description="שקוף">
				<posx>210</posx>
				<width>200</width>
				<height>70</height>
				<!--<font>Reg32</font>-->
				<onclick>Notification(..,,1000)</onclick>
				<onclick>ClearProperty(TEMP,home)</onclick>
				<onclick>AlarmClock(1,Notification(...,,1000),0,silent)</onclick>
				<onclick>AlarmClock(2,Action(Close),00:01,silent)</onclick>
				<onclick>AlarmClock(3,Action(Close),00:01,silent)</onclick>
				<onclick>AlarmClock(4,ActivateWindow(1117),00:01,silent)</onclick>
				<onclick condition="Window.IsVisible(1173)">AlarmClock(5,ActivateWindow(1173),00:01,silent)</onclick>
				<align>center</align>
			    <aligny>center</aligny>
				<label>$LOCALIZE[78013]</label>
				<textcolor>white</textcolor>
				<posy>5</posy>
				<texturenofocus border="40">buttons/Button2E2.png</texturenofocus>
			    <texturefocus border="40">buttons/Button2E.png</texturefocus>
				<visible>!StringCompare(Window(home).Property(TEMP),IconFocusColor) + !StringCompare(Window(home).Property(TEMP),IconUnFocusColor) + !StringCompare(Window(home).Property(TEMP),MenuColor)</visible>
			</control>
			<control type="group" id="3020">
				<width>450</width>
				<height>60</height>
				
				<control type="label" id="3016">
					<!-- label opacity-->
					<width>100</width>
					<left>0</left>
					<align>left</align>
					<font>size18</font>
					<label>$ADDON[script.skin.helper.service 32049]:</label>
					<textcolor>white</textcolor>
					<texturenofocus colordiffuse="black" border="5">panel_trans.png</texturenofocus>
				</control>
				<control type="slider" id="3015">
					<!-- opacity slider -->
					<top>25</top>
					<left>110</left>
					<onup>3012</onup>
					<ondown>3012</ondown>
					<width>200</width>
				</control>
				
				<control type="label" id="3017">
					<!-- opacity percentage -->
					<posx>-400</posx>
					<width>80</width>
					<height>60</height>
					<right>0</right>
					<align>left</align>
					
					<font>size18</font>
					<label>$INFO[Control.Getlabel(3015)]</label>
					<textcolor>white</textcolor>
					<texturenofocus colordiffuse="black" border="5">panel_trans.png</texturenofocus>
				</control>
			</control>

		  </control>
	
	  </control>
	</controls>
</window>
