<?xml version="1.0" encoding="UTF-8"?>
<includes>

  <include name="Content_Custom1173_100">
   <item id="20" description="בית">
		<label>$LOCALIZE[76202]</label>
		<onclick>noop</onclick>
	</item>
	
	<item id="21" description="גלובלי">
		<label>$LOCALIZE[74839]</label>
		<onclick>noop</onclick>
		<visible>false</visible>
	</item>
	
	<item id="22" description="מיקום">
		<label>$LOCALIZE[74446]</label>
		<onclick>noop</onclick>
		<visible>Skin.HasSetting(Admin) + !Skin.HasSetting(Admin2) + Skin.HasSetting(Admin3)</visible>
	</item>
	
	<item id="23" description="צבעים">
		<label>$LOCALIZE[14078]</label>
		<onclick>noop</onclick>
	</item>
	
	<item id="24" description="שקיפויות">
		<label>$LOCALIZE[74477]</label>
		<onclick>noop</onclick>
	</item>
	
	<item id="25" description="מתקדם">
		<label>10038</label>
		<onclick>noop</onclick>
	</item>
  </include>
  
  <include name="Content_Settings_100">
    <item id="2">
		<label>HTPT</label>
		<onclick>noop</onclick>
	</item>
	<item id="1" description="כללי">
		<label>128</label>
		<onclick>noop</onclick>
	</item>
	<item id="3" description="הרחבות">
		<label>24001</label>
		<onclick>noop</onclick>
	</item>
	<item id="4" description="קבצים">
		<label>1214</label>
		<onclick>noop</onclick>
	</item>
  </include>
  
  <include name="Content_Custom1170_100">
    <item id="1" description="כללי">
		<label>128</label>
		<onclick>noop</onclick>
	</item>
	<item id="2" description="וידאו">
		<label>3</label>
		<onclick>noop</onclick>
	</item>
	<item id="3" description="כלים">
		<label>$LOCALIZE[77473]</label>
		<onclick>noop</onclick>
		<visible>Skin.HasSetting(ID40) | Skin.HasSetting(Admin3)</visible>
	</item>
	<item id="4" description="מתקדם">
		<label>$LOCALIZE[10038]</label>
		<onclick>noop</onclick>
		<visible>false</visible>
	</item>
	<item id="5">
		<label>HTPT</label>
		<onclick>noop</onclick>
		<visible>false</visible>
	</item>
  </include>
  
  <include name="Content_Custom1172_100">
      <item id="1" description="כללי">
		<label>128</label>
		<onclick>noop</onclick>
	</item>
	<item id="2" description="וידאו">
		<label>3</label>
		<onclick>noop</onclick>
		<visible>false</visible>
	</item>
	<item id="3">
		<label>כלים</label>
		<onclick>noop</onclick>
		<visible>false</visible>
	</item>
	<item id="4">
		<label>מתקדם</label>
		<onclick>noop</onclick>
		<visible>false</visible>
	</item>
	<item id="5">
		<label>HTPT</label>
		<onclick>noop</onclick>
		<visible>false</visible>
	</item>
  </include>
  
  <include name="Content_SkinSettings_100">
	<item id="1" description="כללי">
		<label>128</label>
		<onclick>noop</onclick>
	</item>
	<item id="2">
		<label>משתמש</label>
		<onclick>noop</onclick>
		<visible>false</visible>
	</item>
	<item id="3">
		<label>ביצועים</label>
		<onclick>noop</onclick>
		<visible>false</visible>
	</item>
	<item id="4">
		<label>מתקדם</label>
		<onclick>noop</onclick>
	</item>

  </include>
  
  <include name="Content_Custom1173_50">
	  <!--200-224 מסך בית מותאם אישי-->
	  <item id="200" description="סמן בחירה (כפתור)">
		<visible></visible> <!--Skin.HasSetting(SelectionMarker)-->
		<label>$LOCALIZE[78021] ($LOCALIZE[78219])</label>
		<label2>$VAR[200label2]</label2>
		<property name="linfo">misc/help/SelectionMarker.png</property>
		<property name="rinfo">$LOCALIZE[76200].</property>
		<onclick>Skin.ToggleSetting(SelectionMarker)</onclick>
		<visible>Container(100).Hasfocus(20)</visible>
	  </item>
	  
	  <item id="201" description="סמן בחירה 2 (כפתור)">
		<label>$LOCALIZE[78021] 2 ($LOCALIZE[78219])</label>
		<label2>$VAR[201label2]</label2>
		<property name="linfo">misc/help/SelectionMarker2.png</property>
		<property name="rinfo">$LOCALIZE[76201].</property>
		<onclick>Skin.ToggleSetting(SelectionMarker2)</onclick>
		<visible>Container(100).Hasfocus(20)</visible>
	  </item>
	  
	  <item id="203" description="צללית (כפתור)">
		<label>$LOCALIZE[78218] ($LOCALIZE[78219])</label>
		<label2>$VAR[203label2]</label2>
		<property name="linfo">misc/help/ShadowButton.png</property>
		<property name="rinfo">$LOCALIZE[76203]</property>
		<onclick>Skin.ToggleSetting(ShadowButton)</onclick>
		<visible>Container(100).Hasfocus(20)</visible>
	  </item>
	  
	  <item id="204" description="שקופית (כפתור)">
		<label>$LOCALIZE[78217] ($LOCALIZE[78219])</label>
		<label2>$VAR[204label2]</label2>
		<property name="linfo">buttons/effects/effect_gardient.png</property>
		<property name="rinfo">$LOCALIZE[76204]</property>
		<onclick>Skin.ToggleSetting(OverlayButton)</onclick>
		<visible>Container(100).Hasfocus(20)</visible>
	  </item>
	  
	  <item id="205" description="שפוע Bevel (כפתור)">
		<label>$LOCALIZE[74607] ($LOCALIZE[78219])</label>
		<label2>$VAR[205label2]</label2>
		<property name="linfo">buttons/effects/bevel.png</property>
		<property name="rinfo"></property>
		<onclick>Skin.ToggleSetting(BevelButton)</onclick>
		<visible>Container(100).Hasfocus(20)</visible>
	  </item>
	  <item id="206" description="מסגרת Stroke (כפתור)">
		<label>$LOCALIZE[74608] ($LOCALIZE[78219])</label>
		<label2>$VAR[206label2]</label2>
		<property name="linfo">buttons/effects/stroke.png</property>
		<property name="rinfo"></property>
		<onclick>Skin.ToggleSetting(StrokeButton)</onclick>
		<visible>Container(100).Hasfocus(20)</visible>
	  </item>
	  <item id="209" description="אלמנט (כפתור לא נבחר)">
		<label>$LOCALIZE[74609] ($LOCALIZE[74611])</label>
		<label2>$INFO[Skin.String(ElementUButton)]</label2>
		<property name="linfo">buttons/effects/black2.png</property>
		<property name="rinfo"></property>
		<onclick condition="!Skin.String(ElementUButton)">Skin.SetString(ElementUButton,1)</onclick>
		<onclick condition="Skin.String(ElementUButton,1)">Skin.SetString(ElementUButton,)</onclick>
		<visible>Container(100).Hasfocus(20)</visible>
	  </item>
	  <item id="210" description="אלמנט (כפתור נבחר)">
		<label>$LOCALIZE[74609] ($LOCALIZE[74610])</label>
		<label2>$INFO[Skin.String(ElementFButton)]</label2>
		<property name="linfo">buttons/effects/black2.png</property>
		<property name="rinfo"></property>
		<onclick condition="!Skin.String(ElementFButton)">Skin.SetString(ElementFButton,1)</onclick>
		<onclick condition="Skin.String(ElementFButton,1)">Skin.SetString(ElementFButton,)</onclick>
		<visible>Container(100).Hasfocus(20)</visible>
	  </item>
	  
	  
	  
	  <item id="215" description="עיצוב תפריט">
		<label>$LOCALIZE[78014]</label>
		<label2>$VAR[215label2]</label2>
		<property name="linfo"></property>
		<property name="rinfo">$LOCALIZE[76206]</property>
		<onclick condition="!Skin.String(MenuDesign)">Skin.SetString(MenuDesign, 1)</onclick>
		<onclick condition="Skin.String(MenuDesign,1)">Skin.SetString(MenuDesign,)</onclick>
		<onclick>Close</onclick>
		<onclick>Close</onclick>
		<onclick>ActivateWindow(1117)</onclick>
		<onclick>ActivateWindow(1173)</onclick>
		<visible>Container(100).Hasfocus(20)</visible>
	  </item>
	  
	  <item id="220" description="פאנארט-בית פעיל">
		<label>$LOCALIZE[20445]-$LOCALIZE[10000] $LOCALIZE[305]</label>
		<label2>$VAR[220label2]</label2>
		<property name="linfo"></property>
		<property name="rinfo">$LOCALIZE[76207]</property>
		<onclick>Skin.ToggleSetting(background)</onclick>
		<visible>Container(100).Hasfocus(20)</visible>
	  </item>
	  
	  <item id="221" description="שקיפות פאנארט-בית">
		<visible>!Skin.HasSetting(background)</visible>
		
		<label>$LOCALIZE[78215] ($LOCALIZE[20445]-$LOCALIZE[10000])</label>
		<label2>$INFO[Skin.String(BackgroundOverlay)]</label2>
		<property name="linfo"></property>
		<property name="rinfo"></property>
		<onclick condition="!Skin.String(BackgroundOverlay)">Skin.SetString(BackgroundOverlay, 100)</onclick>
		<onclick condition="Skin.String(BackgroundOverlay, 100)">Skin.SetString(BackgroundOverlay, 95)</onclick>
		<onclick condition="Skin.String(BackgroundOverlay, 95)">Skin.SetString(BackgroundOverlay, 90)</onclick>
		<onclick condition="Skin.String(BackgroundOverlay, 90)">Skin.SetString(BackgroundOverlay, 85)</onclick>
		<onclick condition="Skin.String(BackgroundOverlay, 85)">Skin.SetString(BackgroundOverlay, 80)</onclick>
		<onclick condition="Skin.String(BackgroundOverlay, 80)">Skin.SetString(BackgroundOverlay, 70)</onclick>
		<onclick condition="Skin.String(BackgroundOverlay, 70)">Skin.SetString(BackgroundOverlay, 60)</onclick>
		<onclick condition="Skin.String(BackgroundOverlay, 60)">Skin.SetString(BackgroundOverlay, 50)</onclick>
		<onclick condition="Skin.String(BackgroundOverlay, 50)">Skin.SetString(BackgroundOverlay, 40)</onclick>
		<onclick condition="Skin.String(BackgroundOverlay, 40)">Skin.SetString(BackgroundOverlay, 30)</onclick>
		<onclick condition="Skin.String(BackgroundOverlay, 30)">Skin.SetString(BackgroundOverlay, 20)</onclick>
		<onclick condition="Skin.String(BackgroundOverlay, 20)">Skin.SetString(BackgroundOverlay, )</onclick>
		<onclick>Close</onclick>
		<onclick>Close</onclick>
		<onclick>ActivateWindow(1117)</onclick>
		<onclick>ActivateWindow(1173)</onclick>
		<visible>Container(100).Hasfocus(20)</visible>
	  </item>
	  
	  <item id="223" description="הסתר רקע עליון">
		<label>$LOCALIZE[74476] $LOCALIZE[78017]</label>
		<label2>$VAR[223label2]</label2>
		<property name="linfo"></property>
		<property name="rinfo">$LOCALIZE[76209]</property>
		<onclick>Skin.ToggleSetting(HideTopMainBackground)</onclick>
		<visible>Container(100).Hasfocus(20)</visible>
	  </item>
	  
	  <!--225-249 שקיפויות-->
	  <item id="225" description="שקיפות (רקע עליון)">
		
		<label>$LOCALIZE[78215] ($LOCALIZE[78017])</label>
		<label2>$INFO[Skin.String(TopMainBackgroundOverlay)]</label2>
		<property name="linfo">misc/help/TopMainBackgroundOverlay.png</property>
		<property name="rinfo">$LOCALIZE[78024] $LOCALIZE[78017].</property>
		<onclick condition="!Skin.String(TopMainBackgroundOverlay)">Skin.SetString(TopMainBackgroundOverlay, 100)</onclick>
		<onclick condition="Skin.String(TopMainBackgroundOverlay, 100)">Skin.SetString(TopMainBackgroundOverlay, 95)</onclick>
		<onclick condition="Skin.String(TopMainBackgroundOverlay, 95)">Skin.SetString(TopMainBackgroundOverlay, 90)</onclick>
		<onclick condition="Skin.String(TopMainBackgroundOverlay, 90)">Skin.SetString(TopMainBackgroundOverlay, 85)</onclick>
		<onclick condition="Skin.String(TopMainBackgroundOverlay, 85)">Skin.SetString(TopMainBackgroundOverlay, 80)</onclick>
		<onclick condition="Skin.String(TopMainBackgroundOverlay, 80)">Skin.SetString(TopMainBackgroundOverlay, 70)</onclick>
		<onclick condition="Skin.String(TopMainBackgroundOverlay, 70)">Skin.SetString(TopMainBackgroundOverlay, 60)</onclick>
		<onclick condition="Skin.String(TopMainBackgroundOverlay, 60)">Skin.SetString(TopMainBackgroundOverlay, 50)</onclick>
		<onclick condition="Skin.String(TopMainBackgroundOverlay, 50)">Skin.SetString(TopMainBackgroundOverlay, 40)</onclick>
		<onclick condition="Skin.String(TopMainBackgroundOverlay, 40)">Skin.SetString(TopMainBackgroundOverlay, 30)</onclick>
		<onclick condition="Skin.String(TopMainBackgroundOverlay, 30)">Skin.SetString(TopMainBackgroundOverlay, 20)</onclick>
		<onclick condition="Skin.String(TopMainBackgroundOverlay, 20)">Skin.SetString(TopMainBackgroundOverlay, )</onclick>
		<onclick>Close</onclick>
		<onclick>Close</onclick>
		<onclick>ActivateWindow(1117)</onclick>
		<onclick>ActivateWindow(1173)</onclick>
		<visible>Container(100).Hasfocus(24)</visible>
	  </item>
	  
	  <item id="226" description="שקיפות (רקע תחתון)">
		<label>$LOCALIZE[78215] ($LOCALIZE[78214])</label>
		<label2>$INFO[Skin.String(MainBackgroundOverlay)]</label2>
		<property name="linfo">misc/help/MainBackgroundOverlay.png</property>
		<property name="rinfo">$LOCALIZE[78024] $LOCALIZE[78214].</property>
		<onclick condition="!Skin.String(MainBackgroundOverlay)">Skin.SetString(MainBackgroundOverlay, 100)</onclick>
		<onclick condition="Skin.String(MainBackgroundOverlay, 100)">Skin.SetString(MainBackgroundOverlay, 95)</onclick>
		<onclick condition="Skin.String(MainBackgroundOverlay, 95)">Skin.SetString(MainBackgroundOverlay, 90)</onclick>
		<onclick condition="Skin.String(MainBackgroundOverlay, 90)">Skin.SetString(MainBackgroundOverlay, 85)</onclick>
		<onclick condition="Skin.String(MainBackgroundOverlay, 85)">Skin.SetString(MainBackgroundOverlay, 80)</onclick>
		<onclick condition="Skin.String(MainBackgroundOverlay, 80)">Skin.SetString(MainBackgroundOverlay, 70)</onclick>
		<onclick condition="Skin.String(MainBackgroundOverlay, 70)">Skin.SetString(MainBackgroundOverlay, 60)</onclick>
		<onclick condition="Skin.String(MainBackgroundOverlay, 60)">Skin.SetString(MainBackgroundOverlay, 50)</onclick>
		<onclick condition="Skin.String(MainBackgroundOverlay, 50)">Skin.SetString(MainBackgroundOverlay, 40)</onclick>
		<onclick condition="Skin.String(MainBackgroundOverlay, 40)">Skin.SetString(MainBackgroundOverlay, 30)</onclick>
		<onclick condition="Skin.String(MainBackgroundOverlay, 30)">Skin.SetString(MainBackgroundOverlay, 20)</onclick>
		<onclick condition="Skin.String(MainBackgroundOverlay, 20)">Skin.SetString(MainBackgroundOverlay, )</onclick>
		<onclick>Close</onclick>
		<onclick>Close</onclick>
		<onclick>ActivateWindow(1117)</onclick>
		<onclick>ActivateWindow(1173)</onclick>
		<visible>Container(100).Hasfocus(24)</visible>
	  </item>
	  
	  <item id="227" description="שקיפות (פס עליון)">
		<label>$LOCALIZE[78215] ($LOCALIZE[78019])</label>
		<label2>$INFO[Skin.String(TopInformationOverlay)]</label2>
		<property name="linfo">misc/help/TopInformationOverlay.png</property>
		<property name="rinfo">$LOCALIZE[78024] $LOCALIZE[78019].</property>
		<onclick condition="!Skin.String(TopInformationOverlay)">Skin.SetString(TopInformationOverlay, 100)</onclick>
		<onclick condition="Skin.String(TopInformationOverlay, 100)">Skin.SetString(TopInformationOverlay, 95)</onclick>
		<onclick condition="Skin.String(TopInformationOverlay, 95)">Skin.SetString(TopInformationOverlay, 90)</onclick>
		<onclick condition="Skin.String(TopInformationOverlay, 90)">Skin.SetString(TopInformationOverlay, 85)</onclick>
		<onclick condition="Skin.String(TopInformationOverlay, 85)">Skin.SetString(TopInformationOverlay, 80)</onclick>
		<onclick condition="Skin.String(TopInformationOverlay, 80)">Skin.SetString(TopInformationOverlay, 70)</onclick>
		<onclick condition="Skin.String(TopInformationOverlay, 70)">Skin.SetString(TopInformationOverlay, 60)</onclick>
		<onclick condition="Skin.String(TopInformationOverlay, 60)">Skin.SetString(TopInformationOverlay, 50)</onclick>
		<onclick condition="Skin.String(TopInformationOverlay, 50)">Skin.SetString(TopInformationOverlay, 40)</onclick>
		<onclick condition="Skin.String(TopInformationOverlay, 40)">Skin.SetString(TopInformationOverlay, 30)</onclick>
		<onclick condition="Skin.String(TopInformationOverlay, 30)">Skin.SetString(TopInformationOverlay, 20)</onclick>
		<onclick condition="Skin.String(TopInformationOverlay, 20)">Skin.SetString(TopInformationOverlay, )</onclick>
		<onclick>Close</onclick>
		<onclick>Close</onclick>
		<onclick>ActivateWindow(1117)</onclick>
		<onclick>ActivateWindow(1173)</onclick>
		<visible>Container(100).Hasfocus(24)</visible>
	  </item>
	  
	  <item id="228" description="שקיפות (פרטי וידאו)">
		<label>$LOCALIZE[78215] ($LOCALIZE[20159])</label>
		<label2>$INFO[Skin.String(TopVideoInformationOverlay)]</label2>
		<property name="linfo">misc/help/TopVideoInformationOverlay.png</property>
		<property name="rinfo">$LOCALIZE[78024] $LOCALIZE[20159].</property>
		<onclick condition="!Skin.String(TopVideoInformationOverlay)">Skin.SetString(TopVideoInformationOverlay, 100)</onclick>
		<onclick condition="Skin.String(TopVideoInformationOverlay, 100)">Skin.SetString(TopVideoInformationOverlay, 95)</onclick>
		<onclick condition="Skin.String(TopVideoInformationOverlay, 95)">Skin.SetString(TopVideoInformationOverlay, 90)</onclick>
		<onclick condition="Skin.String(TopVideoInformationOverlay, 90)">Skin.SetString(TopVideoInformationOverlay, 85)</onclick>
		<onclick condition="Skin.String(TopVideoInformationOverlay, 85)">Skin.SetString(TopVideoInformationOverlay, 80)</onclick>
		<onclick condition="Skin.String(TopVideoInformationOverlay, 80)">Skin.SetString(TopVideoInformationOverlay, 70)</onclick>
		<onclick condition="Skin.String(TopVideoInformationOverlay, 70)">Skin.SetString(TopVideoInformationOverlay, 60)</onclick>
		<onclick condition="Skin.String(TopVideoInformationOverlay, 60)">Skin.SetString(TopVideoInformationOverlay, 50)</onclick>
		<onclick condition="Skin.String(TopVideoInformationOverlay, 50)">Skin.SetString(TopVideoInformationOverlay, 40)</onclick>
		<onclick condition="Skin.String(TopVideoInformationOverlay, 40)">Skin.SetString(TopVideoInformationOverlay, 30)</onclick>
		<onclick condition="Skin.String(TopVideoInformationOverlay, 30)">Skin.SetString(TopVideoInformationOverlay, 20)</onclick>
		<onclick condition="Skin.String(TopVideoInformationOverlay, 20)">Skin.SetString(TopVideoInformationOverlay, )</onclick>
		<!--<onclick condition="!Player.HasVideo">RunScript(script.htpt.smartbuttons,,?mode=200)</onclick>
		<onclick condition="Player.HasVideo">Notification($LOCALIZE[257],$LOCALIZE[70100],2000)</onclick>-->
		<visible>Container(100).Hasfocus(24)</visible>
	  </item>
	  
	  <item id="230" description="שקיפות (כפתורי תפריט)">
		<label>$LOCALIZE[78215] ($LOCALIZE[74829])</label>
		<label2>$INFO[Skin.String(MenuButtonsOverlay)]</label2>
		<property name="linfo"></property>
		<property name="rinfo"></property>
		<onclick condition="!Player.HasVideo">RunScript(script.htpt.smartbuttons,,?mode=200)</onclick>
		<onclick condition="Player.HasVideo">Notification($LOCALIZE[257],$LOCALIZE[70100],2000)</onclick>
		<visible>Container(100).Hasfocus(24)</visible>
	  </item>
	  
	  <item id="231" description="שקיפות פאנארט-כללי">
		
		<label>$LOCALIZE[78215] ($LOCALIZE[20445]-$LOCALIZE[16000])</label>
		<label2>$INFO[Skin.String(Background2Overlay)]</label2>
		<property name="linfo"></property>
		<property name="rinfo"></property>
		<onclick condition="!Skin.String(Background2Overlay)">Skin.SetString(Background2Overlay, 100)</onclick>
		<onclick condition="Skin.String(Background2Overlay, 100)">Skin.SetString(Background2Overlay, 95)</onclick>
		<onclick condition="Skin.String(Background2Overlay, 95)">Skin.SetString(Background2Overlay, 90)</onclick>
		<onclick condition="Skin.String(Background2Overlay, 90)">Skin.SetString(Background2Overlay, 85)</onclick>
		<onclick condition="Skin.String(Background2Overlay, 85)">Skin.SetString(Background2Overlay, 80)</onclick>
		<onclick condition="Skin.String(Background2Overlay, 80)">Skin.SetString(Background2Overlay, 70)</onclick>
		<onclick condition="Skin.String(Background2Overlay, 70)">Skin.SetString(Background2Overlay, 60)</onclick>
		<onclick condition="Skin.String(Background2Overlay, 60)">Skin.SetString(Background2Overlay, 50)</onclick>
		<onclick condition="Skin.String(Background2Overlay, 50)">Skin.SetString(Background2Overlay, 40)</onclick>
		<onclick condition="Skin.String(Background2Overlay, 40)">Skin.SetString(Background2Overlay, 30)</onclick>
		<onclick condition="Skin.String(Background2Overlay, 30)">Skin.SetString(Background2Overlay, 20)</onclick>
		<onclick condition="Skin.String(Background2Overlay, 20)">Skin.SetString(Background2Overlay, )</onclick>
		<!--<onclick>Close</onclick>
		<onclick>Close</onclick>
		<onclick>ActivateWindow(1117)</onclick>
		<onclick>ActivateWindow(1173)</onclick>-->
		<visible>Container(100).Hasfocus(24)</visible>
	  </item>
	  
	  <item id="232" description="שקיפות (תפריט שמאל)">
		<visible>!Skin.String(LeftMenuOverlay) | Skin.String(LeftMenuOverlay,70)</visible>
		
		<label>$LOCALIZE[78215] ($LOCALIZE[78928])</label>
		<label2>$INFO[Skin.String(LeftMenuOverlay)]</label2>
		<property name="linfo">misc/help/LeftMenuOverlay.png</property>
		<property name="rinfo">$LOCALIZE[78024] $LOCALIZE[78928]</property>
		<onclick condition="!Skin.String(LeftMenuOverlay)">Skin.SetString(LeftMenuOverlay, 100)</onclick>
		<onclick condition="Skin.String(LeftMenuOverlay, 100)">Skin.SetString(LeftMenuOverlay, 95)</onclick>
		<onclick condition="Skin.String(LeftMenuOverlay, 95)">Skin.SetString(LeftMenuOverlay, 90)</onclick>
		<onclick condition="Skin.String(LeftMenuOverlay, 90)">Skin.SetString(LeftMenuOverlay, 85)</onclick>
		<onclick condition="Skin.String(LeftMenuOverlay, 85)">Skin.SetString(LeftMenuOverlay, 80)</onclick>
		<onclick condition="Skin.String(LeftMenuOverlay, 80)">Skin.SetString(LeftMenuOverlay, 70)</onclick>
		<onclick condition="Skin.String(LeftMenuOverlay, 70)">Skin.SetString(LeftMenuOverlay, 60)</onclick>
		<onclick condition="Skin.String(LeftMenuOverlay, 60)">Skin.SetString(LeftMenuOverlay, 50)</onclick>
		<onclick condition="Skin.String(LeftMenuOverlay, 50)">Skin.SetString(LeftMenuOverlay, 40)</onclick>
		<onclick condition="Skin.String(LeftMenuOverlay, 40)">Skin.SetString(LeftMenuOverlay, 30)</onclick>
		<onclick condition="Skin.String(LeftMenuOverlay, 30)">Skin.SetString(LeftMenuOverlay, 20)</onclick>
		<onclick condition="Skin.String(LeftMenuOverlay, 20)">Skin.SetString(LeftMenuOverlay, )</onclick>
		<visible>Container(100).Hasfocus(24)</visible>
	  </item>
	  
	  <item id="233" description="שקיפות (תפריט תחתון)">
		<label>$LOCALIZE[78215] ($LOCALIZE[74435])</label>
		<label2>$INFO[Skin.String(BottomMenuOverlay)]</label2>
		<property name="linfo">misc/help/BottomMenuOverlay.png</property>
		<property name="rinfo">$LOCALIZE[78024] $LOCALIZE[74435].</property>
		<onclick condition="!Skin.String(BottomMenuOverlay)">Skin.SetString(BottomMenuOverlay, 100)</onclick>
		<onclick condition="Skin.String(BottomMenuOverlay, 100)">Skin.SetString(BottomMenuOverlay, 95)</onclick>
		<onclick condition="Skin.String(BottomMenuOverlay, 95)">Skin.SetString(BottomMenuOverlay, 90)</onclick>
		<onclick condition="Skin.String(BottomMenuOverlay, 90)">Skin.SetString(BottomMenuOverlay, 85)</onclick>
		<onclick condition="Skin.String(BottomMenuOverlay, 85)">Skin.SetString(BottomMenuOverlay, 80)</onclick>
		<onclick condition="Skin.String(BottomMenuOverlay, 80)">Skin.SetString(BottomMenuOverlay, 70)</onclick>
		<onclick condition="Skin.String(BottomMenuOverlay, 70)">Skin.SetString(BottomMenuOverlay, 60)</onclick>
		<onclick condition="Skin.String(BottomMenuOverlay, 60)">Skin.SetString(BottomMenuOverlay, 50)</onclick>
		<onclick condition="Skin.String(BottomMenuOverlay, 50)">Skin.SetString(BottomMenuOverlay, 40)</onclick>
		<onclick condition="Skin.String(BottomMenuOverlay, 40)">Skin.SetString(BottomMenuOverlay, 30)</onclick>
		<onclick condition="Skin.String(BottomMenuOverlay, 30)">Skin.SetString(BottomMenuOverlay, 20)</onclick>
		<onclick condition="Skin.String(BottomMenuOverlay, 20)">Skin.SetString(BottomMenuOverlay, 100)</onclick>
		<onclick condition="Skin.String(BottomMenuOverlay, 20)">Skin.SetString(BottomMenuOverlay, )</onclick>
		<visible>Container(100).Hasfocus(24)</visible>
	  </item>
	  
	  <item id="234" description="שקיפות (תפריט אמצע)">
		<label>$LOCALIZE[78215] ($LOCALIZE[74436])</label>
		<label2>$INFO[Skin.String(CenterMenuOverlay)]</label2>
		<property name="linfo">misc/help/CenterMenuOverlay.png</property>
		<property name="rinfo">$LOCALIZE[78024] $LOCALIZE[74436][CR]$LOCALIZE[74437].</property>
		<onclick condition="Skin.String(CenterMenuOverlay, )">Skin.SetString(CenterMenuOverlay, 100)</onclick>
		<onclick condition="Skin.String(CenterMenuOverlay, 100)">Skin.SetString(CenterMenuOverlay, 95)</onclick>
		<onclick condition="Skin.String(CenterMenuOverlay, 95)">Skin.SetString(CenterMenuOverlay, 90)</onclick>
		<onclick condition="Skin.String(CenterMenuOverlay, 90)">Skin.SetString(CenterMenuOverlay, 85)</onclick>
		<onclick condition="Skin.String(CenterMenuOverlay, 85)">Skin.SetString(CenterMenuOverlay, 80)</onclick>
		<onclick condition="Skin.String(CenterMenuOverlay, 80)">Skin.SetString(CenterMenuOverlay, 70)</onclick>
		<onclick condition="Skin.String(CenterMenuOverlay, 70)">Skin.SetString(CenterMenuOverlay, 60)</onclick>
		<onclick condition="Skin.String(CenterMenuOverlay, 60)">Skin.SetString(CenterMenuOverlay, 50)</onclick>
		<onclick condition="Skin.String(CenterMenuOverlay, 50)">Skin.SetString(CenterMenuOverlay, 40)</onclick>
		<onclick condition="Skin.String(CenterMenuOverlay, 40)">Skin.SetString(CenterMenuOverlay, 30)</onclick>
		<onclick condition="Skin.String(CenterMenuOverlay, 30)">Skin.SetString(CenterMenuOverlay, 20)</onclick>
		<onclick condition="Skin.String(CenterMenuOverlay, 20)">Skin.SetString(CenterMenuOverlay, )</onclick>
		<visible>Container(100).Hasfocus(24)</visible>
	  </item>
	  
	  <item id="240" description="שקיפות (סמל לא נבחר)">
		<visible></visible>
		<label>$LOCALIZE[78215] ($LOCALIZE[78015])</label>
		<label2>$INFO[Skin.String(IconOverlayButton)]</label2>
		<property name="linfo">misc/help/IconOverlayButton.png</property>
		<property name="rinfo">$LOCALIZE[78024] $LOCALIZE[78216].</property>
		<onclick condition="!Skin.String(IconOverlayButton)">Skin.SetString(IconOverlayButton, 100)</onclick>
		<onclick condition="Skin.String(IconOverlayButton, 100)">Skin.SetString(IconOverlayButton, 95)</onclick>
		<onclick condition="Skin.String(IconOverlayButton, 95)">Skin.SetString(IconOverlayButton, 90)</onclick>
		<onclick condition="Skin.String(IconOverlayButton, 90)">Skin.SetString(IconOverlayButton, 85)</onclick>
		<onclick condition="Skin.String(IconOverlayButton, 85)">Skin.SetString(IconOverlayButton, 80)</onclick>
		<onclick condition="Skin.String(IconOverlayButton, 80)">Skin.SetString(IconOverlayButton, 70)</onclick>
		<onclick condition="Skin.String(IconOverlayButton, 70)">Skin.SetString(IconOverlayButton, 60)</onclick>
		<onclick condition="Skin.String(IconOverlayButton, 60)">Skin.SetString(IconOverlayButton, 50)</onclick>
		<onclick condition="Skin.String(IconOverlayButton, 50)">Skin.SetString(IconOverlayButton, 40)</onclick>
		<onclick condition="Skin.String(IconOverlayButton, 40)">Skin.SetString(IconOverlayButton, 30)</onclick>
		<onclick condition="Skin.String(IconOverlayButton, 30)">Skin.SetString(IconOverlayButton, 20)</onclick>
		<onclick condition="Skin.String(IconOverlayButton, 20)">Skin.SetString(IconOverlayButton, )</onclick>
		<onclick>Close</onclick>
		<onclick>Close</onclick>
		<onclick>ActivateWindow(1117)</onclick>
		<onclick>ActivateWindow(1173)</onclick>
		<visible>Container(100).Hasfocus(20)</visible>
	  </item>

	  <!--250-274 צבעים-->
	  <item id="250" description="בחירת צבע (רקע עליון)">
		<label>$LOCALIZE[78020] ($LOCALIZE[78017])</label>
		<label2>$INFO[Skin.String(TopBackgroundColor.name)]</label2>
		<property name="linfo">misc/help/TopInformationColor.png</property>
		<property name="rinfo">$LOCALIZE[78024] $LOCALIZE[78214]</property>
		<onclick>SetProperty(TEMP,TopBackgroundColor,home)</onclick>
		<onclick condition="System.HasAddon(script.skin.helper.service)">RunScript(script.skin.helper.service,action=colorpicker,skinstring=TopBackgroundColor)</onclick>
		<onclick condition="!System.HasAddon(script.skin.helper.service)">RunScript(script.htpt.smartbuttons,,?mode=231&amp;value=script.skin.helper.service)</onclick>
		<visible>Container(100).Hasfocus(23)</visible>
	  </item>
	  
	  <item id="251" description="טקסטורה (רקע עליון)">
		<label>$LOCALIZE[78018] ($LOCALIZE[78017])</label>
		<label2>$VAR[237label2]</label2>
		<property name="linfo"></property>
		<property name="rinfo"></property>
		<onclick condition="!Skin.String(TopBackgroundTexture)">Skin.SetString(TopBackgroundTexture,1)</onclick>
		<onclick condition="Skin.String(TopBackgroundTexture,1)">Skin.SetString(TopBackgroundTexture,2)</onclick>
		<onclick condition="Skin.String(TopBackgroundTexture,2)">Skin.SetString(TopBackgroundTexture,3)</onclick>
		<onclick condition="Skin.String(TopBackgroundTexture,3)">Skin.SetString(TopBackgroundTexture,4)</onclick>
		<onclick condition="Skin.String(TopBackgroundTexture,4)">Skin.SetString(TopBackgroundTexture,5)</onclick>
		<onclick condition="Skin.String(TopBackgroundTexture,5)">Skin.SetString(TopBackgroundTexture,NONE)</onclick>
		<onclick condition="Skin.String(TopBackgroundTexture,NONE)">Skin.SetString(TopBackgroundTexture,)</onclick>
		<visible>Container(100).Hasfocus(23)</visible>
	  </item>
	  
	  <item id="252" description="צבע (רקע תחתון)">
		<label>$LOCALIZE[78020] ($LOCALIZE[78214])</label>
		<label2>$INFO[Skin.String(MainBackgroundColor.name)]</label2>
		<property name="linfo">misc/help/MainBackgroundTexture.png</property>
		<property name="rinfo">$LOCALIZE[78025] $LOCALIZE[78214]</property>
		<onclick>SetProperty(TEMP,MainBackgroundColor,home)</onclick>
		<onclick condition="System.HasAddon(script.skin.helper.service)">RunScript(script.skin.helper.service,action=colorpicker,skinstring=MainBackgroundColor)</onclick>
		<onclick condition="!System.HasAddon(script.skin.helper.service)">RunScript(script.htpt.smartbuttons,,?mode=231&amp;value=script.skin.helper.service)</onclick>
		<visible>Container(100).Hasfocus(23)</visible>
	  </item>

	  <item id="253" description="טקסטורה (רקע תחתון)">
		<label>$LOCALIZE[78018] ($LOCALIZE[78214])</label>
		<label2>$VAR[252label2]</label2>
		<property name="linfo">misc/help/MainBackgroundTexture.png</property>
		<property name="rinfo">$LOCALIZE[78025] $LOCALIZE[78214].</property>
		<onclick condition="!Skin.String(MainBackgroundTexture)">Skin.SetString(MainBackgroundTexture,1)</onclick>
		<onclick condition="Skin.String(MainBackgroundTexture,1)">Skin.SetString(MainBackgroundTexture,2)</onclick>
		<onclick condition="Skin.String(MainBackgroundTexture,2)">Skin.SetString(MainBackgroundTexture,3)</onclick>
		<onclick condition="Skin.String(MainBackgroundTexture,3)">Skin.SetString(MainBackgroundTexture,4)</onclick>
		<onclick condition="Skin.String(MainBackgroundTexture,4)">Skin.SetString(MainBackgroundTexture,5)</onclick>
		<onclick condition="Skin.String(MainBackgroundTexture,5)">Skin.SetString(MainBackgroundTexture,NONE)</onclick>
		<onclick condition="Skin.String(MainBackgroundTexture,NONE)">Skin.SetString(MainBackgroundTexture,)</onclick>
		<visible>Container(100).Hasfocus(23)</visible>
	  </item>
	  
	  <item id="254" description="בחירת צבע (פס עליון)">
		<label>$LOCALIZE[78020] ($LOCALIZE[78019])</label>
		<label2>$INFO[Skin.String(TopInformationColor.name)]</label2>
		<property name="linfo">misc/help/TopInformationColor.png</property>
		<property name="rinfo">$LOCALIZE[78023] $LOCALIZE[78019].</property>
		<onclick>SetProperty(TEMP,TopInformationColor,home)</onclick>
		<onclick condition="System.HasAddon(script.skin.helper.service)">RunScript(script.skin.helper.service,action=colorpicker,skinstring=TopInformationColor)</onclick>
		<onclick condition="!System.HasAddon(script.skin.helper.service)">RunScript(script.htpt.smartbuttons,,?mode=231&amp;value=script.skin.helper.service)</onclick>
		<visible>Container(100).Hasfocus(23)</visible>
	  </item>
	  
	  <item id="255" description="בחירת צבע (פרטי וידאו)">
		<label>$LOCALIZE[78020] ($LOCALIZE[20159])</label>
		<label2>$INFO[Skin.String(TopVideoInformationColor.name)]</label2>
		<property name="linfo">misc/help/TopVideoInformationColor.png</property>
		<property name="rinfo">$LOCALIZE[78023] $LOCALIZE[20159].</property>
		<onclick>SetProperty(TEMP,TopVideoInformationColor,home)</onclick>
		<onclick condition="System.HasAddon(script.skin.helper.service)">RunScript(script.skin.helper.service,action=colorpicker,skinstring=TopVideoInformationColor)</onclick>
		<onclick condition="!System.HasAddon(script.skin.helper.service)">RunScript(script.htpt.smartbuttons,,?mode=231&amp;value=script.skin.helper.service)</onclick>
		<visible>Container(100).Hasfocus(23)</visible>
	  </item>
	  
	  <item id="260" description="בחירת צבע (סמל לא נבחר)">
		<label>$LOCALIZE[78020] ($LOCALIZE[78015])</label>
		<label2>$INFO[Skin.String(IconUnFocusColor.name)]</label2>
		<property name="linfo"></property>
		<property name="rinfo">$LOCALIZE[76208][CR]</property>
		<onclick>SetProperty(TEMP,IconUnFocusColor,home)</onclick>
		<onclick condition="System.HasAddon(script.skin.helper.service)">RunScript(script.skin.helper.service,action=colorpicker,skinstring=IconUnFocusColor)</onclick>
		<onclick condition="!System.HasAddon(script.skin.helper.service)">RunScript(script.htpt.smartbuttons,,?mode=231&amp;value=script.skin.helper.service)</onclick>
		<visible>Container(100).Hasfocus(23)</visible>
	  </item>
	  
	  <item id="261" description="בחירת צבע (סמל נבחר)">
		<label>$LOCALIZE[78020] ($LOCALIZE[78016])</label>
		<label2>$INFO[Skin.String(IconFocusColor.name)]</label2>
		<property name="linfo"></property>
		<property name="rinfo">$LOCALIZE[76208][CR]</property>
		<onclick>SetProperty(TEMP,IconFocusColor,home)</onclick>
		<onclick condition="System.HasAddon(script.skin.helper.service)">RunScript(script.skin.helper.service,action=colorpicker,skinstring=IconFocusColor)</onclick>
		<onclick condition="!System.HasAddon(script.skin.helper.service)">RunScript(script.htpt.smartbuttons,,?mode=231&amp;value=script.skin.helper.service)</onclick>
		<visible>Container(100).Hasfocus(23)</visible>
	  </item>
	  
	  <item id="262" description="בחירת צבע (סמן תפריט משני)">
		<label>$LOCALIZE[78020] ($LOCALIZE[79593])</label>
		<label2>$INFO[Skin.String(SubMenuMarkColor.name)]</label2>
		<property name="linfo"></property>
		<property name="rinfo">$LOCALIZE[79599]</property>
		<onclick>SetProperty(TEMP,SubMenuMarkColor,home)</onclick>
		<onclick condition="System.HasAddon(script.skin.helper.service)">RunScript(script.skin.helper.service,action=colorpicker,skinstring=SubMenuMarkColor)</onclick>
		<onclick condition="!System.HasAddon(script.skin.helper.service)">RunScript(script.htpt.smartbuttons,,?mode=231&amp;value=script.skin.helper.service)</onclick>
		<visible>Container(100).Hasfocus(23)</visible>
	  </item>
	  <!--290-300-->
	  <item id="290" description="מיקום (חלון הודעות)">
		<label>$LOCALIZE[74446] ($LOCALIZE[74447])</label>
		<label2>$VAR[290label2]</label2>
		<property name="linfo"></property>
		<property name="rinfo"></property>
		<onclick condition="!Skin.String(DialogKaiToastPos)">Skin.SetString(DialogKaiToastPos,1)</onclick>
		<onclick condition="Skin.String(DialogKaiToastPos,1)">Skin.SetString(DialogKaiToastPos,2)</onclick>
		<onclick condition="Skin.String(DialogKaiToastPos,2)">Skin.SetString(DialogKaiToastPos,3)</onclick>
		<onclick condition="Skin.String(DialogKaiToastPos,3)">Skin.SetString(DialogKaiToastPos,4)</onclick>
		<onclick condition="Skin.String(DialogKaiToastPos,4)">Skin.SetString(DialogKaiToastPos,5)</onclick>
		<onclick condition="Skin.String(DialogKaiToastPos,5)">Skin.SetString(DialogKaiToastPos,)</onclick>
		<onclick condition="!Window.IsVisible(DialogKaiToast.xml)">Notification(Test, ($INFO[Skin.String(DialogKaiToastPos)]),1000)</onclick>
		<visible>Container(100).Hasfocus(22)</visible>
	  </item>
	  
	  <item id="392" description="איפוס הגדרות מעטפת">
		<label>$LOCALIZE[79517]</label>
		<label2></label2>
		<property name="linfo">misc/help/Warning.png</property> <!--misc/help/ResetSetting20Button.png-->
		<property name="rinfo">$LOCALIZE[79499]</property>
		<onclick>RunScript(script.htpt.smartbuttons,,?mode=40&amp;value=1)</onclick>
		<visible>Container(100).Hasfocus(25)</visible>
	  </item>
	  
	  <item id="390" description="איפוס הגדרות">
		<label>$LOCALIZE[10035] $LOCALIZE[10507]</label>
		<label2></label2>
		<property name="linfo"></property> <!--misc/help/ResetSetting20Button.png-->
		<property name="rinfo">$LOCALIZE[78026]</property>
		<onclick>RunScript(script.htpt.smartbuttons,,?mode=201)</onclick>
		<visible>Container(100).Hasfocus(25)</visible>
	  </item>
	  
	  <item id="391" description="שמירה וטעינת הגדרות עיצוב">
		<label>$LOCALIZE[74444]</label>
		<label2></label2>
		<property name="linfo">icons/flpp.png</property>
		<property name="rinfo">$LOCALIZE[74445]</property>
		<onclick>RunScript(script.htpt.smartbuttons,,?mode=203)</onclick>
		<visible>Container(100).Hasfocus(25)</visible>
	  </item>
  </include> 

  <include name="Content_Settings_50" description="Settings.xml">
	   <item id="0" description="מראה">
		<label>480</label>
		<label2></label2>
		<property name="linfo"></property>
		<property name="rinfo"></property>
		<onclick>activatewindow(AppearanceSettings)</onclick>
		<thumb>icons/image.png</thumb>
		<!--<visible>Skin.HasSetting(Admin) | Skin.HasSetting(Admin2)</visible>-->
		<visible>Container(100).Hasfocus(1)</visible>
	  </item>
	  <item id="3" description="Videos">
		<label>3</label>
		<label2></label2>
		<property name="linfo"></property>
		<property name="rinfo"></property>
		<onclick>activatewindow(VideosSettings)</onclick>
		<thumb>icons/videos.png</thumb>
		<visible>Container(100).Hasfocus(1)</visible>
	  </item>
	  <item id="4" description="Music">
		<label>2</label>
		<label2></label2>
		<property name="linfo"></property>
		<property name="rinfo"></property>
		<onclick>activatewindow(MusicSettings)</onclick>
		<thumb>icons/music.png</thumb>
		<!--<visible>Skin.HasSetting(Admin) | Skin.HasSetting(Admin2)</visible>-->
		<visible>Container(100).Hasfocus(1)</visible>
	  </item>
	   <item id="14" description="LiveTV">
		<label>$LOCALIZE[79028]</label>
		<label2>$VAR[14label2]</label2>
		<property name="linfo"></property>
		<property name="rinfo"></property>
		<onclick>activatewindow(PVRSettings)</onclick>
		<thumb>icons/LiveTV.png</thumb>
		<!--<visible>Skin.HasSetting(Admin) | Skin.HasSetting(Admin2)</visible>-->
		<visible>Container(100).Hasfocus(1)</visible>
	  </item>
	  <item id="5" description="Pictures">
		<label>1</label>
		<label2></label2>
		<property name="linfo"></property>
		<property name="rinfo"></property>
		<onclick>activatewindow(PicturesSettings)</onclick>
		<thumb>icons/pictures.png</thumb>
		<visible>Container(100).Hasfocus(1)</visible>
	  </item>
	  <item id="6" description="Addons">
		<label>24001</label>
		<label2></label2>
		<property name="linfo"></property>
		<property name="rinfo"></property>
		<onclick>ActivateWindow(AddonBrowser,root)</onclick>
		<thumb>icons/addons.png</thumb>
		<visible>Skin.HasSetting(Admin) + !Skin.HasSetting(Admin2) + !Skin.HasSetting(VALIDATION)</visible>
		<visible>Container(100).Hasfocus(1)</visible>
	  </item>
	  <item id="8" description="Weather">
		<label>8</label>
		<label2>$VAR[8label2]</label2>
		<property name="linfo">$INFO[Weather.Conditions]</property>
		<property name="rinfo">Location: $INFO[Weather.Location][CR]Temperature: $INFO[Weather.Temperature][CR][CR]Addon: $INFO[Weather.plugin]</property>
		<onclick>activatewindow(WeatherSettings)</onclick>
		<thumb>icons/weather.png</thumb>
		<!--<visible>Skin.HasSetting(Admin) | Skin.HasSetting(Admin2)</visible>-->
		<visible>Container(100).Hasfocus(1)</visible>
	  </item>
	  <item id="9" description="Services">
		<label>14036</label>
		<label2>$INFO[System.FriendlyName]</label2>
		<property name="linfo"></property>
		<property name="rinfo"></property>
		<onclick>Activatewindow(servicesettings)</onclick>
		<thumb>icons/puzzle.png</thumb>
		<!--<visible>Skin.HasSetting(Admin) | Skin.HasSetting(Admin2)</visible>-->
		<visible>Container(100).Hasfocus(1)</visible>
	  </item>
	  <item id="10" description="System">
		<label>13000</label>
		<label2>$INFO[System.ScreenResolution]</label2>
		<property name="linfo"></property>
		<property name="rinfo"></property>
		<onclick>activatewindow(SystemSettings)</onclick>
		<thumb>icons/settings.png</thumb>
		<!--<visible>Skin.HasSetting(Admin) | Skin.HasSetting(Admin2)</visible>-->
		<visible>Container(100).Hasfocus(1)</visible>
	  </item>
	  <item id="11" description="Profiles">
		<label>13200</label>
		<label2></label2>
		<property name="linfo"></property>
		<property name="rinfo"></property>
		<onclick>ActivateWindow(Profiles)</onclick>
		<thumb>icons/pin.png</thumb>
		<!--<visible>Skin.HasSetting(Admin) | Skin.HasSetting(Admin2)</visible>-->
		<visible>Container(100).Hasfocus(1)</visible>
	  </item>
	  <item id="12" description="File manager">
		<label>10003</label>
		<label2></label2>
		<property name="linfo"></property>
		<property name="rinfo"></property>
		<onclick>ActivateWindow(filemanager)</onclick>
		<thumb>icons/filesmanager.png</thumb>
		<visible>Skin.HasSetting(Admin)</visible>
		<visible>Container(100).Hasfocus(1)</visible>
	  </item>
	  <item id="13" description="Sys Info">
		<label>$LOCALIZE[138]</label>
		<label2>$INFO[System.FreeMemory]</label2>
		<property name="linfo"></property>
		<property name="rinfo"></property>
		<onclick>activatewindow(systeminfo)</onclick>
		<thumb>icons/information.png</thumb>
		<visible>Container(100).Hasfocus(1)</visible>
	  </item>
	  
	  <item id="20" description="מעטפת">
		<label>$LOCALIZE[166]</label>
		<label2></label2>
		<property name="linfo"></property>
		<property name="rinfo"></property>
		<onclick>activatewindow(SkinSettings)</onclick>
		<thumb>icons/ofx.png</thumb>
		<visible>!Skin.HasSetting(VALIDATION) + !Skin.HasSetting(VALIDATION2)</visible>
		<visible>Container(100).Hasfocus(2)</visible>
	  </item>
	  <item id="21" description="רשת">
		<label>$LOCALIZE[13279]</label>
		<label2></label2>
		<property name="linfo">icons/net.png</property>
		<property name="rinfo">$LOCALIZE[78027] $LOCALIZE[221].[CR][CR]Your IP: $INFO[Network.IPAddress] [CR]Adapter: $VAR[CurrentMAC] [CR]Ping: $INFO[Skin.String(Ping_Now)]   |   Ping Rate: $INFO[Skin.String(Ping_Rate)]</property>
		<onclick>RunScript(script.htpt.smartbuttons,,?mode=41)</onclick>
		<thumb>icons/net.png</thumb>
		<visible>Container(100).Hasfocus(2)</visible>
		<visible></visible>
	  </item>
	  <item id="22" description="הגדרת שלט טלוויזיה">
		<label>$LOCALIZE[79221]</label>
		<label2>$INFO[Skin.String(IRtype)]</label2>
		<property name="linfo">misc/help/Keys/Remote/remote2.png</property>
		<property name="rinfo">$LOCALIZE[78897][CR]$LOCALIZE[78898]</property>
		<onclick condition="System.HasAddon(script.htpt.remote)">RunScript(script.htpt.remote)</onclick>
		<onclick condition="!System.HasAddon(script.htpt.remote)">ActivateWindow(10025,plugin://script.htpt.remote)</onclick>
		<onclick condition="!System.HasAddon(script.htpt.remote)">AlarmClock(back,Action(Previous),00:01,silent)</onclick>
		<thumb>icons/remoteb.png</thumb>
		<visible>Container(100).Hasfocus(2)</visible>
		<visible>!System.Platform.Windows | Skin.HasSetting(Admin3)</visible>
	  </item>
	  <item id="23" description="התקני בלו-טוט">
		<label>$LOCALIZE[79221]</label>
		<label2>$INFO[Skin.String(IRtype)]</label2>
		<property name="linfo"></property>
		<property name="rinfo"></property>
		<onclick condition="System.HasAddon(script.htpt.remote)">RunScript(script.htpt.remote)</onclick>
		<onclick condition="!System.HasAddon(script.htpt.remote)">ActivateWindow(10025,plugin://script.htpt.remote)</onclick>
		<onclick condition="!System.HasAddon(script.htpt.remote)">AlarmClock(back,Action(Previous),00:01,silent)</onclick>
		<thumb>icons/remoteb.png</thumb>
		<visible>Container(100).Hasfocus(2)</visible>
		<visible>false</visible>
	  </item>
	  <item id="24" description="ארץ">
		<label>$LOCALIZE[21875]</label>
		<label2>$INFO[Skin.String(Country)]</label2>
		<property name="linfo"></property>
		<property name="rinfo"></property>
		<onclick condition="System.HasAddon(script.htpt.remote)">RunScript(script.htpt.smartbuttons,,?mode=59)</onclick>
		<thumb>icons/ofx.png</thumb>
		<visible>Container(100).Hasfocus(2)</visible>
	  </item>
	  <item id="25" description="מותאם אישית">
		<label>$LOCALIZE[76199] HTPT</label>
		<label2>$INFO[Skin.String(ID1)]</label2>
		<property name="linfo">misc/help/customhome.png</property>
		<property name="rinfo">$LOCALIZE[74842] $LOCALIZE[74841] [B]CTRL+SHIFT+L[/B]</property>
		<onclick>ActivateWindow(1117)</onclick>
		<thumb>icons/application.png</thumb>
		<visible>Container(100).Hasfocus(2)</visible>
	  </item>
	  
	  <item id="31" description="הרחבות וידאו">
		<label>1037</label>
		<label2></label2>
		<property name="linfo"></property>
		<property name="rinfo"></property>
		<onclick>ActivateWindow(Videos,Addons)</onclick>
		<thumb>icons/videos.png</thumb>
		<visible>Container(100).Hasfocus(3)</visible>
	  </item>
	  <item id="32" description="הרחבות מוזיקה">
		<label>1038</label>
		<label2></label2>
		<property name="linfo"></property>
		<property name="rinfo"></property>
		<onclick>ActivateWindow(Music,Addons)</onclick>
		<thumb>icons/music.png</thumb>
		<visible>Container(100).Hasfocus(3)</visible>
	  </item>
	  <item id="33" description="תוכנות">
		<label>350</label>
		<label2></label2>
		<property name="linfo"></property>
		<property name="rinfo"></property>
		<onclick>ActivateWindow(10001,&quot;addons://sources/executable/&quot;,return)</onclick>
		<thumb>icons/NetworkDrive.png</thumb>
		<visible>Container(100).Hasfocus(3)</visible>
	  </item>
	  <item id="34" description="מנהל הרחבות">
		<label>$LOCALIZE[79040]</label>
		<label2></label2>
		<property name="linfo"></property>
		<property name="rinfo"></property>
		<onclick>ActivateWindow(AddonBrowser,root)</onclick>
		<thumb>icons/quiz.png</thumb>
		<visible>Container(100).Hasfocus(3)</visible>
	  </item>
	  <item id="35" description="חשבונות משתמש">
		<label>$LOCALIZE[76487]</label>
		<label2></label2>
		<property name="linfo"></property>
		<property name="rinfo"></property>
		<onclick>ActivateWindow(1172)</onclick>
		<thumb>icons/htpt.png</thumb>
		<visible>Container(100).Hasfocus(3)</visible>
		<visible>Skin.HasSetting(Admin) + Skin.HasSetting(Admin3)</visible>
	  </item>
	  <item id="41" description="ספריה">
		<label>$LOCALIZE[14022]</label>
		<label2></label2>
		<property name="linfo"></property>
		<property name="rinfo"></property>
		<onclick condition="!Skin.HasSetting(AutoViewoff)">Skin.ToggleSetting(AutoViewoff)</onclick>
		<onclick>ActivateWindow(video,"special://userdata/library/",return)</onclick>
		<thumb>icons/quiz.png</thumb>
		<visible>Container(100).Hasfocus(4)</visible>
	  </item>
	  <item id="42" description="תמונות">
		<label>1038</label>
		<label2></label2>
		<property name="linfo"></property>
		<property name="rinfo"></property>
		<onclick condition="!Skin.HasSetting(AutoViewoff)">Skin.ToggleSetting(AutoViewoff)</onclick>
		<onclick>ActivateWindow(pictures)</onclick>
		<thumb>icons/pictures.png</thumb>
		<visible>Container(100).Hasfocus(4)</visible>
	  </item>
	  <item id="43" description="וידאו">
		<label>3</label>
		<label2></label2>
		<property name="linfo"></property>
		<property name="rinfo"></property>
		<onclick condition="!Skin.HasSetting(AutoViewoff)">Skin.ToggleSetting(AutoViewoff)</onclick>
		<onclick>ActivateWindow(Videos,files)</onclick>
		<thumb>icons/videos.png</thumb>
		<visible>Container(100).Hasfocus(4)</visible>
	  </item>
	  <item id="44" description="מוזיקה">
		<label>2</label>
		<label2></label2>
		<property name="linfo"></property>
		<property name="rinfo"></property>
		<onclick>ActivateWindow(MusicFiles,root)</onclick>
		<thumb>icons/music.png</thumb>
		<visible>Container(100).Hasfocus(4)</visible>
	  </item>
	  <item id="45" description="מנהל קבצים">
		<label>7</label>
		<label2></label2>
		<property name="linfo"></property>
		<property name="rinfo"></property>
		<onclick>ActivateWindow(3)</onclick>
		<thumb>icons/filesmanager.png</thumb>
		<visible>Container(100).Hasfocus(4)</visible>
	  </item>
  </include>
  
  <include name="Content_Custom1170_50">
      <item id="1" description="AirPlay">
		<label>$LOCALIZE[1273]</label>
		<label2>$VAR[BoolAirPlay]</label2>
		<property name="linfo">icons/airplay.png</property>
		<property name="rinfo">$LOCALIZE[78284]</property>
		<!--<onclick>ActivateWindow(servicesettings)</onclick>
		<onclick description="SettingsLevel" condition="!Skin.HasSetting(Admin) + Skin.String(SettingsLevel,$LOCALIZE[10036])">Action(Back)</onclick>
		<onclick description="SettingsLevel" condition="!Skin.HasSetting(Admin) + Skin.String(SettingsLevel,$LOCALIZE[10036])">ActivateWindow(servicesettings)</onclick>
		<onclick condition="!Skin.String(SettingsLevel,$LOCALIZE[10036]">Action(Left)</onclick>
		<onclick condition="!Skin.String(SettingsLevel,$LOCALIZE[10036]">Action(Down)</onclick>
		<onclick condition="SubString(System.CurrentControl,AirPlay)">Action(Select)</onclick>
		<onclick>Notification($LOCALIZE[79063],$LOCALIZE[79064],5000)</onclick>
		<onclick condition="System.GetBool(services.airplay) + SubString(System.CurrentControl,AirPlay)">Action(Select)</onclick>
		<onclick condition="">AlarmClock(AirPlay5,Action(Back),0,silent)</onclick>-->
		<onclick>RunScript(script.htpt.smartbuttons,,?mode=350)</onclick>
		<thumb>icons/airplay.png</thumb>
		<visible>Container(100).Hasfocus(1)</visible>
		<visible>true</visible>
	  </item>		  
	  <item id="2" description="הודעות">
		<label>$LOCALIZE[79220]</label>
		<label2></label2>
		<property name="linfo">icons/message.png</property>
		<property name="rinfo">$LOCALIZE[78285]</property>
		<thumb>icons/message.png</thumb>
		<onclick>RunScript(script.htpt.smartbuttons,,?mode=351)</onclick>
		<visible>Container(100).Hasfocus(1)</visible>
	  </item>
	  <item id="5" description="בקשה לעזרה">
		<label>$LOCALIZE[79066]</label>
		<label2>$INFO[System.UpTime]</label2>
		<property name="linfo">icons/fix.png</property>
		<property name="rinfo">$LOCALIZE[78286]</property>
		<thumb>icons/fix.png</thumb>
		<!--<onclick condition="">AlarmClock(DEBUG: $INFO[Skin.String(fixhtpt)]*fixhtpt,Skin.SetString(fixhtpt,),0,silent)</onclick>
		<onclick condition="">AlarmClock(fixhtpt3,RunAddon(script.xbmc.debug.log),0,silent)</onclick>-->
		<onclick>RunScript(service.htpt.debug,,?mode=1)</onclick>
		<visible>Container(100).Hasfocus(1)</visible>
	  </item>
	  <item id="6" description="אפשר שליחת נתונים ממכשיר זה">
		<label>$LOCALIZE[76177]</label>
		<label2>107</label2>
		<property name="linfo">icons/book.png</property>
		<property name="rinfo">$LOCALIZE[76178]</property>
		<onclick>RunScript(service.htpt.debug,,?mode=10)</onclick>
		<!--<onclick>Skin.ToggleSetting(AllowDebug)</onclick>-->
		<visible>Container(100).Hasfocus(1) + Skin.HasSetting(AllowDebug)</visible>
	  </item>
	  <item id="6" description="אפשר שליחת נתונים ממכשיר זה">
		<icon>buttons/ButtonE4.png</icon>
		<label>$LOCALIZE[76177]</label>
		<label2>106</label2>
		<property name="linfo">icons/book.png</property>
		<property name="rinfo">$LOCALIZE[76178]</property>
		<onclick>RunScript(service.htpt.debug,,?mode=10)</onclick>
		<!--<onclick>Skin.ToggleSetting(AllowDebug)</onclick>-->
		<visible>Container(100).Hasfocus(1) + !Skin.HasSetting(AllowDebug)</visible>
	  </item>
	  <item id="10" description="אתחול כרטיס רשת">
		<label>$LOCALIZE[79061]</label>
		<label2>$VAR[CurrentMAC]</label2>
		<property name="linfo">icons/net.png</property>
		<property name="rinfo">$LOCALIZE[79312]</property>
		<thumb>icons/net.png</thumb>
		<onclick>RunScript(script.htpt.smartbuttons,,?mode=39)</onclick>
		<visible>Container(100).Hasfocus(1)</visible>
		<visible>!System.Platform.Windows | [Skin.HasSetting(Admin) + Skin.HasSetting(Admin3)]</visible>
	  </item>

	  <item id="20" description="הערוץ שלנו">
		<label>$LOCALIZE[78970]</label>
		<label2>$LOCALIZE[73430]</label2>
		<property name="linfo">icons/htpt.png</property>
		<property name="rinfo"></property>
		<thumb>icons/htpt.png</thumb>
		<onclick>RunScript(script.htpt.smartbuttons,,?mode=30)</onclick>
		<visible>Container(100).Hasfocus(2)</visible>
	  </item>
	  
	  <item id="51" description="הגדרת סקרייפר לסרטים וסדרות">
		<label>$LOCALIZE[78925]</label>
		<label2></label2>
		<property name="linfo">icons/movies.png</property>
		<property name="rinfo">$LOCALIZE[78940]</property>
		<thumb>icons/movies.png</thumb>
		<onclick>RunScript(script.htpt.smartbuttons,,?mode=49)</onclick>
		<visible>Container(100).Hasfocus(3)</visible>
	  </item>
	  
	  <item id="52" description="OverClock Your PI">
		<label>OverClock Your PI</label>
		<label2>$INFO[Skin.String(OverClockLevel]</label2>
		<property name="linfo">icons/fix.png</property>
		<property name="rinfo">$LOCALIZE[78289]$LOCALIZE[78288]</property>
		<thumb>icons/fix.png</thumb>
		<onclick condition="Skin.HasSetting(Admin) | Skin.HasSetting(Admin2)">RunScript(script.htpt.smartbuttons,,?mode=44)</onclick>
		<onclick condition="!Skin.HasSetting(Admin) + !Skin.HasSetting(Admin2)">Notification($LOCALIZE[78957],$LOCALIZE[78956],2000)</onclick>
		<visible>Container(100).Hasfocus(3)</visible>
		<visible>Skin.HasSetting(Admin) + !Skin.HasSetting(Admin2) + Skin.HasSetting(Admin3)| System.Platform.Linux.RaspberryPi</visible>
	  </item>
	  
	  <item id="63" description="Texture & DB Removal">
		<label>Texture & DB Removal</label>
		<label2></label2>
		<property name="linfo">icons/magicwand.png</property>
		<property name="rinfo">$LOCALIZE[78287]</property>
		<thumb>icons/magicwand.png</thumb>
		<enable>Skin.HasSetting(Admin2)</enable>
		<onclick condition="Skin.HasSetting(Admin) | Skin.HasSetting(Admin2)">RunScript(script.htpt.smartbuttons,,?mode=63)</onclick>
		<onclick condition="!Skin.HasSetting(Admin) + !Skin.HasSetting(Admin2)">Notification($LOCALIZE[78957],$LOCALIZE[78956],2000)</onclick>
		<visible>Container(100).Hasfocus(3)</visible>
		<visible></visible>
	  </item>
	  
	  <item id="65" description="Total Mouse">
		<label>Total Mouse</label>
		<label2></label2>
		<property name="linfo"></property>
		<property name="rinfo"></property>
		<thumb>icons/mouse.png</thumb>
		<enable>true</enable>
		<onclick condition="System.HasAddon(script.htpt.smartbuttons)">RunScript(script.htpt.smartbuttons,,?mode=101)</onclick>
		<onclick condition="!System.HasAddon(script.htpt.smartbuttons)">Notification(Admin,Addon is missing,1000)</onclick>
		<onclick condition="!System.HasAddon(script.htpt.smartbuttons)">ActivateWindow(10025,plugin://script.htpt.smartbuttons,return)</onclick>
		<visible>Container(100).Hasfocus(3)</visible>
		<visible>System.Platform.Windows</visible>
		<visible>false</visible>
	  </item>
  </include>
  
  <include name="Content_Custom1172_50">
    
	<item id="94" description="TRAKT.TV-חשבון פעיל ב">
		<visible>Skin.HasSetting(Account10_Active)</visible>
		<label>$LOCALIZE[78969] - TRAKT TV</label>
		<label2>107</label2>
		<property name="linfo"></property>
		<property name="rinfo"></property>
		<onclick>RunScript(script.htpt.smartbuttons,,?mode=94)</onclick>
		<visible>Container(100).Hasfocus(1)</visible>
	  </item>
	  <item id="94" description="TRAKT.TV-חשבון פעיל ב">
		<visible>!Skin.HasSetting(Account10_Active)</visible>
		<label>$LOCALIZE[78969] - TRAKT TV</label>
		<label2>106</label2>
		<onclick>RunScript(script.htpt.smartbuttons,,?mode=94)</onclick>
		<visible>Container(100).Hasfocus(1)</visible>
	  </item>
	  <item id="95" description="SDAROT TV-חשבון פעיל ב">
		<visible>Skin.HasSetting(Account2_Active)</visible>
		<label>($INFO[Skin.String(Account2_Period)]) $LOCALIZE[78969] - SDAROT TV</label>
		<label2>107</label2>
		<property name="linfo"></property>
		<property name="rinfo"></property>
		<onclick>RunScript(script.htpt.smartbuttons,,?mode=95)</onclick>
		<visible>Container(100).Hasfocus(1)</visible>
	  </item>
	  <item id="95" description="SDAROT TV-חשבון פעיל ב">
		<visible>!Skin.HasSetting(Account2_Active)</visible>
		<label>$LOCALIZE[78969] - SDAROT TV</label>
		<label2>106</label2>
		<onclick>RunScript(script.htpt.smartbuttons,,?mode=95)</onclick>
		<visible>Container(100).Hasfocus(1)</visible>
	  </item>
	  <item id="96" description="NOOBROOM-חשבון פעיל ב">
		<visible>Skin.HasSetting(Account5_Active)</visible>
		<label>($INFO[Skin.String(Account5_Period)]) $LOCALIZE[78969] - NOOBRROM</label>
		<label2>107</label2>
		<property name="linfo"></property>
		<property name="rinfo"></property>
		<onclick>RunScript(script.htpt.smartbuttons,,?mode=96)</onclick>
		<visible>Container(100).Hasfocus(1)</visible>
	  </item>
	  <item id="96" description="NOOBROOM-חשבון פעיל ב">
		<visible>!Skin.HasSetting(Account5_Active)</visible>
		<label>$LOCALIZE[78969] - NOOBRROM</label>
		<label2>106</label2>
		<onclick>RunScript(script.htpt.smartbuttons,,?mode=96)</onclick>
		<visible>Container(100).Hasfocus(1)</visible>
	  </item>
	  <item id="97" description="PREMIUMIZE-חשבון פעיל ב">
		<visible>Skin.HasSetting(Account4_Active)</visible>
		<label>($INFO[Skin.String(Account4_Period)]) $LOCALIZE[78969] - PREMIUMIZE</label>
		<label2>107</label2>
		<property name="linfo"></property>
		<property name="rinfo"></property>
		<onclick>RunScript(script.htpt.smartbuttons,,?mode=97)</onclick>
		<visible>Container(100).Hasfocus(1)</visible>
	  </item>
	  <item id="97" description="PREMIUMIZE-חשבון פעיל ב">
		<visible>!Skin.HasSetting(Account4_Active)</visible>
		<label>$LOCALIZE[78969] - PREMIUMIZE</label>
		<label2>106</label2>
		<property name="linfo"></property>
		<property name="rinfo"></property>
		<onclick>RunScript(script.htpt.smartbuttons,,?mode=97)</onclick>
		<visible>Container(100).Hasfocus(1)</visible>
	  </item>
	  <item id="98" description="MOVREEL-חשבון פעיל ב">
		<visible>Skin.HasSetting(Account3_Active)</visible>
		<label>($INFO[Skin.String(Account3_Period)]) $LOCALIZE[78969] - MOVREEL</label>
		<label2>107</label2>
		<property name="linfo"></property>
		<property name="rinfo"></property>
		<onclick>RunScript(script.htpt.smartbuttons,,?mode=98)</onclick>
		<visible>Container(100).Hasfocus(1)</visible>
	  </item>
	  <item id="98" description="MOVREEL-חשבון פעיל ב">
		<visible>!Skin.HasSetting(Account3_Active)</visible>
		<label>$LOCALIZE[78969] - MOVREEL</label>
		<label2>106</label2>
		<property name="linfo"></property>
		<property name="rinfo"></property>
		<onclick>RunScript(script.htpt.smartbuttons,,?mode=98)</onclick>
		<visible>Container(100).Hasfocus(1)</visible>
	  </item>
	  <item id="99" description="REALDEBRID-חשבון פעיל ב">
		<visible>Skin.HasSetting(Account1_Active)</visible>
		<label>($INFO[Skin.String(Account1_Period)]) $LOCALIZE[78969] - REALDEBRID</label>
		<label2>107</label2>
		<property name="linfo"></property>
		<property name="rinfo"></property>
		<onclick>RunScript(script.htpt.smartbuttons,,?mode=99)</onclick>
		<visible>Container(100).Hasfocus(1)</visible>
	  </item>
	  <item id="99" description="REALDEBRID-חשבון פעיל ב">
		<visible>!Skin.HasSetting(Account1_Active)</visible>
		<label>$LOCALIZE[78969] - REALDEBRID</label>
		<label2>106</label2>
		<property name="linfo"></property>
		<property name="rinfo"></property>
		<onclick>RunScript(script.htpt.smartbuttons,,?mode=99)</onclick>
		<visible>Container(100).Hasfocus(1)</visible>
	  </item>
  </include>

  <include name="Content_SkinSettings_50">
		
	  <!--1-29=1-->
	  <item id="2" description="ברירת מחדל להרחבת מילים לשירים">
		<label>$LOCALIZE[31401]</label>
		<label2>$INFO[Skin.String(LyricPath)]</label2>
		<property name="linfo"></property>
		<property name="rinfo">$LOCALIZE[78279]</property>
		<onclick>Skin.SetAddon(LyricPath,xbmc.python.lyrics)</onclick>
		<visible>Container(100).Hasfocus(1)</visible>
	  </item>
	  <item id="15" description="סגנונות עם תמונות">
		<label>$LOCALIZE[135] $LOCALIZE[1411] $LOCALIZE[1]</label>
		<label2>$VAR[15label2]</label2>
		<property name="linfo">misc/help/genre.png</property>
		<property name="rinfo">$LOCALIZE[78278]$LOCALIZE[79101]</property>
		<onclick>Skin.ToggleSetting(Genre)</onclick>
		<visible>Container(100).Hasfocus(1)</visible>
	  </item>
	  <item id="16" description="עוצמת קול בהפעלה">
		<label>$LOCALIZE[74605]</label>
		<label2>$INFO[Skin.String(StartUpVolume)]</label2>
		<property name="linfo">misc/help/startupmusic.png</property>
		<property name="rinfo">$LOCALIZE[74606]</property>
		<onclick>RunScript(script.htpt.smartbuttons,,?mode=200)</onclick>
		<visible>Container(100).Hasfocus(1)</visible>
	  </item>
	  <item id="18" description="מוזיקה בהפעלה">
		<label>$LOCALIZE[2] $LOCALIZE[19107] $LOCALIZE[78935]</label>
		<label2>$VAR[18label2]</label2>
		<property name="linfo">misc/help/startupmusic.png</property>
		<property name="rinfo">$LOCALIZE[74440]</property>
		<onclick>Skin.ToggleSetting(StartUpMusic)</onclick>
		<visible>Container(100).Hasfocus(1)</visible>
	  </item>
	  <item id="19" description="+מוזיקה בהפעלה">
		<label>$LOCALIZE[2] $LOCALIZE[19107] $LOCALIZE[78935]+</label>
		<label2>$VAR[19label2]</label2>
		<property name="linfo">misc/help/startupmusic2.png</property>
		<property name="rinfo">$LOCALIZE[74439]</property>
		<onclick condition="Skin.String(StartUpMusic)">Skin.SetString(StartUpMusic,)</onclick>
		<onclick condition="!Skin.String(StartUpMusic)">Skin.SetFile(StartUpMusic,,special://userdata/library/music/)</onclick>
		<visible>Container(100).Hasfocus(1)</visible>
	  </item>
	  <item id="21" description="שיטת דירוג">
		<label>$LOCALIZE[31400]</label>
		<label2>$VAR[21label2]</label2>
		<property name="linfo">$VAR[21linfo]</property>
		<property name="rinfo">$LOCALIZE[78276]</property>
		<onclick>Skin.ToggleSetting(Rating)</onclick>
		<visible>Container(100).Hasfocus(1)</visible>
	  </item>
	  <item id="22" description="שעון">
		<label>$LOCALIZE[12384]</label>
		<label2>$VAR[22label2]</label2>
		<property name="linfo">misc/help/clock.png</property>
		<property name="rinfo">$LOCALIZE[78938]</property>
		<onclick>Skin.ToggleSetting(ShowClock)</onclick>
		<visible>Container(100).Hasfocus(1)</visible>
	  </item>
	  <item id="24" description="תפריט צד">
		<label>$LOCALIZE[31402]</label>
		<label2>$VAR[24label2]</label2>
		<property name="linfo">misc/help/leftmenu.png</property>
		<property name="rinfo">$LOCALIZE[78937]</property>
		<onclick>Skin.ToggleSetting(ViewsMenuOff)</onclick>
		<visible>Container(100).Hasfocus(1)</visible>
	  </item>
	  <item id="25" description="תצוגה: אוטומטי">
		<label>$LOCALIZE[98]</label>
		<label2>$VAR[25label2]</label2>
		<property name="linfo">misc/help/AutoView.png</property>
		<property name="rinfo">$LOCALIZE[78936].$LOCALIZE[79101]</property>
		<onclick>Skin.ToggleSetting(AutoView)</onclick>
		<visible>Container(100).Hasfocus(1)</visible>
	  </item>
	  <item id="26" description="מקלדת חכמה">
		<label>$LOCALIZE[79095]</label>
		<label2>$VAR[26label2]</label2>
		<property name="linfo">misc/help/smartkeyboard.png</property>
		<property name="rinfo">$LOCALIZE[78277]$LOCALIZE[79101]</property>
		<!--<onclick>Skin.ToggleSetting(smartkeyboard)</onclick>-->
		<onclick>Notification($LOCALIZE[79496],$LOCALIZE[79497] - $LOCALIZE[79081],4000)</onclick>
		<visible>Container(100).Hasfocus(1)</visible>
	  </item>
	  <item id="28" description="אפשר כיבוי אוטומטי עקב אי פעילות">
		<label>$LOCALIZE[13018]</label>
		<label2>$VAR[28label2]</label2>
		<property name="linfo">icons/plug.png</property>
		<property name="rinfo">$LOCALIZE[78275]$LOCALIZE[79550]</property>
		<onclick>Skin.ToggleSetting(AutoShutdown)</onclick>
		<visible>Container(100).Hasfocus(1)</visible>
	  </item>
	  <!--30-59=2-->
	  <item id="32" description="Total Mouse">
		<label>Total Mouse</label>
		<label2>$VAR[32label2]</label2>
		<property name="linfo">icons/mouse.png</property>
		<property name="rinfo">$LOCALIZE[78304][CR][CR][COLOR=Green]By gil900[/COLOR]</property>
		<onclick condition="System.HasAddon(script.htpt.smartbuttons)">RunScript(script.htpt.smartbuttons,,?mode=101)</onclick>
		<onclick condition="!System.HasAddon(script.htpt.smartbuttons)">Notification(Admin,Addon is missing,1000)</onclick>
		<onclick condition="!System.HasAddon(script.htpt.smartbuttons)">ActivateWindow(10025,plugin://script.htpt.smartbuttons,return)</onclick>
		<visible>Container(100).Hasfocus(1)</visible>
		<visible>System.Platform.Windows</visible>
	  </item>
	  <item id="36" description="דיסק קשיח חיצוני">
		<label>$LOCALIZE[31403]</label>
		<label2>$VAR[36label2]</label2>
		<property name="linfo">misc/help/externalhdd.png</property>
		<property name="rinfo">$LOCALIZE[78273]</property>
		<onclick>Skin.ToggleSetting(myHTPT2)</onclick>
		<visible>Container(100).Hasfocus(1)</visible>
		<visible>!System.Platform.Windows | Skin.HasSetting(Admin3)</visible>
	  </item>
	  <item id="39" description="ניגון אוטומטי מיטבי">
		<label>$ADDON[script.htpt.refresh 270]</label>
		<label2>107</label2>
		<property name="linfo">misc/help/autoplay.png</property>
		<property name="rinfo">בחר באפשרות בכדי לבצע מספר שיפורים בעת התחלת ניגון סרט/סדרה:[CR]-מיטוב AQ/VQ.[CR]-כפיית תרגום אם לא נמצא.[CR]-בדיקת מצב רשת.[CR]-בחירת שרת אוטומטי באם מצב הרשת 5/5.[CR]-נטרול באגים הקשורים לוידג'ט.[CR]-מיטוב שרתים לפי ימים ושעות.[CR]-ניגון אוטומטי של סרטים/סדרות.[CR][CR][COLOR=Grey]יש להפעיל קודם את האפשרות: $LOCALIZE[456] $LOCALIZE[10038][/COLOR]$LOCALIZE[79101]</property>
		<onclick>noop</onclick>
		<visible>Container(100).Hasfocus(1)</visible>
	  </item>
	  <item id="40" description="SD-ניגון אוטומטי גם ב">
		<label>$LOCALIZE[79103] $LOCALIZE[77854] SD</label>
		<label2>$VAR[40label2]</label2>
		<property name="linfo">misc/help/autoplay2.png</property>
		<property name="rinfo">בחר באפשרות זו בכדי לנסות לנגן אוטומטית גם משרתים באיכות נמוכה יותר אם הניסיון הראשון נכשל.[CR][CR][COLOR=Grey]יש להפעיל קודם את האפשרות: $ADDON[script.htpt.refresh 270][/COLOR]$LOCALIZE[79101]</property>
		<onclick condition="System.HasAddon(script.htpt.refresh)">Skin.ToggleSetting(AutoPlaySD)</onclick>
		<onclick condition="System.HasAddon(script.htpt.refresh)">RunScript(special://skin/specials/scripts/genesis7.py)</onclick>
		<visible>Container(100).Hasfocus(1)</visible>
	  </item>
	  <item id="44" description="כפתור מוזיקה ברירת מחדל">
		<label>$LOCALIZE[79056] $LOCALIZE[2] $LOCALIZE[571]</label>
		<label2>$INFO[Skin.String(MusicLink)]</label2>
		<property name="linfo">misc/help/musiclink.png</property>
		<property name="rinfo">$LOCALIZE[74438]</property>
		<onclick>ActivateWindow(1121)</onclick>
		<visible>Container(100).Hasfocus(1)</visible>
	  </item>
	  <item id="49" description="תכנים למבוגרים">
		<visible>!Skin.HasSetting(Adult)</visible>
		<label>$LOCALIZE[75001]</label>
		<label2>106</label2>
		<property name="linfo">badges/genre/Adult.png</property>
		<property name="rinfo">בחר באפשרות באם ברצונך לקבל תכנים למבוגרים.[CR]לאחר ביצוע הפעולה יופיעו התכנים הבאים:[CR][COLOR=Yellow]-משחקים למבוגרים.[/COLOR][CR][COLOR=Yellow]-סרטים למבוגרים.[/COLOR][CR][CR][COLOR=Red] לתשומת ליבך: הגדרה זו מבוטלת בעת הפעלה מחדש/כיבוי.[/COLOR]</property>
		<onclick>RunScript(script.htpt.smartbuttons,,?mode=38)</onclick>
		<visible>Container(100).Hasfocus(1)</visible>
		<visible>Skin.HasSetting(Admin2) | !Skin.HasSetting(Adult)</visible>
		<visible>false</visible>
	  </item>
	  <item id="52" description="נגן קדימונים במסך מלא">
		<label>$LOCALIZE[208] $LOCALIZE[72100] $LOCALIZE[1405]-$LOCALIZE[244]</label>
		<label2>$VAR[52label2]</label2>
		<property name="linfo">misc/help/trailer2.png</property>
		<property name="rinfo">$LOCALIZE[74442]</property>
		<onclick>Skin.ToggleSetting(trailer2)</onclick>
		<visible>Container(100).Hasfocus(1)</visible>
	  </item>
	  <item id="55" description="עדכון ספריית סרטים וסדרות">
		<label>$LOCALIZE[79577]</label>
		<label2>$VAR[55label2]</label2>
		<property name="linfo">icons/movies.png</property>
		<property name="rinfo">$LOCALIZE[76289]</property>
		<enabled></enabled>
		<onclick>Skin.ToggleSetting(LibraryData_AutoUpdate)</onclick>
		<visible>Container(100).Hasfocus(1)</visible>
	  </item>
	  <item id="56" description="עדכן עכשיו">
		<visible>!Skin.HasSetting(LibraryData_AutoUpdate)</visible>
		<label>$LOCALIZE[78893]</label>
		<label2>$VAR[56label2]</label2>
		<property name="linfo">icons/movies.png</property>
		<property name="rinfo">$LOCALIZE[74441]$LOCALIZE[79502]</property>
		<onclick condition="StringCompare(Skin.String(LibraryData_RemoteDate),Skin.String(LibraryData_LocalDate))">RunScript(script.htpt.smartbuttons,,?mode=55)</onclick>
		<onclick condition="!StringCompare(Skin.String(LibraryData_RemoteDate),Skin.String(LibraryData_LocalDate))">RunScript(script.htpt.smartbuttons,,?mode=56)</onclick>
		<visible>Container(100).Hasfocus(1)</visible>
	  </item>
	  <!--60-79=3-->
	  <item id="66" description="הפעל מצב מהירות">
		<label>$LOCALIZE[24022] $LOCALIZE[126] $LOCALIZE[224]</label>
		<label2>$VAR[66label2]</label2>
		<property name="linfo"></property>
		<property name="rinfo">הפעל/בטל הופעת אנימציות (תזוזות, החלפת רקעים/חלונות ואפקטים נוספים).[CR] במידה ובחרת באפשרות כן המערכת תקבל מידה קטנה של ביצועים על חשבון איכות. [CR]</property>
		<onclick>Skin.ToggleSetting(Performance)</onclick>
		<visible>Container(100).Hasfocus(1)</visible>
	  </item>
	  <item id="67" description="הפעל וידג'ט">
		<label>$LOCALIZE[24022] $LOCALIZE[79055]</label>
		<label2>$VAR[67label2]</label2>
		<property name="linfo">misc/help/Widget.png</property>
		<property name="rinfo">בחר באפשרות להפעלת חלון עליון עם תוכן סרטים/סדרות שנוספו לאחרונה, סדרות בתהליך, סרטים שלא נצפו ומזג אוויר.</property>
		<onclick>Skin.ToggleSetting(Widget)</onclick>
		<onclick condition="!Skin.HasSetting(Widget)">RunScript(script.htpt.widgets)</onclick>
		<visible>Container(100).Hasfocus(1)</visible>
	  </item>
	  <!--80-99=4-->
	  <item id="80" description="איפוס הגדרות מעטפת">
		<label>$LOCALIZE[79517]</label>
		<label2></label2>
		<property name="linfo">misc/help/Warning.png</property> <!--misc/help/ResetSetting20Button.png-->
		<property name="rinfo">$LOCALIZE[79499]</property>
		<onclick>RunScript(script.htpt.smartbuttons,,?mode=40&amp;value=1)</onclick>
		<visible>Container(100).Hasfocus(4)</visible>
	  </item>
	  <item id="82" description="הגדרות משתמש">
		<label>$LOCALIZE[79516]</label>
		<label2>$VAR[82label2]</label2>
		<property name="linfo"></property>
		<property name="rinfo">$LOCALIZE[79608] $LOCALIZE[78910]</property>
		<onclick>Skin.ToggleSetting(CustomGUI)</onclick>
		<visible>Container(100).Hasfocus(4)</visible>
	  </item>
	  <item id="83" description="הפעל מצב מומחה">
		<label>$LOCALIZE[24022] $LOCALIZE[456] $LOCALIZE[10039]</label>
		<label2>$VAR[83label2]</label2>
		<property name="linfo"></property>
		<property name="rinfo">USE THIS OPTION TO ALLOW FULL SYSTEM DEBUG (Effect performance)</property>
		<onclick>Skin.ToggleSetting(Admin)</onclick>
		<visible>Container(100).Hasfocus(4) + Skin.HasSetting(Admin2)</visible>
	  </item>
	  <item id="84" description="הפעל מצב מתקדם">
		<label>$LOCALIZE[24022] $LOCALIZE[456] $LOCALIZE[10038]</label>
		<label2>$VAR[84label2]</label2>
		<property name="linfo"></property>
		<property name="rinfo">הפעל/בטל אפשרויות מתקדמות.[CR]משתמשים מנוסים יעדיפו להפעיל אפשרות זו.</property>
		<onclick>Skin.ToggleSetting(Admin2)</onclick>
		<onclick condition="Skin.HasSetting(Admin)">Skin.ToggleSetting(Admin)</onclick>
		<visible>Container(100).Hasfocus(4)</visible>
	  </item>
	  <item id="85" description="מעטפת ברירת מחדל">
		<label>מעטפת ברירת מחדל</label>
		<label2>$INFO[Skin.String(Skin_Default)]</label2>
		<property name="linfo"></property>
		<property name="rinfo">בחר באפשרות זו בכדי לקבוע מעטפת ברירת מחדל.[CR]פעולה זו תגרום להפעלת המעטפת בכל הפעלה מחדש.</property>
		<onclick>RunScript(script.htpt.install,,?mode=24)</onclick>
		<visible>Container(100).Hasfocus(4)</visible>
	  </item>
	  <item id="86" description="Custom AdvancedSettings">
		<icon>buttons/ButtonE4.png</icon>
		<label>Custom AdvancedSettings</label>
		<label2>$VAR[86label2]</label2>
		<property name="linfo"></property>
		<property name="rinfo">$LOCALIZE[76286]</property>
		<onclick>Skin.ToggleSetting(CustomAS)</onclick>
		<visible>Container(100).Hasfocus(4)</visible>
	  </item>
	  <item id="87" description="Custom Sources">
		<label>Custom Sources</label>
		<label2>$VAR[87label2]</label2>
		<property name="linfo"></property>
		<property name="rinfo">$LOCALIZE[76287]</property>
		<onclick>Skin.ToggleSetting(CustomSources)</onclick>
		<visible>Container(100).Hasfocus(4)</visible>
	  </item>
	  <item id="88" description="Custom Keymaps">
		<icon>buttons/ButtonE4.png</icon>
		<label>Custom Keymaps</label>
		<label2>$VAR[88label2]</label2>
		<property name="linfo"></property>
		<property name="rinfo">$LOCALIZE[76288]</property>
		<onclick>Skin.ToggleSetting(CustomKeymaps)</onclick>
		<visible>Container(100).Hasfocus(4)</visible>
	  </item>
	  <item id="90" description="מידע למפתח">
		<visible>Skin.HasSetting(Admin)</visible>
		<icon>buttons/ButtonE5.png</icon>
		<label>מידע למפתח</label>
		<label2>$INFO[Skin.String(FadeAdmin)]</label2>
		<property name="linfo"></property>
		<property name="rinfo">לשימוש פנימי בלבד...</property>
		<onclick condition="!Skin.String(FadeAdmin)">Skin.SetString(FadeAdmin,Container)</onclick>
		<onclick condition="Skin.String(FadeAdmin,Container)">Skin.SetString(FadeAdmin,Network)</onclick>
		<onclick condition="Skin.String(FadeAdmin,Network)">Skin.SetString(FadeAdmin,Player)</onclick>
		<onclick condition="Skin.String(FadeAdmin,Player)">Skin.SetString(FadeAdmin,VideoPlayer)</onclick>
		<onclick condition="Skin.String(FadeAdmin,VideoPlayer)">Skin.SetString(FadeAdmin,MusicPlayer)</onclick>
		<onclick condition="Skin.String(FadeAdmin,MusicPlayer)">Skin.SetString(FadeAdmin,System)</onclick>
		<onclick condition="Skin.String(FadeAdmin,System)">Skin.SetString(FadeAdmin,ListItem)</onclick>
		<onclick condition="Skin.String(FadeAdmin,ListItem)">Skin.SetString(FadeAdmin,Custom)</onclick>
		<onclick condition="Skin.String(FadeAdmin,Custom)">Skin.SetString(FadeAdmin,Openelec)</onclick>
		<onclick condition="Skin.String(FadeAdmin,Openelec)">Skin.SetString(FadeAdmin,Slideshow)</onclick>
		<onclick condition="Skin.String(FadeAdmin,Slideshow)">Skin.SetString(FadeAdmin,Container)</onclick>
		<visible>Container(100).Hasfocus(4)</visible>
	  </item>
  </include>
</includes>
