<?xml version="1.0" encoding="UTF-8"?>
<includes>
  <include name="MenuDesign_Left">
    <control type="group" description="Side menu 9000 group">
      <visible allowhiddenfocus="true">ControlGroup(9000).HasFocus() | ControlGroup(9001).HasFocus()</visible>
	  <include condition="!Skin.HasSetting(Performance)">Slide5</include>
	  <include condition="Skin.HasSetting(Performance)">Slide5p</include>
      <height>530</height>	  
	  <posx>-435</posx>
	  <posy>275</posy>	  
	  <width>480</width>	  	  
      <control type="image" description="רקע">
	    <include>Fade_LeftMenuOverlay</include>
        <texture border="20" colordiffuse="$VAR[MenuColor]">buttons/ButtonE0.png</texture>
      </control>
      <control type="grouplist" id="9000">
		<visible allowhiddenfocus="true">ControlGroup(9000).HasFocus() + !ControlGroup(9001).HasFocus() + [IsEmpty(Window(home).Property(ViewsSettings)) | !Control.IsVisible(57) + !Control.IsVisible(55)]</visible>
		<include>4ways3</include>
		<include condition="Window.IsVisible(MyVideoNav.xml)">LeftMenuMyVideoNav</include>
		<include condition="Window.IsVisible(MyPics.xml)">LeftMenuMyPics</include>
		<include condition="Window.IsVisible(MyMusicNav.xml)">LeftMenuMyMusicNav</include>
		<include condition="Window.IsVisible(AddonBrowser.xml)">LeftMenuAddonBrowser</include>
		<include condition="Window.IsVisible(MyPrograms.xml)">LeftMenuMyPrograms</include>
		<include condition="Window.IsVisible(MyPVRChannels.xml)">LeftMenuMyPVR</include>
	  </control>
      
	  <control type="grouplist" id="9001">
		<visible allowhiddenfocus="true">[ControlGroup(9001).HasFocus() | !IsEmpty(Window(home).Property(ViewsSettings))] + [Control.IsVisible(57) | Control.IsVisible(55)] + !Control.IsVisible(9000)</visible>
		<include>4ways3</include>
		
		<control type="radiobutton" id="122" description="Toggle Main/View LeftMenu">
		  <include condition="StringCompare(System.Language,Hebrew)">ButtonR1</include>
		  <include condition="!StringCompare(System.Language,Hebrew)">ButtonL1</include>
		  <label>Views Settings</label>
		  <selected>ControlGroup(9001).HasFocus() | !IsEmpty(Window(home).Property(ViewsSettings))</selected>
		  <onclick>ClearProperty(ViewsSettings,home)</onclick>
		  <onclick>SetFocus(9000)</onclick>
		  <visible>Control.IsVisible(57) | Control.IsVisible(55)</visible>
		</control>
		
		<control type="radiobutton" id="100" description="ShowDVDCases">
          <include condition="StringCompare(System.Language,Hebrew)">ButtonR1</include>
		  <include condition="!StringCompare(System.Language,Hebrew)">ButtonL1</include>
		  <label>$LOCALIZE[75141]</label>
		  <selected>!Skin.HasSetting(ShowDVDCases)</selected>
		  <onclick>Skin.ToggleSetting(ShowDVDCases)</onclick>
		  <visible>Control.IsVisible(57)</visible>
        </control>
		<control type="radiobutton" id="102" description="ShowTopVideoInformation/ShowTopProgramInformation">
          <include condition="StringCompare(System.Language,Hebrew)">ButtonR1</include>
		  <include condition="!StringCompare(System.Language,Hebrew)">ButtonL1</include>
		  <label>$LOCALIZE[79044]</label>
		  <selected>Control.IsVisible(57) + !Skin.HasSetting(ShowTopVideoInformation) | Control.IsVisible(55) + !Skin.HasSetting(ShowTopProgramInformation)</selected>
		  <onclick condition="Control.IsVisible(57)">Skin.ToggleSetting(ShowTopVideoInformation)</onclick>
		  <onclick condition="Control.IsVisible(55)">Skin.ToggleSetting(ShowTopProgramInformation)</onclick>
		  <onclick condition="Control.IsVisible(57)">ReplaceWindow(videolibrary)</onclick>
		  <visible>Control.IsVisible(57) | Control.IsVisible(55)</visible>
        </control>
		<control type="radiobutton" id="104" description="פאנארט מסך מלא">
          <include condition="StringCompare(System.Language,Hebrew)">ButtonR1</include>
		  <include condition="!StringCompare(System.Language,Hebrew)">ButtonL1</include>
		  <label>$LOCALIZE[20445] $LOCALIZE[244]</label>
		  <enable>!Skin.HasSetting(ShowTopVideoInformation)</enable>
		  <selected>!Skin.HasSetting(FullFanartTopVideoInformation)</selected>
		  <onclick>Skin.ToggleSetting(FullFanartTopVideoInformation)</onclick>
		  <onclick>ActivateWindow(Home.xml)</onclick>
		  <onclick>AlarmClock(104,ReplaceWindow(videolibrary),00:00,silent)</onclick>
		  <visible>Control.IsVisible(57) | Control.IsVisible(55)</visible>
        </control>
		<control type="radiobutton" id="105" description="פאנארט מסך מלא - ZOOM OUT">
          <include condition="StringCompare(System.Language,Hebrew)">ButtonR1</include>
		  <include condition="!StringCompare(System.Language,Hebrew)">ButtonL1</include>
		  <label>$LOCALIZE[20445] $LOCALIZE[244] - ZOOM OUT</label>
		  <enable>!Skin.HasSetting(ShowTopVideoInformation) + !Skin.HasSetting(FullFanartTopVideoInformation)</enable>
		  <selected>Skin.HasSetting(FullFanartZoomOut)</selected>
		  <onclick>Skin.ToggleSetting(FullFanartZoomOut)</onclick>
		  <onclick>ActivateWindow(Home.xml)</onclick>
		  <onclick>AlarmClock(104,ReplaceWindow(videolibrary),00:00,silent)</onclick>
		  <visible>Control.IsVisible(57) | Control.IsVisible(55)</visible>
        </control>
		<control type="radiobutton" id="139" description="פאנארט תמיד">
          <include condition="StringCompare(System.Language,Hebrew)">ButtonR1</include>
		  <include condition="!StringCompare(System.Language,Hebrew)">ButtonL1</include>
		  <label>$LOCALIZE[20445] $LOCALIZE[34122]</label>
		  <enable></enable>
		  <selected>Skin.HasSetting(AlwaysFanart)</selected>
		  <onclick>Skin.ToggleSetting(AlwaysFanart)</onclick>
		  <onclick>ActivateWindow(Home.xml)</onclick>
		  <onclick>AlarmClock(139,ReplaceWindow(Home.xml),00:01,silent)</onclick>
		  <onclick>AlarmClock(139,ReplaceWindow(videolibrary),00:01,silent)</onclick>
		  <visible>Control.IsVisible(57) | Control.IsVisible(55)</visible>
        </control>
	  </control>
	</control>
  </include>
  
  <include name="LeftMenuMyVideoNav" description="חלון צד תצוגת וידאו">
	<control type="button" id="70" description="וידאו בדיסק חיצוני/פנימי">
	  <disabledcolor>Grey</disabledcolor>
	  <enable>!Skin.HasSetting(myHTPT2) + [Skin.HasSetting(myHTPT3) | Skin.HasSetting(Admin3)]</enable>
	  <include condition="!Skin.HasSetting(myHTPT2) + StringCompare(System.Language,Hebrew)">ButtonR3</include>
	  <include condition="!Skin.HasSetting(myHTPT2) + !StringCompare(System.Language,Hebrew)">ButtonL3</include>
	  <include condition="Skin.HasSetting(myHTPT2) + StringCompare(System.Language,Hebrew)">ButtonR1</include>
	  <include condition="Skin.HasSetting(myHTPT2) + !StringCompare(System.Language,Hebrew)">ButtonL1</include>
	  <label>$VAR[ButtonVid]</label>
	  <onclick>RunScript(script.htpt.smartbuttons,,?mode=304)</onclick>
	  <visible>[Window.IsVisible(MyVideoNav.xml)] + [SubString(Container.FolderPath,special://userdata/library/videos/) | SubString(Container.FolderPath,/var/media/) | SubString(Container.FolderPath,special://home/external/)]</visible>
	</control>
	<control type="button" id="2" description="Views">
	  <texturenofocus>-</texturenofocus>
	  <include condition="StringCompare(System.Language,Hebrew)">ButtonR1</include>
	  <include condition="!StringCompare(System.Language,Hebrew)">ButtonL1</include>
	  <onclick condition="!Control.IsVisible(57) + !Skin.HasSetting(Admin) + [SubString(Container.FolderPath,plugin://plugin.video.genesis) | SubString(Container.FolderPath,videodb://tvshows,left) | SubString(Container.FolderPath,library://video/tvshows) | SubString(Container.FolderPath,videodb://movies,left) | SubString(Container.FolderPath,library://video/movies) | SubString(Container.FolderPath,plugin://plugin.video.pulsar/)] + [Container.Content(Movies) | Container.Content(TVShows) | Container.Content(Seasons) | Container.Content(Episodes)]">SendClick(2)</onclick>
	  <onclick condition="Control.IsVisible(57) + [!Skin.HasSetting(Admin) | SubString(Container.FolderName,IsraeLIVE)] + [[!SubString(Container.FolderPath,plugin://plugin.video.genesis) + !SubString(Container.FolderPath,videodb://tvshows,left) + !SubString(Container.FolderPath,library://video/tvshows) + !SubString(Container.FolderPath,videodb://movies,left) + !SubString(Container.FolderPath,library://video/movies) + !SubString(Container.FolderPath,plugin://plugin.video.pulsar/)] | StringCompare(Container.FolderName,$LOCALIZE[344]) | StringCompare(Container.FolderName,$LOCALIZE[135]) | StringCompare(Container.FolderName,$LOCALIZE[345]) | StringCompare(Container.FolderName,$LOCALIZE[20348]) | StringCompare(Container.FolderName,$LOCALIZE[20388]) | StringCompare(Container.FolderName,$LOCALIZE[20451]) | StringCompare(Container.FolderName,$LOCALIZE[20459])]">SendClick(2)</onclick>
	  <visible>!IsEmpty(Control.GetLabel(2)) + !Window.IsVisible(SettingsCategory.xml)</visible>
	</control>
	<control type="button" id="111" description="ניגון ידני/אוטומטי">
	  <include condition="StringCompare(System.Language,Hebrew)">ButtonR3</include>
	  <include condition="!StringCompare(System.Language,Hebrew)">ButtonL3</include>
	  <label>$VAR[Button9093]</label>
	  <onclick>RunScript(script.htpt.refresh,,?mode=2)</onclick>
	  <visible>Control.IsVisible(57) + [SubString(Container.FolderPath,plugin://plugin.video.genesis) | SubString(Container.FolderPath,videodb://movies,left) | SubString(Container.FolderPath,library://video/movies)] + !SubString(Container.FolderName,$LOCALIZE[20342]) | [[SubString(Container.FolderPath,videodb://tvshows,left) | SubString(Container.FolderPath,library://video/tvshows)] + !SubString(Container.FolderName,$LOCALIZE[20343])]</visible>
	</control>
	<control type="togglebutton" id="14" description="Toggle Watched">
	  <include condition="StringCompare(System.Language,Hebrew)">ButtonR1</include>
	  <include condition="!StringCompare(System.Language,Hebrew)">ButtonL1</include>
	  <label>$LOCALIZE[535]: $LOCALIZE[16100]</label>
	  <altlabel>$LOCALIZE[535]: $LOCALIZE[16101]</altlabel>
	  <visible>Skin.HasSetting(Admin) | StringCompare(Control.GetLabel,$LOCALIZE[535]: $LOCALIZE[16101]) | Control.IsVisible(57)</visible>
	  <!--<visible>[Skin.HasSetting(Admin) | !StringCompare(Container.FolderName,IsraeLIVE) + !SubString(Container.FolderPath,plugin://plugin.video.israelive)]</visible>-->
	</control>
	<control type="radiobutton" id="98" description="Filter">
	  <enable>Container.CanFilterAdvanced</enable>
	  <include condition="StringCompare(System.Language,Hebrew)">ButtonR1</include>
	  <include condition="!StringCompare(System.Language,Hebrew)">ButtonL1</include>
	  <onclick>Filter</onclick>
	  <label>587</label>
	  <visible>Control.IsEnabled(98)</visible>
	</control>
	<control type="button" id="3" description="Sort">
	  <include condition="StringCompare(System.Language,Hebrew)">ButtonR1</include>
	  <include condition="!StringCompare(System.Language,Hebrew)">ButtonL1</include>
	  <visible>Control.IsEnabled(3)</visible>
	  <visible>!SubString(Container.FolderPath,plugin://plugin.video.sdarot.tv)</visible>
	  <visible>!IsEmpty(Control.GetLabel(3))</visible>
	</control>
	<control type="togglebutton" id="4" description="SortOrder">
	  <include condition="StringCompare(System.Language,Hebrew)">ButtonR1</include>
	  <include condition="!StringCompare(System.Language,Hebrew)">ButtonL1</include>
	  <label>584</label>
	  <altlabel>585</altlabel>
	  <visible>Control.IsEnabled(4)</visible>
	  <visible>!Window.IsVisible(Settings.xml) + !Window.IsVisible(SettingsCategory.xml)</visible>
	</control>
	<control type="button" id="8" description="Search for a string anywhere in the Kodi video database">
	  <include condition="StringCompare(System.Language,Hebrew)">ButtonR1</include>
	  <include condition="!StringCompare(System.Language,Hebrew)">ButtonL1</include>
	  <label>137</label>
	  <visible>!SubString(Container.FolderPath,plugin://) + !SubString(Container.FolderPath,special://userdata/library/videos) + !SubString(Container.FolderPath,special://home/) + !SubString(Container.FolderPath,/var/media/) + !SubString(Container.FolderPath,sources://video/)</visible>
	  <visible>Window.IsVisible(MyVideoNav.xml)</visible>
	</control>
	<control type="button" id ="107" description="חפש-סדרות ישראליות">
	  <include condition="StringCompare(System.Language,Hebrew)">ButtonR1</include>
	  <include condition="!StringCompare(System.Language,Hebrew)">ButtonL1</include>
	  <label>137</label>
	  <onclick>RunScript(script.htpt.smartbuttons,,?mode=300)</onclick>
	  <visible>Window.IsVisible(MyVideoNav.xml) + SubString(Container.FolderPath,plugin://plugin.video.sdarot.tv)</visible>
	</control>
	<control type="button" id ="109" description="?">
	  <include condition="StringCompare(System.Language,Hebrew)">ButtonR1</include>
	  <include condition="!StringCompare(System.Language,Hebrew)">ButtonL1</include>
	  <label>$LOCALIZE[]</label>
	  <onclick>noop</onclick>
	  <visible>Window.IsVisible(MyVideoNav.xml) + StringCompare(Container.FolderPath,plugin://plugin.video.youtube/?folder=true&login=false&path=%2froot%2fsearch&store=searches)</visible>
	  <visible>false</visible>
	</control>
	<control type="button" id ="110" description="שיר לילה טוב">
	  <include condition="StringCompare(System.Language,Hebrew)">ButtonR1</include>
	  <include condition="!StringCompare(System.Language,Hebrew)">ButtonL1</include>
	  <label>$LOCALIZE[79068]</label>
	  <onclick>RunScript(script.htpt.smartbuttons,,?mode=301)</onclick>
	  <visible>Window.IsVisible(MyVideoNav.xml) + [SubString(Container.FolderPath,plugin://plugin.video.KIDSIL) | SubString(Container.FolderPath,plugin://plugin.video.htpt.kids)]</visible>
	  <visible>true</visible>
	</control>
	<control type="radiobutton" id="99" description="Toggle Main/View LeftMenu">
	  <include condition="StringCompare(System.Language,Hebrew)">ButtonR1</include>
	  <include condition="!StringCompare(System.Language,Hebrew)">ButtonL1</include>
	  <label>Views Settings</label>
	  <selected>ControlGroup(9001).HasFocus() | !IsEmpty(Window(home).Property(ViewsSettings))</selected>
	  <onclick condition="IsEmpty(Window(home).Property(ViewsSettings))">SetProperty(ViewsSettings,true,home)</onclick>
	  <onclick>SetFocus(9001)</onclick>
	  <visible>Control.IsVisible(57) | Control.IsVisible(55)</visible>
	</control>
	<include condition="!Control.IsVisible(57)">CommonLeftMenuButtons</include>
	<control type="togglebutton" id="20" description="Scanning library">
	  <include condition="StringCompare(System.Language,Hebrew)">ButtonR1</include>
	  <include condition="!StringCompare(System.Language,Hebrew)">ButtonL1</include>
	  <label>653</label>
	  <altlabel>13353</altlabel>
	  <usealttexture>library.isscanningvideo</usealttexture>
	  <visible>Control.IsEnabled(20) + !SubString(Container.FolderPath,sources://video/) + !SubString(Container.FolderPath,special://home/) + !SubString(Container.FolderPath,special://userdata/library/videos) + !SubString(Container.FolderPath,/var/media/) + !SubString(Container.FolderPath,sources://video/)</visible>
	  <visible>!Window.IsVisible(SettingsCategory.xml)</visible>
	</control>
	<control type="togglebutton" id="113" description="מנהל הורדות">
	  <include condition="StringCompare(System.Language,Hebrew)">ButtonR1</include>
	  <include condition="!StringCompare(System.Language,Hebrew)">ButtonL1</include>
	  <enable>false</enable>
	  <label>$LOCALIZE[78927]</label>
	  <usealttexture></usealttexture>
	  <!--<onclick>ActivateWindow(plugin://plugin.video.genesis/?action=downloader)</onclick>-->
	  <onclick>ActivateWindow(10025,plugin://plugin.video.genesis/?action=downloader,return)</onclick>
	  <visible>Control.IsVisible(57) | SubString(Container.FolderPath,plugin://plugin.video.genesis)</visible>
	</control>
	<include>CommonLeftMenuButtons2</include>
	<control type="togglebutton" id="120" description="Update library">
	  <visible>!Control.IsEnabled(20) + SubString(Container.FolderPath,plugin://plugin.video.genesis)</visible>
	  <include condition="StringCompare(System.Language,Hebrew)">ButtonR1</include>
	  <include condition="!StringCompare(System.Language,Hebrew)">ButtonL1</include>
	  <label>653</label>
	  <altlabel>13353</altlabel>
	  <onclick>UpdateLibrary(video)</onclick>
	  <usealttexture>library.isscanningvideo</usealttexture>
	</control>
	<include condition="SubString(Container.FolderPath,special://userdata/library/videos) | SubString(Container.FolderPath,/var/media/) | SubString(Container.FolderPath,special://home/external/) | SubString(Container.FolderPath,sources://video/) | Skin.String(VarCurrentPicVid)">FileManagerButton</include>
	<include condition="SubString(Container.FolderPath,special://userdata/library/videos) | SubString(Container.FolderPath,/var/media/) | SubString(Container.FolderPath,special://home/external/) | SubString(Container.FolderPath,sources://video/) | Skin.String(VarCurrentPicVid)">HelpButton</include>
  </include>  
  
  <include name="LeftMenuMyPics" description="חלון צד תצוגת תמונות">
	<control type="button" id="70" description="תמונות בדיסק חיצוני/פנימי">
	  <enable>!Skin.HasSetting(myHTPT2) + [Skin.HasSetting(myHTPT3) | Skin.HasSetting(Admin3)]</enable>
	  <include condition="!Skin.HasSetting(myHTPT2) + StringCompare(System.Language,Hebrew)">ButtonR3</include>
	  <include condition="Skin.HasSetting(myHTPT2) + StringCompare(System.Language,Hebrew)">ButtonR1</include>
	  <include condition="!Skin.HasSetting(myHTPT2) + !StringCompare(System.Language,Hebrew)">ButtonL3</include>
	  <include condition="Skin.HasSetting(myHTPT2) + !StringCompare(System.Language,Hebrew)">ButtonL1</include>
	  <label>$VAR[ButtonPic]</label>
	  <onclick>RunScript(script.htpt.smartbuttons,,?mode=304)</onclick>
	  <visible>Window.IsVisible(MyPics.xml) + [SubString(Container.FolderPath,special://userdata/library/) | SubString(Container.FolderPath,/var/media/) | SubString(Container.FolderPath,special://home/external/)]</visible>
	</control>
	<control type="button" id="2" description="Views">
	  <texturenofocus>-</texturenofocus>
	  <include condition="StringCompare(System.Language,Hebrew)">ButtonR1</include>
	  <include condition="!StringCompare(System.Language,Hebrew)">ButtonL1</include>
	</control>
	<control type="button" id="3" description="Sort">
	  <include condition="StringCompare(System.Language,Hebrew)">ButtonR1</include>
	  <include condition="!StringCompare(System.Language,Hebrew)">ButtonL1</include>
	</control>
	<control type="togglebutton" id="4" description="SortOrder">
	  <include condition="StringCompare(System.Language,Hebrew)">ButtonR1</include>
	  <include condition="!StringCompare(System.Language,Hebrew)">ButtonL1</include>
	  <label>584</label>
	  <altlabel>585</altlabel>
	</control>
	<!--<control type="button" id="6" description="Start a picture slideshow">
	  <include>ButtonR1</include>
	  <label>התחל מצגת מקובץ זה</label>
	  <visible>!ListItem.IsFolder</visible>
	</control>-->
	<control type="button" id="7" description="מצגת רקורסיבית">
	  <disabledcolor>Grey</disabledcolor>
	  <include condition="StringCompare(System.Language,Hebrew)">ButtonR1</include>
	  <include condition="!StringCompare(System.Language,Hebrew)">ButtonL1</include>
	  <label>$LOCALIZE[13318]</label>
	  <!--<visible>ListItem.IsFolder</visible>-->
	</control>
	<control type="radiobutton" id="9" description="מצגת אקראית">
	  <include condition="StringCompare(System.Language,Hebrew)">ButtonR1</include>
	  <include condition="!StringCompare(System.Language,Hebrew)">ButtonL1</include>
	  <label>$LOCALIZE[79493]</label>
	</control>
	<include condition="Window.IsVisible(MyPics.xml)">FileManagerButton</include>
	<include condition="Window.IsVisible(MyPics.xml)">HelpButton</include>
  </include>  
  
  <include name="LeftMenuMyMusicNav" description="חלון צד תצוגת האודיו">
	<control type="button" id="2" description="Views">
	  <texturenofocus>-</texturenofocus>
	  <include condition="StringCompare(System.Language,Hebrew)">ButtonR1</include>
	  <include condition="!StringCompare(System.Language,Hebrew)">ButtonL1</include>
	</control>
	<control type="button" id="3" description="Sort">
	  <include condition="StringCompare(System.Language,Hebrew)">ButtonR1</include>
	  <include condition="!StringCompare(System.Language,Hebrew)">ButtonL1</include>
	</control>
	<control type="togglebutton" id="4" description="SortOrder">
	  <!--<alttexturefocus border="40">buttons/ButtonE3.png</alttexturefocus>-->
	  <include condition="StringCompare(System.Language,Hebrew)">ButtonR1</include>
	  <include condition="!StringCompare(System.Language,Hebrew)">ButtonL1</include>
	  <label>584</label>
	  <altlabel>585</altlabel>
	</control>
	<control type="button" id="8" description="search">
	  <include condition="StringCompare(System.Language,Hebrew)">ButtonR1</include>
	  <include condition="!StringCompare(System.Language,Hebrew)">ButtonL1</include>
	  <label>137</label>
	</control>
	<control type="radiobutton" id="24" description="נתיב קובץ">
	  <include condition="StringCompare(System.Language,Hebrew)">ButtonR1</include>
	  <include condition="!StringCompare(System.Language,Hebrew)">ButtonL1</include>
	  <label>$LOCALIZE[21801]</label>
	  <onclick condition="Skin.HasSetting(ShowFileInfo)">Skin.ToggleSetting(ShowFileInfo)</onclick>
	  <altclick condition="!Skin.HasSetting(ShowFileInfo)">Skin.ToggleSetting(ShowFileInfo)</altclick>
	 <radiowidth>30</radiowidth>
	 <radioheight>30</radioheight>
	</control>	
	<control type="togglebutton" id="20">
	  <description>Update library</description>
	  <include condition="StringCompare(System.Language,Hebrew)">ButtonR1</include>
	  <include condition="!StringCompare(System.Language,Hebrew)">ButtonL1</include>
	  <label>653</label>
	  <altlabel>13353</altlabel>
	  <onclick>AlarmClock(20,CleanLibrary(music),00:10,silent)</onclick>
	  <onclick>AlarmClock(201,Container.Update,00:11,silent)</onclick>
	  <usealttexture>library.isscanningvideo</usealttexture>
	</control>
	<include condition="!StringCompare(ListItem.Path,musicdb://)">FileManagerButton</include>
	<include condition="Window.IsVisible(MyMusicNav.xml) + !Skin.String(ID10,C) + !Skin.String(ID10,D)">HelpButton</include>
	<include>CommonLeftMenuButtons</include>
  </include>  
  
  <include name="LeftMenuAddonBrowser">
    <control type="button" id="2" description="Select viewtype (list, thumbnail, media info, etc...)">
	  <texturenofocus>-</texturenofocus>
	  <include condition="StringCompare(System.Language,Hebrew)">ButtonR1</include>
	  <include condition="!StringCompare(System.Language,Hebrew)">ButtonL1</include>
	</control>
	<control type="radiobutton" id="7" description="Enable language filter">
	  <include condition="StringCompare(System.Language,Hebrew)">ButtonR1</include>
	  <include condition="!StringCompare(System.Language,Hebrew)">ButtonL1</include>
	  <label>587</label>
	</control>
	<control type="button" id="3" description="Select sort method (sort by: name, date size, etc...)">
	  <include condition="StringCompare(System.Language,Hebrew)">ButtonR1</include>
	  <include condition="!StringCompare(System.Language,Hebrew)">ButtonL1</include>
	</control>
	<control type="togglebutton" id="4" description="Select sortmode (ascending or descending)">
	  <include condition="StringCompare(System.Language,Hebrew)">ButtonR1</include>
	  <include condition="!StringCompare(System.Language,Hebrew)">ButtonL1</include>
	  <label>584</label>
	  <altlabel>585</altlabel>
	</control>
	<control type="radiobutton" id="6" description="Enable add-on notifications">
	  <include condition="StringCompare(System.Language,Hebrew)">ButtonR1</include>
	  <include condition="!StringCompare(System.Language,Hebrew)">ButtonL1</include>
	  <label>$LOCALIZE[518] $LOCALIZE[25000]</label>	  
	</control>	
	<control type="button" id="5" description="Enable auto-updating of the installed add-on's">
	  <include condition="StringCompare(System.Language,Hebrew)">ButtonR1</include>
	  <include condition="!StringCompare(System.Language,Hebrew)">ButtonL1</include>
	  <label>$LOCALIZE[518] $LOCALIZE[24063]</label>
	</control>
	<control type="button" id="9" description="Check for updates">
	  <include condition="StringCompare(System.Language,Hebrew)">ButtonR1</include>
	  <include condition="!StringCompare(System.Language,Hebrew)">ButtonL1</include>
	  <label>$LOCALIZE[24034]</label>
	</control>
	<include>CommonLeftMenuButtons</include>
  </include>
  
  <include name="LeftMenuMyPrograms">
	<control type="button" id="2" description="Views">
	  <include condition="StringCompare(System.Language,Hebrew)">ButtonR1</include>
	  <include condition="!StringCompare(System.Language,Hebrew)">ButtonL1</include>
	</control>
	<control type="button" id="3" description="Sort">
	  <include condition="StringCompare(System.Language,Hebrew)">ButtonR1</include>
	  <include condition="!StringCompare(System.Language,Hebrew)">ButtonL1</include>
	</control>
	<control type="togglebutton" id="4" description="SortMode">
	  <include condition="StringCompare(System.Language,Hebrew)">ButtonR1</include>
	  <include condition="!StringCompare(System.Language,Hebrew)">ButtonL1</include>
	  <label>$LOCALIZE[21429]: $LOCALIZE[21430]</label>
	  <altlabel>$LOCALIZE[21429]: $LOCALIZE[21431]</altlabel>
	  <visible>true</visible>
	</control>
	<control type="radiobutton" id="99" description="Toggle Main/View LeftMenu">
	  <include condition="StringCompare(System.Language,Hebrew)">ButtonR1</include>
	  <include condition="!StringCompare(System.Language,Hebrew)">ButtonL1</include>
	  <label>Views Settings</label>
	  <selected>ControlGroup(9001).HasFocus() | !IsEmpty(Window(home).Property(ViewsSettings))</selected>
	  <onclick condition="IsEmpty(Window(home).Property(ViewsSettings))">SetProperty(ViewsSettings,true,home)</onclick>
	  <onclick>SetFocus(9001)</onclick>
	  <visible>Control.IsVisible(57) | Control.IsVisible(55)</visible>
	</control>
	<control type="button" id="133" description="חיפוש משחקים">
	  <include condition="StringCompare(System.Language,Hebrew)">ButtonR1</include>
	  <include condition="!StringCompare(System.Language,Hebrew)">ButtonL1</include>
	  <label>$LOCALIZE[137] $LOCALIZE[15016]</label>
	  <!--<onclick>RunScript(plugin.program.advanced.launcher,?STRING_QUERY/%%SEARCH_CODE%%)</onclick>-->
	  <onclick>Skin.SetString(search1)</onclick>
	  <onclick>ActivateWindow(10001,"plugin://plugin.program.advanced.launcher/?$INFO[Skin.String(search1)]/%%SEARCH_ITEM%%")</onclick>
	  <onclick condition="true">AlarmClock(search1,Action(Right),0,silent)</onclick>
	  <!--<onclick condition="!StringCompare(Container.Viewmode,romPT)">AlarmClock(romPTview,Container.NextViewMode,0,silent)</onclick>-->
	  <!--<onclick condition="true">AlarmClock(Games1,Container.SetViewMode(55),0,silent)</onclick>-->
	  <!--<onclick>AlarmClock(testme,Container.NextViewMode,0,silent)</onclick>-->
	  <visible>StringCompare(Container.FolderName,Advanced Launcher)</visible>
	</control>
	<control type="button" id="130" description="מצב גויסטיק">
	  <include condition="StringCompare(System.Language,Hebrew)">ButtonR1</include>
	  <include condition="!StringCompare(System.Language,Hebrew)">ButtonL1</include>
	  <label>$LOCALIZE[79035]</label>
	  <onclick condition="System.HasAddon(script.htpt.emu)">RunScript(script.htpt.emu,,?mode=2)</onclick>
	  <visible>StringCompare(Container.FolderName,Advanced Launcher) + System.HasAddon(script.htpt.emu)</visible>
	  <visible>System.Platform.Linux | [Skin.HasSetting(Admin3) + Skin.HasSetting(Admin)]</visible>
	</control>
	<control type="button" id="132" description="אפשר תמיכת גויסטיק">
	  <include condition="StringCompare(System.Language,Hebrew)">ButtonR1</include>
	  <include condition="!StringCompare(System.Language,Hebrew)">ButtonL1</include>
	  <label>$LOCALIZE[79034]</label>
	  <onclick condition="System.HasAddon(script.htpt.emu)">RunScript(script.htpt.emu,,?mode=1)</onclick>
	  <visible>StringCompare(Container.FolderName,Advanced Launcher) + System.HasAddon(script.htpt.emu)</visible> <!--!System.GetBool(input.enablejoystick)-->
	</control>
	<control type="button" id="110" description="הגדרות מתקדמות">
	  <include condition="StringCompare(System.Language,Hebrew)">ButtonR1</include>
	  <include condition="!StringCompare(System.Language,Hebrew)">ButtonL1</include>
	  <label>[COLOR=Red]$LOCALIZE[78997][/COLOR]</label>
	  <onclick condition="System.HasAddon(script.htpt.emu)">RunScript(script.htpt.emu,,)</onclick>
	  <visible>StringCompare(Container.FolderName,Advanced Launcher) + System.HasAddon(script.htpt.emu)</visible>
	  <visible>Skin.HasSetting(Admin) | Skin.HasSetting(Admin2) | Skin.HasSetting(ID40)</visible>
	</control>
	<include>CommonLeftMenuButtons</include>
  </include>
  
  <include name="CommonLeftMenuButtons">
    <control type="radiobutton" id="123" description="פאנארט פעיל">
	  <include condition="StringCompare(System.Language,Hebrew)">ButtonR1</include>
	  <include condition="!StringCompare(System.Language,Hebrew)">ButtonL1</include>
	  <label>$LOCALIZE[20445] $LOCALIZE[305]</label>
	  <selected>!Skin.HasSetting(background2)</selected>
	  <onclick>Skin.ToggleSetting(background2)</onclick>
	  <!--<onclick>ActivateWindow(Home.xml)</onclick>
	  <onclick condition="Window.IsVisible(AddonBrowser.xml)">AlarmClock(123,ReplaceWindow(AddonBrowser.xml),00:00,silent)</onclick>
	  <onclick condition="Window.IsVisible(MyPrograms.xml)">AlarmClock(123,ReplaceWindow(MyPrograms.xml),00:00,silent)</onclick>
	  <onclick condition="Window.IsVisible(MyVideoNav.xml)">AlarmClock(123,ReplaceWindow(MyVideoNav.xml),00:00,silent)</onclick>-->
	  <visible>!Control.IsVisible(57) + !Control.IsVisible(55)</visible>
	</control>
	<control type="radiobutton" id="138" description="פאנארט מסך מלא">
	  <include condition="StringCompare(System.Language,Hebrew)">ButtonR1</include>
	  <include condition="!StringCompare(System.Language,Hebrew)">ButtonL1</include>
	  <label>$LOCALIZE[20445] $LOCALIZE[244]</label>
	  <selected>!Skin.HasSetting(FullFanartBackground2)</selected>
	  <enable>!Skin.HasSetting(background2)</enable>
	  <onclick>Skin.ToggleSetting(FullFanartBackground2)</onclick>
	  <visible>!Control.IsVisible(57)</visible>
	  <!--<onclick>ActivateWindow(Home.xml)</onclick>
	  <onclick condition="Window.IsVisible(AddonBrowser.xml)">AlarmClock(138,ReplaceWindow(AddonBrowser.xml),00:00,silent)</onclick>
	  <onclick condition="Window.IsVisible(MyPrograms.xml)">AlarmClock(138,ReplaceWindow(MyPrograms.xml),00:00,silent)</onclick>
	  <onclick condition="Window.IsVisible(MyVideoNav.xml)">AlarmClock(138,ReplaceWindow(MyVideoNav.xml),00:00,silent)</onclick>-->
	  <visible>false</visible>
	</control>
  </include>
  
  <include name="CommonLeftMenuButtons2" description="Sport">
    <control type="button" id="114" description="ערוצי טלוויזיה">
	  <visible>SubString(Container.FolderPath,plugin://plugin.video.vdubt) | SubString(Container.FolderPath,plugin.video.p2p-streams)</visible>
	  <include condition="StringCompare(System.Language,Hebrew)">ButtonR1</include>
	  <include condition="!StringCompare(System.Language,Hebrew)">ButtonL1</include>
	  <label>$LOCALIZE[19023]</label>
	  <onclick>RunScript(script.htpt.smartbuttons,,?mode=517)</onclick>
	</control>
	<control type="button" id="115" description="ספורט 1">
	  <visible>SubString(Container.FolderPath,plugin://plugin.video.israelive) | Window.IsVisible(MyPVRChannels.xml) | SubString(Container.FolderPath,plugin.video.p2p-streams)</visible>
	  <include condition="StringCompare(System.Language,Hebrew)">ButtonR1</include>
	  <include condition="!StringCompare(System.Language,Hebrew)">ButtonL1</include>
	  <label>$LOCALIZE[31621] 1 ($LOCALIZE[19664])</label>
	  <onclick>RunScript(script.htpt.smartbuttons,,?mode=310)</onclick>
	  <!--<onclick>ActivateWindow(10025,plugin://plugin.video.vdubt/?description&amp;iconimage&amp;mode=1&amp;name=%5bCOLOR%20green%5d--%20LIVE%20SPORTS%20--%5b%2fCOLOR%5d%20%5bCOLOR%20yellow%5dUpdated%2024%2f5%2f15%5b%2fCOLOR%5d&amp;url=%5bCOLOR%20green%5d--%20LIVE%20SPORTS%20--%5b%2fCOLOR%5d%20%5bCOLOR%20yellow%5dUpdated%2024%2f5%2f15%5b%2fCOLOR%5d,return)</onclick>-->
	</control>
	<control type="button" id="116" description="ספורט 2">
	  <visible>SubString(Container.FolderPath,plugin://plugin.video.israelive) | Window.IsVisible(MyPVRChannels.xml) | SubString(Container.FolderPath,plugin://plugin.video.vdubt)</visible>
	  <include condition="StringCompare(System.Language,Hebrew)">ButtonR1</include>
	  <include condition="!StringCompare(System.Language,Hebrew)">ButtonL1</include>
	  <label>$LOCALIZE[31621] 2 ($LOCALIZE[19664])</label>
	  <onclick>RunScript(script.htpt.smartbuttons,,?mode=311)</onclick>
	  <!--<onclick>ActivateWindow(10025,plugin://plugin.video.p2p-streams/?iconimage=C%3a%5cUsers%5cgal%5cAppData%5cRoaming%5cKodi%5caddons%5cplugin.video.p2p-streams%5cresources%5ccore%5cparsers%5clivefootballws%5cicon.png&amp;mode=401&amp;name=Livefootball.ws&amp;parser=livefootballws&amp;url=https%3a%2f%2fcode.google.com%2fp%2fp2p-strm%2f,return)</onclick>-->
	</control>
  </include>
 
  <include name="LeftMenuMyPVRChannels" description="חלון צד טלוויזיה חיה/TEMP?">
	<control type="button" id="32" description="TV Channels">
	  <include condition="StringCompare(System.Language,Hebrew)">ButtonR1</include>
	  <include condition="!StringCompare(System.Language,Hebrew)">ButtonL1</include>
	  <label>$LOCALIZE[19023]</label>
	</control>		
	<control type="button" id="31">
	  <description>TV Guide</description>
	  <include condition="StringCompare(System.Language,Hebrew)">ButtonR1</include>
	  <include condition="!StringCompare(System.Language,Hebrew)">ButtonL1</include>
	  <label>$LOCALIZE[19222]: $LOCALIZE[19030]</label>
	  <onclick condition="!Skin.HasSetting(Admin) | !Control.IsVisible(10)">SendClick(31)</onclick>
	  <onclick condition="!Skin.HasSetting(Admin) | !Control.IsVisible(10)">SendClick(31)</onclick>
	  <onclick condition="!Skin.HasSetting(Admin) | !Control.IsVisible(10)">SendClick(31)</onclick>
	</control>
	<control type="button" id="33" description="Radio Channels">
	  <include condition="StringCompare(System.Language,Hebrew)">ButtonR1</include>
	  <include condition="!StringCompare(System.Language,Hebrew)">ButtonL1</include>
	  <label>$LOCALIZE[19024]</label>
	  <visible></visible>
	</control>
	<control type="button" id="34" description="Recordings">
	  <visible>Skin.HasSetting(Admin)</visible>
	  <include condition="StringCompare(System.Language,Hebrew)">ButtonR1</include>
	  <include condition="!StringCompare(System.Language,Hebrew)">ButtonL1</include>
	  <label>$LOCALIZE[19163]</label>
	</control>
	<control type="button" id="35" description="Timers">
	  <visible>Skin.HasSetting(Admin)</visible>
	  <include condition="StringCompare(System.Language,Hebrew)">ButtonR1</include>
	  <include condition="!StringCompare(System.Language,Hebrew)">ButtonL1</include>
	  <label>19040</label>
	</control>
	<control type="button" id="36" description="Search">
	  <visible>Skin.HasSetting(Admin)</visible>
	  <include condition="StringCompare(System.Language,Hebrew)">ButtonR1</include>
	  <include condition="!StringCompare(System.Language,Hebrew)">ButtonL1</include>
	  <label>137</label>
	</control>
  </include>

  <include name="LeftMenuMyPVR" description="חלון צד טלוויזיה חיה">
	<control type="button" id="2" description="Views">
	  <texturenofocus>-</texturenofocus>
	  <include condition="StringCompare(System.Language,Hebrew)">ButtonR1</include>
	  <include condition="!StringCompare(System.Language,Hebrew)">ButtonL1</include>
	  <onclick condition="!Control.IsVisible(57) + !Skin.HasSetting(Admin) + [SubString(Container.FolderPath,plugin://plugin.video.genesis) | SubString(Container.FolderPath,videodb://tvshows,left) | SubString(Container.FolderPath,library://video/tvshows) | SubString(Container.FolderPath,videodb://movies,left) | SubString(Container.FolderPath,library://video/movies) | SubString(Container.FolderPath,plugin://plugin.video.pulsar/)] + [Container.Content(Movies) | Container.Content(TVShows) | Container.Content(Seasons) | Container.Content(Episodes)]">SendClick(2)</onclick>
	  <onclick condition="Control.IsVisible(57) + [!Skin.HasSetting(Admin) | SubString(Container.FolderName,IsraeLIVE)] + [[!SubString(Container.FolderPath,plugin://plugin.video.genesis) + !SubString(Container.FolderPath,videodb://tvshows,left) + !SubString(Container.FolderPath,library://video/tvshows) + !SubString(Container.FolderPath,videodb://movies,left) + !SubString(Container.FolderPath,library://video/movies) + !SubString(Container.FolderPath,plugin://plugin.video.pulsar/)] | StringCompare(Container.FolderName,$LOCALIZE[344]) | StringCompare(Container.FolderName,$LOCALIZE[135]) | StringCompare(Container.FolderName,$LOCALIZE[345]) | StringCompare(Container.FolderName,$LOCALIZE[20348]) | StringCompare(Container.FolderName,$LOCALIZE[20388]) | StringCompare(Container.FolderName,$LOCALIZE[20451]) | StringCompare(Container.FolderName,$LOCALIZE[20459])]">SendClick(2)</onclick>
	  <visible>Skin.HasSetting(Admin)</visible> <!--| Window.IsActive(TVGuide) | Window.IsActive(RadioGuide)-->
	</control>
	<control type="button" id="30" description="קבוצת ערוצים">
	  <description></description>
	  <include>ButtonR3</include>
	  <label>$VAR[ChannelGroupName]</label>
	  <onleft condition="Window.IsActive(TVChannels) | Window.IsActive(RadioChannels) | Window.IsActive(TVGuide) | Window.IsActive(RadioGuide)">PreviousChannelGroup</onleft>
	  <onclick condition="Window.IsActive(TVChannels) | Window.IsActive(RadioChannels) | Window.IsActive(TVGuide) | Window.IsActive(RadioGuide)">NextChannelGroup</onclick>
	  <onclick condition="Window.IsActive(RadioChannels) + IsEmpty(Window.Property(IsRadio))">ActivateWindow(TVChannels)</onclick>
	  <onclick condition="Window.IsActive(TVChannels) + !IsEmpty(Window.Property(IsRadio))">ActivateWindow(RadioChannels)</onclick>
	  <onclick condition="Window.IsActive(RadioGuide) + IsEmpty(Window.Property(IsRadio))">ActivateWindow(TVGuide)</onclick>
	  <onclick condition="Window.IsActive(TVGuide) + !IsEmpty(Window.Property(IsRadio))">ActivateWindow(RadioGuide)</onclick>
	  <visible>true</visible>
	</control>
	<control type="button" id="31" description="מדריך טלוויזיה/ערוצי טלוויזיה">
	  <include condition="StringCompare(System.Language,Hebrew)">ButtonR1</include>
	  <include condition="!StringCompare(System.Language,Hebrew)">ButtonL1</include>
	  <label>$VAR[Button31]</label>
	  <onclick condition="Window.IsVisible(MyPVRChannels.xml)">ActivateWindow(TVGuide)</onclick>
	  <onclick condition="Window.IsVisible(MyPVRGuide.xml)">close</onclick>
	  <onclick condition="Window.IsVisible(MyPVRGuide.xml)">ActivateWindow(TVChannels)</onclick>
	</control>
	<control type="button" id="3" description="Sort">
	  <include condition="StringCompare(System.Language,Hebrew)">ButtonR1</include>
	  <include condition="!StringCompare(System.Language,Hebrew)">ButtonL1</include>
	  <visible>Control.IsEnabled(3)</visible>
	  <visible>!SubString(Container.FolderPath,plugin://plugin.video.sdarot.tv)</visible>
	</control>
	<control type="togglebutton" id="4" description="SortOrder">
	  <include condition="StringCompare(System.Language,Hebrew)">ButtonR1</include>
	  <include condition="!StringCompare(System.Language,Hebrew)">ButtonL1</include>
	  <label>584</label>
	  <altlabel>585</altlabel>
	  <visible>Control.IsEnabled(4)</visible>
	</control>
	<include>CommonLeftMenuButtons2</include>
	<control type="button" id="32" description="עדכון רשימות ערוצים">
	  <include condition="StringCompare(System.Language,Hebrew)">ButtonR1</include>
	  <include condition="!StringCompare(System.Language,Hebrew)">ButtonL1</include>
	  <label>$LOCALIZE[70111]</label>
	  <onclick condition="Window.IsVisible(MyPVRChannels.xml)">RunScript(script.htpt.smartbuttons,,?mode=12)</onclick>
	</control>
	
	<control type="button" id="33" description="Radio Channels">
	  <include condition="StringCompare(System.Language,Hebrew)">ButtonR1</include>
	  <include condition="!StringCompare(System.Language,Hebrew)">ButtonL1</include>
	  <label>$LOCALIZE[19024]</label>
	  <onclick>ActivateWindow(RadioChannels)</onclick>
	  <visible>false</visible>
	</control>
	<control type="button" id="34" description="הקלטות">
	  <visible>Skin.HasSetting(Admin)</visible>
	  <include condition="StringCompare(System.Language,Hebrew)">ButtonR1</include>
	  <include condition="!StringCompare(System.Language,Hebrew)">ButtonL1</include>
	  <label>$LOCALIZE[19163]</label>
	  <onclick condition="IsEmpty(Window.Property(IsRadio))">ActivateWindow(TVRecordings)</onclick>
	  <onclick condition="!IsEmpty(Window.Property(IsRadio))">ActivateWindow(RadioRecordings)</onclick>
	</control>
	<control type="button" id="35" description="Timers">
	  <visible>Skin.HasSetting(Admin)</visible>
	  <include condition="StringCompare(System.Language,Hebrew)">ButtonR1</include>
	  <include condition="!StringCompare(System.Language,Hebrew)">ButtonL1</include>
	  <label>19040</label>
	  <onclick condition="IsEmpty(Window.Property(IsRadio))">ActivateWindow(TVTimers)</onclick>
	  <onclick condition="!IsEmpty(Window.Property(IsRadio))">ActivateWindow(RadioTimers)</onclick>
	</control>
	<control type="button" id="36" description="Search">
	  <visible>Skin.HasSetting(Admin)</visible>
	  <include condition="StringCompare(System.Language,Hebrew)">ButtonR1</include>
	  <include condition="!StringCompare(System.Language,Hebrew)">ButtonL1</include>
	  <label>137</label>
	  <onclick condition="IsEmpty(Window.Property(IsRadio))">ActivateWindow(TVSearch)</onclick>
	  <onclick condition="!IsEmpty(Window.Property(IsRadio))">ActivateWindow(RadioSearch)</onclick>
	</control>
	<control type="button" id="37" description="מנהל ערוצים">
	  <visible>Skin.HasSetting(Admin)</visible>
	  <include condition="StringCompare(System.Language,Hebrew)">ButtonR1</include>
	  <include condition="!StringCompare(System.Language,Hebrew)">ButtonL1</include>
	  <label>מנהל ערוצים</label>
	  <onclick>ActivateWindow(pvrosdchannels)</onclick>
	</control>
	
	<control type="radiobutton" id="5" description="Group recording items by folder structure">
		<visible>Skin.HasSetting(Admin)</visible>
		<include condition="StringCompare(System.Language,Hebrew)">ButtonR1</include>
		<include condition="!StringCompare(System.Language,Hebrew)">ButtonL1</include>
		<label>19270</label>
		<visible>Window.IsActive(TVRecordings) | Window.IsActive(RadioRecordings)</visible>
	</control>
	<control type="radiobutton" id="6" description="Show hidden channels">
		<visible>Skin.HasSetting(Admin)</visible>
		<include condition="StringCompare(System.Language,Hebrew)">ButtonR1</include>
		<include condition="!StringCompare(System.Language,Hebrew)">ButtonL1</include>
		<label>19051</label>
		<visible>Window.IsActive(TVChannels) | Window.IsActive(RadioChannels)</visible>
	</control>
	<control type="radiobutton" id="7" description="Show deleted recordings">
		<visible>Skin.HasSetting(Admin)</visible>
		<include condition="StringCompare(System.Language,Hebrew)">ButtonR1</include>
		<include condition="!StringCompare(System.Language,Hebrew)">ButtonL1</include>
		<textwidth>235</textwidth>
		<label>19184</label>
		<visible>Window.IsActive(TVRecordings) | Window.IsActive(RadioRecordings)</visible>
	</control>
  </include>
  
  
  <include name="ShowDVDCases">
     <control type="group">
	   <visible>!Skin.HasSetting(ShowDVDCases) + [!IsEmpty(Player.Art(tvshow.poster)) | !IsEmpty(Player.Art(poster)) | !IsEmpty(VideoPlayer.Cover) | !IsEmpty(ListItem.Art(poster)) | !IsEmpty(ListItem.Art(tvshow.poster)) | !IsEmpty(ListItem.Art(poster)) | !IsEmpty(ListItem.Icon) | SubString(ListItem.path,videodb://movies/sets/)]</visible> <!--Player.HasVideo + [!IsEmpty(VideoPlayer.Plot) | !IsEmpty(VideoPlayer.Genre)]-->
	   <visible>!StringCompare(ListItem.Label,עמוד הבא) + !StringCompare(ListItem.Label,..) + !SubString(ListItem.Label,Next Page)</visible>
	   <visible>!Control.IsVisible(58) + !Control.IsVisible(55) + !Window.IsVisible(DialogAddonInfo.xml)</visible>
	   <control type="image" id="191" description="הטובים ביותר">
		 <texture>misc/dvdcases/dvdcases1.png</texture>
		 <visible>[[Container.Content(tvshows) | Container.Content(seasons) | Container.Content(episodes)] + [IntegerGreaterThan(ListItem.Rating,8.9) + !IntegerGreaterThan(ListItem.Rating,9.9)]] | [Container.Content(movies) + IntegerGreaterThan(ListItem.Rating,7.6) + !IntegerGreaterThan(ListItem.Rating,9.9)]  |  [[VideoPlayer.Content(episodes) | !IsEmpty(VideoPlayer.Season) | !IsEmpty(VideoPlayer.Episode)] + Window.IsVisible(DialogFullScreenInfo.xml) + IntegerGreaterThan(VideoPlayer.Rating,8.9) + !IntegerGreaterThan(VideoPlayer.Rating,9.9)] | [[VideoPlayer.Content(movies) | !IsEmpty(VideoPlayer.Director) | !IsEmpty(VideoPlayer.Country) | !IsEmpty(VideoPlayer.mpaa) | !IsEmpty(VideoPlayer.Tagline) | !IsEmpty(VideoPlayer.Cast)] + Window.IsVisible(DialogFullScreenInfo.xml) + IntegerGreaterThan(VideoPlayer.Rating,7.6) + !IntegerGreaterThan(VideoPlayer.Rating,9.9)]</visible>
		 <visible>!SubString(ListItem.path,videodb://movies/sets/)</visible>
		 <visible>IsEmpty(ListItem.VideoResolution) + IsEmpty(ListItem.VideoCodec)</visible>
	   </control>
	   <control type="image" id="192" description="מארז סרטים">
		 <texture>misc/dvdcases/dvdcases2.png</texture>
		 <visible>SubString(ListItem.path,videodb://movies/sets/)</visible>
	   </control>
	   <control type="image" id="193" description="מקומי">
		 <texture>misc/dvdcases/dvdcases3.png</texture>
		 <visible>[IntegerGreaterThan(ListItem.Size,10) | !IsEmpty(ListItem.VideoResolution) | !IsEmpty(ListItem.VideoCodec)] | Window.IsVisible(DialogFullScreenInfo.xml) + [IntegerGreaterThan(VideoPlayer.Size,10)]</visible>
		 <visible>!SubString(ListItem.path,videodb://movies/sets/)</visible>
	   </control>
	   <control type="image" description="רגיל">
		 <texture>misc/dvdcases/dvdcases.png</texture>
		 <!--<visible>[[Container.Content(tvshows) | Container.Content(seasons) | Container.Content(episodes)] + [!IntegerGreaterThan(ListItem.Rating,8.9) | IntegerGreaterThan(ListItem.Rating,9.9)]] | [Container.Content(movies) + [!IntegerGreaterThan(ListItem.Rating,7.6) | IntegerGreaterThan(ListItem.Rating,9.9)]] | [VideoPlayer.Content(movies) | !IsEmpty(VideoPlayer.Director) | !IsEmpty(VideoPlayer.Country) | !IsEmpty(VideoPlayer.mpaa) | !IsEmpty(VideoPlayer.Tagline) | !IsEmpty(VideoPlayer.Cast)] + [!IsEmpty(Player.Art(tvshow.poster)) | !IsEmpty(Player.Art(poster)) | !IsEmpty(VideoPlayer.Cover) | Container.Content(Movies) | Container.Content(TVshows) | Container.Content(Seasons) | Container.Content(Episodes) | Container.Content(Sets) | Substring(ListItem.path,videodb://)]</visible>-->
		 <visible>[[Container.Content(tvshows) | Container.Content(seasons) | Container.Content(episodes)] + [!IntegerGreaterThan(ListItem.Rating,8.9) | IntegerGreaterThan(ListItem.Rating,9.9)]] | [Container.Content(movies) + [!IntegerGreaterThan(ListItem.Rating,7.6) | IntegerGreaterThan(ListItem.Rating,9.9)]] | [[VideoPlayer.Content(episodes) | !IsEmpty(VideoPlayer.Season) | !IsEmpty(VideoPlayer.Episode)] + Window.IsVisible(DialogFullScreenInfo.xml) + [!IntegerGreaterThan(VideoPlayer.Rating,8.9) | IntegerGreaterThan(VideoPlayer.Rating,9.9)]] | [[VideoPlayer.Content(movies) | !IsEmpty(VideoPlayer.Director) | !IsEmpty(VideoPlayer.Tagline) | !IsEmpty(VideoPlayer.mpaa)] + Window.IsVisible(DialogFullScreenInfo.xml) + [!IntegerGreaterThan(VideoPlayer.Rating,7.6) | IntegerGreaterThan(VideoPlayer.Rating,9.9)]]</visible>
		 <visible>!SubString(ListItem.path,videodb://movies/sets/)</visible>
		 <visible>IsEmpty(ListItem.VideoResolution) + IsEmpty(ListItem.VideoCodec)</visible>
		 <!--<visible>false</visible>-->
	   </control>
	 </control>
   </include>
  <include name="FileManagerButton">
    <control type="button" id="103" description="מנהל קבצים">
	  <include condition="StringCompare(System.Language,Hebrew)">ButtonR1</include>
	  <include condition="!StringCompare(System.Language,Hebrew)">ButtonL1</include>
	  <label>$LOCALIZE[7]</label>
	  <onclick condition="!IsEmpty(Container.FolderPath)">ActivateWindow(FileManager.xml,$INFO[Container.FolderPath])</onclick>
	  <onclick condition="Window.IsVisible(MyMusicNav.xml) + IsEmpty(Container.FolderPath)">ActivateWindow(FileManager.xml,special://userdata/library/music/)</onclick>
	  <!--<onclick>ActivateWindow(Video,sources://video/)</onclick>-->
	  <!--<visible>SubString(Container.FolderPath,special://userdata/library/videos) | SubString(Container.FolderPath,/var/media/myHTPT2/videos/) | SubString(Container.FolderPath,special://home/external/) | SubString(Container.FolderPath,sources://video/)</visible>-->
	  <enable>!SubString(Container.FolderPath,sources://video/)</enable>
	</control>
  </include>
  <include name="HelpButton">
    <control type="button" id="130" description="עזרה">
	  <textcolor>Yellow</textcolor>
	  <include condition="StringCompare(System.Language,Hebrew)">ButtonR1</include>
	  <include condition="!StringCompare(System.Language,Hebrew)">ButtonL1</include>
	  <label>$LOCALIZE[10043]</label>
	  <onclick condition="true">RunScript(script.htpt.smartbuttons,,?mode=303)</onclick>
	  <!--<onclick>ActivateWindow(Video,sources://video/)</onclick>-->
	  <!--<visible>SubString(Container.FolderPath,special://userdata/library/videos) | SubString(Container.FolderPath,/var/media/myHTPT2/videos/) | SubString(Container.FolderPath,special://home/external/) | SubString(Container.FolderPath,sources://video/)</visible>-->
	  <enable>!SubString(Container.FolderPath,sources://video/)</enable>
	</control>
  </include>
  
  
  
</includes>
