<?xml version="1.0" encoding="UTF-8"?>
<includes>
  <include name="WidgetContent_52">


	  <!--<item id="21" description="">
		<visible>!Skin.HasSetting(IsraelTV.21)</visible>
		<thumb></thumb>
		<label></label>
		<onclick>Skin.ToggleSetting(IsraelTV.21)</onclick>
	  </item>
	  <item id="21" description="">
		<visible>Skin.HasSetting(IsraelTV.21)</visible>
		<thumb>misc/help/off.png</thumb>
		<label></label>
		<onclick>Skin.ToggleSetting(IsraelTV.21)</onclick>
	  </item>-->
	  <item id="22" description="רשת">
		<visible>!Skin.HasSetting(IsraelTV.22)</visible>
		<thumb>icons/reshet.png</thumb>
		<label>$LOCALIZE[79003]</label>
		<onclick>Skin.ToggleSetting(IsraelTV.22)</onclick>
	  </item>
	  <item id="22" description="רשת">
		<visible>Skin.HasSetting(IsraelTV.22)</visible>
		<thumb>misc/help/off.png</thumb>
		<label>$LOCALIZE[79003]</label>
		<onclick>Skin.ToggleSetting(IsraelTV.22)</onclick>
	  </item>
	  <item id="23" description="דוקו">
		<visible>!Skin.HasSetting(IsraelTV.23)</visible>
		<thumb>icons/discovery.png</thumb>
		<label>$LOCALIZE[78942]</label>
		<onclick>Skin.ToggleSetting(IsraelTV.23)</onclick>
	  </item>
	  <item id="23" description="דוקו">
		<visible>Skin.HasSetting(IsraelTV.23)</visible>
		<thumb>misc/help/off.png</thumb>
		<label>$LOCALIZE[78942]</label>
		<onclick>Skin.ToggleSetting(IsraelTV.23)</onclick>
	  </item>
	  <item id="24" description="טלנובלה">
		<visible>!Skin.HasSetting(IsraelTV.24)</visible>
		<thumb>icons/soapopera.png</thumb>
		<label>$LOCALIZE[78943]</label>
		<onclick>Skin.ToggleSetting(IsraelTV.24)</onclick>
	  </item>
	  <item id="24" description="טלנובלה">
		<visible>Skin.HasSetting(IsraelTV.24)</visible>
		<thumb>misc/help/off.png</thumb>
		<label>$LOCALIZE[78943]</label>
		<onclick>Skin.ToggleSetting(IsraelTV.24)</onclick>
	  </item>
	  <item id="25" description="סרטים ישראלים">
		<visible>!Skin.HasSetting(IsraelTV.25)</visible>
		<thumb>icons/israelmovies.png</thumb>
		<label>$LOCALIZE[78958]</label>
		<onclick>Skin.ToggleSetting(IsraelTV.25)</onclick>
	  </item>
	  <item id="25" description="סרטים ישראלים">
		<visible>Skin.HasSetting(IsraelTV.25)</visible>
		<thumb>misc/help/off.png</thumb>
		<label>$LOCALIZE[78958]</label>
		<onclick>Skin.ToggleSetting(IsraelTV.25)</onclick>
	  </item>
	  <item id="26" description="VOD הוט">
		<visible>!Skin.HasSetting(IsraelTV.26)</visible>
		<thumb>icons/hotvod.png</thumb>
		<label>$LOCALIZE[79000]</label>
		<onclick>Skin.ToggleSetting(IsraelTV.26)</onclick>
	  </item>
	  <item id="26" description="VOD הוט">
		<visible>Skin.HasSetting(IsraelTV.26)</visible>
		<thumb>misc/help/off.png</thumb>
		<label>$LOCALIZE[79000]</label>
		<onclick>Skin.ToggleSetting(IsraelTV.26)</onclick>
	  </item>
	  <item id="27" description="VOD ערוץ 10">
		<visible>!Skin.HasSetting(IsraelTV.27)</visible>
		<thumb>icons/c10.png</thumb>
		<label>$LOCALIZE[79005] VOD</label>
		<onclick>Skin.ToggleSetting(IsraelTV.27)</onclick>
	  </item>
	  <item id="27" description="VOD ערוץ 10">
		<visible>Skin.HasSetting(IsraelTV.27)</visible>
		<thumb>misc/help/off.png</thumb>
		<label>$LOCALIZE[79005] VOD</label>
		<onclick>Skin.ToggleSetting(IsraelTV.27)</onclick>
	  </item>
	  <item id="28" description="VOD ערוץ 11">
		<visible>!Skin.HasSetting(IsraelTV.28)</visible>
		<thumb>icons/c11.png</thumb>
		<label>$LOCALIZE[79006] VOD</label>
		<onclick>Skin.ToggleSetting(IsraelTV.28)</onclick>
	  </item>
	  <item id="28" description="VOD ערוץ 11">
		<visible>Skin.HasSetting(IsraelTV.28)</visible>
		<thumb>misc/help/off.png</thumb>
		<label>$LOCALIZE[79006] VOD</label>
		<onclick>Skin.ToggleSetting(IsraelTV.28)</onclick>
	  </item>
	  <!--<item id="29" description="ערוץ 22">
		<visible>!Skin.HasSetting(IsraelTV.29)</visible>
		<thumb>icons/c22.jpg</thumb>
		<label>$LOCALIZE[79007]</label>
		<onclick>Skin.ToggleSetting(IsraelTV.29)</onclick>
	  </item>
	  <item id="29" description="ערוץ 22">
		<visible>Skin.HasSetting(IsraelTV.29)</visible>
		<thumb>misc/help/off.png</thumb>
		<label>$LOCALIZE[79007]</label>
		<onclick>Skin.ToggleSetting(IsraelTV.29)</onclick>
	  </item>
	  <item id="30" description="ערוץ רמזור">
		<visible>!Skin.HasSetting(IsraelTV.30)</visible>
		<thumb>icons/ramzor.jpg</thumb>
		<label>$LOCALIZE[79008]</label>
		<onclick>Skin.ToggleSetting(IsraelTV.30)</onclick>
	  </item>
	  <item id="30" description="ערוץ רמזור">
		<visible>Skin.HasSetting(IsraelTV.30)</visible>
		<thumb>misc/help/off.png</thumb>
		<label>$LOCALIZE[79008]</label>
		<onclick>Skin.ToggleSetting(IsraelTV.30)</onclick>
	  </item>-->
		<item id="1" description="Addons">
		  <label>$INFO[system.addonTitle(Skin.String(IsraelTV.1.Label))]</label>
		  <label2>24000</label2>
		  <thumb fallback="DefaultAddon.png">$INFO[system.addonicon(Skin.String(IsraelTV.1.Label))]</thumb>
		  <onclick>Skin.SetAddon(IsraelTV.1.Label,xbmc.python.pluginsource)</onclick>
		</item>
		<item id="2" description="Addons">
		  <label>$INFO[system.addonTitle(Skin.String(IsraelTV.2.Label))]</label>
		  <label2>24000</label2>
		  <thumb fallback="DefaultAddon.png">$INFO[system.addonicon(Skin.String(IsraelTV.2.Label))]</thumb>
		  <onclick>Skin.SetAddon(IsraelTV.2.Label,xbmc.python.pluginsource)</onclick>
		</item>
		<item id="3" description="Addons">
		  <label>$INFO[system.addonTitle(Skin.String(IsraelTV.3.Label))]</label>
		  <label2>24000</label2>
		  <thumb fallback="DefaultAddon.png">$INFO[system.addonicon(Skin.String(IsraelTV.3.Label))]</thumb>
		  <onclick>Skin.SetAddon(IsraelTV.3.Label,xbmc.python.pluginsource)</onclick>
		</item>
		<item id="4" description="Addons">
		  <label>$INFO[system.addonTitle(Skin.String(IsraelTV.4.Label))]</label>
		  <label2>24000</label2>
		  <thumb fallback="DefaultAddon.png">$INFO[system.addonicon(Skin.String(IsraelTV.4.Label))]</thumb>
		  <onclick>Skin.SetAddon(IsraelTV.4.Label,xbmc.python.pluginsource)</onclick>
		</item>
		<item id="5" description="Addons">
		  <label>$INFO[system.addonTitle(Skin.String(IsraelTV.5.Label))]</label>
		  <label2>24000</label2>
		  <thumb fallback="DefaultAddon.png">$INFO[system.addonicon(Skin.String(IsraelTV.5.Label))]</thumb>
		  <onclick>Skin.SetAddon(IsraelTV.5.Label,xbmc.python.pluginsource)</onclick>
		</item>
		<item id="11" description="fav">
		  <label>$INFO[Skin.String(IsraelTV.11.Label)]</label>
		  <label2>79309</label2>
		  <thumb fallback="DefaultFavourite.png">$INFO[Skin.String(IsraelTV.11.Icon)]</thumb>
		  <onclick>RunScript(script.favourites,property=IsraelTV.11)</onclick>
		</item>
		<item id="12" description="fav">
		  <label>$INFO[Skin.String(IsraelTV.12.Label)]</label>
		  <label2>79309</label2>
		  <thumb fallback="DefaultFavourite.png">$INFO[Skin.String(IsraelTV.12.Icon)]</thumb>
		  <onclick>RunScript(script.favourites,property=IsraelTV.12)</onclick>
		</item>
		<item id="13" description="fav">
		  <label>$INFO[Skin.String(IsraelTV.13.Label)]</label>
		  <label2>79309</label2>
		  <thumb fallback="DefaultFavourite.png">$INFO[Skin.String(IsraelTV.13.Icon)]</thumb>
		  <onclick>RunScript(script.favourites,property=IsraelTV.13)</onclick>
		</item>
		<item id="14" description="fav">
		  <label>$INFO[Skin.String(IsraelTV.14.Label)]</label>
		  <label2>79309</label2>
		  <thumb fallback="DefaultFavourite.png">$INFO[Skin.String(IsraelTV.14.Icon)]</thumb>
		  <onclick>RunScript(script.favourites,property=IsraelTV.14)</onclick>
		</item>
		<item id="15" description="fav">
		  <label>$INFO[Skin.String(IsraelTV.15.Label)]</label>
		  <label2>79309</label2>
		  <thumb fallback="DefaultFavourite.png">$INFO[Skin.String(IsraelTV.15.Icon)]</thumb>
		  <onclick>RunScript(script.favourites,property=IsraelTV.15)</onclick>
		</item>
  </include> 
  <include name="WidgetContent_53">
	<item id="9999" description="Template">
	  <visible>!Skin.HasSetting(off9999) | Window.IsVisible(CustomHomeCustomizer.xml) + IsEmpty(Window(1117).Property(HideInactiveButtons))</visible>
	  <property name="id">9999</property>
	  <property name="off">$INFO[Skin.HasSetting(off9999)]</property>
	  <property name="sub">$INFO[Skin.HasSetting(sub9999)]</property>
	  <property name="color">buttons/backgrounds/$INFO[Skin.String(color9999)].png</property>
	  <thumb fallback="">$INFO[Skin.String(icon9999)]</thumb>
	  <icon fallback=""></icon>
	  <label>$INFO[Skin.String(label9999)]</label>
	  <onclick description="getID" condition="!Window.IsVisible(CustomHomeCustomizer2.xml)">SetProperty(Button.ID,9999,home)</onclick>
	  <onclick description="openSUB" condition="!Window.IsVisible(CustomHomeCustomizer.xml) + Skin.HasSetting(sub9999)">ActivateWindow(1138)</onclick>
	  <onclick description="openButton" condition="!Window.IsVisible(CustomHomeCustomizer.xml) + !Skin.HasSetting(sub9999)">$INFO[Skin.String(action9999)]</onclick>
	  <onclick description="editButton" condition="Window.IsVisible(CustomHomeCustomizer.xml) + !Window.IsVisible(CustomHomeCustomizer2.xml)">RunScript(script.htpt.smartbuttons,,mode=218&amp;value=9999)</onclick>
	  <onclick description="moveButton" condition="Window.IsVisible(CustomHomeCustomizer2.xml)">RunScript(script.htpt.smartbuttons,,?mode=210&amp;value=9999)</onclick>
	  <visible>false</visible>
	</item>
	<item id="20" description="מאקו">
		<visible>!Skin.HasSetting(IsraelTV.20)</visible>
		<thumb>icons/makoTV.png</thumb>
		<label>$LOCALIZE[79002]</label>
		<onclick>Skin.ToggleSetting(IsraelTV.20)</onclick>
	  </item>
	  <item id="20" description="מאקו">
		<visible>Skin.HasSetting(IsraelTV.20)</visible>
		<thumb>misc/help/off.png</thumb>
		<label>$LOCALIZE[79002]</label>
		<onclick>Skin.ToggleSetting(IsraelTV.20)</onclick>
	  </item>
	  <!--<item id="21" description="">
		<visible>!Skin.HasSetting(IsraelTV.21)</visible>
		<thumb></thumb>
		<label></label>
		<onclick>Skin.ToggleSetting(IsraelTV.21)</onclick>
	  </item>
	  <item id="21" description="">
		<visible>Skin.HasSetting(IsraelTV.21)</visible>
		<thumb>misc/help/off.png</thumb>
		<label></label>
		<onclick>Skin.ToggleSetting(IsraelTV.21)</onclick>
	  </item>-->
	  <item id="22" description="רשת">
		<visible>!Skin.HasSetting(IsraelTV.22)</visible>
		<thumb>icons/reshet.png</thumb>
		<label>$LOCALIZE[79003]</label>
		<onclick>Skin.ToggleSetting(IsraelTV.22)</onclick>
	  </item>
	  <item id="22" description="רשת">
		<visible>Skin.HasSetting(IsraelTV.22)</visible>
		<thumb>misc/help/off.png</thumb>
		<label>$LOCALIZE[79003]</label>
		<onclick>Skin.ToggleSetting(IsraelTV.22)</onclick>
	  </item>
	  <item id="23" description="דוקו">
		<visible>!Skin.HasSetting(IsraelTV.23)</visible>
		<thumb>icons/discovery.png</thumb>
		<label>$LOCALIZE[78942]</label>
		<onclick>Skin.ToggleSetting(IsraelTV.23)</onclick>
	  </item>
	  <item id="23" description="דוקו">
		<visible>Skin.HasSetting(IsraelTV.23)</visible>
		<thumb>misc/help/off.png</thumb>
		<label>$LOCALIZE[78942]</label>
		<onclick>Skin.ToggleSetting(IsraelTV.23)</onclick>
	  </item>
	  <item id="24" description="טלנובלה">
		<visible>!Skin.HasSetting(IsraelTV.24)</visible>
		<thumb>icons/soapopera.png</thumb>
		<label>$LOCALIZE[78943]</label>
		<onclick>Skin.ToggleSetting(IsraelTV.24)</onclick>
	  </item>
	  <item id="24" description="טלנובלה">
		<visible>Skin.HasSetting(IsraelTV.24)</visible>
		<thumb>misc/help/off.png</thumb>
		<label>$LOCALIZE[78943]</label>
		<onclick>Skin.ToggleSetting(IsraelTV.24)</onclick>
	  </item>
	  <item id="25" description="סרטים ישראלים">
		<visible>!Skin.HasSetting(IsraelTV.25)</visible>
		<thumb>icons/israelmovies.png</thumb>
		<label>$LOCALIZE[78958]</label>
		<onclick>Skin.ToggleSetting(IsraelTV.25)</onclick>
	  </item>
	  <item id="25" description="סרטים ישראלים">
		<visible>Skin.HasSetting(IsraelTV.25)</visible>
		<thumb>misc/help/off.png</thumb>
		<label>$LOCALIZE[78958]</label>
		<onclick>Skin.ToggleSetting(IsraelTV.25)</onclick>
	  </item>
	  <item id="26" description="VOD הוט">
		<visible>!Skin.HasSetting(IsraelTV.26)</visible>
		<thumb>icons/hotvod.png</thumb>
		<label>$LOCALIZE[79000]</label>
		<onclick>Skin.ToggleSetting(IsraelTV.26)</onclick>
	  </item>
	  <item id="26" description="VOD הוט">
		<visible>Skin.HasSetting(IsraelTV.26)</visible>
		<thumb>misc/help/off.png</thumb>
		<label>$LOCALIZE[79000]</label>
		<onclick>Skin.ToggleSetting(IsraelTV.26)</onclick>
	  </item>
	  <item id="27" description="VOD ערוץ 10">
		<visible>!Skin.HasSetting(IsraelTV.27)</visible>
		<thumb>icons/c10.png</thumb>
		<label>$LOCALIZE[79005] VOD</label>
		<onclick>Skin.ToggleSetting(IsraelTV.27)</onclick>
	  </item>
	  <item id="27" description="VOD ערוץ 10">
		<visible>Skin.HasSetting(IsraelTV.27)</visible>
		<thumb>misc/help/off.png</thumb>
		<label>$LOCALIZE[79005] VOD</label>
		<onclick>Skin.ToggleSetting(IsraelTV.27)</onclick>
	  </item>
	  <item id="28" description="VOD ערוץ 11">
		<visible>!Skin.HasSetting(IsraelTV.28)</visible>
		<thumb>icons/c11.png</thumb>
		<label>$LOCALIZE[79006] VOD</label>
		<onclick>Skin.ToggleSetting(IsraelTV.28)</onclick>
	  </item>
	  <item id="28" description="VOD ערוץ 11">
		<visible>Skin.HasSetting(IsraelTV.28)</visible>
		<thumb>misc/help/off.png</thumb>
		<label>$LOCALIZE[79006] VOD</label>
		<onclick>Skin.ToggleSetting(IsraelTV.28)</onclick>
	  </item>
	  <!--<item id="29" description="ערוץ 22">
		<visible>!Skin.HasSetting(IsraelTV.29)</visible>
		<thumb>icons/c22.jpg</thumb>
		<label>$LOCALIZE[79007]</label>
		<onclick>Skin.ToggleSetting(IsraelTV.29)</onclick>
	  </item>
	  <item id="29" description="ערוץ 22">
		<visible>Skin.HasSetting(IsraelTV.29)</visible>
		<thumb>misc/help/off.png</thumb>
		<label>$LOCALIZE[79007]</label>
		<onclick>Skin.ToggleSetting(IsraelTV.29)</onclick>
	  </item>
	  <item id="30" description="ערוץ רמזור">
		<visible>!Skin.HasSetting(IsraelTV.30)</visible>
		<thumb>icons/ramzor.jpg</thumb>
		<label>$LOCALIZE[79008]</label>
		<onclick>Skin.ToggleSetting(IsraelTV.30)</onclick>
	  </item>
	  <item id="30" description="ערוץ רמזור">
		<visible>Skin.HasSetting(IsraelTV.30)</visible>
		<thumb>misc/help/off.png</thumb>
		<label>$LOCALIZE[79008]</label>
		<onclick>Skin.ToggleSetting(IsraelTV.30)</onclick>
	  </item>-->
		<item id="1" description="Addons">
		  <label>$INFO[system.addonTitle(Skin.String(IsraelTV.1.Label))]</label>
		  <label2>24000</label2>
		  <thumb fallback="DefaultAddon.png">$INFO[system.addonicon(Skin.String(IsraelTV.1.Label))]</thumb>
		  <onclick>Skin.SetAddon(IsraelTV.1.Label,xbmc.python.pluginsource)</onclick>
		</item>
		<item id="2" description="Addons">
		  <label>$INFO[system.addonTitle(Skin.String(IsraelTV.2.Label))]</label>
		  <label2>24000</label2>
		  <thumb fallback="DefaultAddon.png">$INFO[system.addonicon(Skin.String(IsraelTV.2.Label))]</thumb>
		  <onclick>Skin.SetAddon(IsraelTV.2.Label,xbmc.python.pluginsource)</onclick>
		</item>
		<item id="3" description="Addons">
		  <label>$INFO[system.addonTitle(Skin.String(IsraelTV.3.Label))]</label>
		  <label2>24000</label2>
		  <thumb fallback="DefaultAddon.png">$INFO[system.addonicon(Skin.String(IsraelTV.3.Label))]</thumb>
		  <onclick>Skin.SetAddon(IsraelTV.3.Label,xbmc.python.pluginsource)</onclick>
		</item>
		<item id="4" description="Addons">
		  <label>$INFO[system.addonTitle(Skin.String(IsraelTV.4.Label))]</label>
		  <label2>24000</label2>
		  <thumb fallback="DefaultAddon.png">$INFO[system.addonicon(Skin.String(IsraelTV.4.Label))]</thumb>
		  <onclick>Skin.SetAddon(IsraelTV.4.Label,xbmc.python.pluginsource)</onclick>
		</item>
		<item id="5" description="Addons">
		  <label>$INFO[system.addonTitle(Skin.String(IsraelTV.5.Label))]</label>
		  <label2>24000</label2>
		  <thumb fallback="DefaultAddon.png">$INFO[system.addonicon(Skin.String(IsraelTV.5.Label))]</thumb>
		  <onclick>Skin.SetAddon(IsraelTV.5.Label,xbmc.python.pluginsource)</onclick>
		</item>
		<item id="11" description="fav">
		  <label>$INFO[Skin.String(IsraelTV.11.Label)]</label>
		  <label2>79309</label2>
		  <thumb fallback="DefaultFavourite.png">$INFO[Skin.String(IsraelTV.11.Icon)]</thumb>
		  <onclick>RunScript(script.favourites,property=IsraelTV.11)</onclick>
		</item>
		<item id="12" description="fav">
		  <label>$INFO[Skin.String(IsraelTV.12.Label)]</label>
		  <label2>79309</label2>
		  <thumb fallback="DefaultFavourite.png">$INFO[Skin.String(IsraelTV.12.Icon)]</thumb>
		  <onclick>RunScript(script.favourites,property=IsraelTV.12)</onclick>
		</item>
		<item id="13" description="fav">
		  <label>$INFO[Skin.String(IsraelTV.13.Label)]</label>
		  <label2>79309</label2>
		  <thumb fallback="DefaultFavourite.png">$INFO[Skin.String(IsraelTV.13.Icon)]</thumb>
		  <onclick>RunScript(script.favourites,property=IsraelTV.13)</onclick>
		</item>
		<item id="14" description="fav">
		  <label>$INFO[Skin.String(IsraelTV.14.Label)]</label>
		  <label2>79309</label2>
		  <thumb fallback="DefaultFavourite.png">$INFO[Skin.String(IsraelTV.14.Icon)]</thumb>
		  <onclick>RunScript(script.favourites,property=IsraelTV.14)</onclick>
		</item>
		<item id="15" description="fav">
		  <label>$INFO[Skin.String(IsraelTV.15.Label)]</label>
		  <label2>79309</label2>
		  <thumb fallback="DefaultFavourite.png">$INFO[Skin.String(IsraelTV.15.Icon)]</thumb>
		  <onclick>RunScript(script.favourites,property=IsraelTV.15)</onclick>
		</item>
  </include> 

  <include name="WidgetContent_54">
	<item id="9999" description="Template">
	  <visible>!Skin.HasSetting(off9999) | Window.IsVisible(CustomHomeCustomizer.xml) + IsEmpty(Window(1117).Property(HideInactiveButtons))</visible>
	  <property name="id">9999</property>
	  <property name="off">$INFO[Skin.HasSetting(off9999)]</property>
	  <property name="sub">$INFO[Skin.HasSetting(sub9999)]</property>
	  <property name="color">buttons/backgrounds/$INFO[Skin.String(color9999)].png</property>
	  <thumb fallback="">$INFO[Skin.String(icon9999)]</thumb>
	  <icon fallback=""></icon>
	  <label>$INFO[Skin.String(label9999)]</label>
	  <onclick description="getID" condition="!Window.IsVisible(CustomHomeCustomizer2.xml)">SetProperty(Button.ID,9999,home)</onclick>
	  <onclick description="openSUB" condition="!Window.IsVisible(CustomHomeCustomizer.xml) + Skin.HasSetting(sub9999)">ActivateWindow(1138)</onclick>
	  <onclick description="openButton" condition="!Window.IsVisible(CustomHomeCustomizer.xml) + !Skin.HasSetting(sub9999)">$INFO[Skin.String(action9999)]</onclick>
	  <onclick description="editButton" condition="Window.IsVisible(CustomHomeCustomizer.xml) + !Window.IsVisible(CustomHomeCustomizer2.xml)">RunScript(script.htpt.smartbuttons,,mode=218&amp;value=9999)</onclick>
	  <onclick description="moveButton" condition="Window.IsVisible(CustomHomeCustomizer2.xml)">RunScript(script.htpt.smartbuttons,,?mode=210&amp;value=9999)</onclick>
	  <visible>false</visible>
	</item>
	<item id="20" description="מאקו">
		<visible>!Skin.HasSetting(IsraelTV.20)</visible>
		<thumb>icons/makoTV.png</thumb>
		<label>$LOCALIZE[79002]</label>
		<onclick>Skin.ToggleSetting(IsraelTV.20)</onclick>
	  </item>
	  <item id="20" description="מאקו">
		<visible>Skin.HasSetting(IsraelTV.20)</visible>
		<thumb>misc/help/off.png</thumb>
		<label>$LOCALIZE[79002]</label>
		<onclick>Skin.ToggleSetting(IsraelTV.20)</onclick>
	  </item>
	  <!--<item id="21" description="">
		<visible>!Skin.HasSetting(IsraelTV.21)</visible>
		<thumb></thumb>
		<label></label>
		<onclick>Skin.ToggleSetting(IsraelTV.21)</onclick>
	  </item>
	  <item id="21" description="">
		<visible>Skin.HasSetting(IsraelTV.21)</visible>
		<thumb>misc/help/off.png</thumb>
		<label></label>
		<onclick>Skin.ToggleSetting(IsraelTV.21)</onclick>
	  </item>-->
	  <item id="22" description="רשת">
		<visible>!Skin.HasSetting(IsraelTV.22)</visible>
		<thumb>icons/reshet.png</thumb>
		<label>$LOCALIZE[79003]</label>
		<onclick>Skin.ToggleSetting(IsraelTV.22)</onclick>
	  </item>
	  <item id="22" description="רשת">
		<visible>Skin.HasSetting(IsraelTV.22)</visible>
		<thumb>misc/help/off.png</thumb>
		<label>$LOCALIZE[79003]</label>
		<onclick>Skin.ToggleSetting(IsraelTV.22)</onclick>
	  </item>
	  <item id="23" description="דוקו">
		<visible>!Skin.HasSetting(IsraelTV.23)</visible>
		<thumb>icons/discovery.png</thumb>
		<label>$LOCALIZE[78942]</label>
		<onclick>Skin.ToggleSetting(IsraelTV.23)</onclick>
	  </item>
	  <item id="23" description="דוקו">
		<visible>Skin.HasSetting(IsraelTV.23)</visible>
		<thumb>misc/help/off.png</thumb>
		<label>$LOCALIZE[78942]</label>
		<onclick>Skin.ToggleSetting(IsraelTV.23)</onclick>
	  </item>
	  <item id="24" description="טלנובלה">
		<visible>!Skin.HasSetting(IsraelTV.24)</visible>
		<thumb>icons/soapopera.png</thumb>
		<label>$LOCALIZE[78943]</label>
		<onclick>Skin.ToggleSetting(IsraelTV.24)</onclick>
	  </item>
	  <item id="24" description="טלנובלה">
		<visible>Skin.HasSetting(IsraelTV.24)</visible>
		<thumb>misc/help/off.png</thumb>
		<label>$LOCALIZE[78943]</label>
		<onclick>Skin.ToggleSetting(IsraelTV.24)</onclick>
	  </item>
	  <item id="25" description="סרטים ישראלים">
		<visible>!Skin.HasSetting(IsraelTV.25)</visible>
		<thumb>icons/israelmovies.png</thumb>
		<label>$LOCALIZE[78958]</label>
		<onclick>Skin.ToggleSetting(IsraelTV.25)</onclick>
	  </item>
	  <item id="25" description="סרטים ישראלים">
		<visible>Skin.HasSetting(IsraelTV.25)</visible>
		<thumb>misc/help/off.png</thumb>
		<label>$LOCALIZE[78958]</label>
		<onclick>Skin.ToggleSetting(IsraelTV.25)</onclick>
	  </item>
	  <item id="26" description="VOD הוט">
		<visible>!Skin.HasSetting(IsraelTV.26)</visible>
		<thumb>icons/hotvod.png</thumb>
		<label>$LOCALIZE[79000]</label>
		<onclick>Skin.ToggleSetting(IsraelTV.26)</onclick>
	  </item>
	  <item id="26" description="VOD הוט">
		<visible>Skin.HasSetting(IsraelTV.26)</visible>
		<thumb>misc/help/off.png</thumb>
		<label>$LOCALIZE[79000]</label>
		<onclick>Skin.ToggleSetting(IsraelTV.26)</onclick>
	  </item>
	  <item id="27" description="VOD ערוץ 10">
		<visible>!Skin.HasSetting(IsraelTV.27)</visible>
		<thumb>icons/c10.png</thumb>
		<label>$LOCALIZE[79005] VOD</label>
		<onclick>Skin.ToggleSetting(IsraelTV.27)</onclick>
	  </item>
	  <item id="27" description="VOD ערוץ 10">
		<visible>Skin.HasSetting(IsraelTV.27)</visible>
		<thumb>misc/help/off.png</thumb>
		<label>$LOCALIZE[79005] VOD</label>
		<onclick>Skin.ToggleSetting(IsraelTV.27)</onclick>
	  </item>
	  <item id="28" description="VOD ערוץ 11">
		<visible>!Skin.HasSetting(IsraelTV.28)</visible>
		<thumb>icons/c11.png</thumb>
		<label>$LOCALIZE[79006] VOD</label>
		<onclick>Skin.ToggleSetting(IsraelTV.28)</onclick>
	  </item>
	  <item id="28" description="VOD ערוץ 11">
		<visible>Skin.HasSetting(IsraelTV.28)</visible>
		<thumb>misc/help/off.png</thumb>
		<label>$LOCALIZE[79006] VOD</label>
		<onclick>Skin.ToggleSetting(IsraelTV.28)</onclick>
	  </item>
	  <!--<item id="29" description="ערוץ 22">
		<visible>!Skin.HasSetting(IsraelTV.29)</visible>
		<thumb>icons/c22.jpg</thumb>
		<label>$LOCALIZE[79007]</label>
		<onclick>Skin.ToggleSetting(IsraelTV.29)</onclick>
	  </item>
	  <item id="29" description="ערוץ 22">
		<visible>Skin.HasSetting(IsraelTV.29)</visible>
		<thumb>misc/help/off.png</thumb>
		<label>$LOCALIZE[79007]</label>
		<onclick>Skin.ToggleSetting(IsraelTV.29)</onclick>
	  </item>
	  <item id="30" description="ערוץ רמזור">
		<visible>!Skin.HasSetting(IsraelTV.30)</visible>
		<thumb>icons/ramzor.jpg</thumb>
		<label>$LOCALIZE[79008]</label>
		<onclick>Skin.ToggleSetting(IsraelTV.30)</onclick>
	  </item>
	  <item id="30" description="ערוץ רמזור">
		<visible>Skin.HasSetting(IsraelTV.30)</visible>
		<thumb>misc/help/off.png</thumb>
		<label>$LOCALIZE[79008]</label>
		<onclick>Skin.ToggleSetting(IsraelTV.30)</onclick>
	  </item>-->
		<item id="1" description="Addons">
		  <label>$INFO[system.addonTitle(Skin.String(IsraelTV.1.Label))]</label>
		  <label2>24000</label2>
		  <thumb fallback="DefaultAddon.png">$INFO[system.addonicon(Skin.String(IsraelTV.1.Label))]</thumb>
		  <onclick>Skin.SetAddon(IsraelTV.1.Label,xbmc.python.pluginsource)</onclick>
		</item>
		<item id="2" description="Addons">
		  <label>$INFO[system.addonTitle(Skin.String(IsraelTV.2.Label))]</label>
		  <label2>24000</label2>
		  <thumb fallback="DefaultAddon.png">$INFO[system.addonicon(Skin.String(IsraelTV.2.Label))]</thumb>
		  <onclick>Skin.SetAddon(IsraelTV.2.Label,xbmc.python.pluginsource)</onclick>
		</item>
		<item id="3" description="Addons">
		  <label>$INFO[system.addonTitle(Skin.String(IsraelTV.3.Label))]</label>
		  <label2>24000</label2>
		  <thumb fallback="DefaultAddon.png">$INFO[system.addonicon(Skin.String(IsraelTV.3.Label))]</thumb>
		  <onclick>Skin.SetAddon(IsraelTV.3.Label,xbmc.python.pluginsource)</onclick>
		</item>
		<item id="4" description="Addons">
		  <label>$INFO[system.addonTitle(Skin.String(IsraelTV.4.Label))]</label>
		  <label2>24000</label2>
		  <thumb fallback="DefaultAddon.png">$INFO[system.addonicon(Skin.String(IsraelTV.4.Label))]</thumb>
		  <onclick>Skin.SetAddon(IsraelTV.4.Label,xbmc.python.pluginsource)</onclick>
		</item>
		<item id="5" description="Addons">
		  <label>$INFO[system.addonTitle(Skin.String(IsraelTV.5.Label))]</label>
		  <label2>24000</label2>
		  <thumb fallback="DefaultAddon.png">$INFO[system.addonicon(Skin.String(IsraelTV.5.Label))]</thumb>
		  <onclick>Skin.SetAddon(IsraelTV.5.Label,xbmc.python.pluginsource)</onclick>
		</item>
		<item id="11" description="fav">
		  <label>$INFO[Skin.String(IsraelTV.11.Label)]</label>
		  <label2>79309</label2>
		  <thumb fallback="DefaultFavourite.png">$INFO[Skin.String(IsraelTV.11.Icon)]</thumb>
		  <onclick>RunScript(script.favourites,property=IsraelTV.11)</onclick>
		</item>
		<item id="12" description="fav">
		  <label>$INFO[Skin.String(IsraelTV.12.Label)]</label>
		  <label2>79309</label2>
		  <thumb fallback="DefaultFavourite.png">$INFO[Skin.String(IsraelTV.12.Icon)]</thumb>
		  <onclick>RunScript(script.favourites,property=IsraelTV.12)</onclick>
		</item>
		<item id="13" description="fav">
		  <label>$INFO[Skin.String(IsraelTV.13.Label)]</label>
		  <label2>79309</label2>
		  <thumb fallback="DefaultFavourite.png">$INFO[Skin.String(IsraelTV.13.Icon)]</thumb>
		  <onclick>RunScript(script.favourites,property=IsraelTV.13)</onclick>
		</item>
		<item id="14" description="fav">
		  <label>$INFO[Skin.String(IsraelTV.14.Label)]</label>
		  <label2>79309</label2>
		  <thumb fallback="DefaultFavourite.png">$INFO[Skin.String(IsraelTV.14.Icon)]</thumb>
		  <onclick>RunScript(script.favourites,property=IsraelTV.14)</onclick>
		</item>
		<item id="15" description="fav">
		  <label>$INFO[Skin.String(IsraelTV.15.Label)]</label>
		  <label2>79309</label2>
		  <thumb fallback="DefaultFavourite.png">$INFO[Skin.String(IsraelTV.15.Icon)]</thumb>
		  <onclick>RunScript(script.favourites,property=IsraelTV.15)</onclick>
		</item>
  </include> 

</includes>
