<?xml version="1.0" encoding="UTF-8"?>
<window id="2006" type="dialog">
  <include condition="Skin.HasSetting(Performance)  + !Player.HasVideo">Performance1</include>
  <defaultcontrol always="true">10</defaultcontrol>
  <allowoverlay>no</allowoverlay>
  <visible>false</visible>
  <!--<onload>Dialog.Close(visualisation)</onload>
  <onunload>Dialog.Close(musicosd)</onunload>-->
  <onload>Action(Back)</onload>
  <onload>AlarmClock(MVclose1,Dialog.Close(visualisation),0,silent)</onload>
  <onload>AlarmClock(MVclose2,Dialog.Close(visualisation),00:01,silent)</onload>
  <!--<onload>Action(back)</onload>-->
  <!--<onload condition="!Skin.HasSetting(Admin)">Close</onload>-->
  <!--<onload>Dialog.Close(visualisation)</onload>-->
  <!--<onload condition="system.hasaddon(script.artistslideshow)">RunScript(script.artistslideshow)</onload>-->
  <controls>
	<!--<control type="image" description="רקע בית">
	  <animation condition="!Skin.HasSetting(VALIDATION2)" effect="zoom" end="150,150" center="960,560" time="1000">Conditional</animation>
	  <texture>misc/logo/logo10.png</texture>
	</control>-->
	<control type="button" id="10" description="כניסה">
	  <posx>720</posx>
	  <posy>502.5</posy>
	  <include>ButtonC1</include>
	  <label>Close</label>
	  <onfocus>ReplaceWindow(Home.xml)</onfocus>
	  <onclick>Action(Back)</onclick>
	  <onclick condition="Skin.HasSetting(Admin)">Notification(test,1,1000)</onclick>
	</control>
	<!--<control type="group">
      <control type="visualisation" id="2" description="Visualisation">
        <posx>0</posx>
        <posy>0</posy>
        <width>1920</width>
        <height>1080</height>
      </control>
      <control type="progress" id="23" description="Progress Bar">
        <visible>true</visible>
        <posx>84</posx>
        <posy>-750</posy>
        <width>747</width>
        <info>Player.Progress</info>
        <visible>true</visible>
      </control>
      <control type="multiimage" description="Slideshow">
        <visible>Skin.HasSetting(MusicPlayingFanart) + !IsEmpty(Window(Visualisation).Property(ArtistSlideshow))</visible>
		<posx>0</posx>
		<posy>0</posy>
		<width>1920</width>
		<height>1080</height>
        <fadetime>400</fadetime>
        <imagepath background="false">$INFO[Window(Visualisation).Property(ArtistSlideshow)]</imagepath>
        <aspectratio aligny="top">scale</aspectratio>
        <timeperimage>14000</timeperimage>
        <fadetime>10000</fadetime>
        <animation effect="fade" start="0" end="70" time="300">Visible</animation>
        <animation effect="fade" start="70" end="0" time="200">Hidden</animation>
        <animation type="Conditional" condition="true">
          <effect type="fade" start="0" end="70" time="0" reversible="false" />
        </animation>
      </control>
      <control type="image" description="Fanart only">
        <visible>Skin.HasSetting(MusicPlayingFanart) + IsEmpty(Window(Visualisation).Property(ArtistSlideshow))</visible>
	   <posx>0</posx>
		<posy>0</posy>
		<width>1920</width>
		<height>1080</height>
        <fadetime>400</fadetime>
        <aspectratio>scale</aspectratio>
        <texture background="false">$INFO[MusicPlayer.Property(Fanart_Image)]</texture>
        <animation effect="fade" start="0" end="70" time="300">Visible</animation>
        <animation effect="fade" start="70" end="0" time="200">Hidden</animation>
        <animation type="Conditional" condition="true">
          <effect type="fade" start="0" end="70" time="0" reversible="false" />
        </animation>
      </control>
      <control type="group" description="INFO grouped">
        <visible>[Player.ShowInfo | Window.IsActive(MusicOSD) | !Visualisation.Enabled] + ![Window.IsVisible(AddonSettings) | Window.IsVisible(SelectDialog) | Window.IsVisible(VisualisationPresetList)]</visible>
        <animation effect="fade" time="500">Visible</animation>
        <animation effect="fade" time="200">Hidden</animation>
        <control type="group" description="Info panel LEFT">
          <posy>30</posy>
          <animation type="Conditional" condition="!IntegerGreaterThan(Control.GetLabel(23),0)" reversible="false">
            <effect type="zoom" tween="quadratic" start="0" end="100" time="800" center="640,360" />
            <effect type="fade" start="0" end="100" time="800" center="640,360" />
          </animation>
          <animation type="Conditional" condition="StringCompare(Control.GetLabel(23),100)" reversible="false">
            <effect type="zoom" tween="quadratic" easing="in" start="100" end="260" time="300" center="640,360" />
            <effect type="fade" start="100" end="0" easing="out" time="300" />
          </animation>
          <animation type="Conditional" condition="IntegerGreaterThan(Control.GetLabel(23),30) + !IntegerGreaterThan(Control.GetLabel(23),60)" reversible="false">
            <effect type="rotatey" tween="quadratic" start="0" end="180" time="1000" center="960,540" />
            <effect type="fade" start="100" end="0" time="400" center="640,360" />
          </animation>
          <animation type="Conditional" condition="![IntegerGreaterThan(Control.GetLabel(23),30) + !IntegerGreaterThan(Control.GetLabel(23),60)]" reversible="false">
            <effect type="rotatey" tween="quadratic" start="180" end="0" time="1000" center="960,540" />
            <effect type="fade" start="0" end="100" delay="300" time="700" center="640,360" />
          </animation>
          <control type="group" description="Music Cover group">
            <camera x="450" y="540" />
            <animation effect="rotatey" start="0" end="-20" center="450,0" time="0" reversible="false" condition="true">Conditional</animation>
            <posy>225</posy>
            <posx>220</posx>
            <control type="image" description="Record">
              <posx>298</posx>
              <posy>0</posy>
              <height>600</height>
              <width>600</width>
              <fadetime>300</fadetime>
              <aspectratio aligny="bottom">stretch</aspectratio>
              <texture flipy="true">images/record.png</texture>
            </control>
            <control type="image" description="MusicAlbum">
              <posx>0</posx>
              <posy>600</posy>
              <height>600</height>
              <width>600</width>
              <fadetime>300</fadetime>
              <aspectratio aligny="top">stretch</aspectratio>
              <texture flipy="true" diffuse="images/Reflection1.png">$INFO[MusicPlayer.Cover]</texture>
            </control>
            <control type="image" description="MusicAlbum">
              <posx>0</posx>
              <posy>0</posy>
              <height>600</height>
              <width>600</width>
              <fadetime>300</fadetime>
              <aspectratio aligny="bottom">stretch</aspectratio>
              <texture>$INFO[MusicPlayer.Cover]</texture>
            </control>
          </control>
          <control type="group" description="Main Labels">
            <posx>739</posx>
            <control type="image" description="Info BG">
              <posx>-35</posx>
              <posy>515</posy>
              <width>1000</width>
              <height>300</height>
              <fadetime>400</fadetime>
              <aspectratio>stretch</aspectratio>
              <texture border="50">MusicOSD/Back.png</texture>
              <animation effect="fade" time="300">Visible</animation>
              <animation effect="fade" time="200">Hidden</animation>
            </control>
            <control type="label" description="Title label">
              <posx>0</posx>
              <posy>525</posy>
              <width>900</width>
              <scroll>true</scroll>
              <align>left</align>
              <font>size42B</font>
              <textcolor>White2</textcolor>
              <shadowcolor>Black</shadowcolor>
              <animation effect="fade" time="200">VisibleChange</animation>
              <label>$INFO[MusicPlayer.Title]</label>
            </control>
            <control type="label" description="Artist">
              <posx>0</posx>
              <posy>585</posy>
              <width>900</width>
              <label>$INFO[MusicPlayer.Artist]</label>
              <scroll>true</scroll>
              <align>left</align>
              <font>size36</font>
              <textcolor>Grey3</textcolor>
            </control>
            <control type="label" description="Album">
              <posy>636</posy>
              <width>900</width>
              <label>$INFO[MusicPlayer.Album]</label>
              <align>left</align>
              <font>size36</font>
              <textcolor>Grey3</textcolor>
            </control>
            <control type="label" description="Track position">
              <posx>0</posx>
              <posy>690</posy>
              <width>900</width>
              <align>left</align>
              <textcolor>Grey</textcolor>
              <animation effect="fade" time="200">VisibleChange</animation>
              <label>[B]$INFO[MusicPlayer.PlaylistPosition] $LOCALIZE[20163] $INFO[MusicPlayer.PlaylistLength][/B]</label>
              <font>size26</font>
            </control>
            <control type="group">
              <posy>756</posy>
              <control type="label">
                <posx>0</posx>
                <posy>0</posy>
                <height>30</height>
                <width>123</width>
                <align>left</align>
                <label>[B]$INFO[Player.Time][/B]</label>
                <font>size26</font>
                <textcolor>Grey2</textcolor>
              </control>
              <control type="progress" description="Progress Bar">
                <posx>122</posx>
                <posy>11</posy>
                <width>675</width>
                <height>13</height>
                <texturebg border="6,6,6,6">MusicOSD/ProgressBG.png</texturebg>
                <midtexture border="6,0,6,0">MusicOSD/ProgressM.png</midtexture>
                <righttexture border="0,6,0,6">MusicOSD/ProgressR.png</righttexture>
                <lefttexture border="0,6,0,6">MusicOSD/ProgressL.png</lefttexture>
                <overlaytexture>-</overlaytexture>
                <info>Player.Progress</info>
                <visible>true</visible>
              </control>
              <control type="label">
                <posx>930</posx>
                <posy>0</posy>
                <height>30</height>
                <width>123</width>
                <align>right</align>
                <label>[B]$INFO[Player.TimeRemaining,-][/B]</label>
                <font>size26</font>
                <textcolor>Grey2</textcolor>
              </control>
              <control type="label">
                <posx>777</posx>
                <posy>45</posy>
                <height>30</height>
                <width>135</width>
                <align>left</align>
                <label>$INFO[Control.GetLabel(23)]</label>
                <font>size26</font>
                <textcolor>Red</textcolor>
                <visible>Skin.HasSetting(DebugInfo)</visible>
              </control>
            </control>
          </control>
        </control>
        <control type="group" description="Info panel RIGHT">
          <posy>30</posy>
          <visible>IntegerGreaterThan(Control.GetLabel(23),30) + !IntegerGreaterThan(Control.GetLabel(23),60)</visible>
          <animation type="Visible" reversible="false">
            <effect type="rotatey" tween="quadratic" start="-180" end="0" time="1000" center="960," />
            <effect type="fade" start="0" end="100" delay="300" time="700" center="640,360" />
          </animation>
          <animation type="Hidden" reversible="false">
            <effect type="rotatey" tween="quadratic" start="0" end="-180" time="1000" center="960," />
            <effect type="fade" start="100" end="0" time="400" center="640,360" />
          </animation>
          <control type="group" description="Music Cover group">
            <camera x="1470" y="540" />
            <animation effect="rotatey" start="0" end="20" center="1470," time="0" reversible="false" condition="true">Conditional</animation>
            <posy>225</posy>
            <posx>1110</posx>
            <control type="image" description="Record">
              <posx>-298</posx>
              <posy>0</posy>
              <height>600</height>
              <width>600</width>
              <fadetime>300</fadetime>
              <aspectratio aligny="bottom">stretch</aspectratio>
              <texture>images/record.png</texture>
            </control>
            <control type="image" description="MusicAlbum">
              <posx>0</posx>
              <posy>600</posy>
              <height>600</height>
              <width>600</width>
              <fadetime>300</fadetime>
              <aspectratio aligny="top">stretch</aspectratio>
              <texture flipy="true" diffuse="images/Reflection1.png">$INFO[MusicPlayer.Cover]</texture>
            </control>
            <control type="image" description="MusicAlbum">
              <posx>0</posx>
              <posy>0</posy>
              <height>600</height>
              <width>600</width>
              <fadetime>300</fadetime>
              <aspectratio aligny="bottom">stretch</aspectratio>
              <texture>$INFO[MusicPlayer.Cover]</texture>
            </control>
          </control>
          <control type="group" description="Main Labels">
            <posx>1166</posx>
            <control type="image" description="Info BG">
              <posx>-965</posx>
              <posy>515</posy>
              <width>1000</width>
              <height>300</height>
              <fadetime>400</fadetime>
              <aspectratio>stretch</aspectratio>
              <texture border="50">MusicOSD/Back.png</texture>
              <animation effect="fade" time="300">Visible</animation>
              <animation effect="fade" time="200">Hidden</animation>
            </control>
            <control type="label" description="Title label">
              <posx>0</posx>
              <posy>525</posy>
              <width>900</width>
              <scroll>true</scroll>
              <align>right</align>
              <font>size42B</font>
              <textcolor>White2</textcolor>
              <animation effect="fade" time="200">VisibleChange</animation>
              <label>$INFO[MusicPlayer.Title]</label>
            </control>
            <control type="label" description="Artist">
              <posx>0</posx>
              <posy>585</posy>
              <width>900</width>
              <label>$INFO[MusicPlayer.Artist]</label>
              <scroll>true</scroll>
              <align>right</align>
              <font>size36</font>
              <textcolor>Grey3</textcolor>
            </control>
            <control type="label" description="Album">
              <posy>636</posy>
              <width>900</width>
              <label>$INFO[MusicPlayer.Album]</label>
              <align>right</align>
              <font>size36</font>
              <textcolor>Grey3</textcolor>
            </control>
            <control type="label" description="Track position">
              <posx>0</posx>
              <posy>690</posy>
              <width>900</width>
              <align>right</align>
              <textcolor>Grey</textcolor>
              <animation effect="fade" time="200">VisibleChange</animation>
              <label>[B]$INFO[MusicPlayer.PlaylistPosition] $LOCALIZE[20163] $INFO[MusicPlayer.PlaylistLength][/B]</label>
              <font>size26</font>
              <shadowcolor>Black</shadowcolor>
            </control>
          </control>
          <control type="group">
            <posy>756</posy>
            <control type="label">
              <posx>237</posx>
              <posy>0</posy>
              <height>30</height>
              <width>123</width>
              <align>left</align>
              <label>[B]$INFO[Player.Time][/B]</label>
              <font>size26</font>
              <textcolor>Grey2</textcolor>
            </control>
            <control type="progress" description="Progress Bar">
              <posx>357</posx>
              <posy>11</posy>
              <width>675</width>
              <height>13</height>
              <texturebg border="6,6,6,6">MusicOSD/ProgressBG.png</texturebg>
              <midtexture border="6,0,6,0">MusicOSD/ProgressM.png</midtexture>
              <righttexture border="0,6,0,6">MusicOSD/ProgressR.png</righttexture>
              <lefttexture border="0,6,0,6">MusicOSD/ProgressL.png</lefttexture>
              <overlaytexture>-</overlaytexture>
              <info>Player.Progress</info>
              <visible>true</visible>
            </control>
            <control type="label">
              <posx>1166</posx>
              <posy>0</posy>
              <height>30</height>
              <width>123</width>
              <align>right</align>
              <label>[B]$INFO[Player.TimeRemaining,-][/B]</label>
              <font>size26</font>
              <textcolor>Grey2</textcolor>
            </control>
            <control type="label">
              <posx>777</posx>
              <posy>45</posy>
              <height>30</height>
              <width>135</width>
              <align>left</align>
              <label>$INFO[Control.GetLabel(23)]</label>
              <font>size26</font>
              <textcolor>Red</textcolor>
              <visible>Skin.HasSetting(DebugInfo)</visible>
            </control>
          </control>
        </control>
      </control>
    </control>
    <control type="group" id="0">
      <posx>0</posx>
      <posy>0</posy>
      <visible>Player.ShowCodec</visible>
      <animation effect="fade" time="200">VisibleChange</animation>
      <control type="image" description="Info Background">
        <posx>0</posx>
        <posy>0</posy>
        <width>1920</width>
        <height>60</height>
        <texture>images/black.png</texture>
      </control>
      <control type="label" description="row 1 sys label">
        <posx>45</posx>
        <posy>0</posy>
        <width>1770</width>
        <height>60</height>
        <align>left</align>
        <aligny>center</aligny>
        <font>size26</font>
        <label>[UPPERCASE]$INFO[musicplayer.Codec][/UPPERCASE] $INFO[musicplayer.Bitrate, @ ,kbps]$INFO[musicplayer.bitspersample, · ,bit]$INFO[musicplayer.Samplerate, · ,kHz]$INFO[musicplayer.Channels, · , $LOCALIZE[21444]]</label>
      </control>
      <control type="label" description="row 2 sys label">
        <posx>1875</posx>
        <posy>0</posy>
        <width>1770</width>
        <height>60</height>
        <align>right</align>
        <aligny>center</aligny>
        <font>size26</font>
        <label>$INFO[Visualisation.Preset,, @ ]$INFO[Visualisation.Name]</label>
      </control>
    </control>
    <control type="group">
      <posy>40</posy>
      <visible>IntegerGreaterThan(Control.GetLabel(23),95) | !IntegerGreaterThan(Control.GetLabel(23),5)</visible>
      <animation effect="fade" start="0" end="100" time="1000" tween="Elastic" easing="inout">VisibleChange</animation>
      <control type="group">
        <posx>40</posx>
        <control type="label" description="Previous">
          <height>36</height>
          <width>750</width>
          <label>$LOCALIZE[210]</label>
          <font>size24</font>
          <textcolor>Grey</textcolor>
          <shadowcolor>Black</shadowcolor>
        </control>
        <control type="label" description="Previous">
          <posx>30</posx>
          <posy>34</posy>
          <height>36</height>
          <width>750</width>
          <label>$INFO[MusicPlayer.offset(-1).Title]</label>
          <font>size33</font>
          <textcolor>Grey3</textcolor>
          <shadowcolor>Black</shadowcolor>
        </control>
      </control>
      <control type="group">
        <posx>1880</posx>
        <control type="label" description="Next">
          <height>36</height>
          <width>750</width>
          <align>right</align>
          <label>$LOCALIZE[209]</label>
          <font>size24</font>
          <textcolor>Grey</textcolor>
          <shadowcolor>Black</shadowcolor>
        </control>
        <control type="label" description="Next">
          <posx>70r</posx>
          <posy>34</posy>
          <height>36</height>
          <width>750</width>
          <align>right</align>
          <label>$INFO[MusicPlayer.offset(1).Title]</label>
          <font>size33</font>
          <textcolor>Grey3</textcolor>
          <shadowcolor>Black</shadowcolor>
        </control>
      </control>
    </control>-->
  </controls>
</window>
