﻿<?xml version="1.0" encoding="UTF-8"?>
<window id="2002">
  <include condition="Skin.HasSetting(Performance) + !Player.HasVideo">Performance1</include>
  <type>dialog</type>
  <defaultcontrol always="true">10</defaultcontrol>
  <allowoverlay>no</allowoverlay>
  <!--<onload condition="[Window.IsVisible(Startup.xml) + !Skin.HasSetting(refreshrunnings)]">AlarmClock(close,Dialog.Close(okdialog),0,silent)</onload>-->
  <!--<onload condition="!Skin.HasSetting(refreshrunnings) + !Window.Previous(DialogSelect.xml) + [Window.IsVisible(0) | Window.IsVisible(MyVideoNav.xml)] + [System.Platform.Windows | Skin.HasSetting(Connected)] + [[!IsEmpty(ListItem.TVShowTitle) + !IsEmpty(ListItem.Episode)] | [!IsEmpty(ListItem.Title) + !IsEmpty(ListItem.Year)] | Skin.String(DialogSelectSources3)]">Notification(1,1,1000)</onload>-->
  <!--<onload condition="Skin.HasSetting(AutoPlayPlus) + Skin.String(DialogSelectSources3) + [Skin.String(ConnectionStatus2,5) | [Skin.HasSetting(AutoPlaySD) + Skin.String(ConnectionStatus2,4)] + Skin.HasSetting(Admin) + !Skin.HasSetting(refreshrunnings)">Notification(Admin: refresh,-loading,1000)</onload>
  <onload condition="Skin.HasSetting(AutoPlayPlus) + Skin.String(DialogSelectSources3) + [Skin.String(ConnectionStatus2,5) | [Skin.HasSetting(AutoPlaySD) + Skin.String(ConnectionStatus2,4)] + !Skin.HasSetting(refreshrunnings)">RunScript(script.htpt.refresh)</onload>-->
  <onunload condition="Skin.String(CustomVAR)">Skin.SetString(CustomVAR,)</onunload>
  <onload condition="Window.IsVisible(Startup.xml) + SubString(Control.GetLabel(1),IsraeLIVE)">Dialog.Close(okdialog)</onload>
  <controls>
    <include>BottomMenuDialogOk</include>
  </controls>
</window>