<?xml version='1.0' encoding='UTF-8' standalone='yes'?>
<addon id="skin.htpt" version="0.1.34" name="HTPT SYSTEM" provider-name="finalmakerr">
  <requires>
    <import addon="xbmc.gui" version="5.3.0"/>
	<!--<import addon="xbmc.python" version="2.1.0"/>-->
	<!--<import addon="script.module.simplejson" version="2.0.10" />-->
	<import addon="script.htpt.install" version="0.0.9"/>
	<import addon="service.htpt" version="0.1.9"/>
	<import addon="service.htpt.debug" version="0.1.9"/>
	<import addon="service.htpt.fix" version="0.0.7"/>
	<import addon="script.htpt.smartbuttons" version="0.0.4"/>
	<import addon="script.htpt.refresh" version="0.1.13"/>
	<import addon="script.htpt.remote" version="0.1.1"/>
	<import addon="script.htpt.widgets" version="0.1.0"/>
	<!--<import addon="script.htpt.emu" version="0.0.1"/>-->
	
	<import addon="script.favourites" version="3.2.5"/>
	<!--<import addon="metadata.universal" version="2.6.3"/>-->
	
	
  </requires>
  <extension point="xbmc.gui.skin" effectslowdown="1.0" debugging="false">
    <res width="1920" height="1080" aspect="16:9" default="true" folder="1080i"/>
  </extension>
  <extension point="xbmc.addon.metadata">
    <language>he en</language>
	<platform>all</platform>
	<summary lang="en">Skin with a brain</summary>
	<summary lang="he">מעטפת חכמה</summary>
    <description lang="en">HTPT Skin include support unique addons which make it smarter. HTPT use dynamic AI which is effected by the user actions and hardware.</description>
	<description lang="he">מעטפת HTPT תומכת בהרחבות ייחודיות אשר הופכות אותה לחכמה במיוחד.[CR]ה-HTPT מכיל בינה מלאכותית המושפעת מפעולת המשתמש וסוג החומרה.</description>
    <disclaimer>YOU MAY ALSO REFER TO HTPT INSTALLER ADDON</disclaimer>
	<email>infohtpt@gmail.com</email>
	<forum>http://www.hometheater.co.il/vp2318721#2318721</forum>
	<source>https://github.com/htpthtpt/htpt/tree/master/skin.htpt</source>
	<website>https://www.facebook.com/pages/HTPT/934744346549707</website>
  </extension>
</addon>