<?xml version="1.0" encoding="UTF-8"?>
<includes> 
  <include name="LiveTVChannelView" description="TV Channels group">
  <control type="group">
    <visible>Control.IsVisible(11)</visible>
    <include>Fade4</include>
	<include>Backgrounds3</include>
	<include>ScrollBar</include>	
    <control type="group">      
		<control type="panel" id="11">
	   	  <include condition="!Skin.HasSetting(Performance)">Slide1</include>
		  <include condition="Skin.HasSetting(Performance)">Slide1p</include>
		  <include condition="!Skin.HasSetting(Performance)">Slide2</include>
		  <include condition="Skin.HasSetting(Performance)">Slide2p</include>  
          <posx>20</posx>
          <posy>20</posy>
          <width>1880</width>
          <height>1060</height>
		  <include>4ways</include>
          <viewtype label="535">List</viewtype>	  
		  <itemlayout height="100" width="960">
			<control type="image" description="מסגרת">
			  <include>Fade_MenuButtonsOverlay</include>
              <posx>500</posx>
              <posy>20</posy>
              <width>880</width>
              <height>100</height>
              <texture border="30">buttons/ButtonE2.png</texture>
            </control>
			<control type="group" description="תמונה">
				<height>60</height>		
				<posx>530</posx>
				<posy>40</posy>	      
				<width>40</width>
				<control type="image" description="">
				  <texture background="true">$INFO[ListItem.Icon]</texture>
				</control>
			</control>
			<control type="group" description="סמן פרטי וידאו">
				<height>60</height>		
				<posx>1310</posx>
				<posy>40</posy>	      
				<width>40</width>
				<visible>!IsEmpty(ListItem.Plot)</visible>
				<control type="image" description="">
				  <aspectratio>keep</aspectratio>
				  <texture background="true">icons/info.png</texture>
				</control>
			</control> 				
			<control type="label" description="שם הערוץ">
              <include>LabelR3</include>
			  <posx>900</posx>
              <posy>32</posy>
              <width>400</width>
              <height>70</height>
			  <label>$INFO[ListItem.Label]</label>
			  <visible>!IsEmpty(ListItem.Label)</visible>
            </control>
			<control type="label" description="משודר עכשיו">
			  <textcolor>Grey2</textcolor>
			  <include>LabelL4</include>
			  <posx>590</posx>
			  <posy>30</posy>
			  <width>270</width>
			  <height>70</height>
			  <label>$INFO[ListItem.Title]</label>
			  <visible>!IsEmpty(ListItem.Title)</visible>
			</control>
			<control type="label" description="מס.הערוץ">
			  <include>LabelR1</include>
			  <posx>432</posx>
              <posy>47</posy>
              <width>70</width>
              <height>70</height>
			  <info>ListItem.ChannelNumber</info>
            </control>				
			<!--<include>statusbiglist</include>-->
			<include>PVRprogress</include>
		  </itemlayout>
          <focusedlayout height="100" width="960">    
			<control type="image" description="מסגרת"> 
			  <height>100</height>
			  <posx>500</posx>
              <posy>20</posy>
              <width>880</width>
              <texture border="30">buttons/ButtonE.png</texture>
            </control>
			<control type="group" id="730" description="תמונה">
		      <height>60</height>		
			  <posx>530</posx>
			  <posy>40</posy>	      
			  <width>40</width>
			  <control type="image" description="">
			    <texture background="true">$INFO[ListItem.Icon]</texture>
			  </control>
			</control>
			<control type="group" description="סמן פרטי וידאו">
				<height>60</height>		
				<posx>1310</posx>
				<posy>40</posy>	      
				<width>40</width>
				<visible>!IsEmpty(ListItem.Plot) | !IsEmpty(ListItem.Property(Addon.Description))</visible>
				<control type="image" description="">
				  <aspectratio>keep</aspectratio>
				  <texture>icons/info.png</texture>
				</control>
			</control> 		
			<control type="label" description="שם הערוץ">
              <textcolor>Yellow</textcolor>
			  <include>LabelR3</include>
			  <scroll>true</scroll>
			  <scrollspeed>30</scrollspeed>
			  <scrollsuffix>   |   </scrollsuffix>
			  <posx>900</posx>
              <posy>32</posy>
              <width>400</width>
              <height>70</height>
			  <scroll>true</scroll>
			  <label>$INFO[ListItem.Label]</label>
			  <visible>!IsEmpty(ListItem.Label)</visible>
            </control>
			<control type="label" description="משודר עכשיו">
			  <include>LabelL4</include>
			  <textcolor>Yellow</textcolor>
			  <posx>590</posx>
              <posy>30</posy>
              <width>270</width>
              <height>70</height>
			  <label>$INFO[ListItem.Title]</label>
			  <visible>!IsEmpty(ListItem.Title)</visible>
			  <visible description="מידע קיים בגדול בצד ימין">true</visible>
            </control>
			<control type="label" description="מס.הערוץ">
			  <textcolor>Yellow</textcolor>
			  <include>LabelR1</include>
			  <posx>432</posx>
              <posy>47</posy>
              <width>70</width>
              <height>70</height>
			  <info>ListItem.ChannelNumber</info>
            </control>
			<include>PVRprogress</include>
			<!--<include>statusbiglist</include>-->					
          </focusedlayout>        		
        </control>
	</control>
  </control>
  </include> 
  <include name="LiveTVRecordingsView" description="הקלטת טלוויזיה">>
  <control type="group">
    <visible>Control.IsVisible(13)</visible>
    <include>Fade4</include>
	<include>Backgrounds3</include>
	<include>ScrollBar</include>
    <control type="group">
		<control type="panel" id="13">
	   	  <include condition="!Skin.HasSetting(Performance)">Slide1</include>
		  <include condition="Skin.HasSetting(Performance)">Slide1p</include>
		  <include condition="!Skin.HasSetting(Performance)">Slide2</include>
		  <include condition="Skin.HasSetting(Performance)">Slide2p</include>  
          <posx>20</posx>
          <posy>20</posy>
          <width>1880</width>
          <height>1060</height>
		  <include>4ways</include>
          <viewtype label="535">List</viewtype>	  
		  <itemlayout height="100" width="960">
			<control type="image" description="מסגרת">
              <posx>500</posx>
              <posy>20</posy>
              <width>880</width>
              <height>100</height>
              <texture border="30">buttons/ButtonE2.png</texture>
            </control>
			<control type="group" description="תמונה">
				<height>60</height>		
				<posx>530</posx>
				<posy>40</posy>	      
				<width>40</width>
				<control type="image" description="">
				  <texture background="true">$INFO[ListItem.Icon]</texture>
				</control>
			</control>
			<control type="group" description="סמן פרטי וידאו">
				<height>60</height>		
				<posx>1310</posx>
				<posy>40</posy>	      
				<width>40</width>
				<visible>!IsEmpty(ListItem.Plot)</visible>
				<control type="image" description="">
				  <aspectratio>keep</aspectratio>
				  <texture background="true">icons/info.png</texture>
				</control>
			</control> 				
			<control type="label" description="שם">
              <include>LabelC3</include>
			  <posx>940</posx>
              <posy>32</posy>
              <width>690</width>
              <height>70</height>
			  <label>$INFO[ListItem.Label]</label>
			  <visible>!IsEmpty(ListItem.Label)</visible>
            </control>
			<control type="label" description="שם 2">
			  <textcolor>Grey</textcolor>
			  <align>right</align>
			  <include>LabelC4</include>
			  <posx>1340</posx>
			  <posy>64</posy>
			  <width>500</width>
			  <height>70</height>
			  <label>$INFO[ListItem.Title]</label>
			  <visible>!IsEmpty(ListItem.Title)</visible>
			</control>
            <control type="label" description="Label2">
             <posx>45</posx>
			  <posx>128</posx>
			   <posy>63</posy>
			  <height>33</height>
			  <width>350</width>
			  <font>size27</font>
			  <textcolor>Grey</textcolor>
			  <scroll>false</scroll>
              <label>$INFO[ListItem.Date]</label>
            </control>			
			<control type="label" description="מס.הערוץ">
			  <align>right</align>
			  <include>LabelC3</include>
			  <posx>500</posx>
              <posy>32</posy>
              <width>70</width>
              <height>70</height>
			  <info>ListItem.ChannelNumber</info>
            </control>				
			<control type="image" description="סמן נצפה">
			  <aspectratio align="left">stretch</aspectratio>			  
			  <height>60</height>
			  <posx>522</posx>
			  <posy>39</posy>
			  <texture>$VAR[Overlay]</texture>
			  <width>60</width>
			</control>
			<include>PVRprogress</include>
		  </itemlayout>
          <focusedlayout height="100" width="960">    
			<control type="image" description="מסגרת"> 
			  <height>100</height>
			  <posx>500</posx>
              <posy>20</posy>
              <width>880</width>
              <texture border="30">buttons/ButtonE.png</texture>
            </control>
			<control type="group" id="730" description="תמונה">
		      <height>60</height>		
			  <posx>530</posx>
			  <posy>40</posy>	      
			  <width>40</width>
			  <control type="image" description="">
			    <texture background="true">$INFO[ListItem.Icon]</texture>
			  </control>
			</control>
			<control type="group" description="סמן פרטי וידאו">
				<height>60</height>		
				<posx>1310</posx>
				<posy>40</posy>	      
				<width>40</width>
				<visible>!IsEmpty(ListItem.Plot) | !IsEmpty(ListItem.Property(Addon.Description))</visible>
				<control type="image" description="">
				  <aspectratio>keep</aspectratio>
				  <texture>icons/info.png</texture>
				</control>
			</control> 		
			<control type="label" description="שם">
              <textcolor>Yellow</textcolor>
			  <include>LabelC3</include>
			  <posx>940</posx>
              <posy>32</posy>
              <width>700</width>
              <height>70</height>
			  <scroll>true</scroll>
			  <label>$INFO[ListItem.Label]</label>
			  <visible>!IsEmpty(ListItem.Label)</visible>
            </control>
			<control type="label" description="שם 2">
			  <align>right</align>
			  <include>LabelC4</include>
			  <posx>1340</posx>
              <posy>64</posy>
              <width>500</width>
              <height>70</height>
			  <label>$INFO[ListItem.Title]</label>
			  <visible>!IsEmpty(ListItem.Title)</visible>
            </control>	
			<control type="label" description="מס.הערוץ">
			  <textcolor>Yellow</textcolor>
			  <align>right</align>
			  <include>LabelC3</include>
			  <posx>500</posx>
              <posy>32</posy>
              <width>70</width>
              <height>70</height>
			  <info>ListItem.ChannelNumber</info>
            </control>
			<include>PVRprogress</include>
			<!--<include>statusbiglist</include>-->					
          </focusedlayout>        		
        </control>
	</control>
  </control>
  </include>
  <include name="EPGTimelineView" description="מדריך טלוויזיה (10)">
    <control type="group">
      <visible>Control.IsVisible(10)</visible>
      <include>Fade4</include>
	  <include>Backgrounds3</include>
	  <control type="group">
	    <include condition="!Skin.HasSetting(Performance)">Slide1</include>
	    <include condition="Skin.HasSetting(Performance)">Slide1p</include>
	    <include condition="!Skin.HasSetting(Performance)">Slide2</include>
	    <include condition="Skin.HasSetting(Performance)">Slide2p</include>
		<control type="image" description="טבלה - ראשי">
		  <posx>10</posx>
		  <posy>33</posy>
		  <width>1900</width>
		  <height>1040</height>
		  <!--<texture>timelineback.png</texture>-->
		  <texture border="40">buttons/ButtonE2.png</texture>
		</control>
		<control type="image" description="טבלה - כותרת">
		  <animation condition="true" effect="rotate" center="960,70" end="180">Conditional</animation>
		  <animation condition="true" effect="fade" start="70" end="70" time="0">Conditional</animation>
		  <posx>10</posx>
		  <posy>30</posy>
		  <width>1900</width>
		  <height>80</height>
		  <!--<texture>timelineback.png</texture>-->
		  <texture border="40">buttons/ButtonC.png</texture>
		</control>
		<control type="image" description="טבלה - קו 1">
		  <!--<animation condition="true" effect="rotate" center="960,70" end="180">Conditional</animation>
		  <animation condition="true" effect="fade" start="70" end="70" time="0">Conditional</animation>-->
		  <posx>400</posx>
		  <posy>30</posy>
		  <width>10</width>
		  <height>1040</height>
		  <!--<texture>timelineback.png</texture>-->
		  <texture>images/LineV.png</texture>
		</control>		
		<control type="epggrid" id="10">
		  <viewtype label="19032">list</viewtype>
		  <posx>30</posx>
		  <posy>60</posy>
		  <width>1860</width>
		  <height>1000</height>
		  <pagecontrol>10</pagecontrol>
		  <scrolltime>0</scrolltime>
		  <!--<progresstexture description="A texture which indicates the current progress time" colordiffuse="BBBBBBBB" border="5">buttons/Dialog.png</progresstexture>-->
		  <progresstexture description="A texture which indicates the current progress time" colordiffuse="BBBBBBBB" border="5">progress/ProgressBG.png</progresstexture>
		  <timeblocks description="The number of timeframes on the top row.">20</timeblocks>
		  <rulerunit description="Timeframe of each unit on the top row. 1 unit equals 5 minutes.">6</rulerunit>
		  <include>4ways</include>
		  <!--<onleft>31</onleft>
		  <onright>31</onright>
		  <onup>10</onup>
		  <ondown>10</ondown>-->
		  <rulerlayout height="50" width="40" description="The layout of the top row.">
			<control type="label" id="2">
			  <posx>10</posx>
			  <width>34</width>
			  <height>29</height>
			  <font>size34</font>
			  <aligny>center</aligny>
			  <selectedcolor>Yellow</selectedcolor>
			  <align>left</align>
			  <label>$INFO[ListItem.Label]</label>
			</control>
		  </rulerlayout>
		  <channellayout height="52" width="380" description="טור-ערוץ">
			<animation effect="fade" start="110" time="200">UnFocus</animation>
			<control type="image" description="כפתור">
			  <posx>-10</posx>
			  <posy>51</posy>
			  <width>370</width>
			  <height>52</height>
			  <!--<texture border="20">pvr/pvrbuttonFO.png</texture>-->
			  <texture border="7">buttons/ButtonE2.png</texture>
			  <!--<colordiffuse>FF777777</colordiffuse>-->
			  <visible>false</visible>
			</control>
			<control type="label" description="מספר הערוץ">
			  <posx>5</posx>
			  <posy>51</posy>
			  <width>40</width>
			  <height>52</height>
			  <font>size18</font>
			  <align>left</align>
			  <aligny>center</aligny>
			  <textcolor>Grey2</textcolor>
			  <selectedcolor>Yellow</selectedcolor>
			  <info>ListItem.ChannelNumber</info>
			</control>
			<control type="image" description="כפתור">
			  <posx>50</posx>
			  <posy>58</posy>
			  <width>40</width>
			  <height>40</height>
			  <info>ListItem.Icon</info>
			</control>
			<control type="label" id="1" description="שם הערוץ">
			  <posx>100</posx>
			  <posy>51</posy>
			  <width>260</width>
			  <height>52</height>
			  <font>size20</font>
			  <aligny>center</aligny>
			  <selectedcolor>Yellow</selectedcolor>
			  <align>left</align>
			  <label>$INFO[ListItem.ChannelName]</label>
			</control>
		  </channellayout>
		  <focusedchannellayout height="52" width="380" description="טור-ערוץ">
			<animation effect="fade" start="110" time="200">OnFocus</animation>
			<control type="image" id="1" description="כפתור">
			  <posx>25</posx>
			  <posy>49</posy>
			  <width>355</width>
			  <height>60</height>
			  <!--<texture border="20">pvr/pvrbuttonFO.png</texture>-->
			  <texture border="32">buttons/Button2E.png</texture>
			  <!--<colordiffuse>FF777777</colordiffuse>-->
			</control>
			<control type="label" description="מספר הערוץ">
			  <posx>5</posx>
			  <posy>51</posy>
			  <width>40</width>
			  <height>52</height>
			  <font>size18</font>
			  <align>left</align>
			  <aligny>center</aligny>
			  <textcolor>Yellow</textcolor>
			  <selectedcolor>Yellow</selectedcolor>
			  <info>ListItem.ChannelNumber</info>
			</control>
			<control type="image" description="כפתור">
			  <posx>50</posx>
			  <posy>58</posy>
			  <width>40</width>
			  <height>40</height>
			  <info>ListItem.Icon</info>
			</control>
			<control type="label" id="1" description="שם הערוץ">
			  <posx>100</posx>
			  <posy>51</posy>
			  <width>260</width>
			  <height>52</height>
			  <font>size20</font>
			  <aligny>center</aligny>
			  <textcolor>Yellow</textcolor>
			  <selectedcolor>Yellow</selectedcolor>
			  <align>left</align>
			  <label>$INFO[ListItem.ChannelName]</label>
			  <scrollsuffix>   |   </scrollsuffix>
			</control>
		  </focusedchannellayout>
		  <itemlayout height="52" width="40" description="טור - שידורים">
			<control type="image" id="2" description="כפתור">
			  <posy>49</posy>
			  <width>40</width>
			  <height>60</height>
			  <aspectratio>stretch</aspectratio>
			  <!--<texture border="3">epg/$INFO[ListItem.Property(GenreType)].png</texture>-->
			  <!--<texture border="20">pvr/pvrbutton.png</texture>-->
			  <!--<texture border="0">buttons/ButtonE4.png</texture>-->
			  <texture border="32">buttons/Button2F.png</texture>
			  <!--<colordiffuse>CCFFFFFF</colordiffuse>-->
			</control>
			<control type="image" id="2" description="כפתור מידע">
			  <posy>49</posy>
			  <width>40</width>
			  <height>60</height>
			  <aspectratio>stretch</aspectratio>
			  <!--<texture border="3">epg/$INFO[ListItem.Property(GenreType)].png</texture>-->
			  <!--<texture border="20">pvr/pvrbutton.png</texture>-->
			  <!--<texture border="0">buttons/ButtonE4.png</texture>-->
			  <texture border="32">buttons/Button2E4.png</texture>
			  <visible>!IsEmpty(ListItem.Plot)</visible>
			  <!--<colordiffuse>CCFFFFFF</colordiffuse>-->
			</control>
			<control type="label" id="1" description="שם התוכנית">
			  <posx>15</posx>
			  <posy>51</posy>
			  <width>0</width>
			  <height>52</height>
			  <font>size20</font>
			  <aligny>center</aligny>
			  <selectedcolor>Yellow</selectedcolor>
			  <align>left</align>
			  <info>ListItem.Label</info>
			</control>
			<control type="image" description="מקליט">
			  <posx>17</posx>
			  <posy>85</posy>
			  <width>25</width>
			  <height>25</height>
			  <texture>pvr/rec.png</texture>
			  <visible>ListItem.IsRecording</visible>
			</control>
			<control type="image" description="תזמון הקלטה">
			  <posx>17</posx>
			  <posy>85</posy>
			  <width>25</width>
			  <height>25</height>
			  <texture>pvr/timer.png</texture>
			  <visible>ListItem.HasTimer + !ListItem.IsRecording</visible>
			</control>
		  </itemlayout>
		  <focusedlayout height="52" width="40">
			<control type="image" id="14" description="כפתור">
			  <posy>49</posy>
			  <width>40</width>
			  <height>60</height>
			  <aspectratio>stretch</aspectratio>
			  <texture border="32">buttons/Button2E.png</texture>
			</control>
			<control type="image" id="2" description="סגנון (WIP)">
			  <width>40</width>
			  <height>52</height>
			  <posx>0</posx>
			  <posy>51</posy>
			  <aspectratio>keep</aspectratio>
			  <texture>badges/genre/Action.png</texture>
			  <texture border="3">badges/genre/$INFO[ListItem.Property(GenreType)].png</texture>
			  <visible>false</visible>
			</control>
			<control type="label" id="1" description="שם התוכנית">
			  <posx>15</posx>
			  <posy>51</posy>
			  <width>0</width>
			  <height>52</height>
			  <font>size20</font>
			  <aligny>center</aligny>
			  <textcolor>Yellow</textcolor>
			  <selectedcolor>Yellow</selectedcolor>
			  <align>left</align>
			  <info>ListItem.Label</info>
			</control>
			<control type="image" description="מקליט">
			  <posx>17</posx>
			  <posy>85</posy>
			  <width>25</width>
			  <height>25</height>
			  <texture>pvr/rec.png</texture>
			  <visible>ListItem.IsRecording</visible>
			</control>
			<control type="image" description="תזמון הקלטה">
			  <posx>17</posx>
			  <posy>85</posy>
			  <width>25</width>
			  <height>25</height>
			  <texture>pvr/timer.png</texture>
			  <visible>ListItem.HasTimer + !ListItem.IsRecording</visible>
			</control>
		  </focusedlayout>
		</control>
	  </control>
    </control>
  </include> 
  <include name="LiveTVTimersView" description="מדריך טלוויזיה (14)">
  <control type="group">
    <description>Timers group</description>
    <visible>Control.IsVisible(14)</visible>
    <include>Fade4</include>
    <control type="group">
      <posx>80</posx>
      <posy>80</posy>
      <control type="grouplist">
        <orientation>horizontal</orientation>
        <posx>0</posx>
        <posy>20</posy>
        <width>1760</width>
        <height>40</height>
        <align>center</align>
        <itemgap>20</itemgap>
        <control type="label">
          <description>Channel header label</description>
          <width>340</width>
          <height>40</height>
          <font>Size26_title</font>
          <align>left</align>
          <aligny>center</aligny>
          <label>19029</label>
        </control>
        <control type="label">
          <description>Date header label</description>
          <width>540</width>
          <height>40</height>
          <font>Size26_title</font>
          <align>center</align>
          <aligny>center</aligny>
          <label>552</label>
        </control>
        <control type="label">
          <description>Title header label</description>
          <width>440</width>
          <height>40</height>
          <font>Size26_title</font>
          <align>center</align>
          <aligny>center</aligny>
          <label>369</label>
        </control>
        <control type="label">
          <description>Status header label</description>
          <width>280</width>
          <height>40</height>
          <font>Size26_title</font>
          <align>right</align>
          <aligny>center</aligny>
          <label>126</label>
        </control>
      </control>
      <control type="list" id="14">
        <posx>0</posx>
        <posy>60</posy>
        <width>1760</width>
        <height>480</height>
        <onup>11</onup>
        <ondown>11</ondown>
        <onleft>9000</onleft>
        <onright>60</onright>
        <pagecontrol>70</pagecontrol>
        <itemlayout height="40">
          <control type="image">
            <width>1760</width>
            <height>40</height>
            <texture border="5">pstvButtonNoFocus.png</texture>
            <colordiffuse>90FFFFFF</colordiffuse>
          </control>
          <control type="label">
            <posx>40</posx>
            <width>340</width>
            <height>40</height>
            <font>Size26</font>
            <align>left</align>
            <aligny>center</aligny>
            <textcolor>Grey</textcolor>
            <selectedcolor>Yellow</selectedcolor>
            <info>ListItem.ChannelName</info>
          </control>
          <control type="label">
            <posx>640</posx>
            <width>480</width>
            <height>40</height>
            <font>Size26</font>
            <align>center</align>
            <aligny>center</aligny>
            <textcolor>Grey</textcolor>
            <selectedcolor>Yellow</selectedcolor>
            <info>ListItem.Date</info>
          </control>
          <control type="label">
            <posx>1140</posx>
            <width>440</width>
            <height>40</height>
            <font>Size26</font>
            <align>left</align>
            <aligny>center</aligny>
            <textcolor>Grey</textcolor>
            <selectedcolor>Yellow</selectedcolor>
            <info>ListItem.label</info>
          </control>
          <control type="label">
            <posx>1720</posx>
            <width>280</width>
            <height>40</height>
            <font>Size26</font>
            <align>right</align>
            <aligny>center</aligny>
            <textcolor>Grey</textcolor>
            <selectedcolor>Yellow</selectedcolor>
            <info>ListItem.Comment</info>
          </control>
        </itemlayout>
        <focusedlayout height="120">
          <control type="image">
            <width>1760</width>
            <height>120</height>
            <texture border="5">pstvButtonFocus.png</texture>
            <colordiffuse>90777777</colordiffuse>
          </control>
          <control type="label">
            <posx>40</posx>
            <width>340</width>
            <height>40</height>
            <font>Size26</font>
            <align>left</align>
            <aligny>center</aligny>
            <textcolor>Grey</textcolor>
            <selectedcolor>Yellow</selectedcolor>
            <info>ListItem.ChannelName</info>
          </control>
          <control type="label">
            <posx>640</posx>
            <width>480</width>
            <height>40</height>
            <font>Size26</font>
            <align>center</align>
            <aligny>center</aligny>
            <textcolor>Grey</textcolor>
            <selectedcolor>Yellow</selectedcolor>
            <info>ListItem.Date</info>
          </control>
          <control type="label">
            <posx>1140</posx>
            <width>440</width>
            <height>40</height>
            <font>Size26</font>
            <align>left</align>
            <aligny>center</aligny>
            <textcolor>Grey</textcolor>
            <selectedcolor>Yellow</selectedcolor>
            <info>ListItem.label</info>
          </control>
          <control type="label">
            <posx>1720</posx>
            <width>280</width>
            <height>40</height>
            <font>Size26</font>
            <align>right</align>
            <aligny>center</aligny>
            <textcolor>Grey</textcolor>
            <selectedcolor>Yellow</selectedcolor>
            <info>ListItem.Comment</info>
          </control>
          <control type="textbox">
            <description>Plot Value for TVShow</description>
            <posx>60</posx>
            <posy>40</posy>
            <width>1600</width>
            <height>70</height>
            <font>font12</font>
            <align>justify</align>
            <textcolor>White</textcolor>
            <label>$INFO[ListItem.Plot]</label>
          </control>
        </focusedlayout>
      </control>
      <control type="scrollbar" id="60">
        <posx>1900</posx>
        <posy>0</posy>
        <width>8</width>
        <height>480</height>
        <onleft>11</onleft>
        <onright>35</onright>
        <showonepage>false</showonepage>
        <orientation>vertical</orientation>
      </control>
    </control>
    <control type="label">
      <description>Next timer date</description>
      <posx>210</posx>
      <posy>1000</posy>
      <width>1500</width>
      <height>60</height>
      <align>center</align>
      <aligny>center</aligny>
      <label>$INFO[PVR.NextTimer]</label>
      <visible>PVR.HasTimer</visible>
    </control>
    <control type="label">
      <description>Page Count Label</description>
      <posx>40r</posx>
      <posy>53r</posy>
      <width>500</width>
      <height>20</height>
      <font>font12</font>
      <textcolor>Grey</textcolor>
      <scroll>false</scroll>
      <align>right</align>
      <aligny>center</aligny>
      <label>$LOCALIZE[31000] ([COLOR=White]$INFO[Container(14).CurrentPage]/$INFO[Container(14).NumPages][/COLOR])</label>
    </control>
  </control>
  </include> 
  <include name="LiveTVSearchView">
  <control type="group">
    <description>TV Search group</description>
    <visible>Control.IsVisible(17)</visible>
    <include>Fade4</include>
    <control type="group">
      <posx>1020</posx>
      <posy>131</posy>
      <control type="fixedlist" id="17">
        <width>802</width>
        <height>888</height>
        <onleft>9000</onleft>
        <onright condition="Skin.HasSetting(Scrollbars_Active)">60</onright>
        <onright condition="!Skin.HasSetting(Scrollbars_Active)">-</onright>
        <onup>50</onup>
        <ondown>50</ondown>
        <pagecontrol>60</pagecontrol>
        <viewtype label="535">list</viewtype>
        <focusposition>3</focusposition>
        <movement>4</movement>
        <preloaditems>4</preloaditems>
        <scrolltime>250</scrolltime>
        <itemlayout  width="802" height="111">
          <control type="label" description="Main Label">
            <posx>45</posx>
            <width>630</width>
			<posx>128</posx>
			<posy>12</posy>
			<height>50</height>
			<width>720</width>
			<textcolor>White</textcolor>
			<aligny>center</aligny>
			<font>size36</font>
			<scroll>false</scroll>
            <label>$INFO[ListItem.label]</label>
          </control>
          <control type="label" description="Label2">
            <posx>45</posx>
            <width>720</width>
			<posx>128</posx>
			<posy>63</posy>
			<height>33</height>
			<width>350</width>
			<font>size27</font>
			<textcolor>Grey</textcolor>
			<scroll>false</scroll>
            <label>[B]$INFO[ListItem.ChannelName][/B] - $INFO[ListItem.Date]</label>
          </control>
          <include>statusbiglist</include>
		</itemlayout>
        <focusedlayout width="802" height="111">
          <control type="label" description="Main Label">
            <posx>45</posx>
            <width>630</width>
			<posx>128</posx>
			<posy>12</posy>
			<height>50</height>
			<width>720</width>
			<textcolor>White</textcolor>
			<aligny>center</aligny>
			<font>size36</font>
			<scroll>false</scroll>
            <label>$INFO[ListItem.label]</label>
          </control>
          <control type="label" description="Label2">
            <posx>45</posx>
            <width>720</width>
			<posx>128</posx>
			<posy>63</posy>
			<height>33</height>
			<width>350</width>
			<font>size27</font>
			<textcolor>Grey</textcolor>
			<scroll>false</scroll>
            <label>[B]$INFO[ListItem.ChannelName][/B] - $INFO[ListItem.Date]</label>
          </control>
          <include>statusbiglist</include> </focusedlayout>
      </control>
      <include>LargeListSlider</include> </control>
    <include>ListFade</include>
    <control type="scrollbar" id="60">
      <posx>39r</posx>
      <posy>135</posy>
      <height>870</height>
      <onleft>11</onleft>
      <onright>noop</onright>
    </control>
    <control type="label">
      <description>Page Count Label</description>
      <posx>40r</posx>
      <posy>53r</posy>
      <width>500</width>
      <height>20</height>
      <font>font12</font>
      <textcolor>Grey</textcolor>
      <scroll>false</scroll>
      <align>right</align>
      <aligny>center</aligny>
      <label>$LOCALIZE[31000] ([COLOR=White]$INFO[Container(17).CurrentPage]/$INFO[Container(17).NumPages][/COLOR])</label>
    </control>
  </control>
  </include> 
  <include name="LiveTVGuideChannelView" description="מדריך טלוויזיה (13) - broken">
  <control type="group">
    <description>TV Guide Channel</description>
    <visible>Control.IsVisible(13)</visible>
	<visible>false</visible>
	<viewtype label="19029">list</viewtype>
    <include>Fade4</include>
    <control type="group">
      <posx>80</posx>
      <posy>520</posy>
      <control type="label">
        <description>Date Time label</description>
        <posx>0</posx>
        <posy>20</posy>
        <width>300</width>
        <height>20</height>
        <font>Size26_title</font>
        <textcolor>white</textcolor>
        <shadowcolor>black</shadowcolor>
        <align>center</align>
        <aligny>center</aligny>
        <label>21820</label>
      </control>
      <control type="label">
        <description>Title</description>
        <posx>300</posx>
        <posy>20</posy>
        <width>600</width>
        <height>20</height>
        <font>Size26_title</font>
        <textcolor>white</textcolor>
        <shadowcolor>black</shadowcolor>
        <align>center</align>
        <aligny>center</aligny>
        <label>369</label>
      </control>
      <control type="label">
        <description>Status header label</description>
        <posx>960</posx>
        <posy>20</posy>
        <width>140</width>
        <height>20</height>
        <font>Size26_title</font>
        <textcolor>white</textcolor>
        <shadowcolor>black</shadowcolor>
        <align>center</align>
        <aligny>center</aligny>
        <label>126</label>
      </control>
      <control type="image">
        <description>separator image</description>
        <posx>-480</posx>
        <posy>50</posy>
        <width>2720</width>
        <height>2</height>
        <texture>images/line.png</texture>
      </control>
      <control type="list" id="13">
        <posx>0</posx>
        <posy>60</posy>
        <width>1760</width>
        <height>480</height>
        <onup>15</onup>
        <ondown>15</ondown>
        <onleft>31</onleft>
        <onright>75</onright>
        <pagecontrol>75</pagecontrol>
        <scrolltime>200</scrolltime>
        <itemlayout height="40">
          <control type="image">
            <width>1760</width>
            <height>40</height>
            <texture border="5">pstvButtonNoFocus.png</texture>
          </control>
          <control type="label">
            <posx>120</posx>
            <posy>0</posy>
            <width>400</width>
            <height>40</height>
            <font>font12</font>
            <align>center</align>
            <aligny>center</aligny>
            <textcolor>Grey</textcolor>
            <selectedcolor>Yellow</selectedcolor>
            <info>ListItem.Date</info>
          </control>
          <control type="label">
            <posx>550</posx>
            <posy>0</posy>
            <width>640</width>
            <height>40</height>
            <font>Size26</font>
            <align>left</align>
            <aligny>center</aligny>
            <textcolor>Grey</textcolor>
            <selectedcolor>Yellow</selectedcolor>
            <info>ListItem.Label</info>
          </control>
          <control type="image">
            <posx>970</posx>
            <posy>10</posy>
            <width>30</width>
            <height>20</height>
            <texture>PVR-IsRecording.png</texture>
            <visible>ListItem.IsRecording</visible>
          </control>
          <control type="label">
            <posx>1005</posx>
            <posy>0</posy>
            <width>80</width>
            <height>40</height>
            <font>font10</font>
            <align>left</align>
            <aligny>center</aligny>
            <textcolor>Grey</textcolor>
            <selectedcolor>Yellow</selectedcolor>
            <label>19043</label>
            <visible>ListItem.IsRecording</visible>
          </control>
          <control type="image">
            <posx>970</posx>
            <posy>10</posy>
            <width>20</width>
            <height>20</height>
            <texture>PVR-HasTimer.png</texture>
            <visible>ListItem.HasTimer + !ListItem.IsRecording</visible>
          </control>
          <control type="label">
            <posx>1600</posx>
            <width>80</width>
            <height>40</height>
            <font>font10</font>
            <align>left</align>
            <aligny>center</aligny>
            <textcolor>White</textcolor>
            <selectedcolor>Yellow</selectedcolor>
            <label>31510</label>
            <visible>ListItem.HasTimer</visible>
          </control>
        </itemlayout>
        <focusedlayout height="120">
          <control type="image">
            <width>1760</width>
            <height>120</height>
            <texture border="5">pstvButtonFocus.png</texture>
            <colordiffuse>FF777777</colordiffuse>
          </control>
          <control type="label">
            <posx>120</posx>
            <posy>0</posy>
            <width>400</width>
            <height>40</height>
            <font>font12</font>
            <align>center</align>
            <aligny>center</aligny>
            <textcolor>White</textcolor>
            <selectedcolor>Yellow</selectedcolor>
            <info>ListItem.Date</info>
          </control>
          <control type="label">
            <posx>550</posx>
            <posy>0</posy>
            <width>640</width>
            <height>40</height>
            <font>Size26</font>
            <align>left</align>
            <aligny>center</aligny>
            <textcolor>White</textcolor>
            <selectedcolor>Yellow</selectedcolor>
            <info>ListItem.Label</info>
          </control>
          <control type="textbox">
            <description>Plot Value for TVShow</description>
            <posx>60</posx>
            <posy>40</posy>
            <width>1600</width>
            <height>70</height>
            <font>font12</font>
            <align>justify</align>
            <textcolor>White</textcolor>
            <label>$INFO[ListItem.Plot]</label>
          </control>
          <control type="image">
            <posx>970</posx>
            <posy>10</posy>
            <width>30</width>
            <height>20</height>
            <texture>PVR-IsRecording.png</texture>
            <visible>ListItem.IsRecording</visible>
          </control>
          <control type="label">
            <posx>1005</posx>
            <posy>0</posy>
            <width>80</width>
            <height>40</height>
            <font>font10</font>
            <align>left</align>
            <aligny>center</aligny>
            <textcolor>White</textcolor>
            <selectedcolor>Yellow</selectedcolor>
            <label>19043</label>
            <visible>ListItem.IsRecording</visible>
          </control>
          <control type="image">
            <posx>970</posx>
            <posy>10</posy>
            <width>20</width>
            <height>20</height>
            <texture>PVR-HasTimer.png</texture>
            <visible>ListItem.HasTimer + !ListItem.IsRecording</visible>
          </control>
          <control type="label">
            <posx>1600</posx>
            <width>80</width>
            <height>40</height>
            <font>font10</font>
            <align>left</align>
            <aligny>center</aligny>
            <textcolor>White</textcolor>
            <selectedcolor>Yellow</selectedcolor>
            <label>31510</label>
            <visible>ListItem.HasTimer</visible>
          </control>
        </focusedlayout>
      </control>
      <control type="scrollbar" id="75">
        <posx>1780</posx>
        <posy>60</posy>
        <height>480</height>
        <onleft>15</onleft>
        <onright>noop</onright>
        <showonepage>false</showonepage>
        <orientation>vertical</orientation>
      </control>
    </control>
  </control>
  </include> 
  <include name="LiveTVGuideNowNextView" description="מדריך טלוויזיה (14) - BROKEN!">
  <control type="group">
    <description>TV Guide Now/Next</description>
    <visible>Control.IsVisible(11)</visible>
	<visible>false</visible>
    <include>Fade4</include>
    <control type="group">
      <posx>1020</posx>
      <posy>131</posy>
      <control type="fixedlist" id="11">
		<viewtype label="19032">list</viewtype>
        <width>802</width>
        <height>888</height>
        <onleft condition="!Skin.HasSetting(ViewsMenuOff)">9000</onleft>
        <onleft condition="Skin.HasSetting(ViewsMenuOff)">-</onleft>
        <onright condition="Skin.HasSetting(Scrollbars_Active)">60</onright>
        <onright condition="!Skin.HasSetting(Scrollbars_Active)">-</onright>
        <onup>50</onup>
        <ondown>50</ondown>
        <pagecontrol>60</pagecontrol>
        <viewtype label="535">list</viewtype>
        <focusposition>3</focusposition>
        <movement>4</movement>
        <preloaditems>4</preloaditems>
        <scrolltime>250</scrolltime>
        <itemlayout  width="802" height="111">
          <control type="label" description="Main Label">
            <posx>45</posx>
            <width>630</width>
			<posx>128</posx>
			<posy>12</posy>
			<height>50</height>
			<width>720</width>
			<textcolor>White</textcolor>
			<aligny>center</aligny>
			<font>size36</font>
			<scroll>false</scroll>
            <label>$INFO[ListItem.label]</label>
          </control>
          <control type="label" description="Label2">
            <posx>45</posx>
            <width>720</width>
			<posx>128</posx>
			<posy>63</posy>
			<height>33</height>
			<width>350</width>
			<font>size27</font>
			<textcolor>Grey</textcolor>
			<scroll>false</scroll>
            <label>[B]$INFO[ListItem.ChannelName][/B] - $INFO[ListItem.Date]</label>
          </control>
          <include>statusbiglist</include> </itemlayout>
        <focusedlayout width="802" height="111">
          <control type="label" description="Main Label">
            <posx>45</posx>
            <width>630</width>
			<posx>128</posx>
			<posy>12</posy>
			<height>50</height>
			<width>720</width>
			<textcolor>White</textcolor>
			<aligny>center</aligny>
			<font>size36</font>
			<scroll>false</scroll>
            <label>$INFO[ListItem.label]</label>
          </control>
          <control type="label" description="Label2">
            <posx>45</posx>
            <width>720</width>
			<posx>128</posx>
			<posy>63</posy>
			<height>33</height>
			<width>350</width>
			<font>size27</font>
			<textcolor>Grey</textcolor>
			<scroll>false</scroll>
            <label>[B]$INFO[ListItem.ChannelName][/B] - $INFO[ListItem.Date]</label>
          </control>
          <include>statusbiglist</include> </focusedlayout>
      </control>
	</control>
    <include>ListFade</include>
    <control type="scrollbar" id="60">
      <posx>39r</posx>
      <posy>135</posy>
      <height>870</height>
      <onleft>11</onleft>
      <onright>noop</onright>
    </control>
    <control type="label">
      <description>Page Count Label</description>
      <posx>40r</posx>
      <posy>53r</posy>
      <width>500</width>
      <height>20</height>
      <font>font12</font>
      <textcolor>Grey</textcolor>
      <scroll>false</scroll>
      <align>right</align>
      <aligny>center</aligny>
      <label>$LOCALIZE[31000] ([COLOR=White]$INFO[Container(16).CurrentPage]/$INFO[Container(16).NumPages][/COLOR])</label>
    </control>
  </control>
  </include> </includes>
