<?xml version="1.0" encoding="UTF-8"?>
<window>
	<defaultcontrol always="true">3110</defaultcontrol>
	<controls>
	  <!--current color name-->
      <control type="label">
		<aligny>top</aligny>
		<include>LabelC12</include>
		<include>Fade7</include>
		<label>[COLOR=Yellow]$INFO[Window.Property(colorname)][/COLOR] ($INFO[Window.Property(colorstring)])</label>
		<posx>600</posx>
		<posy>-4</posy>
		<scroll>false</scroll>
		<width>720</width>
      </control>
      <control type="group" description="חלון צבעים">
        <posx>385</posx>
        <posy>70</posy>
		<!-- background panel -->
		<control type="image">
			<width>1150</width>
			<height>1050</height>
			<texture border="40">buttons/ButtonE2.png</texture>
		</control>
	
        <!--Header-->
        <control type="label">
            <posx>61</posx>
            <posy>60</posy>
            <width min="80" max="1400">auto</width>
            <height>100</height>
            <font>font35_title</font>
			<label>$ADDON[script.skin.helper.service 32011]</label>
            <align>left</align>
            <textcolor>white</textcolor>
			<shadowcolor>black</shadowcolor>
			<visible>false</visible>
        </control>

		<control type="panel" id="3110">
			<viewtype label="31438">icons</viewtype>
			<posx>40</posx>
			<posy>20</posy>
			<width>1095</width>
			<height>860</height>
			<orientation>vertical</orientation>
			<onleft>3110</onleft>
			<onright>3110</onright>
			<onup>3110</onup>
			<ondown>3010</ondown>
			<preloaditems>4</preloaditems>
			<pagecontrol>60</pagecontrol>
			<itemlayout height="70" width="70">
				<control type="image">
					<posx>15</posx>
					<posy>15</posy>
					<width>92%</width>
					<height>92%</height>
					<texture border="5">$INFO[ListItem.Icon]</texture>
				</control>
				<control type="image" description="סמן בחירה">
				  <posx>0</posx>
				  <posy>0</posy>
				  <width>100%</width>
				  <height>100%</height>
				  <texture border="10">misc/frames/selector.png</texture>
				  <visible>false</visible>
				</control>
			</itemlayout>
			<focusedlayout height="100" width="100">
				<control type="image">
				    <posx>0</posx>
					<posy>0</posy>
					<width>100%</width>
					<height>100%</height>
					<texture border="5">$INFO[ListItem.Icon]</texture>
				</control>
				<control type="image" description="סמן בחירה">
				  <posx>0</posx>
				  <posy>0</posy>
				  <width>100%</width>
				  <height>100%</height>
				  <texture border="10">misc/frames/selector.png</texture>
				  <visible></visible>
				</control>
				<control type="textbox">
					<font>font13</font>
					<left>10</left>
					<top>10</top>
					<right>10</right>
					<width>90%</width>
					<height>90%</height>
					<align>left</align>
					<info>ListItem.Label</info>
					<textcolor>white</textcolor>
					<shadowcolor>black</shadowcolor>
				</control>
			</focusedlayout>
		</control>
		
		<control type="grouplist">
			<height>775</height>
			<itemgap>10</itemgap>
			<orientation>horizontal</orientation>
			<posx>40</posx>
			<posy>910</posy>
			<width>1100</width>
			<ondown>SetFocus(3110,1)</ondown>
			<onright>3011</onright>
			<onup>SetFocus(3110,1)</onup>
			<!--<onup>3110</onup>-->
			<onleft>3010</onleft>
			<control type="button" id="3010" description="edit manual">
				<width>200</width>
				<height>70</height>
				<!--<font>Reg32</font>-->
				<onup>3110</onup>
				<align>center</align>
			    <aligny>center</aligny>
				
				<label>$INFO[Window.Property(colorstring)]</label>
				<label2></label2>
				<textcolor>white</textcolor>
				<posy>5</posy>
				<texturenofocus border="40">buttons/ButtonE3.png</texturenofocus>
			    <texturefocus border="40">buttons/ButtonE.png</texturefocus>
			</control>
			<control type="button" id="3012" description="שמירה">
				<posx>210</posx>
				<width>200</width>
				<height>70</height>
				<!--<font>Reg32</font>-->
				<align>center</align>
			    <aligny>center</aligny>
				<label>190</label>
				<textcolor>white</textcolor>
				<posy>5</posy>
				<texturenofocus border="40">buttons/ButtonE3.png</texturenofocus>
			    <texturefocus border="40">buttons/ButtonE.png</texturefocus>
			</control>
			<control type="button" id="3011" description="None">
				<posx>210</posx>
				<width>200</width>
				<height>70</height>
				<!--<font>Reg32</font>-->
				<align>center</align>
			    <aligny>center</aligny>
				<label>$ADDON[script.skin.helper.service 32013]</label>
				<textcolor>white</textcolor>
				<posy>5</posy>
				<texturenofocus border="40">buttons/ButtonE3.png</texturenofocus>
			    <texturefocus border="40">buttons/ButtonE.png</texturefocus>
			</control>
			
			<control type="group" id="3020">
				<width>450</width>
				<height>60</height>
				<control type="label" id="3016">
					<!-- label opacity-->
					<width>100</width>
					<left>0</left>
					<align>left</align>
					<onup>3110</onup>
					<font>size18</font>
					<label>$ADDON[script.skin.helper.service 32049]:</label>
					<textcolor>white</textcolor>
					<texturenofocus colordiffuse="black" border="5">panel_trans.png</texturenofocus>
				</control>
				<control type="slider" id="3015">
					<!-- opacity slider -->
					<top>25</top>
					<left>110</left>
					<onup>3011</onup>
					<ondown>3011</ondown>
					<width>200</width>
				</control>
				
				<control type="label" id="3017">
					<!-- opacity percentage -->
					<posx>-400</posx>
					<width>80</width>
					<height>60</height>
					<right>0</right>
					<align>left</align>
					<onup>3110</onup>
					<onleft>3010</onleft>
					<font>size18</font>
					<label>$INFO[Control.Getlabel(3015)]</label>
					<textcolor>white</textcolor>
					<texturenofocus colordiffuse="black" border="5">panel_trans.png</texturenofocus>
				</control>
			</control>

		  </control>
	
	  </control>
	  
	</controls>
</window>
