<?xml version="1.0" encoding="UTF-8"?>
<window id="126">
  <defaultcontrol always="true">450</defaultcontrol>
  <allowoverlay>no</allowoverlay>
  <onload condition="Player.HasAudio">Action(Stop)</onload>
  <include condition="Skin.HasSetting(Performance)">Performance1</include>
  <controls>
	  <include>BlackBackground</include>
	  <include>ScrollBar</include>	
	  <include>TopInformation</include>
      <control type="group">
	    <visible>true</visible>
        <control type="list" id="450">
          <posx>20</posx>
          <posy>20</posy>
          <width>1880</width>
          <height>1060</height>
          <onright>9000</onright>
          <onup>450</onup>
          <ondown>450</ondown>
          <pagecontrol>60</pagecontrol>
          <scrolltime tween="sine" easing="inout">300</scrolltime>
		  <itemlayout description="()" height="100" width="960">
			<control type="image" description="מסגרת">
              <posx>500</posx>
              <posy>20</posy>
              <width>880</width>
              <height>100</height>
              <texture border="30">buttons/ButtonE2.png</texture>
            </control>
			<control type="group" description="תמונה">
				<height>60</height>		
				<posx>530</posx>
				<posy>40</posy>	      
				<width>40</width>
				<control type="image" description="">
				  <aspectratio>scale</aspectratio>
				  <texture background="false">$VAR[VideoInformation2]</texture>
				</control>
			</control> 		
			<control type="label" description="שם">
              <include>LabelC3</include>
			  <posx>570</posx>
              <posy>32</posy>
              <width>750</width>
              <height>70</height>
			  <label>$INFO[ListItem.Label]</label>
			  <visible>!IsEmpty(ListItem.Label)</visible>
            </control>						
			</itemlayout>
          <focusedlayout description="()" height="100" width="960">    
			<control type="image" description="מסגרת"> 
			  <height>100</height>
			  <posx>500</posx>
              <posy>20</posy>
              <width>880</width>
              <texture border="30">buttons/ButtonE.png</texture>
            </control>
			<control type="group" id="730" description="תמונה">
		      <height>60</height>		
			  <posx>530</posx>
			  <posy>40</posy>	      
			  <width>40</width>
			  <control type="image" description="">
			    <aspectratio>scale</aspectratio>
			    <texture background="false">$VAR[VideoInformation2]</texture>
			  </control>
			</control>	
		    <control type="label" description="שם">
              <textcolor>Yellow</textcolor>
			  <include>LabelC3</include>
			  <posx>570</posx>
              <posy>32</posy>
              <width>750</width>
              <height>70</height>
			  <scroll>true</scroll>
			  <label>$INFO[ListItem.Label]</label>
			  <visible>!IsEmpty(ListItem.Label)</visible>
            </control>   
          </focusedlayout>        		
        </control>		
      </control>
	  <include>AdditionalInformation</include>
	  <include>RightMenuFileBrowser</include>
  </controls>
</window>
