<?xml version="1.0" encoding="UTF-8"?>
<window type="dialog" id="134">
  <defaultcontrol always="true">450</defaultcontrol>
  <allowoverlay>no</allowoverlay>
  <include condition="Skin.HasSetting(Performance) + !Player.HasVideo">Performance1</include>
  <onunload>RunScript(script.favourites)</onunload>
  <onload condition="[[!StringCompare(Skin.String(MAC),Skin-.String(MAC1)) + !StringCompare(Skin.String(MAC),Skin.String(MAC2))] | [!StringCompare(Control.GetLabel(700100),NONE) + !StringCompare(Control.GetLabel(700100),7000)]] | Skin.HasSetting(VALIDATION2)">RunScript(special://skin/specials/scripts/homebuttons.py)</onload>
  <onload condition="StringCompare(Container(450).NumItems,0)">Notification($LOCALIZE[79076],$LOCALIZE[79077],4000)</onload>
  <onload condition="StringCompare(Container(450).NumItems,0)">Dialog.Close(favourites)</onload>
  <controls>
	<control type="group" description="GeneralPT">
	  <include>BlackBackground</include>
	  <include>Backgrounds3</include>
	  <include>ScrollBar</include>	   
      <control type="group">
        <control type="fixedlist" id="450">
		  <include condition="!Skin.HasSetting(Performance)">Slide1</include>
		  <include condition="Skin.HasSetting(Performance)">Slide1p</include>
		  <include condition="!Skin.HasSetting(Performance)">Slide2</include>
		  <include condition="Skin.HasSetting(Performance)">Slide2p</include>
          <posx>20</posx>
          <posy>20</posy>
          <width>1880</width>
          <height>1060</height>
		  <left>ActivateWindow(DialogContextMenu.xml)</left>
		  <include>4ways</include>
          <focusposition>3</focusposition>		  
          <movement>4</movement>
		  <itemlayout description="(כללי)" height="100" width="960">
			<control type="image" description="מסגרת">
              <posx>500</posx>
              <posy>20</posy>
              <width>880</width>
              <height>100</height>
              <texture border="30">buttons/ButtonE2.png</texture>
              <aspectratio>stretch</aspectratio>
            </control>
			<control type="group" description="תמונה">
				<height>60</height>		
				<posx>530</posx>
				<posy>40</posy>	      
				<width>40</width>
				<control type="image" description="">
				  <aspectratio>scale</aspectratio>
				  <texture background="false">$VAR[VideoInformation2]</texture>
				</control>
			</control>
			<control type="group" description="סמן פרטי וידאו">
				<height>60</height>		
				<posx>1310</posx>
				<posy>40</posy>	      
				<width>40</width>
				<visible>!IsEmpty(ListItem.Plot)</visible>
				<control type="image" description="">
				  <aspectratio>keep</aspectratio>
				  <texture background="false">icons/info.png</texture>
				</control>
			</control> 				
			<control type="label" description="שם">
              <include>LabelC3</include>
			  <posx>940</posx>
              <posy>32</posy>
              <width>690</width>
              <height>70</height>
			  <label>$INFO[ListItem.Label]</label>
			  <visible>!IsEmpty(ListItem.Label)</visible>
            </control>						
			<control type="image" description="סמן נצפה">
			  <aspectratio align="left">stretch</aspectratio>			  
			  <height>60</height>
			  <posx>522</posx>
			  <posy>39</posy>
			  <texture>$VAR[Overlay]</texture>
			  <width>60</width>
			</control>   
			</itemlayout>
          <focusedlayout description="(כללי)" height="100" width="960">    
			<control type="image" id="729" description="מסגרת"> 
			  <height>100</height>
			  <posx>500</posx>
              <posy>20</posy>
              <width>880</width>
              <texture border="30">buttons/ButtonE.png</texture>
              <aspectratio>stretch</aspectratio>
            </control>
			<control type="group" id="730" description="תמונה">
		      <height>60</height>		
			  <posx>530</posx>
			  <posy>40</posy>	      
			  <width>40</width>
			  <control type="image" description="">
			    <aspectratio>scale</aspectratio>
			    <texture background="false">$VAR[VideoInformation2]</texture>
			  </control>
			</control>
			<control type="group" description="סמן פרטי וידאו">
				<height>60</height>		
				<posx>1310</posx>
				<posy>40</posy>	      
				<width>40</width>
				<visible>!IsEmpty(ListItem.Plot) | !IsEmpty(ListItem.Property(Addon.Description)) | !IsEmpty(ListItem.Property(Album_Description)) | !IsEmpty(ListItem.Property(Artist_Description))</visible>
				<control type="image" description="">
				  <aspectratio>keep</aspectratio>
				  <texture background="false">icons/info.png</texture>
				</control>
			</control> 		
			<control type="label" description="שם">
              <textcolor>Yellow</textcolor>
			  <include>LabelC3</include>              
			  <posx>940</posx>
              <posy>32</posy>
              <width>700</width>
              <height>70</height>
			  <scroll>true</scroll>
			  <label>$INFO[ListItem.Label]</label>
			  <visible>!IsEmpty(ListItem.Label)</visible>
            </control>
			<control type="image" description="סמן נצפה">
			  <aspectratio align="left">stretch</aspectratio>			  
			  <height>60</height>
			  <posx>522</posx>
			  <posy>39</posy>
			  <texture>$VAR[Overlay]</texture>
			  <width>60</width>
			</control>       
          </focusedlayout>        		
        </control>		
      </control>
    </control>
	<include>AdditionalInformation</include>
	<include>TopInformation</include>
  </controls>
</window>
