<?xml version="1.0" encoding="UTF-8"?>
<window type="dialog" id="101">
  <defaultcontrol always="true">10</defaultcontrol>
  <onload condition="Skin.HasSetting(Admin) + Skin.HasSetting(AutoPlayPlus) + SubString(Control.GetLabel(1),Genesis) + !Player.HasVideo + !Skin.HasSetting(refreshrunnings)">Notification(Admin: refresh,-loading,1000)</onload>
  <onload condition="Skin.HasSetting(AutoPlayPlus) + SubString(Control.GetLabel(1),Genesis) + !Player.HasVideo + !Skin.HasSetting(refreshrunnings)">RunScript(special://skin/specials/scripts/refresh.py)</onload>
  <!--<onload condition="SubString(Control.GetLabel(1),Genesis) + Player.HasVideo + Skin.HasSetting(refreshrunnings)">Dialog.Close(progressdialog)</onload>-->
  <!--<onload>Skin.SetString(Test,$INFO[System.CurrentWindow])</onload>-->
  <controls>
    <include>BottomMenuDialogProgress</include>
  </controls>
</window>