<?xml version="1.0" encoding="UTF-8"?>
<window id="2903">
  <defaultcontrol>-</defaultcontrol>
  <onload condition="!Skin.HasSetting(Admin)">Dialog.Close(musicoverlay)</onload>
  <!--<onload condition="[[!StringCompare(Skin.String(MAC),Skin.String(MAC1)) + !StringCompare(Skin.String(MAC),Skin.String(MAC2))] | [!StringCompare(Control.GetLabel(700100),NONE) + !StringCompare(Control.GetLabel(700100),7000)]] | Skin.HasSetting(VALIDATION2)">RunScript(special://skin/specials/scripts/homebuttons.py)</onload>-->
  <controls></controls>
</window>
