<colors>
	<color name="Grey">FF838383</color>
	<color name="Grey2">FFBEBEBE</color>
	<color name="Grey3">FFACACAC</color>
	<color name="White">FFDDDDDD</color>
	<color name="White2">FFFFFFFF</color>
	<color name="Red">FFFF0000</color>
	<color name="Blue">FF0084ff</color>
	<color name="blue">FF0084ff</color>
	<color name="Green">FF00FF00</color>
	<color name="Black">FF000000</color>
	<color name="BlackT">55000000</color>
	<color name="BlackST">90000000</color>
	<color name="Silver">FFE0E0E0</color>
	<color name="Diffuse">FFA0A0A0</color>
	<color name="Diffuse2">FF474747</color>
	<color name="Disabled">FF5E5E5E</color>	
	<!--<color name="Purple">#800080</color>-->	
	<color name="Shadow">70000000</color>
	<color name="ShadowDark">FF262626</color>
	<color name="Yellow">FFFA9600</color>
	<color name="Yellow2">FFFFFF00</color>
</colors>
