<?xml version="1.0" encoding="UTF-8"?>
<window type="dialog" id="1124" description="מוזיקה">
  <defaultcontrol always="true">101</defaultcontrol>
  <controls>
    <include>Fade5</include>    
	<control type="group" description="Side menu 9000 group">
      <posx>720</posx>
      <posy>310</posy>
      <visible allowhiddenfocus="false">true</visible>
      <control type="image" description="מסגרת">
        <height>480</height>
        <texture border="40">buttons/ButtonE2.png</texture>
		<width>480</width>
      </control>
	  <control type="grouplist" id="9000">
	    <onright>Close</onright>
		<onleft>Close</onleft>
		<onup>9000</onup>
		<ondown>9000</ondown>
		<control type="button" id="100" description="חזור">		  
          <label>--></label>
          <onclick>Close</onclick>
        </control>
        <control type="button" id="101" description="מוזיקה מקומית">
          <label>$LOCALIZE[75004]</label>
          <onclick>RunScript(script.htpt.homebuttons)</onclick>
		  <onclick>AlarmClock(101,Action(Close),00:01,silent)</onclick>
        </control>
		<control type="button" id="102" description="מוזיקה ישראלית">
          <label>$LOCALIZE[75005]</label>
          <onclick>RunScript(script.htpt.homebuttons)</onclick>
		  <onclick>AlarmClock(102,Action(Close),00:01,silent)</onclick>
        </control>

      </control>
    </control>
  </controls>
</window>
