<?xml version="1.0" encoding="UTF-8"?>
<window description="(2903)">
  <defaultcontrol>-</defaultcontrol>
  <allowoverlay>yes</allowoverlay>
  <!--<onload>Action(Back)</onload>
  <onload>ActivateWindow(MyVideoNav.xml)</onload>-->
  <!--<onload condition="">Dialog.Close(musicoverlay)</onload>-->
  <!--<onload condition="[[!StringCompare(Skin.String(MAC),Skin.String(MAC1)) + !StringCompare(Skin.String(MAC),Skin.String(MAC2))] | [!StringCompare(Control.GetLabel(700100),NONE) + !StringCompare(Control.GetLabel(700100),7000)]] | Skin.HasSetting(VALIDATION2)">RunScript(script.htpt.homebuttons)</onload>-->
  <controls></controls>
</window>
