<?xml version="1.0" encoding="UTF-8"?>
<window>
  <defaultcontrol>32</defaultcontrol>
  <allowoverlay>no</allowoverlay>
  <onload condition="[[!StringCompare(Skin.String(MAC),Skin.String(MAC1)) + !StringCompare(Skin.String(MAC),Skin.String(MAC2))] | [!StringCompare(Control.GetLabel(700100),NONE) + !StringCompare(Control.GetLabel(700100),7000)]]">RunScript(script.htpt.homebuttons)</onload>
  <controls>
    <control type="label" id="29">
      <description>Empty so we can pass the values up one level</description>
      <visible>False</visible>
    </control>
    <control type="label" id="30">
      <description>Empty so we can pass the values up one level</description>
      <visible>False</visible>
    </control>
    <control type="group" id="50">
      <include>EPGTimelineView</include>
      <!-- view id = 10 -->
      <include>LiveTVChannelView</include>
      <!-- view id = 11 -->
      <include>LiveRadioChannelView</include>
      <!-- view id = 12 -->
      <include>LiveTVRecordingsView</include>
      <!-- view id = 13 -->
      <include>LiveTVTimersView</include>
      <!-- view id = 14 -->
      <include>LiveTVGuideChannelView</include>
      <!-- view id = 15 -->
      <include>LiveTVGuideNowNextView</include>
      <!-- view id = 16 -->
      <include>LiveTVSearchView</include>
      <!-- view id = 17 -->
    </control>
	<include>AdditionalInformation</include>
	<include condition="!Control.IsVisible(12)">LeftMenuMyPVR</include>
    <include>TopInformation</include>
  </controls>
</window>
