<settings>
    <audiocds>
        <autoaction default="true">0</autoaction>
        <bitrate default="true">192</bitrate>
        <compressionlevel default="true">5</compressionlevel>
        <ejectonrip default="true">true</ejectonrip>
        <encoder default="true">3</encoder>
        <quality default="true">0</quality>
        <recordingpath default="true"></recordingpath>
        <trackpathformat default="true">%A/%A - %B/[%N. ][%A - ]%T</trackpathformat>
        <usecddb default="true">true</usecddb>
    </audiocds>
    <audiooutput>
        <ac3passthrough>false</ac3passthrough>
        <ac3transcode default="true">false</ac3transcode>
        <audiodevice>ALSA:hdmi:CARD=PCH,DEV=0</audiodevice>
        <channels default="true">1</channels>
        <config>1</config>
        <dtshdpassthrough default="true">false</dtshdpassthrough>
        <dtspassthrough default="true">false</dtspassthrough>
        <eac3passthrough default="true">false</eac3passthrough>
        <guisoundmode default="true">1</guisoundmode>
        <normalizelevels default="true">true</normalizelevels>
        <passthrough default="true">false</passthrough>
        <passthroughdevice>ALSA:hdmi:CARD=PCH,DEV=1</passthroughdevice>
        <processquality default="true">30</processquality>
        <samplerate default="true">48000</samplerate>
        <stereoupmix default="true">false</stereoupmix>
        <streamsilence>0</streamsilence>
        <truehdpassthrough default="true">false</truehdpassthrough>
    </audiooutput>
    <cache>
        <harddisk default="true">256</harddisk>
    </cache>
    <cacheaudio>
        <dvdrom default="true">256</dvdrom>
        <internet default="true">256</internet>
        <lan default="true">256</lan>
    </cacheaudio>
    <cachedvd>
        <dvdrom default="true">2048</dvdrom>
        <lan default="true">2048</lan>
    </cachedvd>
    <cacheunknown>
        <internet default="true">4096</internet>
    </cacheunknown>
    <cachevideo>
        <dvdrom default="true">2048</dvdrom>
        <internet default="true">4096</internet>
        <lan default="true">2048</lan>
    </cachevideo>
    <debug>
        <screenshotpath>special://userdata/myHTPT/pictures/screenshots/</screenshotpath>
        <showloginfo default="true">false</showloginfo>
    </debug>
    <dvds>
        <automenu default="true">false</automenu>
        <autorun default="true">false</autorun>
        <playerregion default="true">0</playerregion>
    </dvds>
    <epg>
        <daystodisplay default="true">3</daystodisplay>
        <defaultguideview default="true">3</defaultguideview>
        <epgupdate default="true">120</epgupdate>
        <hidenoinfoavailable default="true">true</hidenoinfoavailable>
        <ignoredbforclient default="true">false</ignoredbforclient>
        <preventupdateswhileplayingtv>true</preventupdateswhileplayingtv>
        <selectaction default="true">2</selectaction>
    </epg>
    <filelists>
        <allowfiledeletion>true</allowfiledeletion>
        <ignorethewhensorting default="true">true</ignorethewhensorting>
        <showaddsourcebuttons default="true">true</showaddsourcebuttons>
        <showextensions default="true">true</showextensions>
        <showhidden>true</showhidden>
        <showparentdiritems default="true">true</showparentdiritems>
    </filelists>
    <general>
        <addonautoupdate default="true">true</addonautoupdate>
        <addonforeignfilter default="true">false</addonforeignfilter>
        <addonnotifications default="true">true</addonnotifications>
        <settinglevel>1</settinglevel>
        <systemtotaluptime>76441</systemtotaluptime>
    </general>
    <input>
        <enablejoystick>true</enablejoystick>
        <enablemouse default="true">true</enablemouse>
        <enablesystemkeys>true</enablesystemkeys>
        <remoteaskeyboard>true</remoteaskeyboard>
    </input>
    <karaoke>
        <autopopupselector default="true">false</autopopupselector>
        <charset default="true">DEFAULT</charset>
        <enabled>true</enabled>
        <font default="true">arial.ttf</font>
        <fontcolors default="true">0</fontcolors>
        <fontheight default="true">36</fontheight>
    </karaoke>
    <locale>
        <audiolanguage default="true">original</audiolanguage>
        <charset default="true">DEFAULT</charset>
        <country>ISRAEL (24h)</country>
        <language>Hebrew</language>
        <subtitlelanguage>Hebrew</subtitlelanguage>
        <timezone>Asia/Jerusalem</timezone>
        <timezonecountry>Israel</timezonecountry>
    </locale>
    <lookandfeel>
        <enablerssfeeds>false</enablerssfeeds>
        <font>Arial</font>
        <rssedit default="true"></rssedit>
        <skin>skin.HTPT</skin>
        <skincolors default="true">SKINDEFAULT</skincolors>
        <skintheme>Purple</skintheme>
        <skinzoom default="true">0</skinzoom>
        <soundskin>OFF</soundskin>
        <startupwindow default="true">10000</startupwindow>
    </lookandfeel>
    <masterlock>
        <maxretries default="true">3</maxretries>
        <startuplock default="true">false</startuplock>
    </masterlock>
    <musicfiles>
        <findremotethumbs default="true">true</findremotethumbs>
        <librarytrackformat default="true"></librarytrackformat>
        <librarytrackformatright default="true"></librarytrackformatright>
        <nowplayingtrackformat default="true"></nowplayingtrackformat>
        <nowplayingtrackformatright default="true"></nowplayingtrackformatright>
        <trackformat default="true">[%N. ]%A - %T</trackformat>
        <trackformatright default="true">%D</trackformatright>
        <usetags default="true">true</usetags>
    </musicfiles>
    <musiclibrary>
        <albumsscraper default="true">metadata.album.universal</albumsscraper>
        <artistsscraper default="true">metadata.artists.universal</artistsscraper>
        <backgroundupdate default="true">false</backgroundupdate>
        <downloadinfo>true</downloadinfo>
        <enabled default="true">true</enabled>
        <overridetags default="true">false</overridetags>
        <showcompilationartists default="true">true</showcompilationartists>
        <updateonstartup default="true">false</updateonstartup>
    </musiclibrary>
    <musicplayer>
        <autoplaynextitem default="true">true</autoplaynextitem>
        <crossfade>4</crossfade>
        <crossfadealbumtracks default="true">true</crossfadealbumtracks>
        <queuebydefault default="true">false</queuebydefault>
        <replaygainavoidclipping default="true">false</replaygainavoidclipping>
        <replaygainnogainpreamp default="true">89</replaygainnogainpreamp>
        <replaygainpreamp default="true">89</replaygainpreamp>
        <replaygaintype default="true">1</replaygaintype>
        <visualisation></visualisation>
    </musicplayer>
    <mymusic>
        <defaultlibview default="true"></defaultlibview>
        <songthumbinvis default="true">false</songthumbinvis>
        <startwindow>10502</startwindow>
        <playlist>
            <repeat>true</repeat>
            <shuffle>false</shuffle>
        </playlist>
        <needsupdate>0</needsupdate>
    </mymusic>
    <myvideos>
        <extractflags default="true">true</extractflags>
        <extractthumb default="true">true</extractthumb>
        <flatten default="true">false</flatten>
        <replacelabels default="true">true</replacelabels>
        <selectaction default="true">1</selectaction>
        <stackvideos>true</stackvideos>
        <startwindow>10025</startwindow>
        <watchmodemovies>0</watchmodemovies>
        <watchmodetvshows>0</watchmodetvshows>
        <watchmodemusicvideos>0</watchmodemusicvideos>
        <playlist>
            <repeat>false</repeat>
            <shuffle>false</shuffle>
        </playlist>
        <needsupdate>0</needsupdate>
    </myvideos>
    <network>
        <bandwidth default="true">0</bandwidth>
        <httpproxypassword default="true"></httpproxypassword>
        <httpproxyport default="true">8080</httpproxyport>
        <httpproxyserver default="true"></httpproxyserver>
        <httpproxytype default="true">0</httpproxytype>
        <httpproxyusername default="true"></httpproxyusername>
        <usehttpproxy default="true">false</usehttpproxy>
    </network>
    <pictures>
        <displayresolution>16</displayresolution>
        <generatethumbs default="true">true</generatethumbs>
        <showvideos>false</showvideos>
        <useexifrotation default="true">true</useexifrotation>
        <usetags default="true">true</usetags>
    </pictures>
    <powermanagement>
        <displaysoff>110</displaysoff>
        <shutdownstate default="true">1</shutdownstate>
        <shutdowntime>120</shutdowntime>
        <wakeonaccess default="true">false</wakeonaccess>
    </powermanagement>
    <pvrmanager>
        <backendchannelorder>false</backendchannelorder>
        <enabled default="true">false</enabled>
        <hideconnectionlostwarning>true</hideconnectionlostwarning>
        <syncchannelgroups default="true">true</syncchannelgroups>
        <usebackendchannelnumbers default="true">false</usebackendchannelnumbers>
    </pvrmanager>
    <pvrmenu>
        <closechannelosdonswitch default="true">false</closechannelosdonswitch>
        <iconpath default="true"></iconpath>
        <infoswitch>false</infoswitch>
        <infotime default="true">5</infotime>
        <infotimeout default="true">true</infotimeout>
    </pvrmenu>
    <pvrparental>
        <duration default="true">300</duration>
        <enabled default="true">false</enabled>
        <pin default="true"></pin>
    </pvrparental>
    <pvrplayback>
        <channelentrytimeout default="true">0</channelentrytimeout>
        <confirmchannelswitch>true</confirmchannelswitch>
        <playminimized default="true">true</playminimized>
        <scantime default="true">10</scantime>
        <signalquality default="true">true</signalquality>
        <startlast default="true">0</startlast>
    </pvrplayback>
    <pvrpowermanagement>
        <backendidletime default="true">15</backendidletime>
        <dailywakeup default="true">false</dailywakeup>
        <dailywakeuptime default="true">00:00:00</dailywakeuptime>
        <enabled default="true">false</enabled>
        <prewakeup default="true">15</prewakeup>
        <setwakeupcmd default="true">/usr/bin/setwakeup.sh</setwakeupcmd>
    </pvrpowermanagement>
    <pvrrecord>
        <defaultlifetime default="true">99</defaultlifetime>
        <defaultpriority default="true">50</defaultpriority>
        <instantrecordtime default="true">120</instantrecordtime>
        <marginend default="true">0</marginend>
        <marginstart default="true">0</marginstart>
        <timernotifications default="true">true</timernotifications>
    </pvrrecord>
    <scrapers>
        <moviesdefault default="true">metadata.themoviedb.org</moviesdefault>
        <musicvideosdefault default="true">metadata.musicvideos.theaudiodb.com</musicvideosdefault>
        <tvshowsdefault default="true">metadata.tvdb.com</tvshowsdefault>
    </scrapers>
    <screensaver>
        <mode default="true">screensaver.xbmc.builtin.dim</mode>
        <time>10</time>
        <usedimonpause default="true">true</usedimonpause>
        <usemusicvisinstead>false</usemusicvisinstead>
    </screensaver>
    <services>
        <airplay default="true">true</airplay>
        <airplaypassword default="true"></airplaypassword>
        <airplayvolumecontrol>false</airplayvolumecontrol>
        <devicename>HTPT</devicename>
        <esallinterfaces>true</esallinterfaces>
        <escontinuousdelay default="true">25</escontinuousdelay>
        <esenabled default="true">true</esenabled>
        <esinitialdelay default="true">750</esinitialdelay>
        <esmaxclients default="true">20</esmaxclients>
        <esport default="true">9777</esport>
        <esportrange default="true">10</esportrange>
        <upnpannounce default="true">true</upnpannounce>
        <upnpcontroller default="true">false</upnpcontroller>
        <upnprenderer default="true">false</upnprenderer>
        <upnpserver default="true">false</upnpserver>
        <useairplaypassword default="true">false</useairplaypassword>
        <webserver default="true">true</webserver>
        <webserverpassword default="true"></webserverpassword>
        <webserverport>8080</webserverport>
        <webserverusername>HTPT</webserverusername>
        <webskin default="true">webinterface.default</webskin>
        <zeroconf default="true">true</zeroconf>
    </services>
    <slideshow>
        <displayeffects default="true">true</displayeffects>
        <shuffle default="true">false</shuffle>
        <staytime>3</staytime>
    </slideshow>
    <smb>
        <winsserver default="true">0.0.0.0</winsserver>
        <workgroup>MSHTPT</workgroup>
    </smb>
    <subtitles>
        <align default="true">0</align>
        <charset default="true">DEFAULT</charset>
        <color default="true">1</color>
        <custompath default="true"></custompath>
        <font default="true">arial.ttf</font>
        <height>32</height>
        <languages>English (US),Hebrew</languages>
        <movie>service.subtitles.subscenter</movie>
        <overrideassfonts default="true">false</overrideassfonts>
        <pauseonsearch>false</pauseonsearch>
        <stereoscopicdepth default="true">0</stereoscopicdepth>
        <storagemode default="true">0</storagemode>
        <style default="true">1</style>
        <tv>service.subtitles.subscenter</tv>
    </subtitles>
    <system>
        <playlistspath>special://profile/playlists/</playlistspath>
    </system>
    <videolibrary>
        <actorthumbs default="true">true</actorthumbs>
        <backgroundupdate default="true">false</backgroundupdate>
        <enabled default="true">true</enabled>
        <flattentvshows default="true">1</flattentvshows>
        <groupmoviesets>true</groupmoviesets>
        <showunwatchedplots default="true">true</showunwatchedplots>
        <updateonstartup default="true">false</updateonstartup>
    </videolibrary>
    <videoplayer>
        <adjustrefreshrate default="true">0</adjustrefreshrate>
        <autoplaynextitem default="true">false</autoplaynextitem>
        <decodingmethod default="true">1</decodingmethod>
        <errorinaspect default="true">0</errorinaspect>
        <hqscalers default="true">0</hqscalers>
        <maxspeedadjust default="true">5</maxspeedadjust>
        <pauseafterrefreshchange default="true">0</pauseafterrefreshchange>
        <quitstereomodeonstop default="true">true</quitstereomodeonstop>
        <rendermethod default="true">0</rendermethod>
        <stereoscopicplaybackmode>1</stereoscopicplaybackmode>
        <stretch43 default="true">0</stretch43>
        <synctype>1</synctype>
        <teletextenabled>false</teletextenabled>
        <teletextscale>false</teletextscale>
        <useamcodec default="true">true</useamcodec>
        <usechd default="true">true</usechd>
        <usedisplayasclock>true</usedisplayasclock>
        <usedxva2 default="true">true</usedxva2>
        <useframemtdec default="true">false</useframemtdec>
        <useomx default="true">true</useomx>
        <usepbo default="true">true</usepbo>
        <usevaapi default="true">true</usevaapi>
        <usevaapimpeg2 default="true">true</usevaapimpeg2>
        <usevaapimpeg4 default="true">true</usevaapimpeg4>
        <usevaapiswfilter default="true">false</usevaapiswfilter>
        <usevaapivc1 default="true">false</usevaapivc1>
        <usevdpau default="true">true</usevdpau>
        <usevdpaumixer default="true">true</usevdpaumixer>
        <usevdpaumpeg2 default="true">true</usevdpaumpeg2>
        <usevdpaumpeg4 default="true">false</usevdpaumpeg4>
        <usevdpauvc1 default="true">true</usevdpauvc1>
        <usevideotoolbox default="true">true</usevideotoolbox>
        <vdpauUpscalingLevel default="true">false</vdpauUpscalingLevel>
        <vdpau_allow_xrandr default="true">false</vdpau_allow_xrandr>
    </videoplayer>
    <videoscreen>
        <blankdisplays default="true">false</blankdisplays>
        <fakefullscreen default="true">true</fakefullscreen>
        <limitedrange default="true">false</limitedrange>
        <monitor>HDMI1</monitor>
        <monitorsingle default="true">false</monitorsingle>
        <preferedstereoscopicmode default="true">0</preferedstereoscopicmode>
        <resolution default="true">16</resolution>
        <screen default="true">0</screen>
        <screenmode default="true">DESKTOP</screenmode>
        <stereoscopicmode default="true">0</stereoscopicmode>
        <vsync>2</vsync>
    </videoscreen>
    <weather>
        <addon>weather.yahoo</addon>
        <currentlocation default="true">1</currentlocation>
    </weather>
    <window>
        <height default="true">480</height>
        <width default="true">720</width>
    </window>
    <skinsettings>
        <setting type="bool" name="skin.HTPT.ShowClock">true</setting>
        <setting type="bool" name="skin.HTPT.MoviesShelfWL">true</setting>
        <setting type="bool" name="skin.HTPT.TVShelf_Watchlist">true</setting>
        <setting type="bool" name="skin.HTPT.TVshows">false</setting>
        <setting type="bool" name="skin.HTPT.Movies">false</setting>
        <setting type="bool" name="skin.HTPT.weather">false</setting>
        <setting type="bool" name="skin.HTPT.favourites">false</setting>
        <setting type="bool" name="skin.HTPT.PVRhide">false</setting>
        <setting type="bool" name="skin.HTPT.program">true</setting>
        <setting type="bool" name="skin.HTPT.sources">true</setting>
        <setting type="bool" name="skin.HTPT.filesmanager">true</setting>
        <setting type="bool" name="skin.HTPT.ViewsMenuOff">false</setting>
        <setting type="bool" name="skin.HTPT.AutoScroll">false</setting>
        <setting type="bool" name="skin.HTPT.DebugInfo">false</setting>
        <setting type="bool" name="skin.HTPT.ShowFileInfo">true</setting>
        <setting type="bool" name="skin.HTPT.MusicLibrary">false</setting>
        <setting type="bool" name="skin.HTPT.Pictures">false</setting>
        <setting type="bool" name="skin.HTPT.Backgrounds2">true</setting>
        <setting type="bool" name="skin.HTPT.moviese">false</setting>
        <setting type="bool" name="skin.HTPT.tvshowse">false</setting>
        <setting type="bool" name="skin.HTPT.kids">false</setting>
        <setting type="bool" name="skin.HTPT.quiz">false</setting>
        <setting type="bool" name="skin.HTPT.3dmovs">true</setting>
        <setting type="bool" name="skin.HTPT.videos">false</setting>
        <setting type="bool" name="skin.HTPT.karaoke">false</setting>
        <setting type="bool" name="skin.HTPT.internet">false</setting>
        <setting type="bool" name="skin.HTPT.ShowDVDCases">true</setting>
        <setting type="bool" name="skin.HTPT.Admin">false</setting>
        <setting type="bool" name="skin.HTPT.hidetest">false</setting>
        <setting type="bool" name="skin.HTPT.YouTube">false</setting>
        <setting type="bool" name="skin.HTPT.YouTube.20">false</setting>
        <setting type="bool" name="skin.HTPT.YouTube.21">true</setting>
        <setting type="bool" name="skin.HTPT.YouTube.22">false</setting>
        <setting type="bool" name="skin.HTPT.YouTube.23">false</setting>
        <setting type="bool" name="skin.HTPT.YouTube.24">false</setting>
        <setting type="bool" name="skin.HTPT.YouTube.25">false</setting>
        <setting type="bool" name="skin.HTPT.YouTube.26">true</setting>
        <setting type="bool" name="skin.HTPT.YouTube.27">false</setting>
        <setting type="bool" name="skin.HTPT.YouTube.28">false</setting>
        <setting type="bool" name="skin.HTPT.YouTube.29">false</setting>
        <setting type="bool" name="skin.HTPT.YouTube.30">true</setting>
        <setting type="bool" name="skin.HTPT.YouTube_Custom">true</setting>
        <setting type="bool" name="skin.HTPT.GoPro">false</setting>
        <setting type="bool" name="skin.HTPT.GoPro.20">false</setting>
        <setting type="bool" name="skin.HTPT.GoPro.21">false</setting>
        <setting type="bool" name="skin.HTPT.GoPro.22">false</setting>
        <setting type="bool" name="skin.HTPT.GoPro.25">false</setting>
        <setting type="bool" name="skin.HTPT.GoPro.27">false</setting>
        <setting type="bool" name="skin.HTPT.GoPro.28">true</setting>
        <setting type="bool" name="skin.HTPT.GoPro.23">true</setting>
        <setting type="bool" name="skin.HTPT.GoPro.24">true</setting>
        <setting type="bool" name="skin.HTPT.GoPro.26">true</setting>
        <setting type="bool" name="skin.HTPT.GoPro.29">false</setting>
        <setting type="bool" name="skin.HTPT.GoPro.30">true</setting>
        <setting type="bool" name="skin.HTPT.GoPro_Custom">true</setting>
        <setting type="bool" name="skin.HTPT.IsraelTV">false</setting>
        <setting type="bool" name="skin.HTPT.IsraelTV.20">false</setting>
        <setting type="bool" name="skin.HTPT.IsraelTV.21">true</setting>
        <setting type="bool" name="skin.HTPT.IsraelTV.22">false</setting>
        <setting type="bool" name="skin.HTPT.IsraelTV.23">true</setting>
        <setting type="bool" name="skin.HTPT.IsraelTV.24">true</setting>
        <setting type="bool" name="skin.HTPT.IsraelTV.27">true</setting>
        <setting type="bool" name="skin.HTPT.IsraelTV.28">true</setting>
        <setting type="bool" name="skin.HTPT.IsraelTV.29">true</setting>
        <setting type="bool" name="skin.HTPT.IsraelTV.25">true</setting>
        <setting type="bool" name="skin.HTPT.IsraelTV.26">true</setting>
        <setting type="bool" name="skin.HTPT.IsraelTV.30">true</setting>
        <setting type="bool" name="skin.HTPT.IsraelTV_Custom">true</setting>
        <setting type="bool" name="skin.HTPT.games">false</setting>
        <setting type="bool" name="skin.HTPT.PicturesShelf_Custom">false</setting>
        <setting type="bool" name="skin.HTPT.ShelfMusic">false</setting>
        <setting type="bool" name="skin.HTPT.Rating">false</setting>
        <setting type="bool" name="skin.HTPT.trailers">false</setting>
        <setting type="bool" name="skin.HTPT.myHTPT2">true</setting>
        <setting type="bool" name="skin.HTPT.Performance">false</setting>
        <setting type="bool" name="skin.HTPT.help">false</setting>
        <setting type="bool" name="skin.HTPT.Performance2">false</setting>
        <setting type="bool" name="skin.HTPT.gametrailers">false</setting>
        <setting type="bool" name="skin.HTPT.gadget">true</setting>
        <setting type="bool" name="skin.HTPT.guitar">false</setting>
        <setting type="bool" name="skin.HTPT.AnimeWindowXMLDialogClose">true</setting>
        <setting type="bool" name="skin.HTPT.ToggleLanguage">false</setting>
        <setting type="bool" name="skin.HTPT.widget">true</setting>
        <setting type="bool" name="skin.HTPT.trailers2">false</setting>
        <setting type="bool" name="skin.HTPT.Admin2">false</setting>
        <setting type="bool" name="skin.HTPT.RefreshMovie">false</setting>
        <setting type="bool" name="skin.HTPT.RefreshTV">false</setting>
        <setting type="bool" name="skin.HTPT.RefreshTV2">false</setting>
        <setting type="bool" name="skin.HTPT.ShowTopVideoInformation">true</setting>
        <setting type="bool" name="skin.HTPT.radio">false</setting>
        <setting type="bool" name="skin.HTPT.Genre">true</setting>
        <setting type="bool" name="skin.HTPT.trailer2">false</setting>
        <setting type="bool" name="skin.HTPT.VALIDATION">false</setting>
        <setting type="bool" name="skin.HTPT.VALIDATION2">false</setting>
        <setting type="bool" name="skin.HTPT.ConnectionStatus">false</setting>
        <setting type="bool" name="skin.HTPT.IsMovie">false</setting>
        <setting type="bool" name="skin.HTPT.IsTV">false</setting>
        <setting type="bool" name="skin.HTPT.Joystick">false</setting>
        <setting type="bool" name="skin.HTPT.ConnectionStatus3">true</setting>
        <setting type="bool" name="skin.HTPT.Adult">false</setting>
        <setting type="bool" name="skin.HTPT.Joystick2">false</setting>
        <setting type="bool" name="skin.HTPT.noway">false</setting>
        <setting type="bool" name="skin.HTPT.Net">false</setting>
        <setting type="bool" name="skin.HTPT.ShowTopProgramInformation">false</setting>
        <setting type="bool" name="skin.HTPT.ConnectionStatus4">false</setting>
        <setting type="bool" name="skin.HTPT.GamesPlus">false</setting>
        <setting type="bool" name="skin.HTPT.AutoView">true</setting>
        <setting type="bool" name="skin.HTPT.livetv">false</setting>
        <setting type="bool" name="skin.HTPT.AutoViewoff">false</setting>
        <setting type="bool" name="skin.HTPT.fixhtpt">false</setting>
        <setting type="bool" name="skin.HTPT.resetlan">false</setting>
        <setting type="bool" name="skin.HTPT.resetwlan">false</setting>
        <setting type="bool" name="skin.HTPT.noway2">false</setting>
        <setting type="bool" name="skin.HTPT.resetlan2">false</setting>
        <setting type="bool" name="skin.HTPT.resetwlan2">false</setting>
        <setting type="bool" name="skin.HTPT.autoplayplus">true</setting>
        <setting type="bool" name="skin.HTPT.StreamProgress">false</setting>
        <setting type="bool" name="skin.HTPT.homebuttonsrunning">false</setting>
        <setting type="bool" name="skin.HTPT.Connected">true</setting>
        <setting type="bool" name="skin.HTPT.Connected2">false</setting>
        <setting type="bool" name="skin.HTPT.Connected3">true</setting>
        <setting type="bool" name="skin.HTPT.refreshrunnings">false</setting>
        <setting type="bool" name="skin.HTPT.myHTPT3">true</setting>
        <setting type="bool" name="skin.HTPT.smartkeyboard">true</setting>
        <setting type="bool" name="skin.HTPT.AutoPlayPause">false</setting>
        <setting type="bool" name="skin.HTPT.AutoPlaySD">true</setting>
        <setting type="bool" name="skin.HTPT.DialogSelectFirst">true</setting>
        <setting type="bool" name="skin.HTPT.StartUpMusic">true</setting>
        <setting type="bool" name="skin.HTPT.CustomVAR">false</setting>
        <setting type="string" name="skin.HTPT.MusicLink">Albums</setting>
        <setting type="string" name="skin.HTPT.LyricPath">script.cu.lrclyrics</setting>
        <setting type="string" name="skin.HTPT.HomeFav.1.Label"></setting>
        <setting type="string" name="skin.HTPT.HomeFav.1.Thumb"></setting>
        <setting type="string" name="skin.HTPT.HomeFav.1.Icon"></setting>
        <setting type="string" name="skin.HTPT.HomeFav.2.Label"></setting>
        <setting type="string" name="skin.HTPT.HomeFav.2.Icon"></setting>
        <setting type="string" name="skin.HTPT.HomeFav.3.Label"></setting>
        <setting type="string" name="skin.HTPT.HomeFav.3.Icon"></setting>
        <setting type="string" name="skin.HTPT.HomeFav.4.Label"></setting>
        <setting type="string" name="skin.HTPT.HomeFav.4.Icon"></setting>
        <setting type="string" name="skin.HTPT.HomeFav.5.Label"></setting>
        <setting type="string" name="skin.HTPT.HomeFav.5.Icon"></setting>
        <setting type="string" name="skin.HTPT.HomeAddon.1.Label"></setting>
        <setting type="string" name="skin.HTPT.HomeAddon.1.Icon"></setting>
        <setting type="string" name="skin.HTPT.HomeAddon.2.Label"></setting>
        <setting type="string" name="skin.HTPT.HomeAddon.2.Icon"></setting>
        <setting type="string" name="skin.HTPT.HomeAddon.3.Label"></setting>
        <setting type="string" name="skin.HTPT.HomeAddon.3.Icon"></setting>
        <setting type="string" name="skin.HTPT.HomeAddon.4.Label"></setting>
        <setting type="string" name="skin.HTPT.HomeAddon.4.Icon"></setting>
        <setting type="string" name="skin.HTPT.HomeAddon.5.Label"></setting>
        <setting type="string" name="skin.HTPT.HomeAddon.5.Icon"></setting>
        <setting type="string" name="skin.HTPT.IsraelTV.1.Label"></setting>
        <setting type="string" name="skin.HTPT.IsraelTV.2.Label"></setting>
        <setting type="string" name="skin.HTPT.IsraelTV.3.Label"></setting>
        <setting type="string" name="skin.HTPT.IsraelTV.4.Label"></setting>
        <setting type="string" name="skin.HTPT.IsraelTV.5.Label"></setting>
        <setting type="string" name="skin.HTPT.IsraelTV.11.Label"></setting>
        <setting type="string" name="skin.HTPT.IsraelTV.11.Icon"></setting>
        <setting type="string" name="skin.HTPT.IsraelTV.11.Path"></setting>
        <setting type="string" name="skin.HTPT.IsraelTV.12.Label"></setting>
        <setting type="string" name="skin.HTPT.IsraelTV.12.Icon"></setting>
        <setting type="string" name="skin.HTPT.IsraelTV.12.Path"></setting>
        <setting type="string" name="skin.HTPT.IsraelTV.13.Label"></setting>
        <setting type="string" name="skin.HTPT.IsraelTV.13.Icon"></setting>
        <setting type="string" name="skin.HTPT.IsraelTV.13.Path"></setting>
        <setting type="string" name="skin.HTPT.IsraelTV.14.Label"></setting>
        <setting type="string" name="skin.HTPT.IsraelTV.14.Icon"></setting>
        <setting type="string" name="skin.HTPT.IsraelTV.14.Path"></setting>
        <setting type="string" name="skin.HTPT.IsraelTV.15.Label"></setting>
        <setting type="string" name="skin.HTPT.IsraelTV.15.Icon"></setting>
        <setting type="string" name="skin.HTPT.IsraelTV.15.Path"></setting>
        <setting type="string" name="skin.HTPT.GoPro.1.Label"></setting>
        <setting type="string" name="skin.HTPT.GoPro.2.Label"></setting>
        <setting type="string" name="skin.HTPT.GoPro.3.Label"></setting>
        <setting type="string" name="skin.HTPT.GoPro.4.Label"></setting>
        <setting type="string" name="skin.HTPT.GoPro.5.Label"></setting>
        <setting type="string" name="skin.HTPT.GoPro.11.Label"></setting>
        <setting type="string" name="skin.HTPT.GoPro.11.Icon"></setting>
        <setting type="string" name="skin.HTPT.GoPro.11.Path"></setting>
        <setting type="string" name="skin.HTPT.GoPro.12.Label"></setting>
        <setting type="string" name="skin.HTPT.GoPro.12.Icon"></setting>
        <setting type="string" name="skin.HTPT.GoPro.12.Path"></setting>
        <setting type="string" name="skin.HTPT.GoPro.13.Label"></setting>
        <setting type="string" name="skin.HTPT.GoPro.13.Icon"></setting>
        <setting type="string" name="skin.HTPT.GoPro.13.Path"></setting>
        <setting type="string" name="skin.HTPT.GoPro.14.Label"></setting>
        <setting type="string" name="skin.HTPT.GoPro.14.Icon"></setting>
        <setting type="string" name="skin.HTPT.GoPro.14.Path"></setting>
        <setting type="string" name="skin.HTPT.GoPro.15.Label"></setting>
        <setting type="string" name="skin.HTPT.GoPro.15.Icon"></setting>
        <setting type="string" name="skin.HTPT.GoPro.15.Path"></setting>
        <setting type="string" name="skin.HTPT.YouTube.1.Label"></setting>
        <setting type="string" name="skin.HTPT.YouTube.2.Label"></setting>
        <setting type="string" name="skin.HTPT.YouTube.3.Label"></setting>
        <setting type="string" name="skin.HTPT.YouTube.4.Label"></setting>
        <setting type="string" name="skin.HTPT.YouTube.5.Label"></setting>
        <setting type="string" name="skin.HTPT.YouTube.11.Label"></setting>
        <setting type="string" name="skin.HTPT.YouTube.11.Icon"></setting>
        <setting type="string" name="skin.HTPT.YouTube.11.Path"></setting>
        <setting type="string" name="skin.HTPT.YouTube.12.Label"></setting>
        <setting type="string" name="skin.HTPT.YouTube.12.Icon"></setting>
        <setting type="string" name="skin.HTPT.YouTube.12.Path"></setting>
        <setting type="string" name="skin.HTPT.YouTube.13.Label"></setting>
        <setting type="string" name="skin.HTPT.YouTube.13.Icon"></setting>
        <setting type="string" name="skin.HTPT.YouTube.13.Path"></setting>
        <setting type="string" name="skin.HTPT.YouTube.14.Label"></setting>
        <setting type="string" name="skin.HTPT.YouTube.14.Icon"></setting>
        <setting type="string" name="skin.HTPT.YouTube.14.Path"></setting>
        <setting type="string" name="skin.HTPT.YouTube.15.Label"></setting>
        <setting type="string" name="skin.HTPT.YouTube.15.Icon"></setting>
        <setting type="string" name="skin.HTPT.YouTube.15.Path"></setting>
        <setting type="string" name="skin.HTPT.YouTube.13.List"></setting>
        <setting type="string" name="skin.HTPT.HomeFav.3.Path"></setting>
        <setting type="string" name="skin.HTPT.HomeFav.3.List"></setting>
        <setting type="string" name="skin.HTPT.HomeFav.4.Path"></setting>
        <setting type="string" name="skin.HTPT.HomeFav.4.List"></setting>
        <setting type="string" name="skin.HTPT.HomeFav.1.Path"></setting>
        <setting type="string" name="skin.HTPT.HomeFav.1.List"></setting>
        <setting type="string" name="skin.HTPT.picturesPath">/var/media/myHTPT2/pictures/נועם הנסיך/</setting>
        <setting type="string" name="skin.HTPT.ID">finalmakerrhtpt</setting>
        <setting type="string" name="skin.HTPT.ID1">tulu</setting>
        <setting type="string" name="skin.HTPT.ID2">r</setting>
        <setting type="string" name="skin.HTPT.ID3">r</setting>
        <setting type="string" name="skin.HTPT.ID4">r</setting>
        <setting type="string" name="skin.HTPT.ID5">N/A</setting>
        <setting type="string" name="skin.HTPT.ID6">rr</setting>
        <setting type="string" name="skin.HTPT.ID8">rr</setting>
        <setting type="string" name="skin.HTPT.ID7"></setting>
        <setting type="string" name="skin.HTPT.MAC">00:01:2E:4C:A3:FF</setting>
        <setting type="string" name="skin.HTPT.MAC1">00:01:2E:4C:A3:FF</setting>
        <setting type="string" name="skin.HTPT.MAC2">0C:D2:92:3D:B9:77</setting>
        <setting type="string" name="skin.HTPT.MAC5"></setting>
        <setting type="string" name="skin.HTPT.ConnectionStatus2">5</setting>
        <setting type="string" name="skin.HTPT.CustomVAR"></setting>
        <setting type="string" name="skin.HTPT.VALIDATION5">3</setting>
        <setting type="string" name="skin.HTPT.ID9">TULU</setting>
        <setting type="string" name="skin.HTPT.ID10">B</setting>
        <setting type="string" name="skin.HTPT.MAC3"></setting>
        <setting type="string" name="skin.HTPT.SettingsLevel">סטנדרטי</setting>
        <setting type="string" name="skin.HTPT.FadeAdmin">Network</setting>
        <setting type="string" name="skin.HTPT.ADULT2">..</setting>
        <setting type="string" name="skin.HTPT.openelec1">מערכת</setting>
        <setting type="string" name="skin.HTPT.openelec2">רשת</setting>
        <setting type="string" name="skin.HTPT.openelec3">חיבורים</setting>
        <setting type="string" name="skin.HTPT.openelec4">שירותים</setting>
        <setting type="string" name="skin.HTPT.openelec5">Bluetooth</setting>
        <setting type="string" name="skin.HTPT.openelec6">אודות</setting>
        <setting type="string" name="skin.HTPT.MenuColor">- ערכת נושא (Purple)</setting>
        <setting type="string" name="skin.HTPT.search1">gaunt</setting>
        <setting type="string" name="skin.HTPT.GamesPlus"></setting>
        <setting type="string" name="skin.HTPT.AirPlay2">אפשר ל-XBMC לקבל תכני AirPlay ( )</setting>
        <setting type="string" name="skin.HTPT.fixhtpt"></setting>
        <setting type="string" name="skin.HTPT.DialogSelectSources"></setting>
        <setting type="string" name="skin.HTPT.openelec10">רשתות אלחוטיות</setting>
        <setting type="string" name="skin.HTPT.openelec11">רשתות קוויות</setting>
        <setting type="string" name="skin.HTPT.DialogSelectSources2"></setting>
        <setting type="string" name="skin.HTPT.DialogSubtitles"></setting>
        <setting type="string" name="skin.HTPT.DialogSubtitles2"></setting>
        <setting type="string" name="skin.HTPT.SystemTime"></setting>
        <setting type="string" name="skin.HTPT.Test">PING www.google.co.il (74.125.206.94): 56 data bytes&#x0A;&#x0A;--- www.google.co.il ping statistics ---&#x0A;1 packets transmitted</setting>
        <setting type="string" name="skin.HTPT.DialogSelectSources3"></setting>
        <setting type="string" name="skin.HTPT.DialogSelectSources5"></setting>
        <setting type="string" name="skin.HTPT.DialogSubtitlesNA1"></setting>
        <setting type="string" name="skin.HTPT.DialogSubtitlesNA2"></setting>
        <setting type="string" name="skin.HTPT.DialogSubtitlesNA3"></setting>
        <setting type="string" name="skin.HTPT.DialogSubtitlesNA4"></setting>
        <setting type="string" name="skin.HTPT.DialogSubtitlesNA5"></setting>
        <setting type="string" name="skin.HTPT.DialogSubtitlesNA6"></setting>
        <setting type="string" name="skin.HTPT.DialogSubtitlesNA7"></setting>
        <setting type="string" name="skin.HTPT.DialogSubtitlesNA8"></setting>
        <setting type="string" name="skin.HTPT.DialogSubtitlesNA9"></setting>
        <setting type="string" name="skin.HTPT.DialogSubtitlesNA10"></setting>
        <setting type="string" name="skin.HTPT.SystemTime2">08:17:45</setting>
        <setting type="string" name="skin.HTPT.USB1">myHTPT2</setting>
        <setting type="string" name="skin.HTPT.USB2"></setting>
        <setting type="string" name="skin.HTPT.USB3"></setting>
        <setting type="string" name="skin.HTPT.ToggleLanguageInput"></setting>
        <setting type="string" name="skin.HTPT.USB4"></setting>
        <setting type="string" name="skin.HTPT.USB5"></setting>
        <setting type="string" name="skin.HTPT.ContainerFolderPath">/var/media/USB/pictures/</setting>
        <setting type="string" name="skin.HTPT.CurrentPath">/var/media/USB/</setting>
        <setting type="string" name="skin.HTPT.VarCurrentPicVid"></setting>
        <setting type="string" name="skin.HTPT.VarCurrentPicVidPath"></setting>
        <setting type="string" name="skin.HTPT.CountWait"></setting>
        <setting type="string" name="skin.HTPT.smartkeyboardHN">1</setting>
        <setting type="string" name="skin.HTPT.smartkeyboardCN">1</setting>
        <setting type="string" name="skin.HTPT.smartkeyboardPN">1</setting>
        <setting type="string" name="skin.HTPT.smartkeyboardH0"></setting>
        <setting type="string" name="skin.HTPT.smartkeyboardH4">that will not work</setting>
        <setting type="string" name="skin.HTPT.smartkeyboardH5">games of</setting>
        <setting type="string" name="skin.HTPT.smartkeyboardH3">get well</setting>
        <setting type="string" name="skin.HTPT.smartkeyboardH2">sixteen point turn</setting>
        <setting type="string" name="skin.HTPT.smartkeyboardH1">orange juice</setting>
        <setting type="string" name="skin.HTPT.keyboardinput"></setting>
        <setting type="string" name="skin.HTPT.smartkeyboardC1"></setting>
        <setting type="string" name="skin.HTPT.smartkeyboardC2"></setting>
        <setting type="string" name="skin.HTPT.smartkeyboardC3"></setting>
        <setting type="string" name="skin.HTPT.smartkeyboardC4"></setting>
        <setting type="string" name="skin.HTPT.smartkeyboardC5"></setting>
        <setting type="string" name="skin.HTPT.Test2">RunScript(service.skin.widgets)</setting>
        <setting type="string" name="skin.HTPT.Test3">&lt;settings&gt;&#x0A;    &lt;audiocds&gt;&#x0A;        &lt;autoaction default=&quot;true&quot;&gt;0&lt;/autoaction&gt;&#x0A;        &lt;bitrate default=&quot;true&quot;&gt;192&lt;/bitrate&gt;&#x0A;        &lt;compressionlevel default=&quot;true&quot;&gt;5&lt;/compressionlevel&gt;&#x0A;        &lt;ejectonrip default=&quot;true&quot;&gt;true&lt;/ejectonrip&gt;&#x0A;        &lt;encoder default=&quot;true&quot;&gt;3&lt;/encoder&gt;&#x0A;        &lt;quality default=&quot;true&quot;&gt;0&lt;/quality&gt;&#x0A;        &lt;recordingpath default=&quot;true&quot;&gt;&lt;/recordingpath&gt;&#x0A;        &lt;trackpathformat default=&quot;true&quot;&gt;%A/%A - %B/[%N. ][%A - ]%T&lt;/trackpathformat&gt;&#x0A;        &lt;usecddb default=&quot;true&quot;&gt;true&lt;/usecddb&gt;&#x0A;    &lt;/audiocds&gt;&#x0A;    &lt;audiooutput&gt;&#x0A;        &lt;ac3passthrough&gt;false&lt;/ac3passthrough&gt;&#x0A;        &lt;ac3transcode default=&quot;true&quot;&gt;false&lt;/ac3transcode&gt;&#x0A;        &lt;audiodevice&gt;ALSA:hdmi:CARD=PCH</setting>
        <setting type="string" name="skin.HTPT.SystemTime1"></setting>
        <setting type="string" name="skin.HTPT.StartUpMusic"></setting>
    </skinsettings>
    <resolutions>
        <resolution>
            <description>1920x1080@ 60.00 - Full Screen</description>
            <subtitles>1042</subtitles>
            <pixelratio>1.000000</pixelratio>
            <refreshrate>60.000000</refreshrate>
            <output>HDMI1</output>
            <xrandrid>0x4a</xrandrid>
            <overscan>
                <left>0</left>
                <top>0</top>
                <right>1920</right>
                <bottom>1080</bottom>
            </overscan>
        </resolution>
        <resolution>
            <description>HDMI1: 1920x1080 @ 60.00Hz</description>
            <subtitles>1042</subtitles>
            <pixelratio>0.902778</pixelratio>
            <refreshrate>60.000000</refreshrate>
            <output>HDMI1</output>
            <xrandrid>0x4a</xrandrid>
            <overscan>
                <left>0</left>
                <top>0</top>
                <right>1920</right>
                <bottom>1080</bottom>
            </overscan>
        </resolution>
        <resolution>
            <description>HDMI1: 1920x1080 @ 50.00Hz</description>
            <subtitles>1042</subtitles>
            <pixelratio>0.902778</pixelratio>
            <refreshrate>50.000000</refreshrate>
            <output>HDMI1</output>
            <xrandrid>0xab</xrandrid>
            <overscan>
                <left>0</left>
                <top>0</top>
                <right>1920</right>
                <bottom>1080</bottom>
            </overscan>
        </resolution>
        <resolution>
            <description>HDMI1: 1920x1080 @ 59.94Hz</description>
            <subtitles>1042</subtitles>
            <pixelratio>0.902778</pixelratio>
            <refreshrate>59.940201</refreshrate>
            <output>HDMI1</output>
            <xrandrid>0xac</xrandrid>
            <overscan>
                <left>0</left>
                <top>0</top>
                <right>1920</right>
                <bottom>1080</bottom>
            </overscan>
        </resolution>
        <resolution>
            <description>HDMI1: 1920x1080 @ 30.00Hz</description>
            <subtitles>1042</subtitles>
            <pixelratio>0.902778</pixelratio>
            <refreshrate>30.000000</refreshrate>
            <output>HDMI1</output>
            <xrandrid>0xaf</xrandrid>
            <overscan>
                <left>0</left>
                <top>0</top>
                <right>1920</right>
                <bottom>1080</bottom>
            </overscan>
        </resolution>
        <resolution>
            <description>HDMI1: 1920x1080 @ 24.00Hz</description>
            <subtitles>1042</subtitles>
            <pixelratio>0.902778</pixelratio>
            <refreshrate>24.000000</refreshrate>
            <output>HDMI1</output>
            <xrandrid>0xb0</xrandrid>
            <overscan>
                <left>0</left>
                <top>0</top>
                <right>1920</right>
                <bottom>1080</bottom>
            </overscan>
        </resolution>
        <resolution>
            <description>HDMI1: 1920x1080 @ 29.97Hz</description>
            <subtitles>1042</subtitles>
            <pixelratio>0.902778</pixelratio>
            <refreshrate>29.970100</refreshrate>
            <output>HDMI1</output>
            <xrandrid>0xb2</xrandrid>
            <overscan>
                <left>0</left>
                <top>0</top>
                <right>1920</right>
                <bottom>1080</bottom>
            </overscan>
        </resolution>
        <resolution>
            <description>HDMI1: 1920x1080 @ 23.98Hz</description>
            <subtitles>1042</subtitles>
            <pixelratio>0.902778</pixelratio>
            <refreshrate>23.976080</refreshrate>
            <output>HDMI1</output>
            <xrandrid>0xb3</xrandrid>
            <overscan>
                <left>0</left>
                <top>0</top>
                <right>1920</right>
                <bottom>1080</bottom>
            </overscan>
        </resolution>
        <resolution>
            <description>HDMI1: 1920x1080i @ 30.00Hz</description>
            <subtitles>1042</subtitles>
            <pixelratio>0.902778</pixelratio>
            <refreshrate>30.000000</refreshrate>
            <output>HDMI1</output>
            <xrandrid>0xad</xrandrid>
            <overscan>
                <left>0</left>
                <top>0</top>
                <right>1920</right>
                <bottom>1080</bottom>
            </overscan>
        </resolution>
        <resolution>
            <description>HDMI1: 1920x1080i @ 25.00Hz</description>
            <subtitles>1042</subtitles>
            <pixelratio>0.902778</pixelratio>
            <refreshrate>25.000000</refreshrate>
            <output>HDMI1</output>
            <xrandrid>0xae</xrandrid>
            <overscan>
                <left>0</left>
                <top>0</top>
                <right>1920</right>
                <bottom>1080</bottom>
            </overscan>
        </resolution>
        <resolution>
            <description>HDMI1: 1920x1080i @ 29.97Hz</description>
            <subtitles>1042</subtitles>
            <pixelratio>0.902778</pixelratio>
            <refreshrate>29.970100</refreshrate>
            <output>HDMI1</output>
            <xrandrid>0xb1</xrandrid>
            <overscan>
                <left>0</left>
                <top>0</top>
                <right>1920</right>
                <bottom>1080</bottom>
            </overscan>
        </resolution>
        <resolution>
            <description>HDMI1: 1280x1024 @ 60.02Hz</description>
            <subtitles>988</subtitles>
            <pixelratio>1.283951</pixelratio>
            <refreshrate>60.019741</refreshrate>
            <output>HDMI1</output>
            <xrandrid>0xb4</xrandrid>
            <overscan>
                <left>0</left>
                <top>0</top>
                <right>1280</right>
                <bottom>1024</bottom>
            </overscan>
        </resolution>
        <resolution>
            <description>HDMI1: 1360x768 @ 59.80Hz</description>
            <subtitles>741</subtitles>
            <pixelratio>0.906318</pixelratio>
            <refreshrate>59.798988</refreshrate>
            <output>HDMI1</output>
            <xrandrid>0xb5</xrandrid>
            <overscan>
                <left>0</left>
                <top>0</top>
                <right>1360</right>
                <bottom>768</bottom>
            </overscan>
        </resolution>
        <resolution>
            <description>HDMI1: 1280x720 @ 59.65Hz</description>
            <subtitles>694</subtitles>
            <pixelratio>0.902778</pixelratio>
            <refreshrate>59.654270</refreshrate>
            <output>HDMI1</output>
            <xrandrid>0xb6</xrandrid>
            <overscan>
                <left>0</left>
                <top>0</top>
                <right>1280</right>
                <bottom>720</bottom>
            </overscan>
        </resolution>
        <resolution>
            <description>HDMI1: 1280x720 @ 60.00Hz</description>
            <subtitles>694</subtitles>
            <pixelratio>0.902778</pixelratio>
            <refreshrate>60.000000</refreshrate>
            <output>HDMI1</output>
            <xrandrid>0xb7</xrandrid>
            <overscan>
                <left>0</left>
                <top>0</top>
                <right>1280</right>
                <bottom>720</bottom>
            </overscan>
        </resolution>
        <resolution>
            <description>HDMI1: 1280x720 @ 50.00Hz</description>
            <subtitles>694</subtitles>
            <pixelratio>0.902778</pixelratio>
            <refreshrate>50.000000</refreshrate>
            <output>HDMI1</output>
            <xrandrid>0xb8</xrandrid>
            <overscan>
                <left>0</left>
                <top>0</top>
                <right>1280</right>
                <bottom>720</bottom>
            </overscan>
        </resolution>
        <resolution>
            <description>HDMI1: 1280x720 @ 59.94Hz</description>
            <subtitles>694</subtitles>
            <pixelratio>0.902778</pixelratio>
            <refreshrate>59.940201</refreshrate>
            <output>HDMI1</output>
            <xrandrid>0xb9</xrandrid>
            <overscan>
                <left>0</left>
                <top>0</top>
                <right>1280</right>
                <bottom>720</bottom>
            </overscan>
        </resolution>
        <resolution>
            <description>HDMI1: 1440x576i @ 25.00Hz</description>
            <subtitles>555</subtitles>
            <pixelratio>0.641975</pixelratio>
            <refreshrate>25.000000</refreshrate>
            <output>HDMI1</output>
            <xrandrid>0xba</xrandrid>
            <overscan>
                <left>0</left>
                <top>0</top>
                <right>1440</right>
                <bottom>576</bottom>
            </overscan>
        </resolution>
        <resolution>
            <description>HDMI1: 1024x768 @ 60.00Hz</description>
            <subtitles>741</subtitles>
            <pixelratio>1.203704</pixelratio>
            <refreshrate>60.003841</refreshrate>
            <output>HDMI1</output>
            <xrandrid>0xbb</xrandrid>
            <overscan>
                <left>0</left>
                <top>0</top>
                <right>1024</right>
                <bottom>768</bottom>
            </overscan>
        </resolution>
        <resolution>
            <description>HDMI1: 1440x480i @ 30.00Hz</description>
            <subtitles>463</subtitles>
            <pixelratio>0.534979</pixelratio>
            <refreshrate>30.000000</refreshrate>
            <output>HDMI1</output>
            <xrandrid>0xbc</xrandrid>
            <overscan>
                <left>0</left>
                <top>0</top>
                <right>1440</right>
                <bottom>480</bottom>
            </overscan>
        </resolution>
        <resolution>
            <description>HDMI1: 1440x480i @ 29.97Hz</description>
            <subtitles>463</subtitles>
            <pixelratio>0.534979</pixelratio>
            <refreshrate>29.970030</refreshrate>
            <output>HDMI1</output>
            <xrandrid>0xbe</xrandrid>
            <overscan>
                <left>0</left>
                <top>0</top>
                <right>1440</right>
                <bottom>480</bottom>
            </overscan>
        </resolution>
        <resolution>
            <description>HDMI1: 800x600 @ 60.32Hz</description>
            <subtitles>579</subtitles>
            <pixelratio>1.203704</pixelratio>
            <refreshrate>60.316540</refreshrate>
            <output>HDMI1</output>
            <xrandrid>0xbf</xrandrid>
            <overscan>
                <left>0</left>
                <top>0</top>
                <right>800</right>
                <bottom>600</bottom>
            </overscan>
        </resolution>
        <resolution>
            <description>HDMI1: 720x576 @ 50.00Hz</description>
            <subtitles>555</subtitles>
            <pixelratio>1.283951</pixelratio>
            <refreshrate>50.000000</refreshrate>
            <output>HDMI1</output>
            <xrandrid>0xc0</xrandrid>
            <overscan>
                <left>0</left>
                <top>0</top>
                <right>720</right>
                <bottom>576</bottom>
            </overscan>
        </resolution>
        <resolution>
            <description>HDMI1: 720x480 @ 60.00Hz</description>
            <subtitles>463</subtitles>
            <pixelratio>1.069959</pixelratio>
            <refreshrate>60.000000</refreshrate>
            <output>HDMI1</output>
            <xrandrid>0xc1</xrandrid>
            <overscan>
                <left>0</left>
                <top>0</top>
                <right>720</right>
                <bottom>480</bottom>
            </overscan>
        </resolution>
        <resolution>
            <description>HDMI1: 720x480 @ 59.94Hz</description>
            <subtitles>463</subtitles>
            <pixelratio>1.069959</pixelratio>
            <refreshrate>59.940060</refreshrate>
            <output>HDMI1</output>
            <xrandrid>0xc2</xrandrid>
            <overscan>
                <left>0</left>
                <top>0</top>
                <right>720</right>
                <bottom>480</bottom>
            </overscan>
        </resolution>
        <resolution>
            <description>HDMI1: 640x480 @ 60.00Hz</description>
            <subtitles>463</subtitles>
            <pixelratio>1.203704</pixelratio>
            <refreshrate>60.000000</refreshrate>
            <output>HDMI1</output>
            <xrandrid>0xc3</xrandrid>
            <overscan>
                <left>0</left>
                <top>0</top>
                <right>640</right>
                <bottom>480</bottom>
            </overscan>
        </resolution>
        <resolution>
            <description>HDMI1: 640x480 @ 59.94Hz</description>
            <subtitles>463</subtitles>
            <pixelratio>1.203704</pixelratio>
            <refreshrate>59.940479</refreshrate>
            <output>HDMI1</output>
            <xrandrid>0xc4</xrandrid>
            <overscan>
                <left>0</left>
                <top>0</top>
                <right>640</right>
                <bottom>480</bottom>
            </overscan>
        </resolution>
    </resolutions>
    <defaultvideosettings>
        <deinterlacemode>1</deinterlacemode>
        <interlacemethod>1</interlacemethod>
        <scalingmethod>13</scalingmethod>
        <noisereduction>0.000000</noisereduction>
        <postprocess>false</postprocess>
        <sharpness>0.000000</sharpness>
        <viewmode>4</viewmode>
        <zoomamount>1.000000</zoomamount>
        <pixelratio>0.998376</pixelratio>
        <verticalshift>0.000000</verticalshift>
        <volumeamplification>0.000000</volumeamplification>
        <outputtoallspeakers>false</outputtoallspeakers>
        <showsubtitles>true</showsubtitles>
        <brightness>50.000000</brightness>
        <contrast>50.000000</contrast>
        <gamma>20.000000</gamma>
        <audiodelay>0.000000</audiodelay>
        <subtitledelay>0.000000</subtitledelay>
        <autocrop>false</autocrop>
        <nonlinstretch>false</nonlinstretch>
        <stereomode>2</stereomode>
    </defaultvideosettings>
    <viewstates>
        <musicfiles>
            <viewmode>720896</viewmode>
            <sortmethod>1</sortmethod>
            <sortorder>1</sortorder>
            <sortattributes>0</sortattributes>
        </musicfiles>
        <musiclastfm>
            <viewmode>65536</viewmode>
            <sortmethod>1</sortmethod>
            <sortorder>1</sortorder>
            <sortattributes>0</sortattributes>
        </musiclastfm>
        <musicnavalbums>
            <viewmode>65536</viewmode>
            <sortmethod>1</sortmethod>
            <sortorder>1</sortorder>
            <sortattributes>0</sortattributes>
        </musicnavalbums>
        <musicnavartists>
            <viewmode>65536</viewmode>
            <sortmethod>1</sortmethod>
            <sortorder>1</sortorder>
            <sortattributes>0</sortattributes>
        </musicnavartists>
        <musicnavsongs>
            <viewmode>65536</viewmode>
            <sortmethod>1</sortmethod>
            <sortorder>1</sortorder>
            <sortattributes>0</sortattributes>
        </musicnavsongs>
        <pictures>
            <viewmode>131122</viewmode>
            <sortmethod>2</sortmethod>
            <sortorder>2</sortorder>
            <sortattributes>0</sortattributes>
        </pictures>
        <programs>
            <viewmode>720896</viewmode>
            <sortmethod>1</sortmethod>
            <sortorder>1</sortorder>
            <sortattributes>0</sortattributes>
        </programs>
        <videofiles>
            <viewmode>131130</viewmode>
            <sortmethod>2</sortmethod>
            <sortorder>2</sortorder>
            <sortattributes>0</sortattributes>
        </videofiles>
        <videonavactors>
            <viewmode>131130</viewmode>
            <sortmethod>1</sortmethod>
            <sortorder>1</sortorder>
            <sortattributes>0</sortattributes>
        </videonavactors>
        <videonavepisodes>
            <viewmode>131129</viewmode>
            <sortmethod>21</sortmethod>
            <sortorder>1</sortorder>
            <sortattributes>0</sortattributes>
        </videonavepisodes>
        <videonavgenres>
            <viewmode>131122</viewmode>
            <sortmethod>1</sortmethod>
            <sortorder>1</sortorder>
            <sortattributes>0</sortattributes>
        </videonavgenres>
        <videonavmusicvideos>
            <viewmode>65536</viewmode>
            <sortmethod>1</sortmethod>
            <sortorder>1</sortorder>
            <sortattributes>0</sortattributes>
        </videonavmusicvideos>
        <videonavseasons>
            <viewmode>131129</viewmode>
            <sortmethod>27</sortmethod>
            <sortorder>1</sortorder>
            <sortattributes>0</sortattributes>
        </videonavseasons>
        <videonavtitles>
            <viewmode>131129</viewmode>
            <sortmethod>27</sortmethod>
            <sortorder>1</sortorder>
            <sortattributes>1</sortattributes>
        </videonavtitles>
        <videonavtvshows>
            <viewmode>131129</viewmode>
            <sortmethod>27</sortmethod>
            <sortorder>1</sortorder>
            <sortattributes>1</sortattributes>
        </videonavtvshows>
        <videonavyears>
            <viewmode>65536</viewmode>
            <sortmethod>1</sortmethod>
            <sortorder>1</sortorder>
            <sortattributes>0</sortattributes>
        </videonavyears>
    </viewstates>
    <audio>
        <mute>false</mute>
        <fvolumelevel>0.700000</fvolumelevel>
    </audio>
</settings>
