<sources>
    <programs>
        <default pathversion="1"></default>
    </programs>
    <video>
        <default pathversion="1"></default>
        <source>
            <name>ספריית וידאו</name>
            <path pathversion="1">special://userdata/myHTPT/</path>
            <allowsharing>true</allowsharing>
        </source>
		<source>
            <name>ספריית וידאו 2</name>
            <path pathversion="1">var/media/myHTPT2/</path>
            <allowsharing>true</allowsharing>
        </source>
    </video>
    <music>
        <default pathversion="1"></default>
        <source>
            <name>ספריית מוזיקה</name>
            <path pathversion="1">special://userdata/myHTPT/music/</path>
            <allowsharing>true</allowsharing>
        </source>
		<source>
            <name>ספריית מוזיקה 2</name>
            <path pathversion="1">/var/media/myHTPT2/music/</path>
            <allowsharing>true</allowsharing>
        </source>
        <!--<source>
            <name>ספרייה</name>
            <path pathversion="1">special://userdata/myHTPT/</path>
            <allowsharing>true</allowsharing>
        </source>-->
    </music>
    <pictures>
        <default pathversion="1"></default>
		<source>
			<name>ספריית תמונות</name>
            <path pathversion="1">special://userdata/myHTPT/pictures/</path>
            <allowsharing>true</allowsharing>
		</source>
		<source>
			<name>ספריית תמונות 2</name>
            <path pathversion="1">/var/media/myHTPT2/pictures/</path>
            <allowsharing>true</allowsharing>
		</source>
    </pictures>
    <files>
        <default pathversion="1"></default>
        <source>
            <name>!fusion.xbmchub.com</name>
            <path pathversion="1">http://fusion.xbmchub.com/</path>
            <allowsharing>true</allowsharing>
        </source>
        <source>
            <name>!xfinity.xunitytalk.com</name>
            <path pathversion="1">http://xfinity.xunitytalk.com/</path>
            <allowsharing>true</allowsharing>
        </source>
        <source>
            <name>!SuperRepo</name>
            <path pathversion="1">http://srp.nu/</path>
            <allowsharing>true</allowsharing>
        </source>		
        <source>
            <name>ספרייה</name>
            <path pathversion="1">special://userdata/myHTPT/</path>
            <allowsharing>true</allowsharing>
        </source>
		<source>
            <name>ספרייה 2</name>
            <path pathversion="1">/var/media/myHTPT2/</path>
            <allowsharing>true</allowsharing>
        </source>
    </files>
</sources>
