
<keymap>
	<global>
		<keyboard>
			<!--<Delete mod="ctrl,alt">reboot</Delete>-->
			<b description="ActivateWindow(TVTimers)">noop</b>
			<d mod="ctrl,shift" description="מצב מומחה">Skin.ToggleSetting(Admin)</d>
			<e>noop</e>
			<f>noop</f>
			<f mod="ctrl,shift" description="הגדרות כפתורי בית">Skin.ToggleSetting(Performance)</f>
			<k mod="ctrl,shift" description="">Action(reloadkeymaps)</k>
			<k mod="ctrl,alt" description="">Action(reloadkeymaps)</k>
			<!--<l mod="ctrl">activatewindow(1117)</l>-->
			<l mod="ctrl,shift" description="עיצוב חלון בית">activatewindow(1117)</l>
			<p mod="ctrl,shift" description="containerfolderpath">RunScript(special://skin/specials/scripts/admincontainerfolderpath.py)</p>
			<q description="Queue">noop</q>
			<!--<q mod="ctrl">RestartApp</q>-->
			<q mod="ctrl,shift" description="אתחול מהיר">RestartApp</q>
			<r description="Rewind">noop</r>
			<r mod="ctrl,alt" description="אתחול סקין">ReloadSkin(skin.HTPT)</r>
			<r mod="ctrl,shift" description="אתחול סקין">ReloadSkin(skin.HTPT)</r>
			<s>noop</s>
			<s mod="ctrl,shift" description="הגדרות מעטפת">activatewindow(skinsettings)</s>
			<s mod="ctrl,alt" description="הגדרות מעטפת">activatewindow(skinsettings)</s>
			<w mod="ctrl,shift" description="הגדרות כפתורי בית">activatewindow(1131)</w>
			<w mod="ctrl,alt" description="הגדרות כפתורי בית">activatewindow(1131)</w>
			<x>noop</x>
			<z>noop</z>
		</keyboard>
	</global>
	<FullscreenVideo>
		<keyboard>
			<j>SubtitleDelayMinus</j>
			<k>SubtitleDelayPlus</k>
		</keyboard>
	</FullscreenVideo>
	<FullscreenLiveTV>
      <keyboard>
        <left description="PreviousChannelGroup">noop</left>
        <right description="NextChannelGroup">noop</right>
        <up description="ChannelUp">noop</up>
        <down description="ChannelDown">noop</down>
      </keyboard>
    </FullscreenLiveTV>
</keymap>