<?xml version="1.0" encoding="utf-8"?>
<includes>
	<include name="MultiGenreFlag">
		<width>100</width>
		<height>50</height>
		<align>left</align>
		<aspectratio aligny="bottom">keep</aspectratio>
		<fadetime>400</fadetime>
	</include>
	<include name="GenreTextPlace">
		<align>center</align>
		<posx>0</posx>
		<!--<width>100</width>-->
		<width min="100" max="140">auto</width>
		<height>30</height>
		<font>size18</font>
		<textcolor>White</textcolor>
	</include>
	<include name="GenreTextPlace2">
		<align>left</align>
		<width>auto</width>
		<height>30</height>
		<font>size28</font>
		<textcolor>White2</textcolor>
	</include>
	<include name="MultiVideoGenreFlagging">
		<control type="image">
			<include>MultiGenreFlag</include>
			<texture>badges/genre/Action.png</texture>
			<visible>SubString(ListItem.Genre,$LOCALIZE[31600]) | SubString(ListItem.Genre,Action) | SubString(Skin.String(ListItemGenre),Action) | [Window.IsActive(DialogFullScreenInfo.xml) + [SubString(VideoPlayer.Genre,$LOCALIZE[31600]) | SubString(VideoPlayer.Genre,Action)]]</visible>
		</control>
		<control type="image">
			<include>MultiGenreFlag</include>
			<texture>badges/genre/Adventure.png</texture>
			<visible>SubString(ListItem.Genre,$LOCALIZE[31601]) | SubString(ListItem.Genre,Adventure) | SubString(Skin.String(ListItemGenre),Adventure) | [Window.IsActive(DialogFullScreenInfo.xml) + [SubString(VideoPlayer.Genre,$LOCALIZE[31601]) | SubString(VideoPlayer.Genre,Adventure)]]</visible>
		</control>
		<control type="image" description="אנימציה">
			<include>MultiGenreFlag</include>
			<texture>badges/genre/Animation.png</texture>
			<visible>SubString(ListItem.Genre,$LOCALIZE[31602]) | SubString(ListItem.Genre,Animation) | SubString(Skin.String(ListItemGenre),Animation) | [Window.IsActive(DialogFullScreenInfo.xml) + [SubString(VideoPlayer.Genre,$LOCALIZE[31602]) | SubString(VideoPlayer.Genre,Animation)]]</visible>
			<visible>[!Window.IsActive(DialogFullScreenInfo.xml) + !SubString(ListItem.Genre,$LOCALIZE[31653]) + !SubString(ListItem.Genre,Film & Animation)] | [Window.IsActive(DialogFullScreenInfo.xml) + !SubString(VideoPlayer.Genre,$LOCALIZE[31653]) + !SubString(VideoPlayer.Genre,Film & Animation)]</visible>
		</control>
		<control type="image">
			<include>MultiGenreFlag</include>
			<texture>badges/genre/Biography.png</texture>
			<visible>SubString(ListItem.Genre,$LOCALIZE[31603]) | SubString(ListItem.Genre,Biography) | SubString(Skin.String(ListItemGenre),Biography) | [Window.IsActive(DialogFullScreenInfo.xml) + [SubString(VideoPlayer.Genre,$LOCALIZE[31603]) | SubString(VideoPlayer.Genre,Biography)]]</visible>
		</control>
		<control type="image">
			<include>MultiGenreFlag</include>
			<texture>badges/genre/Children.png</texture>
			<visible>SubString(ListItem.Genre,$LOCALIZE[31604]) | SubString(ListItem.Genre,Children) | SubString(Skin.String(ListItemGenre),Children) | [Window.IsActive(DialogFullScreenInfo.xml) + [SubString(VideoPlayer.Genre,$LOCALIZE[31604]) | SubString(VideoPlayer.Genre,Children)]]</visible>
		</control>
		<control type="image">
			<include>MultiGenreFlag</include>
			<texture>badges/genre/Comedy.png</texture>
			<visible>SubString(ListItem.Genre,$LOCALIZE[31605]) | SubString(ListItem.Genre,Comedy) | SubString(Skin.String(ListItemGenre),Comedy) | [Window.IsActive(DialogFullScreenInfo.xml) + [SubString(VideoPlayer.Genre,$LOCALIZE[31605]) | SubString(VideoPlayer.Genre,Comedy)]]</visible>
		</control>
		<control type="image">
			<include>MultiGenreFlag</include>
			<texture>badges/genre/Crime.png</texture>
			<visible>SubString(ListItem.Genre,$LOCALIZE[31606]) | SubString(ListItem.Genre,Crime) | SubString(Skin.String(ListItemGenre),Crime) | [Window.IsActive(DialogFullScreenInfo.xml) + [SubString(VideoPlayer.Genre,$LOCALIZE[31606]) | SubString(VideoPlayer.Genre,Crime)]]</visible>
		</control>
		<control type="image">
			<include>MultiGenreFlag</include>
			<texture>badges/genre/Disaster.png</texture>
			<visible>SubString(ListItem.Genre,$LOCALIZE[31607]) | SubString(ListItem.Genre,Disaster) | SubString(Skin.String(ListItemGenre),Disaster) | [Window.IsActive(DialogFullScreenInfo.xml) + [SubString(VideoPlayer.Genre,$LOCALIZE[31607]) | SubString(VideoPlayer.Genre,Disaster)]]</visible>
		</control>
		<control type="image">
			<include>MultiGenreFlag</include>
			<texture>badges/genre/Document.png</texture>
			<visible>SubString(ListItem.Genre,$LOCALIZE[31608]) | SubString(ListItem.Genre,Document) | SubString(Skin.String(ListItemGenre),Document) | [Window.IsActive(DialogFullScreenInfo.xml) + [SubString(VideoPlayer.Genre,$LOCALIZE[31608]) | SubString(VideoPlayer.Genre,Document)]]</visible>
		</control>
		<control type="image">
			<include>MultiGenreFlag</include>
			<texture>badges/genre/Drama.png</texture>
			<visible>SubString(ListItem.Genre,$LOCALIZE[31609]) | SubString(ListItem.Genre,Drama) | SubString(Skin.String(ListItemGenre),Drama) | [Window.IsActive(DialogFullScreenInfo.xml) + [SubString(VideoPlayer.Genre,$LOCALIZE[31609]) | SubString(VideoPlayer.Genre,Drama)]]</visible>
		</control>
		<control type="image">
			<include>MultiGenreFlag</include>
			<texture>badges/genre/Family.png</texture>
			<visible>SubString(ListItem.Genre,$LOCALIZE[31610]) | SubString(ListItem.Genre,Family) | SubString(Skin.String(ListItemGenre),Family) | [Window.IsActive(DialogFullScreenInfo.xml) + [SubString(VideoPlayer.Genre,$LOCALIZE[31610]) | SubString(VideoPlayer.Genre,Family)]]</visible>
		</control>
		<control type="image">
			<include>MultiGenreFlag</include>
			<texture>badges/genre/Fantasy.png</texture>
			<visible>SubString(ListItem.Genre,$LOCALIZE[31611]) | SubString(ListItem.Genre,Fantasy) | SubString(Skin.String(ListItemGenre),Fantasy) | [Window.IsActive(DialogFullScreenInfo.xml) + [SubString(VideoPlayer.Genre,$LOCALIZE[31611]) | SubString(VideoPlayer.Genre,Fantasy)]]</visible>
		</control>
		<control type="image">
			<include>MultiGenreFlag</include>
			<texture>badges/genre/History.png</texture>
			<visible>SubString(ListItem.Genre,$LOCALIZE[31612]) | SubString(ListItem.Genre,History) | SubString(Skin.String(ListItemGenre),History) | [Window.IsActive(DialogFullScreenInfo.xml) + [SubString(VideoPlayer.Genre,$LOCALIZE[31612]) | SubString(VideoPlayer.Genre,History)]]</visible>
		</control>
		<control type="image">
			<include>MultiGenreFlag</include>
			<texture>badges/genre/Holiday.png</texture>
			<visible>SubString(ListItem.Genre,$LOCALIZE[31613]) | SubString(ListItem.Genre,Holiday) | SubString(Skin.String(ListItemGenre),Holiday) | [Window.IsActive(DialogFullScreenInfo.xml) + [SubString(VideoPlayer.Genre,Christmas) | SubString(VideoPlayer.Genre,$LOCALIZE[31613]) | SubString(VideoPlayer.Genre,Holiday) | SubString(VideoPlayer.Genre,Christmas)]]</visible>
		</control>
		<control type="image">
			<include>MultiGenreFlag</include>
			<texture>badges/genre/Horror.png</texture>
			<visible>SubString(ListItem.Genre,$LOCALIZE[31614]) | SubString(ListItem.Genre,Horror) | SubString(Skin.String(ListItemGenre),Horror) | [Window.IsActive(DialogFullScreenInfo.xml) + [SubString(VideoPlayer.Genre,$LOCALIZE[31614]) | SubString(VideoPlayer.Genre,Horror)]]</visible>
		</control>
		<control type="image">
			<include>MultiGenreFlag</include>
			<texture>badges/genre/Indie.png</texture>
			<visible>SubString(ListItem.Genre,$LOCALIZE[31615]) | SubString(ListItem.Genre,Indie) | SubString(Skin.String(ListItemGenre),Indie) | [Window.IsActive(DialogFullScreenInfo.xml) + [SubString(VideoPlayer.Genre,$LOCALIZE[31615]) | SubString(VideoPlayer.Genre,Indie)]]</visible>
		</control>
		<control type="image">
			<include>MultiGenreFlag</include>
			<aspectratio aligny="bottom">keep</aspectratio>
			<texture>badges/genre/Musical.png</texture>
			<visible>SubString(ListItem.Genre,$LOCALIZE[31616]) | SubString(ListItem.Genre,Music) | SubString(Skin.String(ListItemGenre),Music) | [Window.IsActive(DialogFullScreenInfo.xml) + [SubString(VideoPlayer.Genre,$LOCALIZE[31616]) | SubString(VideoPlayer.Genre,Music)]]</visible>
		</control>
		<control type="image">
			<include>MultiGenreFlag</include>
			<texture>badges/genre/Mystery.png</texture>
			<visible>SubString(ListItem.Genre,$LOCALIZE[31617]) | SubString(ListItem.Genre,Mystery) | SubString(Skin.String(ListItemGenre),Mystery) | [Window.IsActive(DialogFullScreenInfo.xml) + [SubString(VideoPlayer.Genre,$LOCALIZE[31617]) | SubString(VideoPlayer.Genre,Mystery)]]</visible>
		</control>
		<control type="image">
			<include>MultiGenreFlag</include>
			<texture>badges/genre/Romance.png</texture>
			<visible>SubString(ListItem.Genre,$LOCALIZE[31618]) | SubString(ListItem.Genre,Romance) | SubString(Skin.String(ListItemGenre),Romance) | [Window.IsActive(DialogFullScreenInfo.xml) + [SubString(VideoPlayer.Genre,$LOCALIZE[31618]) | SubString(VideoPlayer.Genre,Romance)]]</visible>
		</control>
		<control type="image" description="מדע בדיוני">
			<include>MultiGenreFlag</include>
			<texture>badges/genre/Sci-Fi.png</texture>
			<visible>SubString(ListItem.Genre,$LOCALIZE[31619]) | SubString(ListItem.Genre,Science Fiction) | SubString(ListItem.Genre,Science-Fiction) | SubString(ListItem.Genre,Sci-Fi) | SubString(Skin.String(ListItemGenre),Science Fiction) | SubString(Skin.String(ListItemGenre),Science-Fiction) | SubString(Skin.String(ListItemGenre),Sci-Fi) | [Window.IsActive(DialogFullScreenInfo.xml) + [SubString(VideoPlayer.Genre,$LOCALIZE[31619]) | SubString(VideoPlayer.Genre,Science Fiction) | SubString(VideoPlayer.Genre,Science-Fiction) | SubString(VideoPlayer.Genre,Sci-Fi)]]</visible>
		</control>
		<control type="image">
			<include>MultiGenreFlag</include>
			<texture>badges/genre/Short.png</texture>
			<visible>SubString(ListItem.Genre,$LOCALIZE[31620]) | SubString(ListItem.Genre,Short) | SubString(Skin.String(ListItemGenre),Short) | [Window.IsActive(DialogFullScreenInfo.xml) + [SubString(VideoPlayer.Genre,$LOCALIZE[31620]) | SubString(VideoPlayer.Genre,Short)]]</visible>
		</control>
		<control type="image">
			<include>MultiGenreFlag</include>
			<texture>badges/genre/Sport.png</texture>
			<visible>SubString(ListItem.Genre,$LOCALIZE[31621]) | SubString(ListItem.Genre,Sport) | SubString(Skin.String(ListItemGenre),Sport) | [Window.IsActive(DialogFullScreenInfo.xml) + [SubString(VideoPlayer.Genre,$LOCALIZE[31621]) | SubString(VideoPlayer.Genre,Sport)]]</visible>
		</control>
		<control type="image">
			<include>MultiGenreFlag</include>
			<texture>badges/genre/Suspense.png</texture>
			<visible>SubString(ListItem.Genre,$LOCALIZE[31622]) | SubString(ListItem.Genre,Suspense) | SubString(Skin.String(ListItemGenre),Suspense) | [Window.IsActive(DialogFullScreenInfo.xml) + [SubString(VideoPlayer.Genre,$LOCALIZE[31622]) | SubString(VideoPlayer.Genre,Suspense)]]</visible>
		</control>
		<control type="image">
			<include>MultiGenreFlag</include>
			<texture>badges/genre/Thriller.png</texture>
			<visible>SubString(ListItem.Genre,$LOCALIZE[31623]) | SubString(ListItem.Genre,Thriller) | SubString(Skin.String(ListItemGenre),Thriller) | [Window.IsActive(DialogFullScreenInfo.xml) + [SubString(VideoPlayer.Genre,$LOCALIZE[31623]) | SubString(VideoPlayer.Genre,Thriller)]]</visible>
		</control>
		<control type="image">
			<include>MultiGenreFlag</include>
			<texture>badges/genre/War.png</texture>
			<visible>SubString(ListItem.Genre,$LOCALIZE[31624]) | SubString(ListItem.Genre,War) | SubString(Skin.String(ListItemGenre),War) | [Window.IsActive(DialogFullScreenInfo.xml) + [SubString(VideoPlayer.Genre,$LOCALIZE[31624]) | SubString(VideoPlayer.Genre,War)]]</visible>
		</control>
		<control type="image">
			<include>MultiGenreFlag</include>
			<texture>badges/genre/Western.png</texture>
			<visible>SubString(ListItem.Genre,$LOCALIZE[31625]) | SubString(ListItem.Genre,Western) | SubString(Skin.String(ListItemGenre),Western) | [Window.IsActive(DialogFullScreenInfo.xml) + [SubString(VideoPlayer.Genre,$LOCALIZE[31625]) | SubString(VideoPlayer.Genre,Western)]]</visible>
		</control>
		<control type="image" description="מדע וטכנולוגיה">
			<include>MultiGenreFlag</include>
			<texture>badges/genre/Technology.png</texture>
			<visible>SubString(ListItem.Genre,$LOCALIZE[31650]) | SubString(ListItem.Genre,$LOCALIZE[19630]) | SubString(ListItem.Genre,Technology) | [Window.IsActive(DialogFullScreenInfo.xml) + [SubString(VideoPlayer.Genre,$LOCALIZE[31650]) | SubString(VideoPlayer.Genre,$LOCALIZE[19630]) | SubString(VideoPlayer.Genre,Technology)]]</visible>
		</control>
		<control type="image" description="אנשים ובלוג">
			<include>MultiGenreFlag</include>
			<texture>badges/genre/People.png</texture>
			<visible>SubString(ListItem.Genre,$LOCALIZE[31651]) | SubString(ListItem.Genre,People) | SubString(ListItem.Genre,Blogs) | [Window.IsActive(DialogFullScreenInfo.xml) + [SubString(VideoPlayer.Genre,$LOCALIZE[31651]) | SubString(VideoPlayer.Genre,People) | SubString(VideoPlayer.Genre,Blogs)]]</visible>
		</control>
		<control type="image" description="בידור">
			<include>MultiGenreFlag</include>
			<texture>badges/genre/Entertainment.png</texture>
			<visible>SubString(ListItem.Genre,$LOCALIZE[31652]) | SubString(ListItem.Genre,Entertain) | [Window.IsActive(DialogFullScreenInfo.xml) + [SubString(VideoPlayer.Genre,$LOCALIZE[31652]) | SubString(VideoPlayer.Genre,Entertain)]]</visible>
		</control>
		<control type="image" description="וידאו ואנימציה">
			<include>MultiGenreFlag</include>
			<texture>badges/genre/Entertainment.png</texture>
			<visible>SubString(ListItem.Genre,$LOCALIZE[31653]) | SubString(ListItem.Genre,Film & Animation) | [Window.IsActive(DialogFullScreenInfo.xml) + [SubString(VideoPlayer.Genre,$LOCALIZE[31653]) | SubString(VideoPlayer.Genre,Film & Animation)]]</visible>
		</control>
		<control type="image" description="אוטו' ורכב">
			<include>MultiGenreFlag</include>
			<texture>badges/genre/Driving.png</texture>
			<visible>SubString(ListItem.Genre,$LOCALIZE[31654]) | SubString(ListItem.Genre,Autos & Vehicles) | [Window.IsActive(DialogFullScreenInfo.xml) + [SubString(VideoPlayer.Genre,$LOCALIZE[31654]) | SubString(VideoPlayer.Genre,Autos & Vehicles)]]</visible>
		</control>
		<control type="image" description="חדשות ופוליטיקה">
			<include>MultiGenreFlag</include>
			<texture>badges/genre/News.png</texture>
			<visible>SubString(ListItem.Genre,$LOCALIZE[31655]) | SubString(ListItem.Genre,News & Politics) | [Window.IsActive(DialogFullScreenInfo.xml) + [SubString(VideoPlayer.Genre,$LOCALIZE[31655]) | SubString(VideoPlayer.Genre,News & Politics)]]</visible>
		</control>
		<control type="image" description="השכלה">
			<include>MultiGenreFlag</include>
			<texture>badges/genre/Biography.png</texture>
			<visible>SubString(ListItem.Genre,$LOCALIZE[31656]) | SubString(ListItem.Genre,Education) | [Window.IsActive(DialogFullScreenInfo.xml) + [SubString(VideoPlayer.Genre,$LOCALIZE[31656]) | SubString(VideoPlayer.Genre,Education)]]</visible>
		</control>
		<control type="image" description="בעלי חיים">
			<include>MultiGenreFlag</include>
			<texture>badges/genre/Animals.png</texture>
			<visible>SubString(ListItem.Genre,$LOCALIZE[31657]) | SubString(ListItem.Genre,Pets & Animals) | [Window.IsActive(DialogFullScreenInfo.xml) + [SubString(VideoPlayer.Genre,$LOCALIZE[31657]) | SubString(VideoPlayer.Genre,Pets & Animals)]]</visible>
		</control>
		<control type="image" description="טיולים ואירועים">
			<include>MultiGenreFlag</include>
			<texture>badges/genre/Hang Gliding.png</texture>
			<visible>SubString(ListItem.Genre,$LOCALIZE[31658]) | SubString(ListItem.Genre,Travel & Events) | [Window.IsActive(DialogFullScreenInfo.xml) + [SubString(VideoPlayer.Genre,$LOCALIZE[31658]) | SubString(VideoPlayer.Genre,Travel & Events)]]</visible>
		</control>
		<control type="image" description="משחקים">
			<include>MultiGenreFlag</include>
			<texture>badges/genre/Platform.png</texture>
			<visible>SubString(ListItem.Genre,$LOCALIZE[15016]) | SubString(ListItem.Genre,Gaming) | [Window.IsActive(DialogFullScreenInfo.xml) + [SubString(VideoPlayer.Genre,$LOCALIZE[15016]) | SubString(VideoPlayer.Genre,Gaming)]]</visible>
		</control>
		<control type="image">
			<include>MultiGenreFlag</include>
			<texture>badges/genre/Driving.png</texture>
			<visible>SubString(ListItem.Genre,$LOCALIZE[31700]) | SubString(ListItem.Genre,Driving)</visible>
		</control>
		<control type="image">
			<include>MultiGenreFlag</include>
			<texture>badges/genre/Platform.png</texture>
			<visible>SubString(ListItem.Genre,$LOCALIZE[31701]) | SubString(ListItem.Genre,Platform)</visible>
		</control>
		<control type="image">
			<include>MultiGenreFlag</include>
			<texture>badges/genre/Run Jump.png</texture>
			<visible>SubString(ListItem.Genre,$LOCALIZE[31702]) | SubString(ListItem.Genre,Run Jump)</visible>
		</control>
		<control type="image">
			<include>MultiGenreFlag</include>
			<texture>badges/genre/Maze.png</texture>
			<visible>SubString(ListItem.Genre,$LOCALIZE[31703]) | SubString(ListItem.Genre,Maze)</visible>
		</control>
		<control type="image">
			<include>MultiGenreFlag</include>
			<texture>badges/genre/Digging.png</texture>
			<visible>SubString(ListItem.Genre,$LOCALIZE[31704]) | SubString(ListItem.Genre,Digging)</visible>
		</control>
		<control type="image">
			<include>MultiGenreFlag</include>
			<texture>badges/genre/Fighter.png</texture>
			<visible>SubString(ListItem.Genre,$LOCALIZE[31705]) | SubString(ListItem.Genre,Fighter)</visible>
		</control>
		<control type="image">
			<include>MultiGenreFlag</include>
			<texture>badges/genre/Miscellaneous.png</texture>
			<visible>SubString(ListItem.Genre,$LOCALIZE[31706]) | SubString(ListItem.Genre,Miscellaneous) | SubString(ListItem.Genre,Misc.)</visible>
		</control>
		<control type="image">
			<include>MultiGenreFlag</include>
			<texture>badges/genre/Shooter.png</texture>
			<visible>SubString(ListItem.Genre,$LOCALIZE[31707]) | SubString(ListItem.Genre,Shooter)</visible>
		</control>
		<control type="image">
			<include>MultiGenreFlag</include>
			<texture>badges/genre/Puzzle.png</texture>
			<visible>SubString(ListItem.Genre,$LOCALIZE[31708]) | SubString(ListItem.Genre,Puzzle)</visible>
		</control>
		<control type="image">
			<include>MultiGenreFlag</include>
			<texture>badges/genre/Toss.png</texture>
			<visible>SubString(ListItem.Genre,$LOCALIZE[31709]) | SubString(ListItem.Genre,Toss)</visible>
		</control>
		<control type="image">
			<include>MultiGenreFlag</include>
			<texture>badges/genre/Hang Gliding.png</texture>
			<visible>SubString(ListItem.Genre,$LOCALIZE[31710]) | SubString(ListItem.Genre,Hang Gliding)</visible>
		</control>
		<control type="image">
			<include>MultiGenreFlag</include>
			<texture>badges/genre/1st Person.png</texture>
			<visible>SubString(ListItem.Genre,$LOCALIZE[31711]) | SubString(ListItem.Genre,1st Person)</visible>
		</control>
		<control type="image">
			<include>MultiGenreFlag</include>
			<texture>badges/genre/Gun.png</texture>
			<visible>SubString(ListItem.Genre,$LOCALIZE[31712]) | SubString(ListItem.Genre,Gun)</visible>
		</control>
		<control type="image">
			<include>MultiGenreFlag</include>
			<texture>badges/genre/Flying.png</texture>
			<visible>SubString(ListItem.Genre,$LOCALIZE[31713]) | SubString(ListItem.Genre,Flying Vertical)</visible>
		</control>
		<control type="image">
			<include>MultiGenreFlag</include>
			<texture>badges/genre/Flying.png</texture>
			<visible>SubString(ListItem.Genre,$LOCALIZE[31714]) | SubString(ListItem.Genre,Flying Horizontal)</visible>
		</control>
		<control type="image">
			<include>MultiGenreFlag</include>
			<texture>badges/genre/Versus.png</texture>
			<visible>SubString(ListItem.Genre,$LOCALIZE[31715]) | SubString(ListItem.Genre,Versus)</visible>
		</control>
		<control type="image">
			<include>MultiGenreFlag</include>
			<texture>badges/genre/Multiplay.png</texture>
			<visible>SubString(ListItem.Genre,$LOCALIZE[31716]) | SubString(ListItem.Genre,Multiplay)</visible>
		</control>
		<control type="image">
			<include>MultiGenreFlag</include>
			<texture>badges/genre/2.5D.png</texture>
			<visible>SubString(ListItem.Genre,$LOCALIZE[31717]) | SubString(ListItem.Genre,2.5D)</visible>
		</control>
		<control type="image">
			<include>MultiGenreFlag</include>
			<texture>badges/genre/Field.png</texture>
			<visible>SubString(ListItem.Genre,$LOCALIZE[31718]) | SubString(ListItem.Genre,Field)</visible>
		</control>
		<control type="image">
			<include>MultiGenreFlag</include>
			<texture>badges/genre/3rd Person.png</texture>
			<visible>SubString(ListItem.Genre,$LOCALIZE[31719]) | SubString(ListItem.Genre,3rd Person)</visible>
		</control>
		<control type="image">
			<include>MultiGenreFlag</include>
			<texture>badges/genre/Co-op.png</texture>
			<visible>SubString(ListItem.Genre,$LOCALIZE[31720]) | SubString(ListItem.Genre,Co-op)</visible>
		</control>
		<control type="image">
			<include>MultiGenreFlag</include>
			<texture>badges/genre/Golf.png</texture>
			<visible>SubString(ListItem.Genre,$LOCALIZE[31721]) | SubString(ListItem.Genre,Golf)</visible>
		</control>
		<control type="image">
			<include>MultiGenreFlag</include>
			<texture>badges/genre/Wrestling.png</texture>
			<visible>SubString(ListItem.Genre,$LOCALIZE[31722]) | SubString(ListItem.Genre,Wrestling)</visible>
		</control>
		<control type="image">
			<include>MultiGenreFlag</include>
			<texture>badges/genre/Hockey.png</texture>
			<visible>SubString(ListItem.Genre,$LOCALIZE[31723]) | SubString(ListItem.Genre,Hockey)</visible>
		</control>
		<control type="image">
			<include>MultiGenreFlag</include>
			<texture>badges/genre/Role-Playing.png</texture>
			<visible>SubString(ListItem.Genre,$LOCALIZE[31724]) | SubString(ListItem.Genre,Role-Playing)</visible>
		</control>
		<control type="image">
			<include>MultiGenreFlag</include>
			<texture>badges/genre/Simulation.png</texture>
			<visible>SubString(ListItem.Genre,$LOCALIZE[31725]) | SubString(ListItem.Genre,Simulation)</visible>
		</control>
		<control type="image">
			<include>MultiGenreFlag</include>
			<texture>badges/genre/Strategy.png</texture>
			<visible>SubString(ListItem.Genre,$LOCALIZE[31726]) | SubString(ListItem.Genre,Strategy)</visible>
		</control>
	</include>
	<include name="GenreText">
		<control type="label">
			<include condition="Skin.HasSetting(Genre)">GenreTextPlace</include>
			<include condition="!Skin.HasSetting(Genre)">GenreTextPlace2</include>
			<label>$LOCALIZE[31600]</label>
			<visible>SubString(ListItem.Genre,$LOCALIZE[31600]) | SubString(ListItem.Genre,Action) | SubString(Skin.String(ListItemGenre),Action) | [Window.IsActive(DialogFullScreenInfo.xml) + [SubString(VideoPlayer.Genre,$LOCALIZE[31600]) | SubString(VideoPlayer.Genre,Action)]]</visible>
		</control>
		<control type="label">
			<include condition="Skin.HasSetting(Genre)">GenreTextPlace</include>
			<include condition="!Skin.HasSetting(Genre)">GenreTextPlace2</include>
			<label>$LOCALIZE[31601]</label>
			<visible>SubString(ListItem.Genre,$LOCALIZE[31601]) | SubString(ListItem.Genre,Adventure) | SubString(Skin.String(ListItemGenre),Adventure) | [Window.IsActive(DialogFullScreenInfo.xml) + [SubString(VideoPlayer.Genre,$LOCALIZE[31601]) | SubString(VideoPlayer.Genre,Adventure)]]</visible>
		</control>
		<control type="label" description="אנימציה">
			<include condition="Skin.HasSetting(Genre)">GenreTextPlace</include>
			<include condition="!Skin.HasSetting(Genre)">GenreTextPlace2</include>
			<label>$LOCALIZE[31602]</label>
			<visible>SubString(ListItem.Genre,$LOCALIZE[31602]) | SubString(ListItem.Genre,Animation) | SubString(Skin.String(ListItemGenre),Animation) | [Window.IsActive(DialogFullScreenInfo.xml) + [SubString(VideoPlayer.Genre,$LOCALIZE[31602]) | SubString(VideoPlayer.Genre,Animation)]]</visible>
			<visible>[!Window.IsActive(DialogFullScreenInfo.xml) + !SubString(ListItem.Genre,$LOCALIZE[31653]) + !SubString(ListItem.Genre,Film & Animation)] | [Window.IsActive(DialogFullScreenInfo.xml) + !SubString(VideoPlayer.Genre,$LOCALIZE[31653]) + !SubString(VideoPlayer.Genre,Film & Animation)]</visible>
		</control>
		<control type="label">
			<include condition="Skin.HasSetting(Genre)">GenreTextPlace</include>
			<include condition="!Skin.HasSetting(Genre)">GenreTextPlace2</include>
			<label>$LOCALIZE[31603]</label>
			<visible>SubString(ListItem.Genre,$LOCALIZE[31603]) | SubString(ListItem.Genre,Biography) | SubString(Skin.String(ListItemGenre),Biography) | [Window.IsActive(DialogFullScreenInfo.xml) + [SubString(VideoPlayer.Genre,$LOCALIZE[31603]) | SubString(VideoPlayer.Genre,Biography)]]</visible>
		</control>
		<control type="label">
			<include condition="Skin.HasSetting(Genre)">GenreTextPlace</include>
			<include condition="!Skin.HasSetting(Genre)">GenreTextPlace2</include>
			<label>$LOCALIZE[31604]</label>
			<visible>SubString(ListItem.Genre,$LOCALIZE[31604]) | SubString(ListItem.Genre,Children) | SubString(Skin.String(ListItemGenre),Children) | [Window.IsActive(DialogFullScreenInfo.xml) + [SubString(VideoPlayer.Genre,$LOCALIZE[31604]) | SubString(VideoPlayer.Genre,Children)]]</visible>
		</control>
		<control type="label">
			<include condition="Skin.HasSetting(Genre)">GenreTextPlace</include>
			<label>$LOCALIZE[31605]</label>
			<visible>SubString(ListItem.Genre,$LOCALIZE[31605]) | SubString(ListItem.Genre,Comedy) | SubString(Skin.String(ListItemGenre),Comedy) | [Window.IsActive(DialogFullScreenInfo.xml) + [SubString(VideoPlayer.Genre,$LOCALIZE[31605]) | SubString(VideoPlayer.Genre,Comedy)]]</visible>
		</control>
		<control type="label">
			<include condition="Skin.HasSetting(Genre)">GenreTextPlace</include>
			<include condition="!Skin.HasSetting(Genre)">GenreTextPlace2</include>
			<label>$LOCALIZE[31606]</label>
			<visible>SubString(ListItem.Genre,$LOCALIZE[31606]) | SubString(ListItem.Genre,Crime) | SubString(Skin.String(ListItemGenre),Crime) | [Window.IsActive(DialogFullScreenInfo.xml) + [SubString(VideoPlayer.Genre,$LOCALIZE[31606]) | SubString(VideoPlayer.Genre,Crime)]]</visible>
		</control>
		<control type="label">
			<include condition="Skin.HasSetting(Genre)">GenreTextPlace</include>
			<include condition="!Skin.HasSetting(Genre)">GenreTextPlace2</include>
			<label>$LOCALIZE[31607]</label>
			<visible>SubString(ListItem.Genre,$LOCALIZE[31607]) | SubString(ListItem.Genre,Disaster) | SubString(Skin.String(ListItemGenre),Disaster) | [Window.IsActive(DialogFullScreenInfo.xml) + [SubString(VideoPlayer.Genre,$LOCALIZE[31607]) | SubString(VideoPlayer.Genre,Disaster)]]</visible>
		</control>
		<control type="label">
			<include condition="Skin.HasSetting(Genre)">GenreTextPlace</include>
			<include condition="!Skin.HasSetting(Genre)">GenreTextPlace2</include>
			<label>$LOCALIZE[31608]</label>
			<visible>SubString(ListItem.Genre,$LOCALIZE[31608]) | SubString(ListItem.Genre,Document) | SubString(Skin.String(ListItemGenre),Document) | [Window.IsActive(DialogFullScreenInfo.xml) + [SubString(VideoPlayer.Genre,$LOCALIZE[31608]) | SubString(VideoPlayer.Genre,Document)]]</visible>
		</control>
		<control type="label">
			<include condition="Skin.HasSetting(Genre)">GenreTextPlace</include>
			<include condition="!Skin.HasSetting(Genre)">GenreTextPlace2</include>
			<label>$LOCALIZE[31609]</label>
			<visible>SubString(ListItem.Genre,$LOCALIZE[31609]) | SubString(ListItem.Genre,Drama) | SubString(Skin.String(ListItemGenre),Drama) | [Window.IsActive(DialogFullScreenInfo.xml) + [SubString(VideoPlayer.Genre,$LOCALIZE[31609]) | SubString(VideoPlayer.Genre,Drama)]]</visible>
		</control>
		<control type="label">
			<include condition="Skin.HasSetting(Genre)">GenreTextPlace</include>
			<include condition="!Skin.HasSetting(Genre)">GenreTextPlace2</include>
			<label>$LOCALIZE[31610]</label>
			<visible>SubString(ListItem.Genre,$LOCALIZE[31610]) | SubString(ListItem.Genre,Family) | SubString(Skin.String(ListItemGenre),Family) | [Window.IsActive(DialogFullScreenInfo.xml) + [SubString(VideoPlayer.Genre,$LOCALIZE[31610]) | SubString(VideoPlayer.Genre,Family)]]</visible>
		</control>
		<control type="label">
			<include condition="Skin.HasSetting(Genre)">GenreTextPlace</include>
			<include condition="!Skin.HasSetting(Genre)">GenreTextPlace2</include>
			<label>$LOCALIZE[31611]</label>
			<visible>SubString(ListItem.Genre,$LOCALIZE[31611]) | SubString(ListItem.Genre,Fantasy) | SubString(Skin.String(ListItemGenre),Fantasy) | [Window.IsActive(DialogFullScreenInfo.xml) + [SubString(VideoPlayer.Genre,$LOCALIZE[31611]) | SubString(VideoPlayer.Genre,Fantasy)]]</visible>
		</control>
		<control type="label">
			<include condition="Skin.HasSetting(Genre)">GenreTextPlace</include>
			<include condition="!Skin.HasSetting(Genre)">GenreTextPlace2</include>
			<label>$LOCALIZE[31612]</label>
			<visible>SubString(ListItem.Genre,$LOCALIZE[31612]) | SubString(ListItem.Genre,History) | SubString(Skin.String(ListItemGenre),History) | [Window.IsActive(DialogFullScreenInfo.xml) + [SubString(VideoPlayer.Genre,$LOCALIZE[31612]) | SubString(VideoPlayer.Genre,History)]]</visible>
		</control>
		<control type="label">
			<include condition="Skin.HasSetting(Genre)">GenreTextPlace</include>
			<include condition="!Skin.HasSetting(Genre)">GenreTextPlace2</include>
			<label>$LOCALIZE[31614]</label>
			<visible>SubString(ListItem.Genre,$LOCALIZE[31613]) | SubString(ListItem.Genre,Holiday) | SubString(Skin.String(ListItemGenre),Holiday) | SubString(ListItem.Genre,Christmas) | [Window.IsActive(DialogFullScreenInfo.xml) + [SubString(VideoPlayer.Genre,$LOCALIZE[31613]) | SubString(VideoPlayer.Genre,Holiday) | SubString(VideoPlayer.Genre,Christmas)]]</visible>
		</control>
		<control type="label">
			<include condition="Skin.HasSetting(Genre)">GenreTextPlace</include>
			<include condition="!Skin.HasSetting(Genre)">GenreTextPlace2</include>
			<label>$LOCALIZE[31614]</label>
			<visible>SubString(ListItem.Genre,$LOCALIZE[31614]) | SubString(ListItem.Genre,Horror) | SubString(Skin.String(ListItemGenre),Horror) | [Window.IsActive(DialogFullScreenInfo.xml) + [SubString(VideoPlayer.Genre,$LOCALIZE[31614]) | SubString(VideoPlayer.Genre,Horror)]]</visible>
		</control>
		<control type="label">
			<include condition="Skin.HasSetting(Genre)">GenreTextPlace</include>
			<include condition="!Skin.HasSetting(Genre)">GenreTextPlace2</include>
			<label>$LOCALIZE[31615]</label>
			<visible>SubString(ListItem.Genre,$LOCALIZE[31615]) | SubString(ListItem.Genre,Indie) | SubString(Skin.String(ListItemGenre),Indie) | [Window.IsActive(DialogFullScreenInfo.xml) + [SubString(VideoPlayer.Genre,$LOCALIZE[31615]) | SubString(VideoPlayer.Genre,Indie)]]</visible>
		</control>
		<control type="label">
			<include condition="Skin.HasSetting(Genre)">GenreTextPlace</include>
			<include condition="!Skin.HasSetting(Genre)">GenreTextPlace2</include>
			<label>$LOCALIZE[31616]</label>
			<visible>SubString(ListItem.Genre,$LOCALIZE[31616]) | SubString(ListItem.Genre,Music) | SubString(Skin.String(ListItemGenre),Music) | [Window.IsActive(DialogFullScreenInfo.xml) + [SubString(VideoPlayer.Genre,$LOCALIZE[31616]) | SubString(VideoPlayer.Genre,Music)]]</visible>
		</control>
		<control type="label">
			<include condition="Skin.HasSetting(Genre)">GenreTextPlace</include>
			<include condition="!Skin.HasSetting(Genre)">GenreTextPlace2</include>
			<label>$LOCALIZE[31617]</label>
			<visible>SubString(ListItem.Genre,$LOCALIZE[31617]) | SubString(ListItem.Genre,Mystery) | SubString(Skin.String(ListItemGenre),Mystery) | [Window.IsActive(DialogFullScreenInfo.xml) + [SubString(VideoPlayer.Genre,$LOCALIZE[31617]) | SubString(VideoPlayer.Genre,Mystery)]]</visible>
		</control>
		<control type="label">
			<include condition="Skin.HasSetting(Genre)">GenreTextPlace</include>
			<include condition="!Skin.HasSetting(Genre)">GenreTextPlace2</include>
			<label>$LOCALIZE[31618]</label>
			<visible>SubString(ListItem.Genre,$LOCALIZE[31618]) | SubString(ListItem.Genre,Romance) | SubString(Skin.String(ListItemGenre),Romance) | [Window.IsActive(DialogFullScreenInfo.xml) + [SubString(VideoPlayer.Genre,$LOCALIZE[31618]) | SubString(VideoPlayer.Genre,Romance)]]</visible>
		</control>
		<control type="label" description="מדע בדיוני">
			<include condition="Skin.HasSetting(Genre)">GenreTextPlace</include>
			<include condition="!Skin.HasSetting(Genre)">GenreTextPlace2</include>
			<label>$LOCALIZE[31619]</label>
			<visible>SubString(ListItem.Genre,$LOCALIZE[31619]) | SubString(ListItem.Genre,Science Fiction) | SubString(ListItem.Genre,Science-Fiction) | SubString(ListItem.Genre,Sci-Fi) | SubString(Skin.String(ListItemGenre),Science Fiction) | SubString(Skin.String(ListItemGenre),Science-Fiction) | SubString(Skin.String(ListItemGenre),Sci-Fi) | [Window.IsActive(DialogFullScreenInfo.xml) + [SubString(VideoPlayer.Genre,$LOCALIZE[31619]) | SubString(VideoPlayer.Genre,Science Fiction) | SubString(VideoPlayer.Genre,Science-Fiction) | SubString(VideoPlayer.Genre,Sci-Fi)]]</visible>
		</control>
		<control type="label">
			<include condition="Skin.HasSetting(Genre)">GenreTextPlace</include>
			<include condition="!Skin.HasSetting(Genre)">GenreTextPlace2</include>
			<label>$LOCALIZE[31620]</label>
			<visible>SubString(ListItem.Genre,$LOCALIZE[31620]) | SubString(ListItem.Genre,Short) | SubString(Skin.String(ListItemGenre),Short) | [Window.IsActive(DialogFullScreenInfo.xml) + [SubString(VideoPlayer.Genre,$LOCALIZE[31620]) | SubString(VideoPlayer.Genre,Short)]]</visible>
		</control>
		<control type="label">
			<include condition="Skin.HasSetting(Genre)">GenreTextPlace</include>
			<include condition="!Skin.HasSetting(Genre)">GenreTextPlace2</include>
			<label>$LOCALIZE[31621]</label>
			<visible>SubString(ListItem.Genre,$LOCALIZE[31621]) | SubString(ListItem.Genre,Sport) | SubString(Skin.String(ListItemGenre),Sport) | [Window.IsActive(DialogFullScreenInfo.xml) + [SubString(VideoPlayer.Genre,$LOCALIZE[31621]) | SubString(VideoPlayer.Genre,Sport)]]</visible>
		</control>
		<control type="label">
			<include condition="Skin.HasSetting(Genre)">GenreTextPlace</include>
			<include condition="!Skin.HasSetting(Genre)">GenreTextPlace2</include>
			<label>$LOCALIZE[31622]</label>
			<visible>SubString(ListItem.Genre,$LOCALIZE[31622]) | SubString(ListItem.Genre,Suspense) | SubString(Skin.String(ListItemGenre),Suspense) | [Window.IsActive(DialogFullScreenInfo.xml) + [SubString(VideoPlayer.Genre,$LOCALIZE[31622]) | SubString(VideoPlayer.Genre,Suspense)]]</visible>
		</control>
		<control type="label">
			<include condition="Skin.HasSetting(Genre)">GenreTextPlace</include>
			<include condition="!Skin.HasSetting(Genre)">GenreTextPlace2</include>
			<label>$LOCALIZE[31623]</label>
			<visible>SubString(ListItem.Genre,$LOCALIZE[31623]) | SubString(ListItem.Genre,Thriller) | SubString(Skin.String(ListItemGenre),Thriller) | [Window.IsActive(DialogFullScreenInfo.xml) + [SubString(VideoPlayer.Genre,$LOCALIZE[31623]) | SubString(VideoPlayer.Genre,Thriller)]]</visible>
		</control>
		<control type="label">
			<include condition="Skin.HasSetting(Genre)">GenreTextPlace</include>
			<include condition="!Skin.HasSetting(Genre)">GenreTextPlace2</include>
			<label>$LOCALIZE[31624]</label>
			<visible>SubString(ListItem.Genre,$LOCALIZE[31624]) | SubString(ListItem.Genre,War) | SubString(Skin.String(ListItemGenre),War) | [Window.IsActive(DialogFullScreenInfo.xml) + [SubString(VideoPlayer.Genre,$LOCALIZE[31624]) | SubString(VideoPlayer.Genre,War)]]</visible>
		</control>
		<control type="label">
			<include condition="Skin.HasSetting(Genre)">GenreTextPlace</include>
			<include condition="!Skin.HasSetting(Genre)">GenreTextPlace2</include>
			<label>$LOCALIZE[31625]</label>
			<visible>SubString(ListItem.Genre,$LOCALIZE[31625]) | SubString(ListItem.Genre,Western) | SubString(Skin.String(ListItemGenre),Western) | [Window.IsActive(DialogFullScreenInfo.xml) + [SubString(VideoPlayer.Genre,$LOCALIZE[31625]) | SubString(VideoPlayer.Genre,Western)]]</visible>
		</control>
		<control type="label" description="מדע וטכנולוגיה">
			<include condition="Skin.HasSetting(Genre)">GenreTextPlace</include>
			<include condition="!Skin.HasSetting(Genre)">GenreTextPlace2</include>
			<label>$LOCALIZE[31650]</label>
			<visible>SubString(ListItem.Genre,$LOCALIZE[31650]) | SubString(ListItem.Genre,$LOCALIZE[19630]) | SubString(ListItem.Genre,Technology) | [Window.IsActive(DialogFullScreenInfo.xml) + [SubString(VideoPlayer.Genre,$LOCALIZE[31650]) | SubString(VideoPlayer.Genre,$LOCALIZE[19630]) | SubString(VideoPlayer.Genre,Technology)]]</visible>
		</control>
		<control type="label" description="אנשים ובלוג">
			<include condition="Skin.HasSetting(Genre)">GenreTextPlace</include>
			<include condition="!Skin.HasSetting(Genre)">GenreTextPlace2</include>
			<label>$LOCALIZE[31651]</label>
			<visible>SubString(ListItem.Genre,$LOCALIZE[31651]) | SubString(ListItem.Genre,People) | SubString(ListItem.Genre,Blogs) | [Window.IsActive(DialogFullScreenInfo.xml) + [SubString(VideoPlayer.Genre,$LOCALIZE[31651]) | SubString(VideoPlayer.Genre,People) | SubString(VideoPlayer.Genre,Blogs)]]</visible>
		</control>
		<control type="label" description="בידור">
			<include condition="Skin.HasSetting(Genre)">GenreTextPlace</include>
			<include condition="!Skin.HasSetting(Genre)">GenreTextPlace2</include>
			<label>$LOCALIZE[31652]</label>
			<visible>SubString(ListItem.Genre,$LOCALIZE[31652]) | SubString(ListItem.Genre,Entertain) | [Window.IsActive(DialogFullScreenInfo.xml) + [SubString(VideoPlayer.Genre,$LOCALIZE[31652]) | SubString(VideoPlayer.Genre,Entertain)]]</visible>
		</control>
		<control type="label" description="וידאו ואנימציה">
			<include condition="Skin.HasSetting(Genre)">GenreTextPlace</include>
			<include condition="!Skin.HasSetting(Genre)">GenreTextPlace2</include>
			<label>$LOCALIZE[31653]</label>
			<visible>SubString(ListItem.Genre,$LOCALIZE[31653]) | SubString(ListItem.Genre,Film & Animation) | [Window.IsActive(DialogFullScreenInfo.xml) + [SubString(VideoPlayer.Genre,$LOCALIZE[31653]) | SubString(VideoPlayer.Genre,Film & Animation)]]</visible>
		</control>
		<control type="label" description="אוטו' ורכב">
			<include condition="Skin.HasSetting(Genre)">GenreTextPlace</include>
			<include condition="!Skin.HasSetting(Genre)">GenreTextPlace2</include>
			<label>$LOCALIZE[31654]</label>
			<visible>SubString(ListItem.Genre,$LOCALIZE[31654]) | SubString(ListItem.Genre,Autos & Vehicles) | [Window.IsActive(DialogFullScreenInfo.xml) + [SubString(VideoPlayer.Genre,$LOCALIZE[31654]) | SubString(VideoPlayer.Genre,Autos & Vehicles)]]</visible>
		</control>
		<control type="label" description="חדשות ופוליטיקה">
			<include condition="Skin.HasSetting(Genre)">GenreTextPlace</include>
			<include condition="!Skin.HasSetting(Genre)">GenreTextPlace2</include>
			<label>$LOCALIZE[31655]</label>
			<visible>SubString(ListItem.Genre,$LOCALIZE[31655]) | SubString(ListItem.Genre,News & Politics) | [Window.IsActive(DialogFullScreenInfo.xml) + [SubString(VideoPlayer.Genre,$LOCALIZE[31655]) | SubString(VideoPlayer.Genre,News & Politics)]]</visible>
		</control>
		<control type="label" description="השכלה">
			<include condition="Skin.HasSetting(Genre)">GenreTextPlace</include>
			<include condition="!Skin.HasSetting(Genre)">GenreTextPlace2</include>
			<label>$LOCALIZE[31656]</label>
			<visible>SubString(ListItem.Genre,$LOCALIZE[31656]) | SubString(ListItem.Genre,Education) | [Window.IsActive(DialogFullScreenInfo.xml) + [SubString(VideoPlayer.Genre,$LOCALIZE[31656]) | SubString(VideoPlayer.Genre,Education)]]</visible>
		</control>
		<control type="label" description="בעלי חיים">
			<include condition="Skin.HasSetting(Genre)">GenreTextPlace</include>
			<include condition="!Skin.HasSetting(Genre)">GenreTextPlace2</include>
			<label>$LOCALIZE[31657]</label>
			<visible>SubString(ListItem.Genre,$LOCALIZE[31657]) | SubString(ListItem.Genre,Pets & Animals) | [Window.IsActive(DialogFullScreenInfo.xml) + [SubString(VideoPlayer.Genre,$LOCALIZE[31657]) | SubString(VideoPlayer.Genre,Pets & Animals)]]</visible>
		</control>
		<control type="label" description="טיולים ואירועים">
			<include condition="Skin.HasSetting(Genre)">GenreTextPlace</include>
			<include condition="!Skin.HasSetting(Genre)">GenreTextPlace2</include>
			<label>$LOCALIZE[31658]</label>
			<visible>SubString(ListItem.Genre,$LOCALIZE[31658]) | SubString(ListItem.Genre,Travel & Events) | [Window.IsActive(DialogFullScreenInfo.xml) + [SubString(VideoPlayer.Genre,$LOCALIZE[31658]) | SubString(VideoPlayer.Genre,Travel & Events)]]</visible>
		</control>
		<control type="label" description="משחקים">
			<include condition="Skin.HasSetting(Genre)">GenreTextPlace</include>
			<include condition="!Skin.HasSetting(Genre)">GenreTextPlace2</include>
			<label>$LOCALIZE[15016]</label>
			<visible>SubString(ListItem.Genre,$LOCALIZE[15016]) | SubString(ListItem.Genre,Gaming) | [Window.IsActive(DialogFullScreenInfo.xml) + [SubString(VideoPlayer.Genre,$LOCALIZE[15016]) | SubString(VideoPlayer.Genre,Gaming)]]</visible>
		</control>
		<control type="label">
			<include condition="Skin.HasSetting(Genre)">GenreTextPlace</include>
			<include condition="!Skin.HasSetting(Genre)">GenreTextPlace2</include>
			<label>$LOCALIZE[31700]</label>
			<visible>SubString(ListItem.Genre,$LOCALIZE[31700]) | SubString(ListItem.Genre,Driving) | SubString(ListItem.Genre,Race)</visible>
		</control>
		<control type="label">
			<include condition="Skin.HasSetting(Genre)">GenreTextPlace</include>
			<include condition="!Skin.HasSetting(Genre)">GenreTextPlace2</include>
			<label>$LOCALIZE[31701]</label>
			<visible>SubString(ListItem.Genre,$LOCALIZE[31701]) | SubString(ListItem.Genre,Platform)</visible>
		</control>
		<control type="label">
			<include condition="Skin.HasSetting(Genre)">GenreTextPlace</include>
			<include condition="!Skin.HasSetting(Genre)">GenreTextPlace2</include>
			<label>$LOCALIZE[31702]</label>
			<visible>SubString(ListItem.Genre,$LOCALIZE[31702]) | SubString(ListItem.Genre,Run Jump)</visible>
		</control>
		<control type="label">
			<include condition="Skin.HasSetting(Genre)">GenreTextPlace</include>
			<include condition="!Skin.HasSetting(Genre)">GenreTextPlace2</include>
			<label>$LOCALIZE[31703]</label>
			<visible>SubString(ListItem.Genre,$LOCALIZE[31703]) | SubString(ListItem.Genre,Maze)</visible>
		</control>
		<control type="label">
			<include condition="Skin.HasSetting(Genre)">GenreTextPlace</include>
			<include condition="!Skin.HasSetting(Genre)">GenreTextPlace2</include>
			<label>$LOCALIZE[31704]</label>
			<visible>SubString(ListItem.Genre,$LOCALIZE[31704]) | SubString(ListItem.Genre,Digging)</visible>
		</control>
		<control type="label">
			<include condition="Skin.HasSetting(Genre)">GenreTextPlace</include>
			<include condition="!Skin.HasSetting(Genre)">GenreTextPlace2</include>
			<label>$LOCALIZE[31705]</label>
			<visible>SubString(ListItem.Genre,$LOCALIZE[31705]) | SubString(ListItem.Genre,Fighter)</visible>
		</control>
		<control type="label">
			<include condition="Skin.HasSetting(Genre)">GenreTextPlace</include>
			<include condition="!Skin.HasSetting(Genre)">GenreTextPlace2</include>
			<label>$LOCALIZE[31706]</label>
			<visible>SubString(ListItem.Genre,$LOCALIZE[31706]) | SubString(ListItem.Genre,Miscellaneous) | SubString(ListItem.Genre,Misc.)</visible>
		</control>
		<control type="label">
			<include condition="Skin.HasSetting(Genre)">GenreTextPlace</include>
			<include condition="!Skin.HasSetting(Genre)">GenreTextPlace2</include>
			<label>$LOCALIZE[31707]</label>
			<visible>SubString(ListItem.Genre,$LOCALIZE[31707]) | SubString(ListItem.Genre,Shooter)</visible>
		</control>
		<control type="label">
			<include condition="Skin.HasSetting(Genre)">GenreTextPlace</include>
			<include condition="!Skin.HasSetting(Genre)">GenreTextPlace2</include>
			<label>$LOCALIZE[31708]</label>
			<visible>SubString(ListItem.Genre,$LOCALIZE[31708]) | SubString(ListItem.Genre,Puzzle)</visible>
		</control>
		<control type="label">
			<include condition="Skin.HasSetting(Genre)">GenreTextPlace</include>
			<include condition="!Skin.HasSetting(Genre)">GenreTextPlace2</include>
			<label>$LOCALIZE[31709]</label>
			<visible>SubString(ListItem.Genre,$LOCALIZE[31709]) | SubString(ListItem.Genre,Toss)</visible>
		</control>
		<control type="label">
			<include condition="Skin.HasSetting(Genre)">GenreTextPlace</include>
			<include condition="!Skin.HasSetting(Genre)">GenreTextPlace2</include>
			<label>$LOCALIZE[31710]</label>
			<visible>SubString(ListItem.Genre,$LOCALIZE[31710]) | SubString(ListItem.Genre,Hang Gliding)</visible>
		</control>
		<control type="label">
			<include condition="Skin.HasSetting(Genre)">GenreTextPlace</include>
			<include condition="!Skin.HasSetting(Genre)">GenreTextPlace2</include>
			<label>$LOCALIZE[31711]</label>
			<visible>SubString(ListItem.Genre,$LOCALIZE[31711]) | SubString(ListItem.Genre,1st Person)</visible>
		</control>
		<control type="label">
			<include condition="Skin.HasSetting(Genre)">GenreTextPlace</include>
			<include condition="!Skin.HasSetting(Genre)">GenreTextPlace2</include>
			<label>$LOCALIZE[31712]</label>
			<visible>SubString(ListItem.Genre,$LOCALIZE[31712]) | SubString(ListItem.Genre,Gun)</visible>
		</control>
		<control type="label">
			<include condition="Skin.HasSetting(Genre)">GenreTextPlace</include>
			<include condition="!Skin.HasSetting(Genre)">GenreTextPlace2</include>
			<label>$LOCALIZE[31713]</label>
			<visible>SubString(ListItem.Genre,$LOCALIZE[31713]) | SubString(ListItem.Genre,Flying Vertical)</visible>
		</control>
		<control type="label">
			<include condition="Skin.HasSetting(Genre)">GenreTextPlace</include>
			<include condition="!Skin.HasSetting(Genre)">GenreTextPlace2</include>
			<label>$LOCALIZE[31714]</label>
			<visible>SubString(ListItem.Genre,$LOCALIZE[31714]) | SubString(ListItem.Genre,Flying Horizontal)</visible>
		</control>
		<control type="label">
			<include condition="Skin.HasSetting(Genre)">GenreTextPlace</include>
			<include condition="!Skin.HasSetting(Genre)">GenreTextPlace2</include>
			<label>$LOCALIZE[31715]</label>
			<visible>SubString(ListItem.Genre,$LOCALIZE[31715]) | SubString(ListItem.Genre,Versus)</visible>
		</control>
		<control type="label">
			<include condition="Skin.HasSetting(Genre)">GenreTextPlace</include>
			<include condition="!Skin.HasSetting(Genre)">GenreTextPlace2</include>
			<label>$LOCALIZE[31716]</label>
			<visible>SubString(ListItem.Genre,$LOCALIZE[31716]) | SubString(ListItem.Genre,Multiplay)</visible>
		</control>
		<control type="label">
			<include condition="Skin.HasSetting(Genre)">GenreTextPlace</include>
			<include condition="!Skin.HasSetting(Genre)">GenreTextPlace2</include>
			<label>$LOCALIZE[31717]</label>
			<visible>SubString(ListItem.Genre,$LOCALIZE[31717]) | SubString(ListItem.Genre,2.5D)</visible>
		</control>
		<control type="label">
			<include condition="Skin.HasSetting(Genre)">GenreTextPlace</include>
			<include condition="!Skin.HasSetting(Genre)">GenreTextPlace2</include>
			<label>$LOCALIZE[31718]</label>
			<visible>SubString(ListItem.Genre,$LOCALIZE[31718]) | SubString(ListItem.Genre,Field)</visible>
		</control>
		<control type="label">
			<include condition="Skin.HasSetting(Genre)">GenreTextPlace</include>
			<include condition="!Skin.HasSetting(Genre)">GenreTextPlace2</include>
			<label>$LOCALIZE[31719]</label>
			<visible>SubString(ListItem.Genre,$LOCALIZE[31719]) | SubString(ListItem.Genre,3rd Person)</visible>
		</control>
		<control type="label">
			<include condition="Skin.HasSetting(Genre)">GenreTextPlace</include>
			<include condition="!Skin.HasSetting(Genre)">GenreTextPlace2</include>
			<label>$LOCALIZE[31720]</label>
			<visible>SubString(ListItem.Genre,$LOCALIZE[31720]) | SubString(ListItem.Genre,Co-op)</visible>
		</control>
		<control type="label">
			<include condition="Skin.HasSetting(Genre)">GenreTextPlace</include>
			<include condition="!Skin.HasSetting(Genre)">GenreTextPlace2</include>
			<label>$LOCALIZE[31721]</label>
			<visible>SubString(ListItem.Genre,$LOCALIZE[31721]) | SubString(ListItem.Genre,Golf)</visible>
		</control>
		<control type="label">
			<include condition="Skin.HasSetting(Genre)">GenreTextPlace</include>
			<include condition="!Skin.HasSetting(Genre)">GenreTextPlace2</include>
			<label>$LOCALIZE[31722]</label>
			<visible>SubString(ListItem.Genre,$LOCALIZE[31722]) | SubString(ListItem.Genre,Wrestling)</visible>
		</control>
		<control type="label">
			<include condition="Skin.HasSetting(Genre)">GenreTextPlace</include>
			<include condition="!Skin.HasSetting(Genre)">GenreTextPlace2</include>
			<label>$LOCALIZE[31723]</label>
			<visible>SubString(ListItem.Genre,$LOCALIZE[31723]) | SubString(ListItem.Genre,Hockey)</visible>
		</control>
		<control type="label">
			<include condition="Skin.HasSetting(Genre)">GenreTextPlace</include>
			<include condition="!Skin.HasSetting(Genre)">GenreTextPlace2</include>
			<label>$LOCALIZE[31724]</label>
			<visible>SubString(ListItem.Genre,$LOCALIZE[31724]) | SubString(ListItem.Genre,Role-Playing)</visible>
		</control>
		<control type="label">
			<include condition="Skin.HasSetting(Genre)">GenreTextPlace</include>
			<include condition="!Skin.HasSetting(Genre)">GenreTextPlace2</include>
			<label>$LOCALIZE[31725]</label>
			<visible>SubString(ListItem.Genre,$LOCALIZE[31725]) | SubString(ListItem.Genre,Simulation)</visible>
		</control>
		<control type="label">
			<include condition="Skin.HasSetting(Genre)">GenreTextPlace</include>
			<include condition="!Skin.HasSetting(Genre)">GenreTextPlace2</include>
			<label>$LOCALIZE[31726]</label>
			<visible>SubString(ListItem.Genre,$LOCALIZE[31726]) | SubString(ListItem.Genre,Strategy)</visible>
		</control>
	</include>
</includes>