<?xml version="1.0" encoding="UTF-8"?>
<window type="window" description="חלון בחירה (2000)">
  <defaultcontrol always="false">3</defaultcontrol>
  <include condition="Skin.HasSetting(Performance) + !Player.HasVideo">Performance1</include>
  <allowoverlay>no</allowoverlay>
  <!--<onload condition="System.HasAddon(script.htpt.refresh) + SubString(Control.GetLabel(1),Genesis) + Player.HasVideo">Action(Stop)</onload>-->
  <onload condition="System.HasAddon(script.htpt.refresh) + !Skin.HasSetting(DialogSelectOpen)">Skin.ToggleSetting(DialogSelectOpen)</onload>
  <onload condition="System.HasAddon(service.htpt.fix)">RunScript(service.htpt.fix,,?mode=10)</onload>
  <onunload condition="System.HasAddon(script.htpt.refresh) + Skin.HasSetting(DialogSelectOpen)">AlarmClock(DialogSelectOpen,Skin.ToggleSetting(DialogSelectOpen),00:00,silent)</onunload>
  <onunload condition="Window.IsVisible(DialogVideoInfo.xml) + !SubString(Control.GetLabel(1),Genesis)">Dialog.Close(movieinformation)</onunload>
  <controls>
    <include>TopInformation</include>
    <include>LeftMenuDialogSelect</include>
  </controls>
</window>