<?xml version="1.0" encoding="UTF-8"?>
<window description="(10140) הגדרות הרחבה">
  <defaultcontrol always="true">9</defaultcontrol>
  <allowoverlay>no</allowoverlay>
  <onload condition="!Skin.HasSetting(Admin2) + !Skin.HasSetting(Admin) + !Skin.HasSetting(ID40)">Close</onload>
  <onload condition="!Skin.HasSetting(Admin2) + !Skin.HasSetting(Admin) + !Skin.HasSetting(ID40)">Notification($LOCALIZE[78957],$LOCALIZE[78956],2000)</onload>
  <!--+ !SubString(Container.FolderPath,plugin://plugin.video.sdarot.tv)-->
  <controls>
    <include>BlackBackground</include>
    <control type="group" description="תפריט שמאל (9)">
	  <include condition="!Skin.HasSetting(Performance)">Slide6</include>
	  <include condition="Skin.HasSetting(Performance)">Slide6p</include>
      <height>540</height>
	  <posx>-475</posx>
	  <posy>270</posy>
	  <width>480</width>	  	  
      <control type="image" description="רקע">
        <texture border="40">buttons/ButtonE2.png</texture>
      </control>
      <control type="grouplist" id="9" description="תפריט שמאל">
        <itemgap>0</itemgap>
        <onleft>noop</onleft>
        <onright>2</onright>
        <onup>noop</onup>
        <ondown>noop</ondown>
        <orientation>Vertical</orientation>
      </control>
	  <control type="button" id="13" description="כפתור שמאל (9)">
	    <include>ButtonR1</include>
      </control>
	</control>
    <control type="group" description="תפריט ימין (8999)">
	  <include condition="!Skin.HasSetting(Performance)">Slide7</include>
	  <include condition="Skin.HasSetting(Performance)">Slide7p</include>
      <height>540</height>	  
	  <posx>1915</posx>
	  <posy>270</posy>	  
	  <width>480</width>	  	  
      <control type="image" description="רקע">
        <texture border="40">buttons/ButtonE2.png</texture>
      </control>
      <control type="grouplist" id="8999" description="קבוצה תפריט ימין">
        <itemgap>0</itemgap>
        <onleft>2</onleft>
        <onright>noop</onright>
        <onup>noop</onup>
        <ondown>9001</ondown>
        <orientation>Vertical</orientation>
	    <control type="button" id="10" description="OK">
          <label>186</label>
		  <font>size42B</font>
		  <height>180</height>
        </control>
        <control type="button" id="11" description="Cancel">
          <label>222</label>
		  <font>size42B</font>
		  <height>180</height>
        </control>
        <control type="button" id="12" description="Default">
          <label>409</label>
		  <font>size42B</font>
		  <height>180</height>
        </control>
      </control>
	</control>
    <control type="group" description="קבוצה תפריט ראשי (2)">
      <height>830</height>	  
	  <posx>500</posx>
      <posy>125</posy>  
	  <width>880</width>	  	  
      <control type="image" description="רקע">
	    <posx>-20</posx>
        <texture border="40">buttons/ButtonE2.png</texture>
		<width>920</width>
      </control>
      <control type="grouplist" id="2" description="תפריט ראשי (2)">
        <itemgap>0</itemgap>
        <!--<onup>2</onup>-->
		<onup>9</onup>
		<ondown>8999</ondown>
        <!--<ondown>2</ondown>-->
        <onleft>9</onleft>
        <onright>8999</onright>
        <pagecontrol>60</pagecontrol>
      </control>
      <control type="button" id="3" description="Button template עיצוב כפתורים (2)">
	    <font>size30</font>
		<include>ButtonL2</include>
      </control>
      <control type="label" id="7" description="Label template עיצוב">
	    <align>left</align>
		<posx>0</posx>
		<scroll>true</scroll>
		<width>880</width>
	    <include>LabelC2</include>
      </control>
	</control>
    <control type="radiobutton" id="4" description="Radiobutton template עיצוב">
	  <font>size30</font>
	  <textoffsetx>20</textoffsetx>
	  <include>ButtonC2</include>
      <radioposx>0</radioposx>
    </control>
    <control type="spincontrolex" id="5" description="חץ למעלה/למטה">
	  <texturenofocus border="40">buttons/ButtonE2.png</texturenofocus>
	  <font>size30</font>
      <include>ButtonL4</include>
      <reverse>yes</reverse>
    </control>
    <control type="image" id="6" description="Default separator image DO NOT REMOVE">
      <texture>-</texture>
	  <height>1</height>
    </control>
    <control type="sliderex" id="8" description="HTPT ימינה/שמאלה">
	  <width>100</width>
	  <font>size24</font>
	  <include>ButtonC2</include>
    </control>
    <include>TopInformation</include>
  </controls>
</window>