<?xml version="1.0" encoding="UTF-8"?>
<window id="29">
  <onload condition="Player.HasMedia">Action(Stop)</onload>
  <include condition="Skin.HasSetting(Performance) + !Player.HasVideo">Performance1</include>
  <defaultcontrol always="true">50</defaultcontrol>
  <allowoverlay>no</allowoverlay>
  <onload condition="!Skin.HasSetting(VALIDATION)">Skin.ToggleSetting(VALIDATION)</onload>
  <onload condition="!Skin.HasSetting(VALIDATION2)">Skin.ToggleSetting(VALIDATION2)</onload>
  <onload>Control.SetFocus(50)</onload>
  <controls>
    <control type="image" description="רקע בית">
		<animation effect="fade" time="1000">WindowOpen</animation>
		<texture>misc/logo/logo10.png</texture>
	</control>
	<include>TopInformation</include>
	<include>RightMenuLoginScreen</include>
	<include>LeftMenuStartupMessages</include>
	<control type="group">
      <control type="image" description="Line bottom">
        <posy>490</posy>
        <width>1920</width>
        <height>1</height>
        <texture>images/Line1.png</texture>
      </control>
      <control type="group">
        <control type="panel" id="50">
          <width>1840</width>
          <height>539</height>
          <posy>571</posy>
          <posx>30</posx>
          <onleft>50</onleft>
          <onright>50</onright>
          <onup>520</onup>
          <ondown>noop</ondown>
          <itemlayout height="255" width="368">
			  <control type="group">
				<include condition="Skin.HasSetting(Performance2)">Fade10</include>
				<control type="image" description="THMBSBASE">
				  <posx>20</posx>
				  <posy>48</posy>
				  <width>260</width>
				  <height>168</height>
				  <colordiffuse>FF666666</colordiffuse>
				  <texture>icons/base.png</texture>
				</control>
				<control type="Image" description="אייקון לא נבחר">
				  <visible>!IsEmpty(Listitem.thumb)</visible>
				  <posx>20</posx>
				  <posy>48</posy>
				  <height>168</height>
				  <width>260</width>
				  <texture diffuse="buttons/diffusehome.png">$INFO[ListItem.thumb]</texture>
				  <aspectratio>keep</aspectratio>
				</control>
				<control type="Image" description="THUMB">
				  <visible>IsEmpty(Listitem.thumb)</visible>
				  <posx>20</posx>
				  <posy>48</posy>
				  <height>168</height>
				  <width>260</width>
				  <texture diffuse="buttons/diffusehome.png">$INFO[ListItem.label2]</texture>
				</control>
				<control type="label" description="כותרת">
				  <posx>0</posx>
				  <posy>220</posy>
				  <width>300</width>
				  <height>24</height>
				  <align>center</align>
				  <label>$INFO[ListItem.Label]</label>
				</control>
			  </control>
          </itemlayout>
          <focusedlayout  height="255" width="368">
			  <control type="group">
				<include condition="Skin.HasSetting(Performance2)">Fade10</include>		  
				<control type="image" description="THMBSBASE">
				  <posx>20</posx>
				  <posy>48</posy>
				  <width>260</width>
				  <height>168</height>
				  <colordiffuse>FF666666</colordiffuse>
				  <texture>icons/base.png</texture>
				</control>
				<!--<control type="image" description="סמן בחירה 1">
				  <posx>20</posx>
				  <posy>48</posy>
				  <height>168</height>
				  <width>260</width>			  
				  <texture>$INFO[ListItem.Property(color)]</texture>
				</control>-->
				<control type="image" description="סמן בחירה 2">
				  <posx>20</posx>
				  <posy>48</posy>
				  <height>168</height>
				  <width>260</width>
				  <texture colordiffuse="BBBBBBBB">icons/choosen2.png</texture>
				</control>
				<control type="image" description="אייקון נבחר 1">
				  <aspectratio>keep</aspectratio>
				  <height>168</height>
				  <posx>20</posx>
				  <posy>48</posy>
				  <texture diffuse="buttons/diffusehome.png">$INFO[ListItem.thumb]</texture>
				  <visible>IsEmpty(Listitem.ActualIcon) + !IsEmpty(Listitem.thumb)</visible>
				  <width>260</width>
				</control>
				<control type="image" description="אייקון נבחר 2">
				  <aspectratio>keep</aspectratio>
				  <height>168</height>
				  <posx>20</posx>
				  <posy>48</posy>
				  <texture diffuse="buttons/diffusehome.png">$INFO[ListItem.ActualIcon]</texture>
				  <visible>!IsEmpty(Listitem.ActualIcon)</visible>
				  <width>260</width>
				</control>
				<control type="image" description="THUMB">
				  <visible>IsEmpty(Listitem.thumb)</visible>
				  <posx>20</posx>
				  <posy>48</posy>
				  <height>168</height>
				  <width>260</width>
				  <texture diffuse="buttons/diffusehome.png">$INFO[ListItem.label2]</texture>
				</control>
				<control type="label" description="כותרת">
				  <animation effect="fade" start="80" end="100" time="300=" delay="300">Focus</animation>
				  <textcolor>Yellow</textcolor>
				  <include>LabelC3</include>	  
				  <height>24</height>			  
				  <label>[B]$INFO[ListItem.Label][/B]</label>			  
				  <posx>0</posx>
				  <posy>220</posy>
				  <width>300</width>			  
				</control>
			  </control>
          </focusedlayout>
          <content>
			<item id="100" description="מסך התחברות">
              <visible>true</visible>
              <thumb>icons/home.png</thumb>
			  <icon>icons/home2.png</icon>
              <label>$LOCALIZE[20096]</label>
              <!--<onclick condition="[StringCompare(Skin.String(MAC),Skin.String(MAC1)) | StringCompare(Skin.String(MAC),Skin.String(MAC2))] + !Skin.HasSetting(VALIDATION)">ReplaceWindow(home)</onclick>
			  <onclick condition="[!StringCompare(Control.GetLabel(700100),NONE) + !StringCompare(Control.GetLabel(700100),7000)]">Notification(HTPT AUTHENTICATION FAILED!,FOR SUPPORT: [COLOR Yellow]infohtpt@gmail.com[/COLOR],10000,icons/sc2.png)</onclick>
			  <onclick condition="StringCompare(Control.GetLabel(700100),7000)">Notification(HTPT AUTHENTICATION RETRY!,FOR SUPPORT: [COLOR Yellow]infohtpt@gmail.com[/COLOR],5000,icons/sc.png))</onclick>
			  <onclick condition="[!StringCompare(Skin.String(MAC),Skin.String(MAC1)) + !StringCompare(Skin.String(MAC),Skin.String(MAC2))] | Skin.HasSetting(VALIDATION)">ActivateWindow(0)</onclick>-->
			  <!--X<onclick condition="[!StringCompare(Skin.String(MAC),Skin.String(MAC1)) + !StringCompare(Skin.String(MAC),Skin.String(MAC2))] | Skin.HasSetting(VALIDATION)">ActivateWindow(0)</onclick>-->
			  <onclick condition="!Skin.HasSetting(VALIDATION)">Skin.ToggleSetting(VALIDATION)</onclick>
			  <onclick condition="true">RunScript(script.htpt.homebuttons)</onclick>
            </item>  
            <item id="102" description="קריאת שירות">
              <label>$LOCALIZE[79066]</label>
			  <thumb>icons/fix.png</thumb>
			  <icon>icons/fix2.png</icon>
              <onclick condition="System.HasAddon(script.htpt.debug)">RunScript(script.htpt.homebuttons)</onclick>
			  <onclick condition="!System.HasAddon(script.htpt.debug) + Skin.HasSetting(Admin)">Notification(Admin,Addon is missing,1000)</onclick>
			  <onclick condition="!System.HasAddon(script.htpt.debug)">ActivateWindow(10025,plugin://script.htpt.debug,return)</onclick>
			  <!--<visible>!StringCompare(Control.GetLabel(700100),NONE) + !StringCompare(Control.GetLabel(700100),7000)</visible>-->
            </item>
			<item id="107" description="הגדרות מעטפת">
              <visible>Skin.HasSetting(Admin) + !Skin.HasSetting(Admin2)</visible>
              <thumb>icons/settings.png</thumb>
			  <icon>icons/settings2.png</icon>
              <label>$LOCALIZE[20077]</label>
              <onclick>ActivateWindow(SkinSettings.xml)</onclick>
            </item>	
			<item id="108" description="הגדרת רשת">
              <visible>true</visible>
              <thumb>icons/net.png</thumb>
			  <icon>icons/net2.png</icon>
              <label>$LOCALIZE[10128]</label>
			  <onclick>RunScript(script.htpt.smartbuttons,,?mode=41)</onclick>
            </item>
			<item id="109" description="עזרה">
              <visible>true</visible>
              <thumb>icons/help.png</thumb>
			  <icon>icons/help2.png</icon>
              <label>$LOCALIZE[10043]</label>
              <onclick>ActivateWindow(1170)</onclick>
            </item>		
            <item id="110" description="פעולת כיבוי לבחירה">
              <visible>true</visible>
              <thumb>icons/power.png</thumb>
			  <icon>icons/power2.png</icon>
              <label>351</label>
              <onclick>ActivateWindow(1191)</onclick>
            </item>
			<item id="111" description="הסרת מערכת">
			  <visible>Skin.HasSetting(ID40) | [!StringCompare(Control.GetLabel(700100),NONE) + !StringCompare(Control.GetLabel(700100),7000)]</visible>
              <thumb>icons/bin.png</thumb>
			  <icon>icons/bin2.png</icon>
              <label>UNINSTALL</label>
              <onclick condition="System.HasAddon(script.htpt.install)">RunScript(script.htpt.install,,?mode=21)</onclick>
			  <onclick condition="!System.HasAddon(script.htpt.install)">Notification(Admin,Addon is missing,4000)</onclick>
			  <onclick condition="!System.HasAddon(script.htpt.install)">ActivateWindow(10025,plugin://script.htpt.install,return)</onclick>
            </item>
          </content>
        </control>
      </control>
    </control>
  </controls>
</window>