﻿<?xml version="1.0" encoding="UTF-8"?>
<window id="1171" description="HomeMessagesCustom">
  <!--<type>dialog</type>-->
  <defaultcontrol always="true">10</defaultcontrol>
  <allowoverlay>no</allowoverlay>
  <onload condition="!Skin.HasSetting(Admin) + !Skin.String(HomeMessagesCustom)">close</onload>
  <!--<onload condition="[Skin.HasSetting(Admin) | Skin.String(HomeMessagesCustom)] + !Player.HasMedia">PlayMedia(special://skin/sounds/ascending_logo_accent.wav)</onload>
  <onload condition="[Skin.HasSetting(Admin) | Skin.String(HomeMessagesCustom)] + !Player.HasMedia">PlayMedia(plugin://plugin.video.youtube/play/?video_id=gnZuo0he5kk&amp;hd=1)</onload>-->
  <onload>Skin.SetSetting(HomeMessagesCustom,100)</onload>
  <onunload condition="!Skin.HasSetting(Admin) + Skin.String(HomeMessagesCustom) + Player.HasMedia + !Window.IsVisible(VideoFullScreen.xml)">AlarmClock(keep,Action(FullScreen),0,silent)</onunload> <!--notification(test,,1000)-->
  <!--<onunload>AlarmClock(keep,ActivateWindow(1171),0,silent)</onunload>-->
  <controls>
    <include>Backgrounds1</include>
	<control type="button" id="10" description="יציאה">
	  <animation condition="Player.HasVideo" effect="fade" start="100" end="40" time="7000" reversible="true">Conditional</animation>
	  <posx>720</posx>
	  <posy>502.5</posy>
	  <texturenofocus border="40">buttons/ButtonE2.png</texturenofocus>
	  <include>ButtonC1</include>
	  <label>סגור</label>
	  <onclick condition="Skin.String(HomeMessagesCustom)">Skin.SetString(HomeMessagesCustom,)</onclick>
	  <onclick condition="Player.HasVideo">Action(Stop)</onclick>
	  <onclick condition="Skin.String(HomeMessagesCustom)">AlarmClock(repeat,Action(Select),00:01,silent)</onclick>
	  <onclick condition="!Skin.String(HomeMessagesCustom)">ReplaceWindow(Home.xml)</onclick>
	  <onclick condition="!Skin.String(HomeMessagesCustom) + !Player.HasVideo">AlarmClock(music,PlayMedia(special://userdata/addon_data/skin.htpt/music/playHTPT.mp3),00:02,silent)</onclick>
	  <onup>noop</onup>
	  <ondown>noop</ondown>
	  <onleft>noop</onleft>
	  <onright>noop</onright>
	</control>
	<control type="image">
	  <animation condition="Player.HasVideo" effect="fade" start="100" end="40" time="7000" reversible="true">Conditional</animation>
	  <posx>720</posx>
	  <posy>502.5</posy>
	  <height>84</height>
	  <aspectratio>keep</aspectratio>
	  <texture>icons/home.png</texture>
	  <width>130</width>
	</control>
	<control type="label" description="פרסומת למעלה">
	  <include>Fade1</include>
	  <scroll>false</scroll>
	  <posx>370</posx>
      <posy>240</posy>
      <height>70</height>
      <font>size39B</font>
      <textcolor>White2</textcolor>
      <align>center</align>
      <label>$VAR[T1171]</label>
	  <width>1183</width>
	  <visible>!Player.HasVideo</visible>
	</control>
	<control type="image" description="פרסומת אמצע">
		<aspectratio>stretch</aspectratio>
		<height>400</height>
		<posx>500</posx>
		<posy>630</posy>
		<texture>$VAR[C1171]</texture>
		<width>920</width>
	</control>
	<include>AdditionalInformation</include>
	<include condition="!Player.HasMedia">TopInformation</include>
  </controls>
</window>