<?xml version="1.0" encoding="UTF-8"?>
<window description="(146)">
  <defaultcontrol always="true">300</defaultcontrol>
  <allowoverlay>no</allowoverlay>
  <onload condition="!Skin.HasSetting(Admin2) + !Skin.HasSetting(Admin) + !Skin.HasSetting(ID40)">Close</onload>
  <onload condition="!Skin.HasSetting(Admin2) + !Skin.HasSetting(Admin) + !Skin.HasSetting(ID40)">Notification($LOCALIZE[78957],$LOCALIZE[78956],2000)</onload>
  <controls>
    <include>LeftMenuDialogAddonInfo</include>
	<include>TopVideoInformation</include>
	<include>TopInformation</include>
  </controls>
</window>