<?xml version="1.0" encoding="UTF-8"?>
<window id="502">
  <defaultcontrol always="true">50</defaultcontrol>
  <allowoverlay>no</allowoverlay>
  <include condition="Skin.HasSetting(Performance)  + !Player.HasVideo">Performance1</include>
  <views>50</views>
  <include>SetFocusView</include>
  <onload condition="!Skin.HasSetting(ID40) + [[!StringCompare(Skin.String(MAC),Skin.String(MAC1)) + !StringCompare(Skin.String(MAC),Skin.String(MAC2))] | [!StringCompare(Control.GetLabel(700100),NONE) + !StringCompare(Control.GetLabel(700100),7000)]] | Skin.HasSetting(VALIDATION2)">RunScript(script.htpt.homebuttons)</onload>
  <controls>
    <include>Musicviews</include>
	<include>LeftMenuMyMusicNav</include>
  </controls>
</window>
