<?xml version="1.0" encoding="UTF-8"?>
<window description="(136)">
  <defaultcontrol always="true">40</defaultcontrol>
  <!--<onload condition="Skin.HasSetting(AutoPlayPlus) + Skin.String(DialogSelectSources3) + [Skin.String(ConnectionStatus2,5) | [Skin.HasSetting(AutoPlaySD) + Skin.String(ConnectionStatus2,4)] + Skin.HasSetting(Admin) + !Skin.HasSetting(refreshrunnings)">Notification(Admin: refresh,-loading,1000)</onload>
  <onload condition="Skin.HasSetting(AutoPlayPlus) + Skin.String(DialogSelectSources3) + [Skin.String(ConnectionStatus2,5) | [Skin.HasSetting(AutoPlaySD) + Skin.String(ConnectionStatus2,4)] + !Skin.HasSetting(refreshrunnings)">RunScript(script.htpt.refresh)</onload>-->
  <onload condition="Skin.HasSetting(AutoPlayPlus) + !Skin.String(DialogSelectSources) + Skin.String(DialogSelectSources3) + Skin.HasSetting(Admin) + !Skin.HasSetting(refreshrunnings)">Notification(Admin: refresh,-loading,1000)</onload>
  <onload condition="Skin.HasSetting(AutoPlayPlus) + !Skin.String(DialogSelectSources) + Skin.String(DialogSelectSources3) + !Skin.HasSetting(refreshrunnings)">RunScript(script.htpt.refresh)</onload>
  <!--
  <onload condition="Skin.HasSetting(AutoPlayPlus) + !Skin.String(DialogSelectSources) + [(Skin.String(DialogSelectSources3) | [Window.Previous(MyVideoNav.xml) | Window.Previous(Home.xml)] + [!IsEmpty(ListItem.TVShowTitle) | !IsEmpty(ListItem.Year)] + !Skin.HasSetting(AutoPlayPause)] + Skin.HasSetting(Admin) + !Skin.HasSetting(refreshrunnings)">Notification(Admin: refresh,-loading,1000)</onload>
  <onload condition="Skin.HasSetting(AutoPlayPlus) + !Skin.String(DialogSelectSources) + [(Skin.String(DialogSelectSources3) | [Window.Previous(MyVideoNav.xml) | Window.Previous(Home.xml)] + [!IsEmpty(ListItem.TVShowTitle) | !IsEmpty(ListItem.Year)] + !Skin.HasSetting(AutoPlayPause)] + !Skin.HasSetting(refreshrunnings)">RunScript(script.htpt.refresh)</onload>
  -->
  <controls>
    <include>BottomMenuDialogBusy</include>
  </controls>
</window>