<?xml version="1.0" encoding="UTF-8" standalone="yes"?>
<addon id="script.htpt.remote" name="HTPT Remote" version="0.1.10" provider-name="HTPT Team">
  <requires>
    <import addon="xbmc.python" version="2.1.0"/>
  </requires>
  <extension point="xbmc.python.script" library="default.py"/>
  <extension point="xbmc.service" library="service.py" start="startup"/>
  <extension point="xbmc.addon.metadata">
	<platform>all</platform>
    <summary lang="en">Easily control your KODI with any IR remote</summary>
	<summary lang="he">שלוט בקלות בקודי שלך בעזרת כל שלט תומך אינפרא-אדום (טלוויזיה למשל).</summary>
    <description lang="en">Visit HTPT Facebook Page for support</description>
	<description lang="he">בקר אותנו בפייסבוק לתמיכה!</description>
    <disclaimer></disclaimer>
	<email>infohtpt@gmail.com</email>
	<forum></forum>
	<source>https://github.com/htpthtpt/htpt/tree/master/script.htpt.remote</source>
	<website>https://www.facebook.com/pages/HTPT/934744346549707</website>
  </extension>
</addon>