<?xml version="1.0" encoding="UTF-8"?>
<includes>
  <include name="4ways">
	  <onleft condition="!Skin.HasSetting(ViewsMenuOff)">9000</onleft>
	  <onleft condition="Skin.HasSetting(ViewsMenuOff) + Control.IsVisible(7011)">7017</onleft>
	  <onleft condition="Skin.HasSetting(ViewsMenuOff) + Player.HasAudio">ActivateWindow(12901)</onleft>
	  <onright condition="Control.IsVisible(60)">60</onright>
	  <onright condition="!Control.IsVisible(60) + Control.IsVisible(7011)">7017</onright>
	  <onright condition="!Control.IsVisible(60) + Player.HasAudio">ActivateWindow(12901)</onright>
	  <onright condition="[Window.IsActive(TVGuide) | Window.IsActive(RadioGuide)]">9000</onright>
	  <onup condition="Control.HasFocus(7017)">ActivateWindow(12901)</onup>
	  <onup condition="!Control.HasFocus(7017) + Control.IsVisible(7011)">7017</onup>			  
	  <onup condition="Player.HasAudio">ActivateWindow(12901)</onup>
	  <onup condition="[Window.IsActive(TVGuide) | Window.IsActive(RadioGuide)]">9000</onup>
	  <onup condition="[!Player.HasMedia | StringCompare(Container.FolderName,Advanced Launcher) + !Player.HasVideo] + Control.IsVisible(50)">50</onup>
	  <onup condition="[!Player.HasMedia | StringCompare(Container.FolderName,Advanced Launcher) + !Player.HasVideo] + Control.IsVisible(55)">55</onup>
	  <onup condition="!Player.HasMedia + Control.IsVisible(57)">57</onup>
	  <onup condition="!Player.HasMedia + Control.IsVisible(58)">58</onup>
	  <onup condition="!Player.HasMedia + Control.IsVisible(450)">450</onup>
	  <ondown condition="Window.IsVisible(SettingsCategory.xml)">3</ondown>
	  <ondown condition="[Control.IsVisible(7011) | Player.HasMedia]">noop</ondown>
	  <ondown condition="[Window.IsActive(TVGuide) | Window.IsActive(RadioGuide)]">9000</ondown>
	  <ondown condition="[StringCompare(Container.FolderName,Advanced Launcher) + !Player.HasMedia] + Control.IsVisible(50)">50</ondown>
	  <ondown condition="[StringCompare(Container.FolderName,Advanced Launcher) + !Player.HasMedia] + Control.IsVisible(55)">55</ondown>
	  <ondown condition="!Player.HasMedia + Control.IsVisible(57)">57</ondown>
	  <ondown condition="!Player.HasMedia + Control.IsVisible(58)">58</ondown>
	  <ondown condition="!Player.HasMedia + Control.IsVisible(58)">450</ondown>
	  <ondown condition="Control.IsVisible(50) + !Window.IsVisible(MyPVRChannels.xml) + !Window.IsVisible(MyPVRGuide.xml) + [!Player.HasMedia | Control.HasFocus(7017)]">50</ondown>
	  <ondown condition="Control.IsVisible(55) + [!Player.HasMedia | Control.HasFocus(7017)]">55</ondown>
	  <ondown condition="Control.IsVisible(57) + [!Player.HasMedia | Control.HasFocus(7017)]">57</ondown>		  
	  <ondown condition="Control.IsVisible(58) + [!Player.HasMedia | Control.HasFocus(7017)]">58</ondown>
	  <ondown condition="Control.IsVisible(450)">450</ondown>
	  <ondown condition="Control.IsVisible(10) + [Window.IsVisible(MyPVRChannels.xml) | Window.IsVisible(MyPVRGuide.xml)]">10</ondown>
	  <ondown condition="Control.IsVisible(11) + [Window.IsVisible(MyPVRChannels.xml) | Window.IsVisible(MyPVRGuide.xml)]">11</ondown>
	  <ondown condition="Control.IsVisible(12) + [Window.IsVisible(MyPVRChannels.xml) | Window.IsVisible(MyPVRGuide.xml)]">12</ondown>
	  <ondown condition="Control.IsVisible(13) + [Window.IsVisible(MyPVRChannels.xml) | Window.IsVisible(MyPVRGuide.xml)]">13</ondown>
	  <ondown condition="Control.IsVisible(14) + [Window.IsVisible(MyPVRChannels.xml) | Window.IsVisible(MyPVRGuide.xml)]">14</ondown>
	  <preloaditems>2</preloaditems>
	  <pagecontrol>60</pagecontrol>	  
	  <scrolltime tween="sine" easing="inout">200</scrolltime>
  </include>
  <include name="4ways2" description="IncludeShelf Top">
	  <onup condition="Control.IsVisible(7011)">7017</onup>	  
	  <onup condition="Player.HasAudio">ActivateWindow(12901)</onup>
	  <ondown>9000</ondown>
      <onleft condition="Control.HasFocus(313)">313</onleft>
      <onright condition="Control.HasFocus(313)">313</onright>
      <onleft condition="Control.HasFocus(314)">314</onleft>
      <onright condition="Control.HasFocus(314)">314</onright>	  
      <onleft condition="Control.HasFocus(315)">315</onleft>
      <onright condition="Control.HasFocus(315)">315</onright>
  </include>
  <include name="4ways3" description="SideMenu">
  	<onup condition="ControlGroup(9000).HasFocus()">9000</onup>
	<onup condition="ControlGroup(300).HasFocus()">300</onup>
	<ondown condition="ControlGroup(9000).HasFocus()">9000</ondown>
	<ondown condition="ControlGroup(300).HasFocus()">300</ondown>
	<onleft condition="Control.IsVisible(7011)">7017</onleft>
	<onleft condition="Player.HasAudio">7017</onleft>
	<onright condition="Window.IsActive(DialogAddonInfo.xml)">Close</onright> 
    <onright condition="ControlGroup(9000).HasFocus() | ControlGroup(300).HasFocus | Window.IsVisible(MyPVRChannels.xml)">50</onright>
  </include>
  <include name="ArrowNF">
    <control type="image" description="arrow">
      <visible>[Window.IsActive(Settings.xml) | ListItem.IsFolder] + ![StringCompare(ListItem.Label,..) | SubString(ListItem.Path,videodb://1/7) | container.content(Movies) | container.content(TVshows) | container.content(Seasons) | container.content(Episodes) | container.content(musicvideos) | container.content(songs) | container.content(addons) | SubString(Container.FolderPath,plugin://,left)]</visible>
      <posx>75r</posx>
      <height>81</height>
      <width>42</width>
      <aspectratio>keep</aspectratio>
      <texture>images/ArrowNF.png</texture>
    </control>
  </include>
  <include name="ArrowFO">
    <control type="image" description="arrow">
      <visible>[Window.IsActive(Settings.xml) | ListItem.IsFolder] + ![StringCompare(ListItem.Label,..) | SubString(ListItem.Path,videodb://1/7) | container.content(Movies) | container.content(TVshows) | container.content(Seasons) | container.content(Episodes) | container.content(musicvideos) | container.content(songs) | container.content(addons) | SubString(Container.FolderPath,plugin://,left)]</visible>
      <animation effect="fade" start="30" end="100" time="150" delay="300">Focus</animation>
      <posx>75r</posx>
      <height>81</height>
      <width>42</width>
      <aspectratio>keep</aspectratio>
      <texture>images/ArrowFO.png</texture>
    </control>
  </include>
  <include name="AutoScrollText" description="(Textbox) פרטי וידאו (1105)">
	<autoscroll tween="sine" easing="out" delay="7000" time="3000" repeat="7000">True</autoscroll>
  </include>
  <include name="AutoScrollText2" description="(Textbox) (הגדרות מעטפת/עזרה)">
	<autoscroll tween="sine" easing="out" delay="7000" time="3000" repeat="7000">True</autoscroll>
  </include>
  <include name="Backgrounds1" description="בית">
	<control type="group">
	  <animation condition="[!Container(9000).Row(0) + !Container(9000).Row(1) | Container(9000).HasPrevious() | Window.IsVisible(CustomHomeCustomizer.xml)] + !Window.IsVisible(Custom1171.xml)" effect="slide" start="0,0" end="0,-551" time="220">Conditonal</animation>-->
	  <height>552</height>
      <width>1920</width>
	  <control type="videowindow" id="7011" description="חלון וידאו/אודיו">
		<visible>Player.HasVideo</visible>
	  </control>
	  <control type="image" description="רקע בית">
		<include condition="!Skin.HasSetting(Performance)">Fade1</include>
		<texture>misc/logo/logo11.png</texture>
		<visible>!Control.IsVisible(7011)</visible>
	  </control>
	  <include condition="Skin.HasSetting(Backgrounds2)">Backgrounds2</include>
	  <control type="button" id="7017" description="כפתור וידאו">
		  <visible>Control.IsVisible(7011)</visible>
		  <bordersize>10</bordersize>
		  <texturefocus border="10">misc/frames/selector.png</texturefocus>
		  <label></label>
		  <posy>0</posy>
		  <pulseonselect></pulseonselect>
		  <onclick>Fullscreen</onclick>
		  <onup>ActivateWindow(12901)</onup>
		  <ondown>700</ondown>
		  <ondown>9000</ondown>
		  <onleft>700</onleft>
		  <onright>700</onright>
		  <height>552</height>
		  <width>1920</width>
	  </control>
	  <control type="image" description="2 רקע בית">
		<aspectratio>keep</aspectratio>
		<height>1080</height>
		<posy>552</posy>
		<texture>misc/logo/logo12.png</texture>
	  </control>  
	</control>
  </include>
  <include name="Backgrounds2" description="בית+">
    <control type="group">
	  <animation effect="fade" start="0" end="100" delay="2000" time="200">WindowOpen</animation>
	  <aspectratio>scale</aspectratio>
	  <bordersize>3</bordersize>
	  <height>552</height>
	  <posx>480</posx>
  	  <preloaditems>2</preloaditems>
	  <visible>Container(9000).Row(1) + !Player.HasVideo</visible>
	  <width>960</width>
	  <control type="multiimage" id="1031" description="רקע משחקים">
		<imagepath>special://skin/specials/games/1/</imagepath>
		<timeperimage>10000</timeperimage>
		<visible>Container(9000).HasFocus(323)</visible>
	  </control>
	  <control type="multiimage" id="1032" description="רקע תמונות">
		<imagepath>$VAR[picturesPath]</imagepath>
		<timeperimage>4000</timeperimage>
		<visible>Container(9000).HasFocus(507)</visible>
	  </control>
	  <control type="image" id="1033" description="רקע סרטים 1">
		<bordersize>1</bordersize>
		<bordertexture border="20">misc/frames/htpt_border3.png</bordertexture>
	    <texture>$INFO[Window(home).Property(RecentMovie.1.Art(fanart))]</texture>
		<visible>Container(9000).HasFocus(320)</visible>
	  </control>
	  <control type="image" id="1034" description="רקע סדרות 1">
	    <bordersize>1</bordersize>
		<bordertexture border="20">misc/frames/htpt_border3.png</bordertexture>
		<texture>$INFO[Window(home).Property(RecommendedEpisode.1.Art(tvshow.fanart))]</texture>
		<visible>Container(9000).HasFocus(321)</visible>
	  </control>
    </control>
  </include>
  <include name="Backgrounds3" description="MoviesPT View">
	<control type="group">
	  <include condition="!Skin.HasSetting(Performance)">Slide1</include>
	  <include condition="Skin.HasSetting(Performance)">Slide1p</include>
	  <height>552</height>
      <width>1920</width>
	  <control type="image" id="7013" description="פאנארט">
		<include condition="!Skin.HasSetting(Performance)">Slide2.1</include>
		<include condition="Skin.HasSetting(Performance)">Slide2.1p</include>
		<fadetime>200</fadetime>
		<!--<animation condition="!IsEmpty(ListItem.Plot) | SubString(ListItem.path,videodb://movies/sets/)] + !Container(57).OnNext + !Container(57).OnPrevious" effect="fade" start="0" end="50" time="7000">Conditonal</animation>-->
		<include condition="!Skin.HasSetting(Performance) + !Window.IsVisible(MyPrograms.xml)">Fade2</include>
		<height>552</height>
        <posy>-552</posy>
		<texture background="false">$VAR[fanart]</texture>
        <aspectratio align="center">stretch</aspectratio>
		<visible>!Control.IsVisible(58) + !Control.IsVisible(50)</visible>
		<visible>!IsEmpty(ListItem.Art(fanart)) | !IsEmpty(Fanart.Image) | !IsEmpty(ListItem.Art(season.fanart))</visible>
		<visible>[[!Player.HasVideo | StringCompare(Container.FolderName,Advanced Launcher)] + !Control.HasFocus(60)] | [Container.Content(Seasons) | Container.Content(Episodes)]</visible>
      </control>
	  <control type="label" id="70130" description="fake">
	    <label>$VAR[fanart]</label>
		<visible>false</visible>
	  </control>
	  <control type="videowindow" id="7011" description="חלון וידאו">
		<posy>-552</posy>
		<height>552</height>
        <width>1920</width>
		<visible>Player.HasVideo + [!StringCompare(Container.FolderName,Advanced Launcher) | !Control.IsVisible(7013)]</visible> <!-- | Slideshow.IsActive | Slideshow.IsPaused | Slideshow.IsVideo-->
	  </control>
	  <control type="videowindow" id="7011" description="חלון וידאו">
		<posy>-552</posy>
		<height>276</height>
        <width>1920</width>
		<visible>Player.HasVideo + StringCompare(Container.FolderName,Advanced Launcher) + Control.IsVisible(7013)</visible> <!-- | Slideshow.IsActive | Slideshow.IsPaused | Slideshow.IsVideo-->
	  </control>
	  <control type="image" id="7012" description="רקע בית">
		<include condition="!Skin.HasSetting(Performance)">Fade1</include>
		<posy>-552</posy>
		<texture>misc/logo/logo11.png</texture>
		<visible>!Player.HasVideo + [!Control.IsVisible(7013) | IsEmpty(Control.GetLabel(70130))]</visible>
	  </control>
	  <control type="button" id="7017">
		<visible>Control.IsVisible(7011)</visible>
		<bordersize>10</bordersize>
		<texturefocus border="10">misc/frames/selector.png</texturefocus>
		<texturenofocus colordiffuse="FFFFAAFF"></texturenofocus>
		<posy>-552</posy>
		<onclick condition="Player.HasVideo">Fullscreen</onclick>
		<include>4ways</include>
		<!--<onup>ActivateWindow(12901)</onup>
		<ondown condition="Control.IsVisible(50) + !Window.IsVisible(MyPVRChannels.xml) + !Window.IsVisible(MyPVRGuide.xml)">50</ondown>
		<ondown condition="Control.IsVisible(55)">55</ondown>
		<ondown condition="Control.IsVisible(57)">57</ondown>		  
		<ondown condition="Control.IsVisible(58)">58</ondown>
		<ondown condition="Control.IsVisible(450)">450</ondown>
		<ondown condition="Control.IsVisible(10) + [Window.IsVisible(MyPVRChannels.xml) | Window.IsVisible(MyPVRGuide.xml)]">10</ondown>
		<ondown condition="Control.IsVisible(11) + [Window.IsVisible(MyPVRChannels.xml) | Window.IsVisible(MyPVRGuide.xml)]">11</ondown>
		<ondown condition="Control.IsVisible(12) + [Window.IsVisible(MyPVRChannels.xml) | Window.IsVisible(MyPVRGuide.xml)]">12</ondown>
		<ondown condition="Control.IsVisible(13) + [Window.IsVisible(MyPVRChannels.xml) | Window.IsVisible(MyPVRGuide.xml)]">13</ondown>
		<ondown condition="Control.IsVisible(14) + [Window.IsVisible(MyPVRChannels.xml) | Window.IsVisible(MyPVRGuide.xml)]">14</ondown>
		<ondown condition="Window.IsVisible(SettingsCategory.xml)">3</ondown>-->
      <!--<onleft condition="Control.IsVisible(50)">50</onleft>  
		<onleft condition="Control.IsVisible(55)">55</onleft>
		<onleft condition="Control.IsVisible(57)">57</onleft>		  
		<onleft condition="Control.IsVisible(58)">58</onleft>
		<onright condition="Control.IsVisible(50)">50</onright>
		<onright condition="Control.IsVisible(55)">55</onright>
		<onright condition="Control.IsVisible(57)">57</onright>		  
		<onright condition="Control.IsVisible(58)">58</onright>-->
		<height>552</height>
		<width>1920</width>
	  </control>
	  <control type="image" description="2 רקע בית">
	    <include condition="!Skin.HasSetting(Performance)">Slide1.1</include>
	    <include condition="Skin.HasSetting(Performance)">Slide1.1p</include>
		<aspectratio>keep</aspectratio>
		<height>1080</height>
		<posy>0</posy>
		<texture>misc/logo/logo12.png</texture>
	  </control>	
	</control>
  </include>
  <include name="BlackBackground">
    <control type="image" description="Default BG">
      <width>1920</width>
      <height>1080</height>
      <texture>images/black.png</texture>
    </control>
  </include>
  <include name="PVRprogress">
	  <control type="group">
	    <posx>585</posx>
		<posy>95</posy>
		<visible>ListItem.HasEpg</visible>
		<control type="progress">
		  <posx>55</posx>
		  <width>190</width>
		  <height>13</height>
		  <texturebg>MusicOSD/ProgressBG.png</texturebg>
		  <midtexture>MusicOSD/ProgressM.png</midtexture>
		  <righttexture>MusicOSD/ProgressR.png</righttexture>
		  <lefttexture>MusicOSD/ProgressL.png</lefttexture>
		  <info>ListItem.Progress</info>
		</control>
		<control type="label" description="StartTime">
		  <posy>-10</posy>
		  <width>70</width>
		  <height>30</height>
		  <font>size18</font>
		  <textcolor>Grey2</textcolor>
		  <align>left</align>
		  <label>$INFO[ListItem.StartTime]</label>
		</control>
		<control type="label" description="EndTime">
		  <posx>250</posx>
		  <posy>-10</posy>
		  <width>70</width>
		  <height>30</height>
		  <font>size18</font>
		  <textcolor>Grey2</textcolor>
		  <align>left</align>
		  <label>$INFO[ListItem.EndTime]</label>
		</control>
	  </control>
  </include>
  <include name="SetFocusView" description="onload">
    <onload condition="Window.IsActive(MyPrograms.xml) + ControlGroup(9000).HasFocus() + StringCompare(Container.Viewmode,addonsPT)">Control.SetFocus(50)</onload>
	<onload condition="Window.IsActive(MyPrograms.xml) + ControlGroup(9000).HasFocus() + StringCompare(Container.Viewmode,romPT)">Control.SetFocus(55)</onload>
	
	<onload condition="[Window.IsActive(MyVideoNav.xml) | Window.IsActive(MyPics.xml) | Window.IsActive(MyMusicNav.xml)] + ControlGroup(9000).HasFocus() + StringCompare(Container.Viewmode,GeneralPT)">Control.SetFocus(50)</onload>
	<onload condition="[Window.IsActive(MyVideoNav.xml) | Window.IsActive(MyPics.xml)] + ControlGroup(9000).HasFocus() + StringCompare(Container.Viewmode,IconsPT)">Control.SetFocus(58)</onload>
	<onload condition="Window.IsActive(MyVideoNav.xml) + ControlGroup(9000).HasFocus() + StringCompare(Container.Viewmode,MoviesPT)">Control.SetFocus(57)</onload>
  </include>
  <include name="AutoView" description="Videoviews.xml">
    <control type="button">
	  <!--MyVideoNav-->
	  <onfocus description="For ID(50)" condition="Skin.HasSetting(AutoView) + Window.IsVisible(MyVideoNav.xml) + !StringCompare(Container.Viewmode,GeneralPT) + [[!Container.content(movies) + [StringCompare(Container.FolderPath,videodb://movies/)]] | [[!Container.Content(TVshows) + !Container.Content(Seasons) + !Container.content(Episodes)] + [StringCompare(Container.FolderPath,videodb://tvshows/) | SubString(Container.FolderPath,plugin://plugin.video.genesis/)]]]">AlarmClock(GeneralPT,Container.SetViewMode(50),0,silent)</onfocus>
	  <onfocus description="For ID(50)" condition="Skin.HasSetting(AutoView) + Window.IsVisible(MyVideoNav.xml) + !StringCompare(Container.Viewmode,GeneralPT) + [StringCompare(Container.FolderName,$LOCALIZE[135]) | StringCompare(Container.FolderName,$LOCALIZE[345]) | StringCompare(Container.FolderName,$LOCALIZE[20348]) | StringCompare(Container.FolderName,$LOCALIZE[20388]) | StringCompare(Container.FolderName,$LOCALIZE[20451]) | StringCompare(Container.FolderName,$LOCALIZE[20459]) | StringCompare(Container.FolderPath,special://userdata/library/) | StringCompare(ListItem.Path,library://video/)]">AlarmClock(GeneralPT,Container.SetViewMode(50),0,silent)</onfocus>
	  <onfocus description="For ID(50) IsraeLIVE" condition="Skin.HasSetting(AutoView) + Window.IsVisible(MyVideoNav.xml) + !StringCompare(Container.Viewmode,GeneralPT) + [StringCompare(Container.FolderName,IsraeLIVE) + SubString(Container.FolderPath,plugin://plugin.video.israelive)]">AlarmClock(GeneralPT,Container.SetViewMode(50),0,silent)</onfocus>
	  <onfocus description="For ID(50) - Youtube's + Addons" condition="Skin.HasSetting(AutoView) + Window.IsVisible(MyVideoNav.xml) + !StringCompare(Container.Viewmode,GeneralPT) + [StringCompare(Container.FolderPath,plugin://plugin.video.youtube.channels/) | SubString(Container.FolderPath,plugin://plugin.video.youtube.channels/?mode=listVideos) | SubString(Container.FolderPath,plugin://plugin.video.vidstatsx_com) | SubString(Container.FolderPath,plugin://plugin.video.ted.talks)]">AlarmClock(GeneralPT,Container.SetViewMode(50),0,silent)</onfocus>
	  <onfocus description="For ID(50) - Youtube" condition="Skin.HasSetting(AutoView) + Window.IsVisible(MyVideoNav.xml) + !StringCompare(Container.Viewmode,GeneralPT) + [StringCompare(Container.FolderPath,plugin://plugin.video.youtube/) | StringCompare(Container.FolderPath,plugin://plugin.video.youtube/) | StringCompare(Container.FolderPath,plugin://plugin.video.youtube/kodion/search/list/) | StringCompare(Container.FolderPath,plugin://plugin.video.youtube/special/browse_channels/)]">AlarmClock(GeneralPT,Container.SetViewMode(50),0,silent)</onfocus>
	  <onfocus description="For ID(50) - GoPros's Addons" condition="Skin.HasSetting(AutoView) + Window.IsVisible(MyVideoNav.xml) + !StringCompare(Container.Viewmode,GeneralPT) + [StringCompare(Container.FolderPath,plugin://plugin.video.htpt.gopro/) | SubString(Container.FolderPath,plugin://plugin.video.football.today/) | SubString(Container.FolderPath,plugin://plugin.video.nbaondemand/) | SubString(Container.FolderPath,plugin://plugin.video.nhlondemand/) | SubString(Container.FolderPath,plugin://plugin.video.thaakillah/) | SubString(Container.FolderPath,plugin://plugin.video.wweonline/)]">AlarmClock(GeneralPT,Container.SetViewMode(50),0,silent)</onfocus>
	  <onfocus description="For ID(50) - HTPT's Main Category" condition="Skin.HasSetting(AutoView) + Window.IsVisible(MyVideoNav.xml) + !StringCompare(Container.Viewmode,GeneralPT) + [StringCompare(Container.FolderPath,plugin://plugin.video.htpt.music/?&amp;)]">AlarmClock(GeneralPT,Container.SetViewMode(50),0,silent)</onfocus>
	  <onfocus description="For ID(50) - Israel TV's Addons" condition="Skin.HasSetting(AutoView) + Window.IsVisible(MyVideoNav.xml) + !StringCompare(Container.Viewmode,GeneralPT) + [SubString(Container.FolderPath,plugin://plugin.video.makoTV.video/?) | SubString(Container.FolderPath,plugin://plugin.video.reshet.video/?) | StringCompare(Container.FolderPath,plugin://plugin.video.sdarot.tv/) | SubString(Container.FolderPath,plugin://plugin.video.IBA/) | SubString(Container.FolderPath,plugin://plugin.video.ilten/) | StringCompare(Container.FolderPath,plugin://plugin.video.sdarot.tv/)]">AlarmClock(GeneralPT,Container.SetViewMode(50),0,silent)</onfocus>
	  <onfocus description="For ID(50) - Others" condition="Skin.HasSetting(AutoView) + Window.IsVisible(MyVideoNav.xml) + !StringCompare(Container.Viewmode,GeneralPT) + [SubString(Container.FolderPath,plugin.video.wallaNew.video)]">AlarmClock(GeneralPT,Container.SetViewMode(50),0,silent)</onfocus>
	  <onfocus description="For ID(50) - XXX Addons" condition="Skin.HasSetting(AutoView) + Window.IsVisible(MyVideoNav.xml) + !StringCompare(Container.Viewmode,GeneralPT) + [StringCompare(Container.FolderPath,plugin://plugin.video.fantasticc/) | StringCompare(Container.FolderPath,plugin://plugin.video.videodevil/)]">AlarmClock(GeneralPT,Container.SetViewMode(50),0,silent)</onfocus>
	  
	  <onfocus description="For ID(57)" condition="Skin.HasSetting(AutoView) + Window.IsVisible(MyVideoNav.xml) + !StringCompare(Container.Viewmode,MoviesPT) + [[Container.content(movies) + [SubString(Container.FolderPath,videodb://movies/) | SubString(Container.FolderPath,plugin://plugin.video.genesis/?)]] | [[Container.Content(TVshows) | Container.Content(Seasons) | Container.content(Episodes)] + [SubString(Container.FolderPath,videodb://tvshows/) | SubString(Container.FolderPath,plugin://plugin.video.genesis/?)]]]">AlarmClock(MoviesPT,Container.SetViewMode(57),0,silent)</onfocus>
	  
	  <!--<onfocus description="For ID(58) - Israel TV's Addons" condition="Skin.HasSetting(AutoView) + Window.IsVisible(MyVideoNav.xml) + !StringCompare(Container.Viewmode,IconsPT) + [SubString(Container.FolderPath,plugin://plugin.video.sdarot.tv/?) + Container.Content(TVshows) + !Container.content(Episodes) + !Container.content(Seasons)]">AlarmClock(IconsPT,Container.SetViewMode(58),0,silent)</onfocus>-->
	  <onfocus description="For ID(58) - שחקנים/מארז סרטים" condition="Skin.HasSetting(AutoView) + Window.IsVisible(MyVideoNav.xml) + !StringCompare(Container.Viewmode,IconsPT) + [[!Container.content(movies) + SubString(Container.FolderPath,videodb://movies/sets/)] | StringCompare(Container.FolderName,$LOCALIZE[344])]">AlarmClock(IconsPT,Container.SetViewMode(58),0,silent)</onfocus>
	  <onfocus description="For ID(58) - YouTube's + Addons" condition="Skin.HasSetting(AutoView) + Window.IsVisible(MyVideoNav.xml) + !StringCompare(Container.Viewmode,IconsPT) + [SubString(Container.FolderPath,plugin://plugin.video.youtube.channels/?mode=myChannels&url) | SubString(Container.FolderPath,plugin://plugin.video.youtube.channels/?mode=listCat&url=) | SubString(Container.FolderPath,plugin://plugin.video.youtube.3d/)]">AlarmClock(IconsPT,Container.SetViewMode(58),0,silent)</onfocus>
	  <onfocus description="For ID(58) - Youtube" condition="Skin.HasSetting(AutoView) + Window.IsVisible(MyVideoNav.xml) + !StringCompare(Container.Viewmode,IconsPT) + [SubString(Container.FolderPath,plugin://plugin.video.youtube/?feed=search&amp;path=%2froot%2fsearch&amp;search=) | SubString(Container.FolderPath,plugin://plugin.video.youtube/?login=true&amp;path=%2froot%2fplaylists&amp;playlist=)]">AlarmClock(GeneralPT,Container.SetViewMode(58),0,silent)</onfocus>
	  <onfocus description="For ID(58) - GoPros's Addons" condition="Skin.HasSetting(AutoView) + Window.IsVisible(MyVideoNav.xml) + !StringCompare(Container.Viewmode,IconsPT) + [SubString(Container.FolderPath,plugin://plugin.video.GoProCamera) | SubString(Container.FolderPath,plugin://plugin.video.extreme.com/?)]">AlarmClock(IconsPT,Container.SetViewMode(58),0,silent)</onfocus>
	  <onfocus description="For ID(58) - XXX Addons" condition="Skin.HasSetting(AutoView) + Window.IsVisible(MyVideoNav.xml) + !StringCompare(Container.Viewmode,IconsPT) + [SubString(Container.FolderPath,plugin://plugin.video.fantasticc/?) | SubString(Container.FolderPath,plugin://plugin.video.videodevil/?)]">AlarmClock(IconsPT,Container.SetViewMode(58),0,silent)</onfocus>
	  
	  <onfocus description="*For All ID" condition="Window.IsVisible(MyVideoNav.xml) + !Skin.HasSetting(Admin) + !Skin.HasSetting(AutoViewoff) + [SubString(Container.FolderPath,\userdata\library\,right) | StringCompare(ListItem.Path,library://video/) | StringCompare(Container.FolderPath,special://userdata/library/) | StringCompare(Container.FolderPath,special://home/external/) | StringCompare(Container.FolderPath,special://skin/specials/) | StringCompare(Container.FolderPath,plugin://plugin.video.wallaNew.video/)]">Action(Back)</onfocus>
	  <onfocus description="*For All ID2" condition="Window.IsVisible(MyVideoNav.xml) + !Skin.HasSetting(Admin) + !Skin.HasSetting(Admin) + !Skin.HasSetting(Admin2) + [StringCompare(Container.FolderPath,plugin://plugin.video.movixws/) | StringCompare(Container.FolderPath,plugin://plugin.video.10qtv/) | StringCompare(Container.FolderPath,plugin://plugin.video.genesis/)]">Action(Back)</onfocus>
	  <onfocus description="*For All ID2" condition="Window.IsVisible(MyVideoNav.xml) + Skin.HasSetting(ID40) + !Skin.HasSetting(Admin) + !Skin.HasSetting(Admin) + !Skin.HasSetting(Admin2) + [StringCompare(Container.FolderPath,plugin://plugin.video.movixws/) | StringCompare(Container.FolderPath,plugin://plugin.video.10qtv/) | StringCompare(Container.FolderPath,plugin://plugin.video.genesis/)]">Notification($LOCALIZE[78957],$LOCALIZE[78956],2000)</onfocus>
	  
	  <!--<onfocus description="GenreVar" condition="Window.IsVisible(MyVideoNav.xml) + !Skin.HasSetting(Admin) StringCompare(Container.FolderPath,videodb://movies/genres/) | StringCompare(Container.FolderPath,plugin://plugin.video.genesis/?action=genres_movies) | StringCompare(Container.FolderPath,plugin://plugin.video.genesis/?action=genres_shows)">Container.Update</onfocus>-->
	  <!--MyVideoNav - Videos-->
	  <onfocus description="For ID(58) - PATH" condition="Window.IsVisible(MyVideoNav.xml) + !Skin.HasSetting(Admin) + !Skin.HasSetting(AutoViewoff) + Skin.HasSetting(AutoView) + !StringCompare(Container.Viewmode,IconsPT) + [[SubString(Container.FolderPath,special://userdata/library/videos/) | [SubString(Container.FolderPath,/var/media/) + SubString(Container.FolderPath,/videos/)] | SubString(Container.FolderPath,special://home/external/videos/)]]">Container.SetViewMode(58)</onfocus>
	  <!--MyPics-->
	  <!--<onfocus description="For ID(50) - PATH" condition="Window.IsVisible(MyPics.xml) + !Skin.HasSetting(Admin) + !Skin.HasSetting(AutoViewoff) + Skin.HasSetting(AutoView) + !StringCompare(Container.Viewmode,GeneralPT) + [StringCompare(Container.FolderPath,special://userdata/library/) | StringCompare(Container.FolderPath,special://home/external/) | StringCompare(Container.FolderPath,Skin.String(VarCurrentPicVidPath))]">Container.SetViewMode(50)</onfocus>-->
	  <onfocus description="For ID(58) - PATH" condition="Window.IsVisible(MyPics.xml) + !Skin.HasSetting(Admin) + !Skin.HasSetting(AutoViewoff) + Skin.HasSetting(AutoView) + !StringCompare(Container.Viewmode,IconsPT) + [SubString(Container.FolderPath,special://userdata/library/pictures/) | [SubString(Container.FolderPath,/var/media/) + SubString(Container.FolderPath,/pictures/)] | SubString(Container.FolderPath,special://home/external/pictures/)]">Container.SetViewMode(58)</onfocus>
	  <onfocus description="For All ID - PATH" condition="Window.IsVisible(MyPics.xml) + !Skin.HasSetting(Admin) + !Skin.HasSetting(AutoViewoff) + [!SubString(Container.FolderPath,userdata\library\pictures\) + !SubString(Container.FolderPath,userdata/library/pictures/) + !SubString(Container.FolderPath,special://userdata/library/pictures/) + !SubString(Container.FolderPath,/var/media/) + !SubString(Container.FolderPath,special://home/external/)]">Action(Back)</onfocus>
	  <!--MyPrograms-->
	  <onfocus description="*For ID(50) - משחקים" condition="Window.IsVisible(MyPrograms.xml) + StringCompare(Container.FolderName,Advanced Launcher) + !StringCompare(Container.Viewmode,addonsPT) + !IntegerGreaterThan(Container.NumItems,13) + [SubString(ListItem.Label,Arcade) | SubString(ListItem.Label,Nintendo) | SubString(ListItem.Label,Sega) | SubString(ListItem.Label,Sony Playstation) | SubString(ListItem.Label,TurboGrafx)] + [[IsEmpty(ListItem.Plot) + IsEmpty(ListItem.Genre) + IsEmpty(ListItem.Art(fanart))]]">AlarmClock(addonsPT,Container.SetViewMode(50),0,silent)</onfocus>
	  <onfocus description="*For ID(50) - כללי" condition="Window.IsVisible(MyPrograms.xml) + !StringCompare(Container.FolderName,Advanced Launcher) + !StringCompare(Container.Viewmode,addonsPT) + [SubString(Container.FolderPath,addons://outdated/)]">AlarmClock(addonsPT,Container.SetViewMode(50),0,silent)</onfocus>
	  <onfocus description="*For ID(55) - משחקים" condition="Window.IsVisible(MyPrograms.xml) + StringCompare(Container.FolderName,Advanced Launcher) + !StringCompare(Container.Viewmode,romPT) + [[!IsEmpty(ListItem.Plot) + !IsEmpty(ListItem.Genre) + !IsEmpty(ListItem.Art(fanart))] | IntegerGreaterThan(Container.NumItems,13)]">AlarmClock(romPT,Container.SetViewMode(55),0,silent)</onfocus>
	  <onfocus description="*For All ID" condition="Window.IsVisible(MyPrograms.xml) + !Skin.HasSetting(Admin) + StringCompare(ListItem.Path,addons://sources/) + IsEmpty(ListItem.FolderName) + IsEmpty(Container.FolderName)">Action(Back)</onfocus>
	  <onfocus description="*For All ID - Addons" condition="Window.IsVisible(MyPrograms.xml) + !Skin.HasSetting(Admin) + [StringCompare(Container.FolderPath,plugin://plugin.programm.htptmail/)]">Action(Back)</onfocus>
	  <visible>false</visible>
	</control>
  </include>
  <include name="Badges">
   <control type="grouplist">
	<height>24</height>
	<itemgap>10</itemgap>
	<align>left</align>
	<orientation>horizontal</orientation>
	<posx>70</posx>
	<posy>2</posy>
	<visible>Player.HasVideo</visible>
	<visible>!StringCompare(Player.Title,playHTPT.mp4) + !StringCompare(Player.Title,playHTPT2.flac)</visible>
	<control type="image">
	  <texture>$INFO[VideoPlayer.VideoResolution,badges/video/,.png]</texture>
	  <visible>!IsEmpty(VideoPlayer.VideoResolution)</visible>
	  <width>50</width>
	</control>
	<control type="image">
	  <texture>$INFO[VideoPlayer.VideoCodec,badges/video/,.png]</texture>
	  <visible>!IsEmpty(VideoPlayer.VideoCodec)</visible>
	  <width>50</width>
	</control>
	<control type="image">
	  <texture>$INFO[VideoPlayer.AudioChannels,badges/channels/channels,.png]</texture>
	  <visible>Player.HasAudio + [!IsEmpty(VideoPlayer.AudioChannels) | !IsEmpty(MusicPlayer.Channels)]</visible>
	  <width>50</width>
	</control>
	<control type="image">
	  <texture>$INFO[VideoPlayer.AudioCodec,badges/audio/,.png]</texture>
	  <visible>Player.HasAudio + [!IsEmpty(VideoPlayer.AudioCodec) | !IsEmpty(MusicPlayer.Codec)]</visible>
	  <width>50</width>
	</control>
   </control>
   
  <control type="grouplist" id="1132">
	<height>24</height>
	<itemgap>10</itemgap>
	<align>left</align>
	<orientation>horizontal</orientation>
	<posx>70</posx>
	<posy>2</posy>
	<visible>!Player.HasVideo + !IsEmpty(ListItem.VideoResolution) + !IsEmpty(ListItem.VideoCodec)</visible>
	<control type="image">
	  <texture>$INFO[ListItem.VideoResolution,badges/video/,.png]</texture>
	  <visible>!IsEmpty(ListItem.VideoResolution)</visible>
	  <width>50</width>
	</control>
	<control type="image">
	  <texture>$INFO[ListItem.VideoCodec,badges/video/,.png]</texture>
	  <visible>!IsEmpty(ListItem.VideoCodec)</visible>
	  <width>50</width>
	</control>
	<control type="image">
	  <texture>$INFO[ListItem.AudioChannels,badges/channels/channels,.png]</texture>
	  <visible>!IsEmpty(ListItem.AudioChannels) | !IsEmpty(MusicPlayer.Channels)</visible>
	  <width>50</width>
	</control>
	<control type="image">
	  <texture>$INFO[ListItem.AudioCodec,badges/audio/,.png]</texture>
	  <visible>!IsEmpty(ListItem.AudioCodec) | !IsEmpty(MusicPlayer.Codec)</visible>
	  <width>50</width>
	</control>
   </control>
  </include>
  <include name="Badges2" description="למחוק?">
   <control type="grouplist">
	<height>24</height>
	<itemgap>10</itemgap>
	<align>left</align>
	<orientation>horizontal</orientation>
	<posx>70</posx>
	<posy>2</posy>
	<control type="image">
	  <visible>!IsEmpty(ListItem.VideoResolution)</visible>
	  <width>50</width>
	  <texture>$INFO[ListItem.VideoResolution,badges/video/,.png]</texture>
	</control>
	<!--<control type="image">
	  <visible>!IsEmpty(ListItem.VideoCodec)</visible>
	  <width>50</width>
	  <texture>$INFO[ListItem.VideoCodec,badges/video/,.png]</texture>
	</control>-->
	<control type="image">
	  <visible>!IsEmpty(ListItem.AudioChannels)</visible>
	  <width>50</width>
	  <texture>$INFO[ListItem.AudioChannels,badges/channels/channels,.png]</texture>
	</control>
	<!--<control type="image">
	  <visible>!IsEmpty(ListItem.AudioCodec)</visible>
	  <width>50</width>
	  <texture>$INFO[ListItem.AudioCodec,badges/audio/,.png]</texture>
	</control>-->
   </control>
  </include>
  <include name="hslider">
	<texturesliderbar>misc/logo/hslider.png</texturesliderbar>
	<!--<textureslidernib>misc/logo/vsliderB.png</textureslidernib>-->
	<textureslidernibfocus>misc/logo/hslider2.png</textureslidernibfocus>
  </include>
  <include name="HTPTlogo">
    <control type="image">
	  <aspectratio>keep</aspectratio>
	  <height>90</height>
	  <posx>-35</posx>
	  <posy>-30</posy>
	  <width>130</width>
	  <texture>osd/htpt_pause4.png</texture>
    </control>
  </include>
  <include name="IconsInformation">
   <control type="grouplist">
	<align>right</align>
	<height>24</height>
	<posx>600r</posx>
	<itemgap>10</itemgap>
	<orientation>horizontal</orientation>
	<posy>1</posy>
	<width>250</width>
	<control type="image" description="ניגון אוטומטי 5">
	  <visible>Skin.String(General_ConnectionScore,5)</visible>
	  <visible>!Skin.HasSetting(AutoPlay_Pause)</visible>
	  <width>50</width>
	  <texture>badges/specials/autoplay5.png</texture>
	</control>
	<control type="image" description="ניגון אוטומטי בוטל 5">
	  <visible>Skin.String(General_ConnectionScore,5)</visible>
	  <visible>Skin.HasSetting(AutoPlay_Pause)</visible>
	  <width>50</width>
	  <texture>badges/specials/autoplay5off.png</texture>
	</control>
	<control type="image" description="ניגון אוטומטי 4">
	  <visible>Skin.String(General_ConnectionScore,4)</visible>
	  <visible>!Skin.HasSetting(AutoPlay_Pause)</visible>
	  <width>50</width>
	  <texture>badges/specials/autoplay4.png</texture>
	</control>
	<control type="image" description="ניגון אוטומטי בוטל 4">
	  <visible>Skin.String(General_ConnectionScore,4)</visible>
	  <visible>Skin.HasSetting(AutoPlay_Pause)</visible>
	  <width>50</width>
	  <texture>badges/specials/autoplay4off.png</texture>
	</control>
	<control type="image" description="ניגון אוטומטי 3">
	  <visible>Skin.String(General_ConnectionScore,3)</visible>
	  <visible>!Skin.HasSetting(AutoPlay_Pause)</visible>
	  <width>50</width>
	  <texture>badges/specials/autoplay3.png</texture>
	</control>
	<control type="image" description="ניגון אוטומטי בוטל 3">
	  <visible>Skin.String(General_ConnectionScore,3)</visible>
	  <visible>Skin.HasSetting(AutoPlay_Pause)</visible>
	  <width>50</width>
	  <texture>badges/specials/autoplay3off.png</texture>
	</control>
	<control type="image" description="ניגון אוטומטי 2">
	  <visible>Skin.String(General_ConnectionScore,2)</visible>
	  <visible>!Skin.HasSetting(AutoPlay_Pause)</visible>
	  <width>50</width>
	  <texture>badges/specials/autoplay2.png</texture>
	</control>
	<control type="image" description="ניגון אוטומטי בוטל 2">
	  <visible>Skin.String(General_ConnectionScore,2)</visible>
	  <visible>Skin.HasSetting(AutoPlay_Pause)</visible>
	  <width>50</width>
	  <texture>badges/specials/autoplay2off.png</texture>
	</control>
	<control type="image" description="ניגון אוטומטי 1">
	  <visible>Skin.String(General_ConnectionScore,1)</visible>
	  <visible>!Skin.HasSetting(AutoPlay_Pause)</visible>
	  <width>50</width>
	  <texture>badges/specials/autoplay1.png</texture>
	</control>
	<control type="image" description="ניגון אוטומטי בוטל 1">
	  <visible>Skin.String(General_ConnectionScore,1)</visible>
	  <visible>Skin.HasSetting(AutoPlay_Pause)</visible>
	  <width>50</width>
	  <texture>badges/specials/autoplay1off.png</texture>
	</control>
	<control type="image" description="ניגון אוטומטי 0">
	  <visible>Skin.String(General_ConnectionScore,0)</visible>
	  <visible>!Skin.HasSetting(AutoPlay_Pause)</visible>
	  <width>50</width>
	  <texture>badges/specials/autoplay0.png</texture>
	</control>
	<control type="image" description="ניגון אוטומטי בוטל 0">
	  <visible>Skin.String(General_ConnectionScore,0)</visible>
	  <visible>Skin.HasSetting(AutoPlay_Pause)</visible>
	  <width>50</width>
	  <texture>badges/specials/autoplay0off.png</texture>
	</control>
	<control type="image" description="ביצועים">
	  <visible>Skin.HasSetting(Performance)</visible>
	  <width>50</width>
	  <texture>badges/specials/performance.png</texture>
	</control>
	<control type="image" description="דיסק קשיח חיצוני">
	  <visible>Skin.HasSetting(myHTPT2) + Skin.HasSetting(myHTPT3) | System.Platform.Windows</visible>
	  <width>50</width>
	  <texture>badges/specials/myHTPT2.png</texture>
	</control>
	<control type="image" id="824" description="אין אינטרנט">
	  <visible>!Skin.HasSetting(Connected)</visible> <!--[System.Platform.Windows + !StringCompare(System.InternetState,$LOCALIZE[15207]) + !SubString(System.InternetState,$LOCALIZE[503]) + !IsEmpty(System.InternetState) + !SubString(System.InternetState,) | -->
	  <visible>!Control.IsVisible(825)</visible>
	  <width>50</width>
	  <texture>badges/specials/internet.png</texture>
	</control>
	<control type="image" id="825" description="אין רשת / was bugged :)">
	  <visible>[!Skin.HasSetting(Connected2) + !Skin.HasSetting(Connected3)]</visible> <!--[System.Platform.Windows + [IsEmpty(Network.IPAddress) | SubString(Network.IPAddress,169.254.)]] | -->
	  <width>50</width>
	  <texture>badges/specials/lan.png</texture>
	</control>
	<control type="image" id="826" description="אינטרנט קווי / was bugged">
	  <visible>[StringCompare(System.InternetState,$LOCALIZE[15207]) | IsEmpty(System.InternetState)]</visible>
	  <visible>[!Skin.HasSetting(Connected2) + Skin.HasSetting(Connected3)]</visible> <!--[System.Platform.Windows + !IsEmpty(Network.IPAddress) + StringCompare(Network.MacAddress,Skin.String(MAC1)) + !StringCompare(Network.MacAddress,Skin.String(MAC2))] | -->
	  <visible>!Control.IsVisible(824)</visible>
	  <width>50</width>
	  <texture>$VAR[PingRating1]</texture>
	</control>
	<control type="image" id="827" description="אינטרנט אלחוטי">
	  <visible>Skin.HasSetting(Connected2)</visible> <!--[System.Platform.Windows + !IsEmpty(Network.IPAddress) + [StringCompare(System.InternetState,$LOCALIZE[15207]) | SubString(Network.LinkState,$LOCALIZE[13296])] + StringCompare(Network.MacAddress,Skin.String(MAC2)) + !StringCompare(Network.MacAddress,Skin.String(MAC1))] | -->
	  <visible>!Control.IsVisible(824)</visible>
	  <width>50</width>
	  <texture>$VAR[PingRating2]</texture>
	</control>
	<control type="image" descripion="נעילה">
	  <visible>Skin.HasSetting(VALIDATION) + Skin.HasSetting(VALIDATION2) + !StringCompare(Control.GetLabel(700100),7000)</visible>
	  <width>50</width>
	  <texture>badges/specials/lock.png</texture>
	</control>
	<control type="image" descripion="פתיחה">
	  <visible>[!Skin.HasSetting(VALIDATION) + Skin.HasSetting(VALIDATION2)] | StringCompare(Control.GetLabel(700100),7000)</visible>
	  <width>50</width>
	  <texture>badges/specials/unlock.png</texture>
	</control>
   </control>
  </include>
  <include name="ScrollLabel" description="()">
	<scroll>true</scroll>
	<scrollspeed>100</scrollspeed>
	<scrollsuffix></scrollsuffix>
  </include>
  <include name="ScrollBar">
	<control type="scrollbar" id="60" description="כלי גלילה">
		<include condition="!Skin.HasSetting(Performance)">Slide1.2</include>
		<include condition="Skin.HasSetting(Performance)">Slide1.2p</include>
		<posx>60r</posx>
		<onright condition="Control.IsVisible(7011)">7017</onright>
		<onright condition="Player.HasAudio">ActivateWindow(12901)</onright>
		<onleft condition="[Window.IsVisible(DialogPeripheralSettings.xml) | Window.IsVisible(SettingsCategory.xml)] + Control.IsVisible(5)">5</onleft>
		<onleft condition="Control.IsVisible(50) + !Window.IsVisible(MyPVRChannels.xml)">50</onleft>
		<onleft condition="Control.IsVisible(52)">52</onleft>
		<onleft condition="Control.IsVisible(55)">55</onleft>
		<onleft condition="Control.IsVisible(57)">57</onleft>
		<onleft condition="Control.IsVisible(58)">58</onleft>
		<onleft condition="Control.IsVisible(450)">450</onleft>
		<onleft condition="Control.IsVisible(10) + Window.IsVisible(MyPVRChannels.xml)">10</onleft>
		<onleft condition="Control.IsVisible(11) + Window.IsVisible(MyPVRChannels.xml)">11</onleft>
		<onleft condition="Control.IsVisible(12) + Window.IsVisible(MyPVRChannels.xml)">12</onleft>
		<!--<visible>IntegerGreaterThan(Container.NumPages,2)</visible>-->
	</control>
  </include>
  <include name="smartkeyboardH">
    <onunload condition="Skin.String(smartkeyboardH0) + !StringCompare(Skin.String(smartkeyboardH0),Skin.String(smartkeyboardH5)) + !StringCompare(Skin.String(smartkeyboardH0),Skin.String(smartkeyboardH4)) + !StringCompare(Skin.String(smartkeyboardH0),Skin.String(smartkeyboardH3)) + !StringCompare(Skin.String(smartkeyboardH0),Skin.String(smartkeyboardH2)) + !StringCompare(Skin.String(smartkeyboardH0),Skin.String(smartkeyboardH1))">Skin.SetString(smartkeyboardH5,$INFO[Skin.String(smartkeyboardH4)])</onunload>
	<onunload condition="Skin.String(smartkeyboardH0) + !StringCompare(Skin.String(smartkeyboardH0),Skin.String(smartkeyboardH5)) + !StringCompare(Skin.String(smartkeyboardH0),Skin.String(smartkeyboardH4)) + !StringCompare(Skin.String(smartkeyboardH0),Skin.String(smartkeyboardH3)) + !StringCompare(Skin.String(smartkeyboardH0),Skin.String(smartkeyboardH2)) + !StringCompare(Skin.String(smartkeyboardH0),Skin.String(smartkeyboardH1))">Skin.SetString(smartkeyboardH4,$INFO[Skin.String(smartkeyboardH3)])</onunload>
	<onunload condition="Skin.String(smartkeyboardH0) + !StringCompare(Skin.String(smartkeyboardH0),Skin.String(smartkeyboardH5)) + !StringCompare(Skin.String(smartkeyboardH0),Skin.String(smartkeyboardH4)) + !StringCompare(Skin.String(smartkeyboardH0),Skin.String(smartkeyboardH3)) + !StringCompare(Skin.String(smartkeyboardH0),Skin.String(smartkeyboardH2)) + !StringCompare(Skin.String(smartkeyboardH0),Skin.String(smartkeyboardH1))">Skin.SetString(smartkeyboardH3,$INFO[Skin.String(smartkeyboardH2)])</onunload>
	<onunload condition="Skin.String(smartkeyboardH0) + !StringCompare(Skin.String(smartkeyboardH0),Skin.String(smartkeyboardH5)) + !StringCompare(Skin.String(smartkeyboardH0),Skin.String(smartkeyboardH4)) + !StringCompare(Skin.String(smartkeyboardH0),Skin.String(smartkeyboardH3)) + !StringCompare(Skin.String(smartkeyboardH0),Skin.String(smartkeyboardH2)) + !StringCompare(Skin.String(smartkeyboardH0),Skin.String(smartkeyboardH1))">Skin.SetString(smartkeyboardH2,$INFO[Skin.String(smartkeyboardH1)])</onunload>
	<onunload condition="Skin.String(smartkeyboardH0) + !StringCompare(Skin.String(smartkeyboardH0),Skin.String(smartkeyboardH5)) + !StringCompare(Skin.String(smartkeyboardH0),Skin.String(smartkeyboardH4)) + !StringCompare(Skin.String(smartkeyboardH0),Skin.String(smartkeyboardH3)) + !StringCompare(Skin.String(smartkeyboardH0),Skin.String(smartkeyboardH2)) + !StringCompare(Skin.String(smartkeyboardH0),Skin.String(smartkeyboardH1))">Skin.SetString(smartkeyboardH1,$INFO[Skin.String(smartkeyboardH0)])</onunload>
	<onunload condition="Skin.String(smartkeyboardH0)">Skin.SetString(smartkeyboardH0,)</onunload>
  </include>
  <include name="ShowDVDCases">
     <control type="group">
	   <visible>Skin.HasSetting(ShowDVDCases) + [!IsEmpty(Player.Art(tvshow.poster)) | !IsEmpty(Player.Art(poster)) | !IsEmpty(VideoPlayer.Cover) | !IsEmpty(ListItem.Art(poster)) | !IsEmpty(ListItem.Art(tvshow.poster)) | !IsEmpty(ListItem.Art(poster)) | !IsEmpty(ListItem.Icon) | SubString(ListItem.path,videodb://movies/sets/)]</visible> <!--Player.HasVideo + [!IsEmpty(VideoPlayer.Plot) | !IsEmpty(VideoPlayer.Genre)]-->
	   <visible>!StringCompare(ListItem.Label,עמוד הבא) + !StringCompare(ListItem.Label,..) + !StringCompare(ListItem.Label,Next Page)</visible>
	   <visible>!Control.IsVisible(58) + !Control.IsVisible(55) + !Window.IsVisible(DialogAddonInfo.xml)</visible>
	   <control type="image" id="191" description="הטובים ביותר">
		 <texture>misc/dvdcases/dvdcases1.png</texture>
		 <visible>[[Container.Content(tvshows) | Container.Content(seasons) | Container.Content(episodes)] + [IntegerGreaterThan(ListItem.Rating,8.9) + !IntegerGreaterThan(ListItem.Rating,9.9)]] | [Container.Content(movies) + IntegerGreaterThan(ListItem.Rating,7.6) + !IntegerGreaterThan(ListItem.Rating,9.9)]  |  [[VideoPlayer.Content(episodes) | !IsEmpty(VideoPlayer.Season) | !IsEmpty(VideoPlayer.Episode)] + Window.IsVisible(DialogFullScreenInfo.xml) + IntegerGreaterThan(VideoPlayer.Rating,8.9) + !IntegerGreaterThan(VideoPlayer.Rating,9.9)] | [[VideoPlayer.Content(movies) | !IsEmpty(VideoPlayer.Director) | !IsEmpty(VideoPlayer.Country) | !IsEmpty(VideoPlayer.mpaa) | !IsEmpty(VideoPlayer.Tagline) | !IsEmpty(VideoPlayer.Cast)] + Window.IsVisible(DialogFullScreenInfo.xml) + IntegerGreaterThan(VideoPlayer.Rating,7.6) + !IntegerGreaterThan(VideoPlayer.Rating,9.9)]</visible>
		 <visible>!SubString(ListItem.path,videodb://movies/sets/)</visible>
		 <visible>IsEmpty(ListItem.VideoResolution) + IsEmpty(ListItem.VideoCodec)</visible>
	   </control>
	   <control type="image" id="192" description="מארז סרטים">
		 <texture>misc/dvdcases/dvdcases2.png</texture>
		 <visible>SubString(ListItem.path,videodb://movies/sets/)</visible>
	   </control>
	   <control type="image" id="193" description="מקומי">
		 <texture>misc/dvdcases/dvdcases3.png</texture>
		 <visible>[IntegerGreaterThan(ListItem.Size,10) | !IsEmpty(ListItem.VideoResolution) | !IsEmpty(ListItem.VideoCodec)] | Window.IsVisible(DialogFullScreenInfo.xml) + [IntegerGreaterThan(VideoPlayer.Size,10)]</visible>
		 <visible>!SubString(ListItem.path,videodb://movies/sets/)</visible>
	   </control>
	   <control type="image" description="רגיל">
		 <texture>misc/dvdcases/dvdcases.png</texture>
		 <!--<visible>[[Container.Content(tvshows) | Container.Content(seasons) | Container.Content(episodes)] + [!IntegerGreaterThan(ListItem.Rating,8.9) | IntegerGreaterThan(ListItem.Rating,9.9)]] | [Container.Content(movies) + [!IntegerGreaterThan(ListItem.Rating,7.6) | IntegerGreaterThan(ListItem.Rating,9.9)]] | [VideoPlayer.Content(movies) | !IsEmpty(VideoPlayer.Director) | !IsEmpty(VideoPlayer.Country) | !IsEmpty(VideoPlayer.mpaa) | !IsEmpty(VideoPlayer.Tagline) | !IsEmpty(VideoPlayer.Cast)] + [!IsEmpty(Player.Art(tvshow.poster)) | !IsEmpty(Player.Art(poster)) | !IsEmpty(VideoPlayer.Cover) | Container.Content(Movies) | Container.Content(TVshows) | Container.Content(Seasons) | Container.Content(Episodes) | Container.Content(Sets) | Substring(ListItem.path,videodb://)]</visible>-->
		 <visible>[[Container.Content(tvshows) | Container.Content(seasons) | Container.Content(episodes)] + [!IntegerGreaterThan(ListItem.Rating,8.9) | IntegerGreaterThan(ListItem.Rating,9.9)]] | [Container.Content(movies) + [!IntegerGreaterThan(ListItem.Rating,7.6) | IntegerGreaterThan(ListItem.Rating,9.9)]] | [[VideoPlayer.Content(episodes) | !IsEmpty(VideoPlayer.Season) | !IsEmpty(VideoPlayer.Episode)] + Window.IsVisible(DialogFullScreenInfo.xml) + [!IntegerGreaterThan(VideoPlayer.Rating,8.9) | IntegerGreaterThan(VideoPlayer.Rating,9.9)]] | [[VideoPlayer.Content(movies) | !IsEmpty(VideoPlayer.Director) | !IsEmpty(VideoPlayer.Tagline) | !IsEmpty(VideoPlayer.mpaa)] + Window.IsVisible(DialogFullScreenInfo.xml) + [!IntegerGreaterThan(VideoPlayer.Rating,7.6) | IntegerGreaterThan(VideoPlayer.Rating,9.9)]]</visible>
		 <visible>!SubString(ListItem.path,videodb://movies/sets/)</visible>
		 <visible>IsEmpty(ListItem.VideoResolution) + IsEmpty(ListItem.VideoCodec)</visible>
		 <!--<visible>false</visible>-->
	   </control>
	 </control>
   </include>
  <include name="FileManagerButton">
    <control type="button" id="103" description="מנהל קבצים">
	  <include condition="StringCompare(System.Language,Hebrew)">ButtonR1</include>
	  <include condition="!StringCompare(System.Language,Hebrew)">ButtonL1</include>
	  <label>$LOCALIZE[7]</label>
	  <onclick condition="!Window.IsVisible(MyMusicNav.xml) + !IsEmpty(Container.FolderPath)">ActivateWindow(FileManager.xml,$INFO[Container.FolderPath])</onclick>
	  <onclick condition="Window.IsVisible(MyMusicNav.xml) + IsEmpty(ListItem.Path)">ActivateWindow(FileManager.xml,special://userdata/library/music/)</onclick>
	  <!--<onclick>ActivateWindow(Video,sources://video/)</onclick>-->
	  <!--<visible>SubString(Container.FolderPath,special://userdata/library/videos) | SubString(Container.FolderPath,/var/media/myHTPT2/videos/) | SubString(Container.FolderPath,special://home/external/) | SubString(Container.FolderPath,sources://video/)</visible>-->
	  <enable>!SubString(Container.FolderPath,sources://video/)</enable>
	</control>
  </include>
  <include name="HelpButton">
    <control type="button" id="130" description="עזרה">
	  <textcolor>Yellow</textcolor>
	  <include condition="StringCompare(System.Language,Hebrew)">ButtonR1</include>
	  <include condition="!StringCompare(System.Language,Hebrew)">ButtonL1</include>
	  <label>$LOCALIZE[10043]</label>
	  <onclick condition="true">RunScript(script.htpt.homebuttons)</onclick>
	  <!--<onclick>ActivateWindow(Video,sources://video/)</onclick>-->
	  <!--<visible>SubString(Container.FolderPath,special://userdata/library/videos) | SubString(Container.FolderPath,/var/media/myHTPT2/videos/) | SubString(Container.FolderPath,special://home/external/) | SubString(Container.FolderPath,sources://video/)</visible>-->
	  <enable>!SubString(Container.FolderPath,sources://video/)</enable>
	</control>
  </include>
  <include name="WarningInformation">
	  <control type="label" id="210" description="מצב אינטרנט">
		<include>LabelC1</include>
		<height>20</height>
		<label>***$LOCALIZE[79512]***</label>
		<visible>Control.IsVisible(824)</visible>
	  </control>
	  <control type="label" id="213" description="מצב אינטרנט2">
		<include>LabelC1</include>
		<height>20</height>
		<label>$VAR[Label213]</label>
		<visible>System.HasAddon(service.htpt) + Skin.String(Ping_Rate) + Skin.String(Ping_Now) + Skin.HasSetting(General_ScriptON) + [!Control.IsVisible(210) + !Control.IsVisible(825) | Skin.HasSetting(Admin)]</visible>
	  </control>
	  <control type="label" id="211" description="מצב טמפרטורה">
		<include>LabelC1</include>
		<height>20</height>
		<label>***$LOCALIZE[79510] $INFO[System.CPUTemperature] $INFO[System.TemperatureUnits]***</label>
		<visible>[System.Platform.Linux.RaspberryPi + IntegerGreaterThan(System.CPUTemperature,80)] | IntegerGreaterThan(System.CPUTemperature,90)</visible>
		<visible>SubString(System.TemperatureUnits,C)</visible>
	  </control>
	  <control type="label" id="212" description="מצב דיסק קשיח">
		<include>LabelC1</include>
		<height>20</height>
		<label>***$LOCALIZE[79509] ($INFO[System.FreeSpace])***</label>
		<visible>!IntegerGreaterThan(System.FreeSpacePercent(/dev/sda2),5) + !IsEmpty(System.FreeSpacePercent(/dev/sda2))</visible>
		<visible>false</visible>
	  </control>
	  <control type="label" id="214" description="מצב רשת">
		<include>LabelC1</include>
		<height>20</height>
		<label>***$LOCALIZE[79508]***</label>
		<visible>Control.IsVisible(825)</visible>
	  </control>
	  <control type="label" id="215" description="מצב פעילות המערכת">
		<include>LabelC1</include>
		<height>20</height>
		<label>***$LOCALIZE[79507]***</label>
		<visible>IntegerGreaterThan(System.Uptime,1440)</visible>
		<visible>!Control.IsVisible(210) + !Control.IsVisible(213) + !Control.IsVisible(212) + !Control.IsVisible(214)</visible>
	  </control>
	  <control type="label" id="220" description="לא פעיל SD-ניגון אוטומטי גם ב">
		<include>LabelC1</include>
		<height>20</height>
		<label>***$LOCALIZE[79103] $LOCALIZE[77854] SD $LOCALIZE[16039]***</label>
		<visible>Skin.String(General_ConnectionScore,4) + !Skin.HasSetting(AutoPlaySD) + Window.IsVisible(DialogOk.xml)</visible>
	  </control>
	  <control type="label" id="213" description="עומס בסדרות ישראליות">
		<include>LabelC1</include>
		<height>20</height>
		<label>$LOCALIZE[79513]</label>
		<visible>Skin.String(Current_Header,Sdarot.tv Video) + !Skin.String(AutoPlay2,0)</visible>
	  </control>
  </include>
  <include name="WatchedStatus">
	<control type="image" description="סמן נצפה">
	  <aspectratio align="left">keep</aspectratio>
	  <texture>$VAR[Overlay]</texture>
	  <visible>!IsEmpty(Control.GetLabel(1104)) | Control.IsVisible(50) | Window.IsVisible(DialogFullScreenInfo.xml)</visible>
	</control>
  </include>
  <include name="CommonBackground" description="OpenELEC - mainWindow.xml">
	<control type="image" description="רקע בית">
	  <include condition="!Skin.HasSetting(Performance)">Fade1</include>
	  <height>1080</height>
	  <posy>40</posy>
      <width>1920</width>
	  <texture>misc/logo/logo11.png</texture>
	</control>
	<control type="label" id="700100" description="שגיאה">  
	  <label>$VAR[VERROR]</label>
	  <visible>false</visible>
    </control>
  </include>
  <include name="list1000" description="OpenELEC - mainWindow.xml">
		<left>10</left>
		<top>100</top>
		<width>260</width>
		<height>541</height>
		<onleft>1500</onleft>
		<pagecontrol>-</pagecontrol>
		<scrolltime>300</scrolltime>
		<itemlayout height="54" width="260">
			<control type="image">
				<left>0</left>
				<top>0</top>
				<width>260</width>
				<height>55</height>
				<texture border="5">default/MenuItemNF.png</texture>
			</control>
			<control type="label">
				<animation condition="[!Skin.HasSetting(Admin) + Skin.HasSetting(noway)] + StringCompare(Container(1000).ListItem.Label,)" effect="fade" start="0" end="0" time="0" reversible="false">Conditional</animation>
				<animation condition="[!Skin.HasSetting(Admin) + Skin.HasSetting(noway)] + [StringCompare(ListItem.Label,Skin.String(openelec1)) | StringCompare(ListItem.Label,Skin.String(openelec4)) | StringCompare(ListItem.Label,Skin.String(openelec6))]" effect="fade" start="0" end="0" time="0" reversible="false">Conditional</animation>
				<animation condition="[!Skin.HasSetting(Admin) + Skin.HasSetting(noway)] + StringCompare(Container(1000).ListItem.Label,Skin.String(openelec5)) + [StringCompare(ListItem.Label,Skin.String(openelec2)) | StringCompare(ListItem.Label,Skin.String(openelec3))]" effect="fade" start="0" end="0" time="0" reversible="false">Conditional</animation>
				<animation condition="[!Skin.HasSetting(Admin) + Skin.HasSetting(noway)] + [StringCompare(Container(1000).ListItem.Label,Skin.String(openelec2)) | StringCompare(Container(1000).ListItem.Label,Skin.String(openelec3))] + [StringCompare(ListItem.Label,Skin.String(openelec5))" effect="fade" start="0" end="0" time="0" reversible="false">Conditional</animation>
				<left>10</left>
				<top>0</top>
				<width>240</width>
				<height>55</height>
				<font>font24_title</font>
				<textcolor>FF505050</textcolor>
				<align>right</align>
				<aligny>center</aligny>
				<label>$INFO[ListItem.Label]</label>
			</control>
		</itemlayout>
		<focusedlayout height="54" width="260">
			<control type="image">
				<left>0</left>
				<top>0</top>
				<width>260</width>
				<height>55</height>
				<texture border="5">default/MenuItemFO.png</texture>
				<animation effect="fade" end="50" time="10">Unfocus</animation>
			</control>
			<control type="button">
			  <!--<onfocus>$VAR[mainWindow]</onfocus>-->
			  <!--<onfocus condition="Skin.HasSetting(Admin) + Container(1000).HasFocus + !IsEmpty(Container(1000).ListItem.Label)">Notification($INFO[Container(1000).ListItem.Label],1000,3000)</onfocus>-->
			  <!--<onfocus condition="Skin.HasSetting(Joystick2) + !StringCompare(Container(1000).ListItem.Label,$ADDON[service.openelec.settings 32331])">AlarmClock(JOYSTICK2.2,Action(Right),0,silent)</onfocus>-->
			  <!--<onfocus>Notification($INFO[Container(1000).ListItem.Label],$INFO[Container(1000).ListItem.Property(listTyp)],1000)</onfocus>-->
			  <!--<onunfocus condition="Skin.HasSetting(noway) + !Skin.HasSetting(Joystick2) + StringCompare(Container(1000).ListItem.Label,Bluetooth)">AlarmClock(NOWAY2,Action(Up),0,silent)</onunfocus>-->
			  <label>$ADDON[service.openelec.settings 32331]</label>
			  <visible>false</visible>
			</control>
			<control type="label">
				<animation condition="[!Skin.HasSetting(Admin) + Skin.HasSetting(noway)] + StringCompare(Container(1000).ListItem.Label,)" effect="fade" start="0" end="0" time="0" reversible="false">Conditional</animation>
				<animation condition="[!Skin.HasSetting(Admin) + Skin.HasSetting(noway)] + [StringCompare(ListItem.Label,Skin.String(openelec1)) | StringCompare(ListItem.Label,Skin.String(openelec4)) | StringCompare(ListItem.Label,Skin.String(openelec6))]" effect="fade" start="0" end="0" time="0" reversible="false">Conditional</animation>
				<animation condition="[!Skin.HasSetting(Admin) + Skin.HasSetting(noway)] + StringCompare(Container(1000).ListItem.Label,Skin.String(openelec5)) + [StringCompare(ListItem.Label,Skin.String(openelec2)) | StringCompare(ListItem.Label,Skin.String(openelec3))]" effect="fade" start="0" end="0" time="0" reversible="false">Conditional</animation>
				<animation condition="[!Skin.HasSetting(Admin) + Skin.HasSetting(noway)] + [StringCompare(Container(1000).ListItem.Label,Skin.String(openelec2)) | StringCompare(Container(1000).ListItem.Label,Skin.String(openelec3))] + [StringCompare(ListItem.Label,Skin.String(openelec5))" effect="fade" start="0" end="0" time="0" reversible="false">Conditional</animation>
				<left>10</left>
				<top>0</top>
				<width>240</width>
				<height>55</height>
				<font>font24_title</font>
				<textcolor>white</textcolor>
				<align>right</align>
				<aligny>center</aligny>
				<label>$INFO[ListItem.Label]</label>
			</control>
		</focusedlayout>

  </include>
  <include name="VisibleFadeEffect" description="OpenELEC - mainWindow.xml">
  </include>
  <include name="WindowTitleCommons" description="OpenELEC">
  </include>
</includes>