<?xml version="1.0" encoding="UTF-8"?>
<window id="1117">
  <include condition="Skin.HasSetting(Performance) + !Player.HasVideo">Performance1</include>
  <defaultcontrol always="true">50</defaultcontrol>
  <controls>
	  <control type="image" description="רקע בית">
		<animation effect="fade" time="1000">WindowOpen</animation>
		<texture>misc/logo/logo11.png</texture>
		<height>552</height>
		<width>1920</width>
	  </control>
	  <control type="image" description="רקע בית">
		<animation effect="fade" time="1000">WindowOpen</animation>
		<texture>misc/logo/logo12.png</texture>
		<height>552</height>
		<posy>552</posy>
		<width>1920</width>
	  </control>
	<include>TopInformation</include>
	<control type="group">
      <control type="image" description="Line bottom">
        <posy>490</posy>
        <width>1920</width>
        <height>1</height>
        <texture>images/Line1.png</texture>
      </control>
      <control type="group">
        <control type="panel" id="50">
          <width>1840</width>
          <height>559</height>
          <posy>551</posy>
          <posx>30</posx>
          <onleft>50</onleft>
          <onright>50</onright>
          <onup>520</onup>
          <ondown>noop</ondown>
          <itemlayout height="255" width="368">
		  <control type="group">
			<include condition="Skin.HasSetting(Performance2)">Fade10</include>
            <control type="image" description="THMBSBASE">
              <posx>20</posx>
              <posy>48</posy>
              <width>260</width>
              <height>168</height>
              <colordiffuse>FF666666</colordiffuse>
              <texture>icons/base.png</texture>
            </control>
            <control type="Image" description="אייקון לא נבחר">
              <visible>!IsEmpty(Listitem.thumb)</visible>
              <posx>20</posx>
              <posy>48</posy>
              <height>168</height>
              <width>260</width>
              <texture diffuse="buttons/diffusehome.png">$INFO[ListItem.thumb]</texture>
              <aspectratio>keep</aspectratio>
            </control>
            <control type="Image" description="THUMB">
              <visible>IsEmpty(Listitem.thumb)</visible>
              <posx>20</posx>
              <posy>48</posy>
              <height>168</height>
              <width>260</width>
              <texture diffuse="buttons/diffusehome.png">$INFO[ListItem.label2]</texture>
            </control>
            <control type="label" description="כותרת">
              <posx>0</posx>
              <posy>220</posy>
              <width>300</width>
              <height>24</height>
              <align>center</align>
              <label>$INFO[ListItem.Label]</label>
            </control>
		  </control>
          </itemlayout>
          <focusedlayout  height="255" width="368">
		  <control type="group">
			<include condition="Skin.HasSetting(Performance2)">Fade10</include>		  
            <control type="image" description="THMBSBASE">
              <posx>20</posx>
              <posy>48</posy>
              <width>260</width>
              <height>168</height>
              <colordiffuse>FF666666</colordiffuse>
              <texture>icons/base.png</texture>
            </control>
			<!--<control type="image" description="סמן בחירה 1">
			  <posx>20</posx>
			  <posy>48</posy>
			  <height>168</height>
			  <width>260</width>			  
			  <texture>$INFO[ListItem.Property(color)]</texture>
			</control>-->
			<control type="image" description="סמן בחירה 2">
			  <posx>20</posx>
			  <posy>48</posy>
			  <height>168</height>
			  <width>260</width>
			  <texture colordiffuse="BBBBBBBB">icons/choosen2.png</texture>
			</control>
            <control type="Image" description="אייקון נבחר">
              <visible>!IsEmpty(Listitem.thumb)</visible>
              <posx>20</posx>
              <posy>48</posy>
              <height>168</height>
              <width>260</width>
              <texture diffuse="buttons/diffusehome.png">$INFO[ListItem.thumb]</texture>
              <aspectratio>keep</aspectratio>
            </control>
            <control type="Image" description="THUMB">
              <visible>IsEmpty(Listitem.thumb)</visible>
              <posx>20</posx>
              <posy>48</posy>
              <height>168</height>
              <width>260</width>
              <texture diffuse="buttons/diffusehome.png">$INFO[ListItem.label2]</texture>
            </control>
            <control type="label" description="כותרת">
              <animation effect="fade" start="80" end="100" time="300=" delay="300">Focus</animation>
			  <textcolor>Yellow</textcolor>
			  <include>LabelC3</include> 
              <height>24</height>			  
              <label>[B]$INFO[ListItem.Label][/B]</label>			  
			  <posx>0</posx>
              <posy>220</posy>
              <width>300</width>			  
            </control>
		  </control>
          </focusedlayout>
          <content>
            <item id="340" description="Movies">
              <visible>!Skin.HasSetting(Movies)</visible>
              <thumb>icons/movies.png</thumb>
              <label>$LOCALIZE[20342]</label>
              <onclick>Skin.ToggleSetting(Movies)</onclick>
            </item>
            <item id="340" description="Movies">
              <visible>Skin.HasSetting(Movies)</visible>
              <thumb>misc/help/off.png</thumb>
              <label>$LOCALIZE[20342]</label>
              <onclick>Skin.ToggleSetting(Movies)</onclick>
            </item>
            <item id="341" description="TV">
              <visible>!Skin.HasSetting(TVshows)</visible>
              <thumb>icons/tvshows.png</thumb>
              <label>$LOCALIZE[20343]</label>
              <onclick>Skin.ToggleSetting(TVshows)</onclick>
            </item>
            <item id="341" description="TV">
              <visible>Skin.HasSetting(TVshows)</visible>
              <thumb>misc/help/off.png</thumb>
              <label>$LOCALIZE[20343]</label>
              <onclick>Skin.ToggleSetting(TVshows)</onclick>
            </item>
            <item id="342" description="סדרות ישראליות">
              <visible>!Skin.HasSetting(IsraelTV)</visible>
              <thumb>icons/israeltv.png</thumb>
              <label>$LOCALIZE[73420]</label>
              <onclick>Skin.ToggleSetting(IsraelTV)</onclick>
            </item>
            <item id="342" description="סדרות ישראליות">
              <visible>Skin.HasSetting(IsraelTV)</visible>
              <thumb>misc/help/off.png</thumb>
              <label>$LOCALIZE[73420]</label>
              <onclick>Skin.ToggleSetting(IsraelTV)</onclick>
            </item>
            <item id="343" description="יו-טיוב">
              <visible>!Skin.HasSetting(YouTube)</visible>
              <thumb>icons/youtube.png</thumb>
              <label>$LOCALIZE[73430]</label>
              <onclick>Skin.ToggleSetting(YouTube)</onclick>
            </item>
            <item id="343" description="יו-טיוב">
              <visible>Skin.HasSetting(YouTube)</visible>
              <thumb>misc/help/off.png</thumb>
              <label>$LOCALIZE[73430]</label>
              <onclick>Skin.ToggleSetting(YouTube)</onclick>
            </item>
            <item id="344" description="גו-פרו">
              <visible>!Skin.HasSetting(GoPro)</visible>
              <thumb>icons/gopro.png</thumb>
              <label>$LOCALIZE[73440]</label>
              <onclick>Skin.ToggleSetting(GoPro)</onclick>
            </item>
            <item id="344" description="גו-פרו">
              <visible>Skin.HasSetting(GoPro)</visible>
              <thumb>misc/help/off.png</thumb>
              <label>$LOCALIZE[73440]</label>
              <onclick>Skin.ToggleSetting(GoPro)</onclick>
            </item>
            <item id="320" description="חפש/הוסף סרטים">
              <visible>!Skin.HasSetting(moviese)</visible>
              <thumb>$VAR[Button320]</thumb>
              <label>$LOCALIZE[73200]</label>
              <onclick>SetFocus(9000)</onclick>
			  <!--<onclick>Skin.ToggleSetting(moviese)</onclick>-->
            </item>
            <item id="320" description="חפש/הוסף סרטים">
              <visible>Skin.HasSetting(moviese)</visible>
              <thumb>misc/help/off.png</thumb>
              <label>$LOCALIZE[73200]</label>
			  <onclick>SetFocus(9000)</onclick>
              <!--<onclick>Skin.ToggleSetting(moviese)</onclick>-->
            </item>
			<item id="321" description="חפש/הוסף סדרות">
              <visible>!Skin.HasSetting(tvshowse)</visible>
              <thumb>icons/tvshowse.png</thumb>
              <label>$LOCALIZE[73210]</label>
			  <onclick>SetFocus(9000)</onclick>
              <!--<onclick>Skin.ToggleSetting(tvshowse)</onclick>-->
            </item>
            <item id="321" description="חפש/הוסף סדרות">
              <visible>Skin.HasSetting(tvshowse)</visible>
              <thumb>misc/help/off.png</thumb>
              <label>$LOCALIZE[73210]</label>
			  <onclick>SetFocus(9000)</onclick>
              <!--<onclick>Skin.ToggleSetting(tvshowse)</onclick>-->
            </item>
			<item id="345" description="מזג אוויר">
              <visible>!Skin.HasSetting(weather)</visible>
              <thumb>icons/weather.png</thumb>
              <label>$LOCALIZE[8]</label>
              <onclick>Skin.ToggleSetting(weather)</onclick>
            </item>
            <item id="345" description="מזג אוויר">
              <visible>Skin.HasSetting(weather)</visible>
              <thumb>misc/help/off.png</thumb>
              <label>$LOCALIZE[8]</label>
              <onclick>Skin.ToggleSetting(weather)</onclick>
            </item>
			<item id="507" description="תמונות">
              <visible>!Skin.HasSetting(pictures)</visible>
              <thumb>icons/pictures.png</thumb>
              <label>$LOCALIZE[1]</label>
			  <onclick>SetFocus(9000)</onclick>
            </item>
            <item id="507" description="תמונות">
              <visible>Skin.HasSetting(pictures)</visible>
              <thumb>misc/help/off.png</thumb>
              <label>$LOCALIZE[1]</label>
              <onclick>SetFocus(9000)</onclick>
            </item>
			<item id="1018" description="משחקים">
              <visible>!Skin.HasSetting(games)</visible>
              <thumb>icons/games.png</thumb>
              <label>$LOCALIZE[15016]</label>
              <onclick>Skin.ToggleSetting(games)</onclick>
            </item>
            <item id="1018" description="משחקים">
              <visible>Skin.HasSetting(games)</visible>
              <thumb>misc/help/off.png</thumb>
              <label>$LOCALIZE[15016]</label>
              <onclick>Skin.ToggleSetting(games)</onclick>
            </item>
			<item id="351" description="קדימונים">
              <visible>!Skin.HasSetting(trailers2)</visible>
              <thumb>icons/trailers.png</thumb>
              <label>$LOCALIZE[72100]</label>
              <onclick>Skin.ToggleSetting(trailers2)</onclick>
            </item>
            <item id="351" description="קדימונים">
              <visible>Skin.HasSetting(trailers2)</visible>
              <thumb>misc/help/off.png</thumb>
              <label>$LOCALIZE[72100]</label>
              <onclick>Skin.ToggleSetting(trailers2)</onclick>
            </item>
			<item id="327" description="אינטרנט">
              <visible>!Skin.HasSetting(internet)</visible>
              <thumb>icons/internet.png</thumb>
              <label>$LOCALIZE[443]</label>
              <onclick>Skin.ToggleSetting(internet)</onclick>
            </item>
            <item id="327" description="אינטרנט">
              <visible>Skin.HasSetting(internet)</visible>
              <thumb>misc/help/off.png</thumb>
              <label>$LOCALIZE[443]</label>
              <onclick>Skin.ToggleSetting(internet)</onclick>
            </item>
            <item id="325" description="וידאו">
              <visible>!Skin.HasSetting(videos)</visible>
              <thumb>icons/videos.png</thumb>
              <label>$LOCALIZE[157]</label>
              <onclick>Skin.ToggleSetting(videos)</onclick>
            </item>
            <item id="325" description="וידאו">
              <visible>Skin.HasSetting(videos)</visible>
              <thumb>misc/help/off.png</thumb>
              <label>$LOCALIZE[157]</label>
              <onclick>Skin.ToggleSetting(videos)</onclick>
            </item>
            <item id="508" description="מוזיקה">
              <visible>!Skin.HasSetting(MusicLibrary)</visible>
              <thumb>icons/music.png</thumb>
              <label>$LOCALIZE[2]</label>
              <onclick>Skin.ToggleSetting(MusicLibrary)</onclick>
            </item>
            <item id="508" description="מוזיקה">
              <visible>Skin.HasSetting(MusicLibrary)</visible>
              <thumb>misc/help/off.png</thumb>
              <label>$LOCALIZE[2]</label>
              <onclick>Skin.ToggleSetting(MusicLibrary)</onclick>
            </item>
			<item id="322" description="ילדים">
              <visible>!Skin.HasSetting(kids)</visible>
              <thumb>icons/kids.png</thumb>
              <label>$LOCALIZE[73220]</label>
              <onclick>Skin.ToggleSetting(kids)</onclick>
            </item>
            <item id="322" description="ילדים">
              <visible>Skin.HasSetting(kids)</visible>
              <thumb>misc/help/off.png</thumb>
              <label>$LOCALIZE[73220]</label>
              <onclick>Skin.ToggleSetting(kids)</onclick>
            </item>
			<item id="324" description="סרטים תלת-מימד">
              <visible>!Skin.HasSetting(3dmovs)</visible>
              <thumb>icons/3dmovs.png</thumb>
              <label>3D $LOCALIZE[342]</label>
              <onclick>Skin.ToggleSetting(3dmovs)</onclick>
            </item>
            <item id="324" description="סרטים תלת-מימד">
              <visible>Skin.HasSetting(3dmovs)</visible>
              <thumb>misc/help/off.png</thumb>
              <label>3D $LOCALIZE[342]</label>
              <onclick>Skin.ToggleSetting(3dmovs)</onclick>
            </item>
			<item id="509" description="">
              <visible>false</visible>
              <thumb></thumb>
              <label></label>
              <onclick>noop</onclick>
            </item>
            <item id="509" description="">
              <visible>false</visible>
              <thumb></thumb>
              <label></label>
              <onclick>noop</onclick>
            </item>	
			<item id="328" description="">
              <visible>false</visible>
              <thumb></thumb>
              <label></label>
              <onclick>noop</onclick>
            </item>
            <item id="328" description="">
              <visible>false</visible>
              <thumb></thumb>
              <label></label>
              <onclick>noop</onclick>
            </item>
			<item id="326" description="">
              <visible>false</visible>
              <thumb></thumb>
              <label></label>
              <onclick>noop</onclick>
            </item>
            <item id="326" description="">
              <visible>false</visible>
              <thumb></thumb>
              <label></label>
              <onclick>noop</onclick>
            </item>
			<item id="329" description="">
              <visible>false</visible>
              <thumb></thumb>
              <label></label>
              <onclick>noop</onclick>
            </item>
            <item id="329" description="">
              <visible>false</visible>
              <thumb></thumb>
              <label></label>
              <onclick>noop</onclick>
            </item>
            <item id="331" description="סרטים למבוגרים">
              <visible>Skin.HasSetting(adult)</visible>
              <thumb>icons/adult.png</thumb>
              <label>$LOCALIZE[75003]</label>
              <onclick>Skin.ToggleSetting(adult)</onclick>
            </item>
			<item id="330" description="">
              <visible>false</visible>
              <thumb></thumb>
              <label></label>
              <onclick>noop</onclick>
            </item>
            <item id="330" description="">
              <visible>false</visible>
              <thumb></thumb>
              <label></label>
              <onclick>noop</onclick>
            </item>
			<item id="352" description="מעודפים">
              <visible>!Skin.HasSetting(favourites)</visible>
              <thumb>icons/favourites.png</thumb>
              <label>$LOCALIZE[1036]</label>
              <onclick>Skin.ToggleSetting(favourites)</onclick>
            </item>
            <item id="352" description="מעודפים">
              <visible>Skin.HasSetting(favourites)</visible>
              <thumb>misc/help/off.png</thumb>
              <label>$LOCALIZE[1036]</label>
              <onclick>Skin.ToggleSetting(favourites)</onclick>
            </item>
			<item id="355" description="ערוצי טלוויזיה">
              <visible>!System.GetBool(pvrmanager.enabled) + !Skin.HasSetting(livetv)</visible>
              <thumb>icons/livetv.png</thumb>
              <label>$LOCALIZE[19023]</label>
              <onclick>Skin.ToggleSetting(livetv)</onclick>
            </item>
            <item id="355" description="ערוצי טלוויזיה">
              <visible>!System.GetBool(pvrmanager.enabled) + Skin.HasSetting(livetv)</visible>
              <thumb>misc/help/off.png</thumb>
              <label>$LOCALIZE[19023]</label>
              <onclick>Skin.ToggleSetting(livetv)</onclick>
            </item>
			<item id="355" description="ערוצי טלוויזיה">
              <visible>System.GetBool(pvrmanager.enabled) + !Skin.HasSetting(livetv)</visible>
              <thumb>icons/livetv.png</thumb>
              <label>$LOCALIZE[19023]</label>
              <onclick>Skin.ToggleSetting(livetv)</onclick> <!--ActivateWindow(pvrsettings)-->
            </item>	
            <item id="355" description="ערוצי טלוויזיה">
              <visible>System.GetBool(pvrmanager.enabled) + Skin.HasSetting(livetv)</visible>
              <thumb>misc/help/off.png</thumb>
              <label>$LOCALIZE[19023]</label>
              <onclick>Skin.ToggleSetting(livetv)</onclick> <!--ActivateWindow(pvrsettings)-->
            </item>			
			<item id="356" description="ערוצי רדיו">
              <visible>!Skin.HasSetting(radio) + false</visible>
              <thumb>icons/radio.png</thumb>
              <label>$LOCALIZE[19024]</label>
              <onclick>Skin.ToggleSetting(radio)</onclick>
            </item>
            <item id="356" description="ערוצי רדיו">
              <visible>Skin.HasSetting(radio) + false</visible>
              <thumb>misc/help/off.png</thumb>
              <label>$LOCALIZE[19024]</label>
              <onclick>Skin.ToggleSetting(radio)</onclick>
            </item>
			<item id="357" description="עוד...">
              <visible>!Skin.HasSetting(More)</visible>
              <thumb>icons/buttonadd.png</thumb>
              <label>$LOCALIZE[22082]</label>
              <onclick>SetFocus(9000)</onclick>
            </item>
            <item id="357" description="עוד...">
              <visible>Skin.HasSetting(More)</visible>
              <thumb>misc/help/off.png</thumb>
              <label>$LOCALIZE[22082]</label>
              <onclick>SetFocus(9000)</onclick>
            </item>
            <item id="401" description="הרחבות אישי">
              <visible>!IsEmpty(Skin.String(HomeAddon.1.Label))</visible>
              <thumb>$INFO[Skin.String(HomeAddon.1.Icon)]</thumb>
              <label2>$INFO[system.addonicon(Skin.String(HomeAddon.1.Label))]</label2>
              <label>$INFO[system.addonTitle(Skin.String(HomeAddon.1.Label))]</label>
              <onclick>SetFocus(9000)</onclick>
            </item>
            <item id="401" description="הרחבות אישי">
              <visible>IsEmpty(Skin.String(HomeAddon.1.Label))</visible>
              <thumb>DefaultAddon.png</thumb>
              <label>+ $LOCALIZE[24000]</label>
              <onclick>Skin.SetAddon(HomeAddon.1.Label,xbmc.python.pluginsource)</onclick>
              <onclick>Skin.Reset(HomeAddon.1.Icon)</onclick>
            </item>
            <item id="402" description="הרחבות אישי">
              <visible>!IsEmpty(Skin.String(HomeAddon.2.Label))</visible>
              <thumb>$INFO[Skin.String(HomeAddon.2.Icon)]</thumb>
              <label2>$INFO[system.addonicon(Skin.String(HomeAddon.2.Label))]</label2>
              <label>$INFO[system.addonTitle(Skin.String(HomeAddon.2.Label))]</label>
              <onclick>SetFocus(9000)</onclick>
            </item>
            <item id="402" description="הרחבות אישי">
              <visible>IsEmpty(Skin.String(HomeAddon.2.Label))</visible>
              <thumb>DefaultAddon.png</thumb>
              <label>+ $LOCALIZE[24000]</label>
              <onclick>Skin.SetAddon(HomeAddon.2.Label,xbmc.python.pluginsource)</onclick>
              <onclick>Skin.Reset(HomeAddon.2.Icon)</onclick>
            </item>
            <item id="403" description="הרחבות אישי">
              <visible>!IsEmpty(Skin.String(HomeAddon.3.Label))</visible>
              <thumb>$INFO[Skin.String(HomeAddon.3.Icon)]</thumb>
              <label2>$INFO[system.addonicon(Skin.String(HomeAddon.3.Label))]</label2>
              <label>$INFO[system.addonTitle(Skin.String(HomeAddon.3.Label))]</label>
              <onclick>SetFocus(9000)</onclick>
            </item>
            <item id="403" description="הרחבות אישי">
              <visible>IsEmpty(Skin.String(HomeAddon.3.Label))</visible>
              <thumb>DefaultAddon.png</thumb>
              <label>+ $LOCALIZE[24000]</label>
              <onclick>Skin.SetAddon(HomeAddon.3.Label,xbmc.python.pluginsource)</onclick>
              <onclick>Skin.Reset(HomeAddon.3.Icon)</onclick>
            </item>
            <item id="404" description="הרחבות אישי">
              <visible>!IsEmpty(Skin.String(HomeAddon.4.Label))</visible>
              <thumb>$INFO[Skin.String(HomeAddon.4.Icon)]</thumb>
              <label2>$INFO[system.addonicon(Skin.String(HomeAddon.4.Label))]</label2>
              <label>$INFO[system.addonTitle(Skin.String(HomeAddon.4.Label))]</label>
              <onclick>SetFocus(9000)</onclick>
            </item>
            <item id="404" description="הרחבות אישי">
              <visible>IsEmpty(Skin.String(HomeAddon.4.Label))</visible>
              <thumb>DefaultAddon.png</thumb>
              <label>+ $LOCALIZE[24000]</label>
              <onclick>Skin.SetAddon(HomeAddon.4.Label,xbmc.python.pluginsource)</onclick>
              <onclick>Skin.Reset(HomeAddon.4.Icon)</onclick>
            </item>
            <item id="405" description="הרחבות אישי">
              <visible>!IsEmpty(Skin.String(HomeAddon.5.Label))</visible>
              <thumb>$INFO[Skin.String(HomeAddon.5.Icon)]</thumb>
              <label2>$INFO[system.addonicon(Skin.String(HomeAddon.5.Label))]</label2>
              <label>$INFO[system.addonTitle(Skin.String(HomeAddon.5.Label))]</label>
              <onclick>SetFocus(9000)</onclick>
            </item>
            <item id="405" description="הרחבות אישי">
              <visible>IsEmpty(Skin.String(HomeAddon.5.Label))</visible>
              <thumb>DefaultAddon.png</thumb>
              <label>+ $LOCALIZE[24000]</label>
              <onclick>Skin.SetAddon(HomeAddon.5.Label,xbmc.python.pluginsource)</onclick>
              <onclick>Skin.Reset(HomeAddon.5.Icon)</onclick>
            </item>
			
			<item id="601" description="מעודפים אישי">
              <visible>!IsEmpty(Skin.String(HomeFav.1.Label))</visible>
              <label>$INFO[Skin.String(HomeFav.1.Label)]</label>
              <label2>+ $LOCALIZE[1036]</label2>
              <thumb fallback="icons/favourites.png">$INFO[Skin.String(HomeFav.1.Icon)]</thumb>
              <onclick>SetFocus(9000)</onclick>
            </item>
            <item id="601" description="מעודפים אישי">
              <visible>IsEmpty(Skin.String(HomeFav.1.Label))</visible>
              <thumb>DefaultFavourite.png</thumb>
              <label>+ $LOCALIZE[1036]</label>
              <onclick>RunScript(script.favourites,property=HomeFav.1)</onclick>
            </item>
            <item id="602" description="מעודפים אישי">
              <visible>!IsEmpty(Skin.String(HomeFav.2.Label))</visible>
              <label>$INFO[Skin.String(HomeFav.2.Label)]</label>
              <label2>+ $LOCALIZE[1036]</label2>
              <thumb fallback="icons/favourites.png">$INFO[Skin.String(HomeFav.2.Icon)]</thumb>
              <onclick>SetFocus(9000)</onclick>
            </item>
            <item id="602" description="מעודפים אישי">
              <visible>IsEmpty(Skin.String(HomeFav.2.Label))</visible>
              <thumb>DefaultFavourite.png</thumb>
              <label>+ $LOCALIZE[1036]</label>
              <onclick>RunScript(script.favourites,property=HomeFav.2)</onclick>
            </item>
            <item id="603" description="מעודפים אישי">
              <visible>!IsEmpty(Skin.String(HomeFav.3.Label))</visible>
              <label>$INFO[Skin.String(HomeFav.3.Label)]</label>
              <label2>+ $LOCALIZE[1036]</label2>
              <thumb fallback="icons/favourites.png">$INFO[Skin.String(HomeFav.3.Icon)]</thumb>
              <onclick>SetFocus(9000)</onclick>
            </item>
            <item id="603" description="מעודפים אישי">
              <visible>IsEmpty(Skin.String(HomeFav.3.Label))</visible>
              <thumb>DefaultFavourite.png</thumb>
              <label>+ $LOCALIZE[1036]</label>
              <onclick>RunScript(script.favourites,property=HomeFav.3)</onclick>
            </item>
            <item id="604" description="מעודפים אישי">
              <visible>!IsEmpty(Skin.String(HomeFav.4.Label))</visible>
              <label>$INFO[Skin.String(HomeFav.4.Label)]</label>
              <label2>+ $LOCALIZE[1036]</label2>
              <thumb fallback="icons/favourites.png">$INFO[Skin.String(HomeFav.4.Icon)]</thumb>
              <onclick>SetFocus(9000)</onclick>
            </item>
            <item id="604" description="מעודפים אישי">
              <visible>IsEmpty(Skin.String(HomeFav.4.Label))</visible>
              <thumb>DefaultFavourite.png</thumb>
              <label>+ $LOCALIZE[1036]</label>
              <onclick>RunScript(script.favourites,property=HomeFav.4)</onclick>
            </item>
            <item id="605" description="מעודפים אישי">
              <visible>!IsEmpty(Skin.String(HomeFav.5.Label))</visible>
              <label>$INFO[Skin.String(HomeFav.5.Label)]</label>
              <label2>+ $LOCALIZE[1036]</label2>
              <thumb fallback="icons/favourites.png">$INFO[Skin.String(HomeFav.5.Icon)]</thumb>
              <onclick>SetFocus(9000)</onclick>
            </item>
            <item id="605" description="מעודפים אישי">
              <visible>IsEmpty(Skin.String(HomeFav.5.Label))</visible>
              <thumb>DefaultFavourite.png</thumb>
              <label>+ $LOCALIZE[1036]</label>
              <onclick>RunScript(script.favourites,property=HomeFav.5)</onclick>
            </item>
            <!--<item id="350" description="תוכנות">
              <visible>!Skin.HasSetting(program)</visible>
              <thumb>icons/program.png</thumb>
              <label>$LOCALIZE[0]</label>
              <onclick>Skin.ToggleSetting(program)</onclick>
            </item>
            <item id="350" description="תוכנות">
              <visible>Skin.HasSetting(program)</visible>
              <thumb>misc/help/off.png</thumb>
              <label>$LOCALIZE[0]</label>
              <onclick>Skin.ToggleSetting(program)</onclick>
            </item>-->
            <!--<item id="1009" description="RSS">
              <visible>!Skin.HasSetting(hiderss)</visible>
              <thumb>icons/RSS.png</thumb>
              <label>RSS</label>
              <onclick>Skin.ToggleSetting(hiderss)</onclick>
            </item>
            <item id="1009" description="RSS">
              <visible>Skin.HasSetting(hiderss)</visible>
              <thumb>misc/help/off.png</thumb>
              <label>RSS</label>
              <onclick>Skin.ToggleSetting(hiderss)</onclick>
            </item>-->
            <!--<item id="353" description="מנהל קבצים">
              <visible>!Skin.HasSetting(filesmanager)</visible>
              <thumb>icons/filesmanager.png</thumb>
              <label>$LOCALIZE[7]</label>
              <onclick>Skin.ToggleSetting(filesmanager)</onclick>
            </item>
            <item id="353" description="מנהל קבצים">
              <visible>Skin.HasSetting(filesmanager)</visible>
              <thumb>misc/help/off.png</thumb>
              <label>$LOCALIZE[7]</label>
              <onclick>Skin.ToggleSetting(filesmanager)</onclick>
            </item>-->
            <item id="370" description="Test 1">
              <visible>!Skin.HasSetting(hidetest) + Skin.HasSetting(Admin) + !Skin.HasSetting(Admin2)</visible>
              <thumb>icons/browser.png</thumb>
              <label>Test 1</label>
              <onclick>Skin.ToggleSetting(hidetest)</onclick>
            </item>
            <item id="370" description="Test 1">
              <visible>Skin.HasSetting(hidetest) + Skin.HasSetting(Admin) + !Skin.HasSetting(Admin2)</visible>
              <thumb>misc/help/off.png</thumb>
              <label>Test 1</label>
              <onclick>Skin.ToggleSetting(hidetest)</onclick>
            </item>
            <item id="346" description="עזרה">
              <visible>!Skin.HasSetting(help)</visible>
              <thumb>icons/help.png</thumb>
              <label>$LOCALIZE[10043]</label>
              <onclick>Skin.ToggleSetting(help)</onclick>
            </item>
            <item id="346" description="עזרה">
              <visible>Skin.HasSetting(help)</visible>
              <thumb>misc/help/off.png</thumb>
              <label>$LOCALIZE[10043]</label>
              <onclick>Skin.ToggleSetting(help)</onclick>
            </item>
            <!--<item id="347" description="מקורות מדיה">
              <visible>!Skin.HasSetting(sources)</visible>
              <thumb>icons/Sources.png</thumb>
              <label>$LOCALIZE[20094]</label>
              <onclick>Skin.ToggleSetting(sources)</onclick>
            </item>
            <item id="347" description="מקורות מדיה">
              <visible>Skin.HasSetting(sources)</visible>
              <thumb>misc/help/off.png</thumb>
              <label>$LOCALIZE[20094]</label>
              <onclick>Skin.ToggleSetting(sources)</onclick>
            </item>-->
          </content>
        </control>
      </control>
    </control>
    <control type="grouplist" id="520" description="מדף סרטים">
      <posy>32</posy>
      <posx>20</posx>
      <ondown>50</ondown>
      <onright>50</onright>
	  <orientation>horizontal</orientation>
      <visible>Library.HasContent(Movies)</visible>
      <visible>Container(50).HasFocus(340)</visible>
      <control type="togglebutton" id="100" description="סרטים שנוספו לאחרונה">
		<width>310</width>
		<alttexturenofocus border="1">buttons/ButtonC.png</alttexturenofocus>
		<include>ButtonC10</include>
		<label>$VAR[Button100]</label>
        <enable>!Skin.HasSetting(Movies)</enable>
        <!--<onclick>Skin.Reset(MoviesShelfWL)</onclick>-->
		<onclick>Skin.ToggleSetting(MoviesShelfWL)</onclick>
      </control>

    </control>
    <control type="grouplist" id="520" description="מדף חפש/הוסף סרטים/סדרות">
      <posy>32</posy>
      <posx>20</posx>
      <ondown>50</ondown>
      <onright>50</onright>
	  <orientation>horizontal</orientation>
      <visible>Container(50).HasFocus(320) | Container(50).HasFocus(321)</visible>
	  <width>310</width>
      <control type="button" description="חלון פתיחה">
		<width>310</width>
		<include>ButtonC10</include>
		<label>$VAR[Button704]</label>
        <enable>noop</enable>
		<onclick>noop</onclick>
		<visible></visible>
      </control>
    </control>
	<control type="grouplist" id="520" description="מדף תמונות">
      <posy>32</posy>
      <posx>20</posx>
      <ondown>50</ondown>
      <onright>50</onright>
	  <orientation>horizontal</orientation>
      <visible>Container(50).HasFocus(507)</visible>
	  <width>510</width>
      <control type="button" description="חלון פתיחה">
		<width>510</width>
		<include>ButtonC10</include>
		<label>$INFO[picturesPath]</label>
        <enable>noop</enable>
		<onclick>noop</onclick>
		<visible>!IsEmpty(picturesPath)</visible>
      </control>
    </control>
	<control type="grouplist" id="520" description="מדף סדרות">
      <posy>32</posy>
      <posx>20</posx>
      <ondown>50</ondown>
      <onright>50</onright>
	  <orientation>horizontal</orientation>
      <visible>Library.HasContent(TVShows)</visible>
      <visible>Container(50).HasFocus(341)</visible>
	  <width>310</width>
      <control type="togglebutton" id="200" description="פרקים שנוספו לאחרונה">
		<width>310</width>
		<alttexturenofocus border="1">buttons/ButtonC.png</alttexturenofocus>
		<include>ButtonC10</include>
		<label>$VAR[Button200]</label>
        <enable>!Skin.HasSetting(TVshows)</enable>
		<onclick>Skin.ToggleSetting(TVShelf_Watchlist)</onclick>
      </control>
    </control>
    <control type="grouplist" id="520" description="סדרות ישראליות">
      <visible>Container(50).HasFocus(342)</visible>
      <posy>32</posy>
      <posx>20</posx>
	  <orientation>horizontal</orientation>
      <control type="radiobutton" id="303" description="Custom">
        <onup>300</onup>
        <ondown>52</ondown>
		<include>ButtonC10</include>
        <label>$LOCALIZE[77475]</label>
        <onclick>Skin.ToggleSetting(IsraelTV_Custom)</onclick>
        <selected>Skin.HasSetting(IsraelTV_Custom)</selected>
        <enable>!Skin.HasSetting(IsraelTV)</enable>
      </control>
    </control>
    <control type="panel" id="52" description="סדרות ישראליות">
      <enable>!Skin.HasSetting(IsraelTV)</enable>
      <visible>Container(50).HasFocus(342)</visible>
      <visible>Skin.HasSetting(IsraelTV_Custom)</visible>
      <include>CustomizerList</include>
      <content>
		  <item id="20" description="מאקו">
            <visible>!Skin.HasSetting(IsraelTV.20)</visible>
            <thumb>icons/makoTV.png</thumb>
            <label>$LOCALIZE[79002]</label>
            <onclick>Skin.ToggleSetting(IsraelTV.20)</onclick>
          </item>
          <item id="20" description="מאקו">
            <visible>Skin.HasSetting(IsraelTV.20)</visible>
            <thumb>misc/help/off.png</thumb>
            <label>$LOCALIZE[79002]</label>
            <onclick>Skin.ToggleSetting(IsraelTV.20)</onclick>
          </item>
		  <item id="21" description="">
            <visible>!Skin.HasSetting(IsraelTV.21)</visible>
            <thumb></thumb>
            <label></label>
            <onclick>Skin.ToggleSetting(IsraelTV.21)</onclick>
          </item>
          <item id="21" description="">
            <visible>Skin.HasSetting(IsraelTV.21)</visible>
            <thumb>misc/help/off.png</thumb>
            <label></label>
            <onclick>Skin.ToggleSetting(IsraelTV.21)</onclick>
          </item>
		  <item id="22" description="רשת">
            <visible>!Skin.HasSetting(IsraelTV.22)</visible>
            <thumb>icons/reshet.png</thumb>
            <label>$LOCALIZE[79003]</label>
            <onclick>Skin.ToggleSetting(IsraelTV.22)</onclick>
          </item>
          <item id="22" description="רשת">
            <visible>Skin.HasSetting(IsraelTV.22)</visible>
            <thumb>misc/help/off.png</thumb>
            <label>$LOCALIZE[79003]</label>
            <onclick>Skin.ToggleSetting(IsraelTV.22)</onclick>
          </item>
		  <item id="23" description="דוקו">
            <visible>!Skin.HasSetting(IsraelTV.23)</visible>
            <thumb>icons/discovery.png</thumb>
            <label>$LOCALIZE[78942]</label>
            <onclick>Skin.ToggleSetting(IsraelTV.23)</onclick>
          </item>
          <item id="23" description="דוקו">
            <visible>Skin.HasSetting()</visible>
            <thumb>misc/help/off.png</thumb>
            <label>$LOCALIZE[78942]</label>
            <onclick>Skin.ToggleSetting(IsraelTV.23)</onclick>
          </item>
		  <item id="24" description="טלנובלה">
            <visible>!Skin.HasSetting(IsraelTV.24)</visible>
            <thumb>icons/soapopera.png</thumb>
            <label>$LOCALIZE[78943]</label>
            <onclick>Skin.ToggleSetting(IsraelTV.24)</onclick>
          </item>
          <item id="24" description="טלנובלה">
            <visible>Skin.HasSetting(IsraelTV.24)</visible>
            <thumb>misc/help/off.png</thumb>
            <label>$LOCALIZE[78943]</label>
            <onclick>Skin.ToggleSetting(IsraelTV.24)</onclick>
          </item>
		  <item id="25" description="סרטים ישראלים">
            <visible>!Skin.HasSetting(IsraelTV.25)</visible>
            <thumb>icons/israelmovies.png</thumb>
            <label>$LOCALIZE[78958]</label>
            <onclick>Skin.ToggleSetting(IsraelTV.25)</onclick>
          </item>
          <item id="25" description="סרטים ישראלים">
            <visible>Skin.HasSetting(IsraelTV.25)</visible>
            <thumb>misc/help/off.png</thumb>
            <label>$LOCALIZE[78958]</label>
            <onclick>Skin.ToggleSetting(IsraelTV.25)</onclick>
          </item>
		  <item id="26" description="VOD הוט">
            <visible>!Skin.HasSetting(IsraelTV.26)</visible>
            <thumb>icons/hotvod.png</thumb>
            <label>$LOCALIZE[79000]</label>
            <onclick>Skin.ToggleSetting(IsraelTV.26)</onclick>
          </item>
          <item id="26" description="VOD הוט">
            <visible>Skin.HasSetting(IsraelTV.26)</visible>
            <thumb>misc/help/off.png</thumb>
            <label>$LOCALIZE[79000]</label>
            <onclick>Skin.ToggleSetting(IsraelTV.26)</onclick>
          </item>
		  <item id="27" description="VOD ערוץ 10">
            <visible>!Skin.HasSetting(IsraelTV.27)</visible>
            <thumb>icons/c10.png</thumb>
            <label>$LOCALIZE[79005] VOD</label>
            <onclick>Skin.ToggleSetting(IsraelTV.27)</onclick>
          </item>
          <item id="27" description="VOD ערוץ 10">
            <visible>Skin.HasSetting(IsraelTV.27)</visible>
            <thumb>misc/help/off.png</thumb>
            <label>$LOCALIZE[79005] VOD</label>
            <onclick>Skin.ToggleSetting(IsraelTV.27)</onclick>
          </item>
		  <item id="28" description="VOD ערוץ 11">
            <visible>!Skin.HasSetting(IsraelTV.28)</visible>
            <thumb>icons/c11.png</thumb>
            <label>$LOCALIZE[79006] VOD</label>
            <onclick>Skin.ToggleSetting(IsraelTV.28)</onclick>
          </item>
          <item id="28" description="VOD ערוץ 11">
            <visible>Skin.HasSetting(IsraelTV.28)</visible>
            <thumb>misc/help/off.png</thumb>
            <label>$LOCALIZE[79006] VOD</label>
            <onclick>Skin.ToggleSetting(IsraelTV.28)</onclick>
          </item>
		  <!--<item id="29" description="ערוץ 22">
            <visible>!Skin.HasSetting(IsraelTV.29)</visible>
            <thumb>icons/c22.jpg</thumb>
            <label>$LOCALIZE[79007]</label>
            <onclick>Skin.ToggleSetting(IsraelTV.29)</onclick>
          </item>
          <item id="29" description="ערוץ 22">
            <visible>Skin.HasSetting(IsraelTV.29)</visible>
            <thumb>misc/help/off.png</thumb>
            <label>$LOCALIZE[79007]</label>
            <onclick>Skin.ToggleSetting(IsraelTV.29)</onclick>
          </item>
		  <item id="30" description="ערוץ רמזור">
            <visible>!Skin.HasSetting(IsraelTV.30)</visible>
            <thumb>icons/ramzor.jpg</thumb>
            <label>$LOCALIZE[79008]</label>
            <onclick>Skin.ToggleSetting(IsraelTV.30)</onclick>
          </item>
          <item id="30" description="ערוץ רמזור">
            <visible>Skin.HasSetting(IsraelTV.30)</visible>
            <thumb>misc/help/off.png</thumb>
            <label>$LOCALIZE[79008]</label>
            <onclick>Skin.ToggleSetting(IsraelTV.30)</onclick>
          </item>-->
			<item id="1" description="Addons">
			  <label>$INFO[system.addonTitle(Skin.String(IsraelTV.1.Label))]</label>
			  <label2>24000</label2>
			  <thumb fallback="DefaultAddon.png">$INFO[system.addonicon(Skin.String(IsraelTV.1.Label))]</thumb>
			  <onclick>Skin.SetAddon(IsraelTV.1.Label,xbmc.python.pluginsource)</onclick>
			</item>
			<item id="2" description="Addons">
			  <label>$INFO[system.addonTitle(Skin.String(IsraelTV.2.Label))]</label>
			  <label2>24000</label2>
			  <thumb fallback="DefaultAddon.png">$INFO[system.addonicon(Skin.String(IsraelTV.2.Label))]</thumb>
			  <onclick>Skin.SetAddon(IsraelTV.2.Label,xbmc.python.pluginsource)</onclick>
			</item>
			<item id="3" description="Addons">
			  <label>$INFO[system.addonTitle(Skin.String(IsraelTV.3.Label))]</label>
			  <label2>24000</label2>
			  <thumb fallback="DefaultAddon.png">$INFO[system.addonicon(Skin.String(IsraelTV.3.Label))]</thumb>
			  <onclick>Skin.SetAddon(IsraelTV.3.Label,xbmc.python.pluginsource)</onclick>
			</item>
			<item id="4" description="Addons">
			  <label>$INFO[system.addonTitle(Skin.String(IsraelTV.4.Label))]</label>
			  <label2>24000</label2>
			  <thumb fallback="DefaultAddon.png">$INFO[system.addonicon(Skin.String(IsraelTV.4.Label))]</thumb>
			  <onclick>Skin.SetAddon(IsraelTV.4.Label,xbmc.python.pluginsource)</onclick>
			</item>
			<item id="5" description="Addons">
			  <label>$INFO[system.addonTitle(Skin.String(IsraelTV.5.Label))]</label>
			  <label2>24000</label2>
			  <thumb fallback="DefaultAddon.png">$INFO[system.addonicon(Skin.String(IsraelTV.5.Label))]</thumb>
			  <onclick>Skin.SetAddon(IsraelTV.5.Label,xbmc.python.pluginsource)</onclick>
			</item>
			<item id="11" description="fav">
			  <label>$INFO[Skin.String(IsraelTV.11.Label)]</label>
			  <label2>79309</label2>
			  <thumb fallback="DefaultFavourite.png">$INFO[Skin.String(IsraelTV.11.Icon)]</thumb>
			  <onclick>RunScript(script.favourites,property=IsraelTV.11)</onclick>
			</item>
			<item id="12" description="fav">
			  <label>$INFO[Skin.String(IsraelTV.12.Label)]</label>
			  <label2>79309</label2>
			  <thumb fallback="DefaultFavourite.png">$INFO[Skin.String(IsraelTV.12.Icon)]</thumb>
			  <onclick>RunScript(script.favourites,property=IsraelTV.12)</onclick>
			</item>
			<item id="13" description="fav">
			  <label>$INFO[Skin.String(IsraelTV.13.Label)]</label>
			  <label2>79309</label2>
			  <thumb fallback="DefaultFavourite.png">$INFO[Skin.String(IsraelTV.13.Icon)]</thumb>
			  <onclick>RunScript(script.favourites,property=IsraelTV.13)</onclick>
			</item>
			<item id="14" description="fav">
			  <label>$INFO[Skin.String(IsraelTV.14.Label)]</label>
			  <label2>79309</label2>
			  <thumb fallback="DefaultFavourite.png">$INFO[Skin.String(IsraelTV.14.Icon)]</thumb>
			  <onclick>RunScript(script.favourites,property=IsraelTV.14)</onclick>
			</item>
			<item id="15" description="fav">
			  <label>$INFO[Skin.String(IsraelTV.15.Label)]</label>
			  <label2>79309</label2>
			  <thumb fallback="DefaultFavourite.png">$INFO[Skin.String(IsraelTV.15.Icon)]</thumb>
			  <onclick>RunScript(script.favourites,property=IsraelTV.15)</onclick>
			</item>
      </content>
    </control>
    <control type="grouplist" id="520" description="יו-טיוב">
      <visible>Container(50).HasFocus(343)</visible>
      <orientation>horizontal</orientation>
	  <posy>32</posy>
      <posx>20</posx>
      <control type="radiobutton" id="303" description="Custom">
        <onup>300</onup>
        <ondown>52</ondown>
		<include>ButtonC10</include>
		<label>$LOCALIZE[77475]</label>
        <onclick>Skin.ToggleSetting(YouTube_Custom)</onclick>
        <selected>Skin.HasSetting(YouTube_Custom)</selected>
		<enable>!Skin.HasSetting(YouTube)</enable>
      </control>
    </control>	
    <control type="panel" id="52" description="יו-טיוב">
      <enable>!Skin.HasSetting(YouTube)</enable>
      <visible>Container(50).HasFocus(343)</visible>
	  <visible>Skin.HasSetting(YouTube_Custom)</visible>
      <include>CustomizerList</include>
      <content>
		  <item id="20" description="">
            <visible>!Skin.HasSetting(YouTube.20) + false</visible>
            <thumb></thumb>
            <label>$LOCALIZE[79009]</label>
            <onclick>Skin.ToggleSetting(YouTube.20)</onclick>
          </item>
          <item id="20" description="">
            <visible>Skin.HasSetting(YouTube.20)</visible>
            <thumb>misc/help/off.png</thumb>
            <label>$LOCALIZE[79009]</label>
            <onclick>Skin.ToggleSetting(YouTube.20)</onclick>
          </item>
		  <item id="21" description="">
            <visible>!Skin.HasSetting(YouTube.21)</visible>
            <thumb></thumb>
            <label></label>
            <onclick>Skin.ToggleSetting(YouTube.21)</onclick>
          </item>
          <item id="21" description="">
            <visible>Skin.HasSetting(YouTube.21)</visible>
            <thumb>misc/help/off.png</thumb>
            <label></label>
            <onclick>Skin.ToggleSetting(YouTube.21)</onclick>
          </item>
		  <item id="22" description="המיטב של יו-טיוב">
            <visible>!Skin.HasSetting(YouTube.22)</visible>
            <thumb>icons/bestofyoutube.png</thumb>
            <label>$LOCALIZE[79010]</label>
            <onclick>Skin.ToggleSetting(YouTube.22)</onclick>
          </item>
          <item id="22" description="המיטב של יו-טיוב">
            <visible>Skin.HasSetting(YouTube.22)</visible>
            <thumb>misc/help/off.png</thumb>
            <label>$LOCALIZE[79010]</label>
            <onclick>Skin.ToggleSetting(YouTube.22)</onclick>
          </item>
		  <item id="23" description="">
            <visible>!Skin.HasSetting(YouTube.23) + false</visible>
            <thumb></thumb>
            <label>$LOCALIZE[79011]</label>
            <onclick>Skin.ToggleSetting(YouTube.23)</onclick>
          </item>
          <item id="23" description="">
            <visible>Skin.HasSetting(YouTube.23) + false</visible>
            <thumb>misc/help/off.png</thumb>
            <label>$LOCALIZE[79011]</label>
            <onclick>Skin.ToggleSetting(YouTube.23)</onclick>
          </item>
		  <item id="24" description="">
            <visible>!Skin.HasSetting(YouTube.24) + false</visible>
            <thumb></thumb>
            <label>$LOCALIZE[79012]</label>
            <onclick>Skin.ToggleSetting(YouTube.24)</onclick>
          </item>
          <item id="24" description="">
            <visible>Skin.HasSetting(YouTube.24) + false</visible>
            <thumb>misc/help/off.png</thumb>
            <label>$LOCALIZE[79012]</label>
            <onclick>Skin.ToggleSetting(YouTube.24)</onclick>
          </item>
		  <item id="25" description="ערוץ הטיולים">
            <visible>!Skin.HasSetting(YouTube.25)</visible>
            <thumb>icons/image.png</thumb>
            <label>$LOCALIZE[74603]</label>
            <onclick>Skin.ToggleSetting(YouTube.25)</onclick>
          </item>
          <item id="25" description="ערוץ הטיולים">
            <visible>Skin.HasSetting(YouTube.25)</visible>
            <thumb>misc/help/off.png</thumb>
            <label>$LOCALIZE[74603]</label>
            <onclick>Skin.ToggleSetting(YouTube.25)</onclick>
          </item>
		  <item id="26" description="">
            <visible>!Skin.HasSetting(YouTube.26)</visible>
            <thumb></thumb>
            <label></label>
            <onclick>Skin.ToggleSetting(YouTube.26)</onclick>
          </item>
          <item id="26" description="">
            <visible>Skin.HasSetting(YouTube.26)</visible>
            <thumb>misc/help/off.png</thumb>
            <label></label>
            <onclick>Skin.ToggleSetting(YouTube.26)</onclick>
          </item>
		  <item id="27" description="מתיחות עולמיות">
            <visible>!Skin.HasSetting(YouTube.27)</visible>
            <thumb>icons/improveverywhere.png</thumb>
            <label>$LOCALIZE[79013]</label>
            <onclick>Skin.ToggleSetting(YouTube.27)</onclick>
          </item>
          <item id="27" description="מתיחות עולמיות">
            <visible>Skin.HasSetting(YouTube.27)</visible>
            <thumb>misc/help/off.png</thumb>
            <label>$LOCALIZE[79013]</label>
            <onclick>Skin.ToggleSetting(YouTube.27)</onclick>
          </item>
		  <item id="28" description="TED הרצאות">
            <visible>!Skin.HasSetting(YouTube.28)</visible>
            <thumb>icons/ted.png</thumb>
            <label>$LOCALIZE[79014]</label>
            <onclick>Skin.ToggleSetting(YouTube.28)</onclick>
          </item>
          <item id="28" description="TED הרצאות">
            <visible>Skin.HasSetting(YouTube.28)</visible>
            <thumb>misc/help/off.png</thumb>
            <label>$LOCALIZE[79014]</label>
            <onclick>Skin.ToggleSetting(YouTube.28)</onclick>
          </item>
		  <item id="29" description="דיסקברי">
            <visible>!Skin.HasSetting(YouTube.29) + false</visible>
            <thumb>icons/discovery.png</thumb>
            <label>$LOCALIZE[79015]</label>
            <onclick>Skin.ToggleSetting(YouTube.29)</onclick>
          </item>
          <item id="29" description="דיסקברי">
            <visible>Skin.HasSetting(YouTube.29) + false</visible>
            <thumb>misc/help/off.png</thumb>
            <label>$LOCALIZE[79015]</label>
            <onclick>Skin.ToggleSetting(YouTube.29)</onclick>
          </item>
		  <item id="30" description="">
            <visible>!Skin.HasSetting(YouTube.30)</visible>
            <thumb></thumb>
            <label></label>
            <onclick>Skin.ToggleSetting(YouTube.30)</onclick>
          </item>
          <item id="30" description="">
            <visible>Skin.HasSetting(YouTube.30)</visible>
            <thumb>misc/help/off.png</thumb>
            <label></label>
            <onclick>Skin.ToggleSetting(YouTube.30)</onclick>
          </item>
			<item id="1" description="Addons">
			  <label>$INFO[system.addonTitle(Skin.String(YouTube.1.Label))]</label>
			  <label2>24000</label2>
			  <thumb fallback="DefaultAddon.png">$INFO[system.addonicon(Skin.String(YouTube.1.Label))]</thumb>
			  <onclick>Skin.SetAddon(YouTube.1.Label,xbmc.python.pluginsource)</onclick>
			</item>
			<item id="2" description="Addons">
			  <label>$INFO[system.addonTitle(Skin.String(YouTube.2.Label))]</label>
			  <label2>24000</label2>
			  <thumb fallback="DefaultAddon.png">$INFO[system.addonicon(Skin.String(YouTube.2.Label))]</thumb>
			  <onclick>Skin.SetAddon(YouTube.2.Label,xbmc.python.pluginsource)</onclick>
			</item>
			<item id="3" description="Addons">
			  <label>$INFO[system.addonTitle(Skin.String(YouTube.3.Label))]</label>
			  <label2>24000</label2>
			  <thumb fallback="DefaultAddon.png">$INFO[system.addonicon(Skin.String(YouTube.3.Label))]</thumb>
			  <onclick>Skin.SetAddon(YouTube.3.Label,xbmc.python.pluginsource)</onclick>
			</item>
			<item id="4" description="Addons">
			  <label>$INFO[system.addonTitle(Skin.String(YouTube.4.Label))]</label>
			  <label2>24000</label2>
			  <thumb fallback="DefaultAddon.png">$INFO[system.addonicon(Skin.String(YouTube.4.Label))]</thumb>
			  <onclick>Skin.SetAddon(YouTube.4.Label,xbmc.python.pluginsource)</onclick>
			</item>
			<item id="5" description="Addons">
			  <label>$INFO[system.addonTitle(Skin.String(YouTube.5.Label))]</label>
			  <label2>24000</label2>
			  <thumb fallback="DefaultAddon.png">$INFO[system.addonicon(Skin.String(YouTube.5.Label))]</thumb>
			  <onclick>Skin.SetAddon(YouTube.5.Label,xbmc.python.pluginsource)</onclick>
			</item>
			<item id="11" description="fav">
			  <label>$INFO[Skin.String(YouTube.11.Label)]</label>
			  <label2>79309</label2>
			  <thumb fallback="DefaultFavourite.png">$INFO[Skin.String(YouTube.11.Icon)]</thumb>
			  <onclick>RunScript(script.favourites,property=YouTube.11)</onclick>
			</item>
			<item id="12" description="fav">
			  <label>$INFO[Skin.String(YouTube.12.Label)]</label>
			  <label2>79309</label2>
			  <thumb fallback="DefaultFavourite.png">$INFO[Skin.String(YouTube.12.Icon)]</thumb>
			  <onclick>RunScript(script.favourites,property=YouTube.12)</onclick>
			</item>
			<item id="13" description="fav">
			  <label>$INFO[Skin.String(YouTube.13.Label)]</label>
			  <label2>79309</label2>
			  <thumb fallback="DefaultFavourite.png">$INFO[Skin.String(YouTube.13.Icon)]</thumb>
			  <onclick>RunScript(script.favourites,property=YouTube.13)</onclick>
			</item>
			<item id="14" description="fav">
			  <label>$INFO[Skin.String(YouTube.14.Label)]</label>
			  <label2>79309</label2>
			  <thumb fallback="DefaultFavourite.png">$INFO[Skin.String(YouTube.14.Icon)]</thumb>
			  <onclick>RunScript(script.favourites,property=YouTube.14)</onclick>
			</item>
			<item id="15" description="fav">
			  <label>$INFO[Skin.String(YouTube.15.Label)]</label>
			  <label2>79309</label2>
			  <thumb fallback="DefaultFavourite.png">$INFO[Skin.String(YouTube.15.Icon)]</thumb>
			  <onclick>RunScript(script.favourites,property=YouTube.15)</onclick>
			</item>
      </content>
    </control>
    <control type="grouplist" id="520" description="גו-פרו">
      <visible>Container(50).HasFocus(344)</visible>
      <orientation>horizontal</orientation>
	  <posy>32</posy>
      <posx>20</posx>
      <control type="radiobutton" id="303" description="Custom">
        <onup>300</onup>
        <ondown>52</ondown>
		<include>ButtonC10</include>
        <label>$LOCALIZE[77475]</label>
        <onclick>Skin.ToggleSetting(GoPro_Custom)</onclick>
        <selected>Skin.HasSetting(GoPro_Custom)</selected>
		<enable>!Skin.HasSetting(GoPro)</enable>
      </control>
    </control>
    <control type="panel" id="52" description="גו-פרו">
      <enable>!Skin.HasSetting(GoPro)</enable>
      <visible>Container(50).HasFocus(344)</visible>
	  <visible>Skin.HasSetting(GoPro_Custom)</visible>
      <include>CustomizerList</include>
      <content>
		  <item id="20" description="?">
            <visible>!Skin.HasSetting(GoPro.20)</visible>
            <thumb></thumb>
            <label></label>
            <onclick>Skin.ToggleSetting(GoPro.20)</onclick>
          </item>
          <item id="20" description="?">
            <visible>Skin.HasSetting(GoPro.20)</visible>
            <thumb>misc/help/off.png</thumb>
            <label></label>
            <onclick>Skin.ToggleSetting(GoPro.20)</onclick>
          </item>
		  <item id="21" description="כדורגל">
            <visible>!Skin.HasSetting(GoPro.21) + false</visible>
            <thumb>icons/footballtoday.png</thumb>
            <label>$LOCALIZE[19551]</label>
            <onclick>Skin.ToggleSetting(GoPro.21)</onclick>
          </item>
          <item id="21" description="כדורגל">
            <visible>Skin.HasSetting(GoPro.21) + false</visible>
            <thumb>misc/help/off.png</thumb>
            <label>$LOCALIZE[19551]</label>
            <onclick>Skin.ToggleSetting(GoPro.21)</onclick>
          </item>
		  <item id="22" description="כדורסל">
            <visible>!Skin.HasSetting(GoPro.22) + false</visible>
            <thumb>icons/nba.png</thumb>
            <label>$LOCALIZE[79017]</label>
            <onclick>Skin.ToggleSetting(GoPro.22)</onclick>
          </item>
          <item id="22" description="כדורסל">
            <visible>Skin.HasSetting(GoPro.22) + false</visible>
            <thumb>misc/help/off.png</thumb>
            <label>$LOCALIZE[79017]</label>
            <onclick>Skin.ToggleSetting(GoPro.22)</onclick>
          </item>
		  <item id="23" description="VOD ספורט 5">
            <visible>!Skin.HasSetting(GoPro.23)</visible>
            <thumb>icons/israelsport5.png</thumb>
            <label>$LOCALIZE[31621] 5 VOD</label>
            <onclick>Skin.ToggleSetting(GoPro.23)</onclick>
          </item>
          <item id="23" description="VOD ספורט 5">
            <visible>Skin.HasSetting(GoPro.23)</visible>
            <thumb>misc/help/off.png</thumb>
            <label>$LOCALIZE[31621] 5 VOD</label>
            <onclick>Skin.ToggleSetting(GoPro.23)</onclick>
          </item>		  
		  <item id="24" description="">
            <visible>!Skin.HasSetting(GoPro.24)</visible>
            <thumb></thumb>
            <label></label>
            <onclick>Skin.ToggleSetting(GoPro.24)</onclick>
          </item>
          <item id="24" description="">
            <visible>Skin.HasSetting(GoPro.24)</visible>
            <thumb>misc/help/off.png</thumb>
            <label></label>
            <onclick>Skin.ToggleSetting(GoPro.24)</onclick>
          </item>
		  <item id="25" description="אופנועים">
            <visible>!Skin.HasSetting(GoPro.25)</visible>
            <thumb>icons/motors.png</thumb>
            <label>$LOCALIZE[79018]</label>
            <onclick>Skin.ToggleSetting(GoPro.25)</onclick>
          </item>
          <item id="25" description="אופנועים">
            <visible>Skin.HasSetting(GoPro.25)</visible>
            <thumb>misc/help/off.png</thumb>
            <label>$LOCALIZE[79018]</label>
            <onclick>Skin.ToggleSetting(GoPro.25)</onclick>
          </item>
		  <item id="26" description="">
            <visible>!Skin.HasSetting(GoPro.26)</visible>
            <thumb></thumb>
            <label></label>
            <onclick>Skin.ToggleSetting(GoPro.26)</onclick>
          </item>
          <item id="26" description="">
            <visible>Skin.HasSetting(GoPro.26)</visible>
            <thumb>misc/help/off.png</thumb>
            <label></label>
            <onclick>Skin.ToggleSetting(GoPro.26)</onclick>
          </item>
		  <item id="27" description="WWE">
            <visible>!Skin.HasSetting(GoPro.27)</visible>
            <thumb>icons/wwe.png</thumb>
            <label>$LOCALIZE[79019]</label>
            <onclick>Skin.ToggleSetting(GoPro.27)</onclick>
          </item>
          <item id="27" description="WWE">
            <visible>Skin.HasSetting(GoPro.27)</visible>
            <thumb>misc/help/off.png</thumb>
            <label>$LOCALIZE[79019]</label>
            <onclick>Skin.ToggleSetting(GoPro.27)</onclick>
          </item>
		  <item id="28" description="NHL הוקי קרח">
            <visible>!Skin.HasSetting(GoPro.28)</visible>
            <thumb>icons/nhl.png</thumb>
            <label>$LOCALIZE[79054] NHL</label>
            <onclick>Skin.ToggleSetting(GoPro.28)</onclick>
          </item>
          <item id="28" description="NHL הוקי קרח">
            <visible>Skin.HasSetting(GoPro.28)</visible>
            <thumb>misc/help/off.png</thumb>
            <label>$LOCALIZE[79054] NHL</label>
            <onclick>Skin.ToggleSetting(GoPro.28)</onclick>
          </item>		  
		  <item id="29" description="פוקר">
            <visible>!Skin.HasSetting(GoPro.29)</visible>
            <thumb>icons/wsop.png</thumb>
            <label>$LOCALIZE[79020]</label>
            <onclick>Skin.ToggleSetting(GoPro.29)</onclick>
          </item>
          <item id="29" description="פוקר">
            <visible>Skin.HasSetting(GoPro.29)</visible>
            <thumb>misc/help/off.png</thumb>
            <label>$LOCALIZE[79020]</label>
            <onclick>Skin.ToggleSetting(GoPro.29)</onclick>
          </item>
		  <item id="30" description="">
            <visible>!Skin.HasSetting(GoPro.30)</visible>
            <thumb></thumb>
            <label></label>
            <onclick>Skin.ToggleSetting(GoPro.30)</onclick>
          </item>
          <item id="30" description="">
            <visible>Skin.HasSetting(GoPro.30)</visible>
            <thumb>misc/help/off.png</thumb>
            <label></label>
            <onclick>Skin.ToggleSetting(GoPro.30)</onclick>
          </item>
			<item id="1" description="Addons">
			  <label>$INFO[system.addonTitle(Skin.String(GoPro.1.Label))]</label>
			  <label2>24000</label2>
			  <thumb fallback="DefaultAddon.png">$INFO[system.addonicon(Skin.String(GoPro.1.Label))]</thumb>
			  <onclick>Skin.SetAddon(GoPro.1.Label,xbmc.python.pluginsource)</onclick>
			</item>
			<item id="2" description="Addons">
			  <label>$INFO[system.addonTitle(Skin.String(GoPro.2.Label))]</label>
			  <label2>24000</label2>
			  <thumb fallback="DefaultAddon.png">$INFO[system.addonicon(Skin.String(GoPro.2.Label))]</thumb>
			  <onclick>Skin.SetAddon(GoPro.2.Label,xbmc.python.pluginsource)</onclick>
			</item>
			<item id="3" description="Addons">
			  <label>$INFO[system.addonTitle(Skin.String(GoPro.3.Label))]</label>
			  <label2>24000</label2>
			  <thumb fallback="DefaultAddon.png">$INFO[system.addonicon(Skin.String(GoPro.3.Label))]</thumb>
			  <onclick>Skin.SetAddon(GoPro.3.Label,xbmc.python.pluginsource)</onclick>
			</item>
			<item id="4" description="Addons">
			  <label>$INFO[system.addonTitle(Skin.String(GoPro.4.Label))]</label>
			  <label2>24000</label2>
			  <thumb fallback="DefaultAddon.png">$INFO[system.addonicon(Skin.String(GoPro.4.Label))]</thumb>
			  <onclick>Skin.SetAddon(GoPro.4.Label,xbmc.python.pluginsource)</onclick>
			</item>
			<item id="5" description="Addons">
			  <label>$INFO[system.addonTitle(Skin.String(GoPro.5.Label))]</label>
			  <label2>24000</label2>
			  <thumb fallback="DefaultAddon.png">$INFO[system.addonicon(Skin.String(GoPro.5.Label))]</thumb>
			  <onclick>Skin.SetAddon(GoPro.5.Label,xbmc.python.pluginsource)</onclick>
			</item>
			<item id="11" description="fav">
			  <label>$INFO[Skin.String(GoPro.11.Label)]</label>
			  <label2>79309</label2>
			  <thumb fallback="DefaultFavourite.png">$INFO[Skin.String(GoPro.11.Icon)]</thumb>
			  <onclick>RunScript(script.favourites,property=GoPro.11)</onclick>
			</item>
			<item id="12" description="fav">
			  <label>$INFO[Skin.String(GoPro.12.Label)]</label>
			  <label2>79309</label2>
			  <thumb fallback="DefaultFavourite.png">$INFO[Skin.String(GoPro.12.Icon)]</thumb>
			  <onclick>RunScript(script.favourites,property=GoPro.12)</onclick>
			</item>
			<item id="13" description="fav">
			  <label>$INFO[Skin.String(GoPro.13.Label)]</label>
			  <label2>79309</label2>
			  <thumb fallback="DefaultFavourite.png">$INFO[Skin.String(GoPro.13.Icon)]</thumb>
			  <onclick>RunScript(script.favourites,property=GoPro.13)</onclick>
			</item>
			<item id="14" description="fav">
			  <label>$INFO[Skin.String(GoPro.14.Label)]</label>
			  <label2>79309</label2>
			  <thumb fallback="DefaultFavourite.png">$INFO[Skin.String(GoPro.14.Icon)]</thumb>
			  <onclick>RunScript(script.favourites,property=GoPro.14)</onclick>
			</item>
			<item id="15" description="fav">
			  <label>$INFO[Skin.String(GoPro.15.Label)]</label>
			  <label2>79309</label2>
			  <thumb fallback="DefaultFavourite.png">$INFO[Skin.String(GoPro.15.Icon)]</thumb>
			  <onclick>RunScript(script.favourites,property=GoPro.15)</onclick>
			</item>
      </content>
    </control>
	<control type="group" description="חלון שינוי כפתורי מעודפים/הרחבות">
      <posx>720</posx>
      <posy>310</posy>
      <visible allowhiddenfocus="false">ControlGroup(9000).HasFocus()</visible>
      <control type="image" description="מסגרת">
        <height>480</height>
        <texture border="40">buttons/ButtonE2.png</texture>
		<width>480</width>
      </control>
	  <control type="grouplist" id="9000">
		<onright>noop</onright>
		<onleft>noop</onleft>
		<onup>noop</onup>
		<ondown>noop</ondown>
		  <control type="button" id="697" description="חזור"> 
			<label>--></label>
			<onclick>SetFocus(50)</onclick>
		  </control>
		  <control type="button" id="698" description="שנה תמונה">
		    <label>$LOCALIZE[79021]</label>
            <onclick condition="Container(50).Hasfocus(601)">Skin.SetFile(HomeFav.1.Icon,.png|.jpg|.jpeg,special://skin/media/icons)</onclick>
            <onclick condition="Container(50).Hasfocus(602)">Skin.SetFile(HomeFav.2.Icon,.png|.jpg|.jpeg,special://skin/media/icons)</onclick>
            <onclick condition="Container(50).Hasfocus(603)">Skin.SetFile(HomeFav.3.Icon,.png|.jpg|.jpeg,special://skin/media/icons)</onclick>
            <onclick condition="Container(50).Hasfocus(604)">Skin.SetFile(HomeFav.4.Icon,.png|.jpg|.jpeg,special://skin/media/icons)</onclick>
            <onclick condition="Container(50).Hasfocus(605)">Skin.SetFile(HomeFav.5.Icon,.png|.jpg|.jpeg,special://skin/media/icons)</onclick>
            <onclick condition="Container(50).Hasfocus(401)">Skin.SetFile(HomeAddon.1.Icon,.png|.jpg|.jpeg,special://skin/media/icons)</onclick>
            <onclick condition="Container(50).Hasfocus(402)">Skin.SetFile(HomeAddon.2.Icon,.png|.jpg|.jpeg,special://skin/media/icons)</onclick>
            <onclick condition="Container(50).Hasfocus(403)">Skin.SetFile(HomeAddon.3.Icon,.png|.jpg|.jpeg,special://skin/media/icons)</onclick>
            <onclick condition="Container(50).Hasfocus(404)">Skin.SetFile(HomeAddon.4.Icon,.png|.jpg|.jpeg,special://skin/media/icons)</onclick>
            <onclick condition="Container(50).Hasfocus(405)">Skin.SetFile(HomeAddon.5.Icon,.png|.jpg|.jpeg,special://skin/media/icons)</onclick>
            <onclick>SetFocus(50)</onclick>
			<visible>Container(50).HasFocus(601) | Container(50).HasFocus(602) | Container(50).HasFocus(603) | Container(50).HasFocus(604) | Container(50).HasFocus(605) | Container(50).HasFocus(401) | Container(50).HasFocus(402) | Container(50).HasFocus(403) | Container(50).HasFocus(404) | Container(50).HasFocus(405)</visible>
		  </control>
		  <control type="button" id="699" description="שנה פריט">
            <label>$LOCALIZE[79022]</label>
            <onclick condition="Container(50).Hasfocus(601)">RunScript(script.favourites,property=HomeFav.1)</onclick>
            <onclick condition="Container(50).Hasfocus(602)">RunScript(script.favourites,property=HomeFav.2)</onclick>
            <onclick condition="Container(50).Hasfocus(603)">RunScript(script.favourites,property=HomeFav.3)</onclick>
            <onclick condition="Container(50).Hasfocus(604)">RunScript(script.favourites,property=HomeFav.4)</onclick>
            <onclick condition="Container(50).Hasfocus(605)">RunScript(script.favourites,property=HomeFav.5)</onclick>
            <onclick condition="Container(50).Hasfocus(401)">Skin.SetAddon(HomeAddon.1.Label,xbmc.python.pluginsource)</onclick>
            <onclick condition="Container(50).Hasfocus(401)">Skin.Reset(HomeAddon.1.Icon)</onclick>
            <onclick condition="Container(50).Hasfocus(402)">Skin.SetAddon(HomeAddon.2.Label,xbmc.python.pluginsource)</onclick>
            <onclick condition="Container(50).Hasfocus(402)">Skin.Reset(HomeAddon.2.Icon)</onclick>
            <onclick condition="Container(50).Hasfocus(403)">Skin.SetAddon(HomeAddon.3.Label,xbmc.python.pluginsource)</onclick>
            <onclick condition="Container(50).Hasfocus(403)">Skin.Reset(HomeAddon.3.Icon)</onclick>
            <onclick condition="Container(50).Hasfocus(404)">Skin.SetAddon(HomeAddon.4.Label,xbmc.python.pluginsource)</onclick>
            <onclick condition="Container(50).Hasfocus(404)">Skin.Reset(HomeAddon.4.Icon)</onclick>
            <onclick condition="Container(50).Hasfocus(405)">Skin.SetAddon(HomeAddon.5.Label,xbmc.python.pluginsource)</onclick>
            <onclick>SetFocus(50)</onclick>
			<visible>Container(50).HasFocus(601) | Container(50).HasFocus(602) | Container(50).HasFocus(603) | Container(50).HasFocus(604) | Container(50).HasFocus(605) | Container(50).HasFocus(401) | Container(50).HasFocus(402) | Container(50).HasFocus(403) | Container(50).HasFocus(404) | Container(50).HasFocus(405)</visible>
		  </control>
		  <control type="button" id="700" description="אפס נתיב רקע">
            <visible>Skin.String(picturesPath)</visible>
			<label>$LOCALIZE[70101]</label>
            <onclick condition="Container(50).Hasfocus(507)">Skin.Reset(picturesPath)</onclick>
            <onclick>SetFocus(50)</onclick>
			<visible>Container(50).HasFocus(507)</visible>
		  </control>
		  <control type="button" id="701" description="קבע נתיב רקע">
            <visible>!Skin.String(picturesPath)</visible>
			<label>$LOCALIZE[70102]</label>
            <onclick description="תמונות" condition="Container(50).Hasfocus(507)">Skin.SetPath(picturesPath,special://userdata/library/pictures/,return)</onclick>
            <onclick>SetFocus(50)</onclick>
			<visible>Container(50).HasFocus(507)</visible>
		  </control>
		  <control type="button" id="702" description="הפעל/נטרל">
            <label>$LOCALIZE[24021]/$LOCALIZE[24022]</label>
            <onclick condition="Container(50).Hasfocus(507)">Skin.ToggleSetting(pictures)</onclick>
			<onclick condition="Container(50).Hasfocus(320)">Skin.ToggleSetting(moviese)</onclick>
			<onclick condition="Container(50).Hasfocus(321)">Skin.ToggleSetting(tvshowse)</onclick>
			<onclick condition="Container(50).Hasfocus(357)">Skin.ToggleSetting(More)</onclick>
            <onclick>SetFocus(50)</onclick>
			<visible>Container(50).HasFocus(507) | Container(50).HasFocus(320) | Container(50).HasFocus(321) | Container(50).HasFocus(357)</visible>
		  </control>
		  <control type="button" id="703" description="הפעל/נטרל הרחבות נוספות">
			<label>$VAR[Button703]</label>
			<onclick condition="Container(50).Hasfocus(320)">Skin.ToggleSetting(moviesep)</onclick>
			<onclick condition="Container(50).Hasfocus(321)">Skin.ToggleSetting(tvshowsep)</onclick>
			<onclick condition="Container(50).Hasfocus(357)">SetFocus(9001)</onclick>
			<visible>Container(50).HasFocus(320) | Container(50).HasFocus(321) | Container(50).HasFocus(357)</visible>
		  </control>
		  <control type="button" id="704" description="חלון פתיחה">
			<label>$VAR[Button704]</label>
			<onclick description="סרטים" condition="Container(50).Hasfocus(320)">RunScript(script.htpt.homebuttons)</onclick>
			<onclick description="סדרות" condition="Container(50).Hasfocus(321)">RunScript(script.htpt.homebuttons)</onclick>
            <!--<onclick>SetFocus(50)</onclick>-->
			<visible>Container(50).HasFocus(320) | Container(50).HasFocus(321)</visible>
		  </control>
	  </control>
    </control>
	<control type="group" description="חלון שינוי כפתורי מעודפים/הרחבות">
      <posx>720</posx>
      <posy>310</posy>
      <visible allowhiddenfocus="false">ControlGroup(9001).HasFocus()</visible>
      <control type="image" description="מסגרת">
        <height>480</height>
        <texture border="40">buttons/ButtonE2.png</texture>
		<width>480</width>
      </control>
	  <control type="grouplist" id="9001">
		<onright>noop</onright>
		<onleft>noop</onleft>
		<onup>noop</onup>
		<ondown>noop</ondown>
		  <control type="button" id="100" description="חזור"> 
			<label>--></label>
			<onclick>SetFocus(9000)</onclick>
		  </control>
		  <control type="button" id="99" description="">
			<label></label>
			<onclick>SetFocus(9000)</onclick>
			<visible>false</visible>
		  </control>
		  <control type="button" id="101" description="">
			<label>$VAR[Button9001_101]</label>
			<onclick description="קדימוני משחקים" condition="Container(50).Hasfocus(357)">Skin.ToggleSetting(gametrailers)</onclick>
			<visible>Container(50).Hasfocus(357)</visible>
		  </control>
		  <control type="button" id="102" description="">
			<label>$VAR[Button9001_102]</label>
			<onclick description="שיעורי גיטרה" condition="Container(50).Hasfocus(357)">Skin.ToggleSetting(guitar)</onclick>
			<visible>Container(50).Hasfocus(357)</visible>
		  </control>
		  <control type="button" id="103" description="">
			<label>$VAR[Button9001_103]</label>
			<onclick description="חידון" condition="Container(50).Hasfocus(357)">Skin.ToggleSetting(quiz)</onclick>
			<visible>Container(50).Hasfocus(357)</visible>
		  </control>
	  </control>
	</control>
    <!--<control type="group" description="חלון שינוי כפתורי מעודפים/הרחבות">
      <visible allowhiddenfocus="false">ControlGroup(9000).HasFocus()</visible>
      <posy>32</posy>
      <posx>20</posx>
        <control type="grouplist" id="9000">
          <defaultcontrol always="true">701</defaultcontrol>                
		  <height>450</height>
		  <itemgap>20</itemgap>
          <ondown>9000</ondown>
          <onleft>50</onleft>
          <onright>50</onright>
		  <onup>9000</onup>
		  <orientation>vertical</orientation>		  
          <posy>20</posy>
          <scrolltime>260</scrolltime>		  
		  <width>1000</width>
          <control type="button" id="599" description="שנה תמונה">
            <include>ButtonL2</include>
			<posx>0</posx>
            <posy>140</posy>
            <label>$LOCALIZE[79021]</label>
            <onclick condition="Container(50).Hasfocus(601)">Skin.SetFile(HomeFav.1.Icon,.png|.jpg|.jpeg,special://skin/icons)</onclick>
            <onclick condition="Container(50).Hasfocus(602)">Skin.SetFile(HomeFav.2.Icon,.png|.jpg|.jpeg,special://skin/icons)</onclick>
            <onclick condition="Container(50).Hasfocus(603)">Skin.SetFile(HomeFav.3.Icon,.png|.jpg|.jpeg,special://skin/icons)</onclick>
            <onclick condition="Container(50).Hasfocus(604)">Skin.SetFile(HomeFav.4.Icon,.png|.jpg|.jpeg,special://skin/icons)</onclick>
            <onclick condition="Container(50).Hasfocus(605)">Skin.SetFile(HomeFav.5.Icon,.png|.jpg|.jpeg,special://skin/icons)</onclick>
            <onclick condition="Container(50).Hasfocus(401)">Skin.SetFile(HomeAddon.1.Icon,.png|.jpg|.jpeg,special://skin/icons)</onclick>
            <onclick condition="Container(50).Hasfocus(402)">Skin.SetFile(HomeAddon.2.Icon,.png|.jpg|.jpeg,special://skin/icons)</onclick>
            <onclick condition="Container(50).Hasfocus(403)">Skin.SetFile(HomeAddon.3.Icon,.png|.jpg|.jpeg,special://skin/icons)</onclick>
            <onclick condition="Container(50).Hasfocus(404)">Skin.SetFile(HomeAddon.4.Icon,.png|.jpg|.jpeg,special://skin/icons)</onclick>
            <onclick condition="Container(50).Hasfocus(405)">Skin.SetFile(HomeAddon.5.Icon,.png|.jpg|.jpeg,special://skin/icons)</onclick>
            <onclick>SetFocus(50)</onclick>
          </control>
          <control type="button" id="600" description="שנה פריט">
            <include>ButtonL2</include>
			<posx>0</posx>
            <posy>200</posy>
            <label>$LOCALIZE[79022]</label>
            <onclick condition="Container(50).Hasfocus(601)">RunScript(script.favourites,property=HomeFav.1)</onclick>
            <onclick condition="Container(50).Hasfocus(602)">RunScript(script.favourites,property=HomeFav.2)</onclick>
            <onclick condition="Container(50).Hasfocus(603)">RunScript(script.favourites,property=HomeFav.3)</onclick>
            <onclick condition="Container(50).Hasfocus(604)">RunScript(script.favourites,property=HomeFav.4)</onclick>
            <onclick condition="Container(50).Hasfocus(605)">RunScript(script.favourites,property=HomeFav.5)</onclick>
            <onclick condition="Container(50).Hasfocus(401)">Skin.SetAddon(HomeAddon.1.Label,xbmc.python.pluginsource)</onclick>
            <onclick condition="Container(50).Hasfocus(401)">Skin.Reset(HomeAddon.1.Icon)</onclick>
            <onclick condition="Container(50).Hasfocus(402)">Skin.SetAddon(HomeAddon.2.Label,xbmc.python.pluginsource)</onclick>
            <onclick condition="Container(50).Hasfocus(402)">Skin.Reset(HomeAddon.2.Icon)</onclick>
            <onclick condition="Container(50).Hasfocus(403)">Skin.SetAddon(HomeAddon.3.Label,xbmc.python.pluginsource)</onclick>
            <onclick condition="Container(50).Hasfocus(403)">Skin.Reset(HomeAddon.3.Icon)</onclick>
            <onclick condition="Container(50).Hasfocus(404)">Skin.SetAddon(HomeAddon.4.Label,xbmc.python.pluginsource)</onclick>
            <onclick condition="Container(50).Hasfocus(404)">Skin.Reset(HomeAddon.4.Icon)</onclick>
            <onclick condition="Container(50).Hasfocus(405)">Skin.SetAddon(HomeAddon.5.Label,xbmc.python.pluginsource)</onclick>
            <onclick>SetFocus(50)</onclick>
          </control>
        </control>
    </control>-->
  </controls>
</window>
