<?xml version="1.0" encoding="UTF-8"?>
<window type="dialog" id="1140" description="OverClocking">
  <defaultcontrol always="true">100</defaultcontrol>
  <controls>
    <include>Fade5</include>
	<control type="group" description="Side menu 9000 group">
      <posx>720</posx>
      <posy>310</posy>
      <visible allowhiddenfocus="false">true</visible>
      <control type="image" description="מסגרת">
        <height>480</height>
        <texture border="40">buttons/ButtonE2.png</texture>
		<width>480</width>
      </control>
	  <control type="grouplist" id="9000">
		<onright>Close</onright>
		<onleft>Close</onleft>
		<onup>9000</onup>
		<ondown>9000</ondown>
		  <control type="button" id="100" description="חזור"> 
			<label>--></label>
			<onclick>Close</onclick>
		  </control>		  
		  <control type="button" id="99" description="ברירת מחדל">
			<visible>false</visible>
			<font>Size42</font>
			<label>no overclocking ($LOCALIZE[409])</label>
			<onclick>RunScript(script.htpt.smartbuttons,,?mode=46)</onclick>
		  </control>
		  <control type="button" id="101" description="Modest">
			<font>Size42</font>
			<label>Modest</label>
			<!--<onclick>ActivateWindow(10025,plugin://plugin.video.wallaNew.video/?mode=2&module=wallavod&name=%d7%99%d7%a9%d7%a8%d7%90%d7%9c%d7%99%20(98)&url=genre%3dmovies%26genreId%3d6260,return)</onclick>-->
			<onclick>RunScript(script.htpt.smartbuttons,,?mode=46)</onclick>
		  </control>
		  <control type="button" id="102" description="Medium">
			<font>Size42</font>
			<label>Medium</label>
			<onclick>RunScript(script.htpt.smartbuttons,,?mode=46)</onclick>
			<visible></visible>
		  </control>
		  <control type="button" id="103" description="High">
			<font>Size42</font>
			<label>High</label>
			<onclick>RunScript(script.htpt.smartbuttons,,?mode=46)</onclick>
			<visible></visible>
		  </control>
	  </control>
    </control>
  </controls>
</window>