<?xml version="1.0" encoding="UTF-8"?>
<window type="dialog" id="1132" description="חפש/הוסף סרטים 2">
  <defaultcontrol always="true">698</defaultcontrol>
  <controls>
    <include>Fade5</include>
	<control type="group" description="Side menu 9000 group">
      <posx>720</posx>
      <posy>310</posy>
      <visible allowhiddenfocus="false">true</visible>
      <control type="image" description="מסגרת">
        <height>480</height>
        <texture border="40">buttons/ButtonE2.png</texture>
		<width>480</width>
      </control>
	  <control type="grouplist" id="9000">
		<onright>Close</onright>
		<onleft>Close</onleft>
		<onup>9000</onup>
		<ondown>9000</ondown>
		  <control type="button" id="697" description="חזור"> 
			<label>--></label>
			<onclick>Close</onclick>
			<visible>false</visible>
		  </control>		  
		  <control type="button" id="698" description="ברירת מחדל">
			<font>Size42</font>
			<height>110</height>
			<label>$LOCALIZE[409]</label>
			<onclick>RunScript(script.htpt.homebuttons)</onclick>
		  </control>
		  <control type="button" id="699" description="פולסר">
			<font>Size42</font>
			<height>110</height>
			<label>$LOCALIZE[77474]</label>
			<onclick>RunScript(script.htpt.homebuttons)</onclick>
		  </control>
	  </control>
    </control>
  </controls>
</window>