<?xml version="1.0" encoding="UTF-8"?>
<window id="132" description="הגדרות קבע תוכן">
  <include condition="Skin.HasSetting(Performance) + !Player.HasVideo">Performance1</include>
  <defaultcontrol always="true">3</defaultcontrol> <!--20-->
  <allowoverlay>no</allowoverlay>
  <include>BlackBackground</include>
  <onload condition="!Skin.HasSetting(Admin2) + !Skin.HasSetting(Admin) + !Skin.HasSetting(ID40)">Close</onload>
  <onload condition="!Skin.HasSetting(Admin2) + !Skin.HasSetting(Admin) + !Skin.HasSetting(ID40)">Notification($LOCALIZE[78957],$LOCALIZE[78956],2000)</onload>
  <controls>
    <include>BottomCenterDialogContentSettings</include>
  </controls>
</window>