<?xml version="1.0" encoding="UTF-8"?>
<window type="dialog" id="1176" description="Button Texture Color">
  <include condition="Skin.HasSetting(Performance)  + !Player.HasVideo">Performance1</include>
  <defaultcontrol always="true">9003</defaultcontrol>
  <allowoverlay>yes</allowoverlay>
  <onload condition="IsEmpty(Window(home).Property(Button.ID))">Close</onload>
  <onload condition="IsEmpty(Window(home).Property(Button.ID))">Notification(Error Loading colors,,1000)</onload>
  <controls>
  	<control type="group" description="חלון צבעים">
      <posx>385</posx>
      <posy>70</posy>
	  <!--<visible allowhiddenfocus="false">Control.HasFocus(9003) + !Control.HasFocus(9000)</visible>-->
      <control type="image" description="מסגרת">
		<height>1050</height>
        <texture border="40">buttons/ButtonE2.png</texture>
		<width>1150</width>
      </control>
	  <control type="panel" id="9003">
		<onright>9003</onright>
		<onleft>9003</onleft>
		<onup>9003</onup>
		<ondown>9003</ondown>
		<itemlayout description="(Plugins)" condition="" height="250" width="388">
			
			<control type="label" description="כותרת לא נבחר">
			  <posx>0</posx>
			  <posy>220</posy>
			  <width>388</width>
			  <height>24</height>
			  <font>size24</font>
			  <align>center</align>
			  <label>[B]$INFO[ListItem.Label][/B]</label>
			</control>
			<control type="image" description="סמן בחירה 1">
			  <aspectratio>stretch</aspectratio>
			  <posx>20</posx>
			  <posy>20</posy>
			  <width>332</width>
			  <height>200</height>
			  <texture>$INFO[ListItem.Property(color)]</texture>
			</control>
			
		</itemlayout>		
		<focusedlayout description="(Plugins)" condition="" height="250" width="388">
			
			<control type="label" description="כותרת נבחר">
			  <animation effect="fade" start="80" end="100" time="300=" delay="300">Focus</animation>
			  <align>center</align>
			  <textcolor>Yellow</textcolor>
			  <font>size24</font>
			  <posx>0</posx>
			  <posy>220</posy>
			  <width>388</width>
			  <height>24</height>
			  <label>[B]$INFO[ListItem.Label][/B]</label>
			</control>
			<control type="image" description="סמן בחירה 1">
			  <posx>20</posx>
			  <posy>20</posy>
			  <width>332</width>
			  <height>200</height>
			  <texture>$INFO[ListItem.Property(color)]</texture>
			</control>
			
            <control type="image" description="סמן בחירה 3">	  
				<bordersize>1</bordersize>
				<posx>18</posx>
				<posy>14</posy>
				<width>335</width>
				<height>211</height>
				<texture border="11">misc/frames/selector.png</texture>
				<visible>true</visible>
			</control>
		</focusedlayout> 
		
		<content>
		  <item id="9999" description="עוד...">
		    <label>More</label>
            <label2></label2>
			<property name="color">$INFO[Skin.String(defaultLabelColor)]</property>
		    <onclick condition="" description="סרטים">RunScript(script.skin.helper.service,action=colorpicker,skinstring=color340)</onclick>
			<visible>false</visible>
		  </item>
		  <item id="0" description="ללא">
			<label>None</label>
            <label2></label2>
			<property name="color"></property>
			<onclick>Skin.SetString(color$INFO[Window(home).Property(Button.ID)],)</onclick>
			<onclick>Action(Close)</onclick>
			<visible>true</visible>
          </item>

		  <item id="1" description="">
			<label>base</label>
            <label2></label2>
			<property name="color">buttons/backgrounds/base.png</property>
			<onclick>Skin.SetString(color$INFO[Window(home).Property(Button.ID)],base)</onclick>
			<onclick>Action(Close)</onclick>
			<visible>true</visible>
          </item>

          <item id="2" description="">
			<label>lightblue</label>
            <label2></label2>
			<property name="color">buttons/backgrounds/lightblue.png</property>
			<onclick>Skin.SetString(color$INFO[Window(home).Property(Button.ID)],lightblue)</onclick>
			<onclick>Action(Close)</onclick>
			<visible>true</visible>
          </item>
		  
		  <item id="3" description="">
			<label>red</label>
            <label2></label2>
			<property name="color">buttons/backgrounds/red.png</property>
            <onclick>Skin.SetString(color$INFO[Window(home).Property(Button.ID)],red)</onclick>
			<onclick>Action(Close)</onclick>
			<visible>true</visible>
          </item>
		  
		  <item id="4" description="">
			<label>green</label>
            <label2></label2>
			<property name="color">buttons/backgrounds/green.png</property>
            <onclick>Skin.SetString(color$INFO[Window(home).Property(Button.ID)],green)</onclick>
			<onclick>Action(Close)</onclick>
			<visible>true</visible>
          </item>
		  
		  <item id="5" description="">
			<label>bluegray</label>
            <label2></label2>
			<property name="color">buttons/backgrounds/bluegray.png</property>
			<onclick>Skin.SetString(color$INFO[Window(home).Property(Button.ID)],bluegray)</onclick>
			<onclick>Action(Close)</onclick>
			<visible>true</visible>
          </item>
		  
		  <item id="6" description="">
			<label>progcolor</label>
            <label2></label2>
			<property name="color">buttons/backgrounds/progcolor.png</property>
			<onclick>Skin.SetString(color$INFO[Window(home).Property(Button.ID)],progcolor)</onclick>
			<onclick>Action(Close)</onclick>
			<visible>true</visible>
          </item>
		  
		  <item id="7" description="">
			<label>purple</label>
            <label2></label2>
			<property name="color">buttons/backgrounds/purple.png</property>
            <onclick>Skin.SetString(color$INFO[Window(home).Property(Button.ID)],purple)</onclick>
			<onclick>Action(Close)</onclick>
			<visible>true</visible>
          </item>
		  
		  <item id="8" description="">
			<label>teak</label>
            <label2></label2>
			<property name="color">buttons/backgrounds/teak.png</property>
            <onclick>Skin.SetString(color$INFO[Window(home).Property(Button.ID)],teak)</onclick>
			<onclick>Action(Close)</onclick>
			<visible>true</visible>
          </item>
		  
		  <item id="9" description="">
			<label>darkorange</label>
            <label2></label2>
			<property name="color">buttons/backgrounds/darkorange.png</property>
            <onclick>Skin.SetString(color$INFO[Window(home).Property(Button.ID)],darkorange)</onclick>
			<onclick>Action(Close)</onclick>
			<visible>true</visible>
          </item>
		  
		  <item id="10" description="darkblue">
			<label>darkblue</label>
            <label2></label2>
			<property name="color">buttons/backgrounds/darkblue.png</property>
            <onclick>Skin.SetString(color$INFO[Window(home).Property(Button.ID)],darkblue)</onclick>
			<onclick>Action(Close)</onclick>
			<visible>true</visible>
          </item>
		  
		  <item id="11" description="darkgreen">
			<label>darkgreen</label>
            <label2></label2>
			<property name="color">buttons/backgrounds/darkgreen.png</property>
            <onclick>Skin.SetString(color$INFO[Window(home).Property(Button.ID)],darkgreen)</onclick>
			<onclick>Action(Close)</onclick>
			<visible>true</visible>
          </item>
		  
		  <item id="12" description="lightyellow">
			<label>lightyellow</label>
            <label2></label2>
			<property name="color">buttons/backgrounds/lightyellow.png</property>
            <onclick>Skin.SetString(color$INFO[Window(home).Property(Button.ID)],lightyellow)</onclick>
			<onclick>Action(Close)</onclick>
			<visible>true</visible>
          </item>
		  
		  <item id="13" description="pink">
			<label>pink</label>
            <label2></label2>
			<property name="color">buttons/backgrounds/pink.png</property>
            <onclick>Skin.SetString(color$INFO[Window(home).Property(Button.ID)],pink)</onclick>
			<onclick>Action(Close)</onclick>
			<visible>true</visible>
          </item>
		  
		  <item id="14" description="orange">
			<label>orange</label>
            <label2></label2>
			<property name="color">buttons/backgrounds/orange.png</property>
            <onclick>Skin.SetString(color$INFO[Window(home).Property(Button.ID)],orange)</onclick>
			<onclick>Action(Close)</onclick>
			<visible>true</visible>
          </item>
		  
		  <item id="15" description="UNUSED">
			<label>darkblue</label>
            <label2></label2>
			<property name="color">buttons/backgrounds/teak.png</property>
            <onclick>Skin.SetString(color$INFO[Window(home).Property(Button.ID)],progcolor)</onclick>
			<onclick>Action(Close)</onclick>
			<visible>false</visible>
          </item>
		  
		  <item id="16" description="">
			<label>orange</label>
            <label2></label2>
			<property name="color">buttons/backgrounds/orange.png</property>
            <onclick>Skin.SetString(color$INFO[Window(home).Property(Button.ID)],progcolor)</onclick>
			<onclick>Action(Close)</onclick>
			<visible>false</visible>
          </item>
		  
		  <item id="100" description="white">
			<label>white</label>
            <label2></label2>
			<property name="color">buttons/backgrounds/white.png</property>
            <onclick>Skin.SetString(color$INFO[Window(home).Property(Button.ID)],white)</onclick>
			<onclick>Action(Close)</onclick>
			<visible>true</visible>
          </item>
		  
		  <item id="101" description="black">
			<label>black</label>
            <label2></label2>
			<property name="color">buttons/backgrounds/black.png</property>
            <onclick>Skin.SetString(color$INFO[Window(home).Property(Button.ID)],black)</onclick>
			<onclick>Action(Close)</onclick>
			<visible>true</visible>
          </item>
		  
		</content>
	  </control>
     </control>

  </controls>
</window>
