<?xml version="1.0" encoding="UTF-8"?>
<window description="(147) Addon's changelog">
  <defaultcontrol>700</defaultcontrol>
  <onunload condition="Window.IsVisible(Startup.xml)">Control.SetFocus(10)</onunload>
  <onunload condition="Skin.HasSetting(Admin) + !Skin.HasSetting(Admin2)">Notification($INFO[Control.GetLabel(1)],"",1000)</onunload>
  <include condition="Skin.HasSetting(Performance)  + !Player.HasVideo">Performance1</include>
  <controls>
    <control type="image" description="BG">
      <animation effect="fade" start="0" end="100" delay="150" time="300">WindowOpen</animation>
      <animation effect="fade" start="100" end="0" time="50">WindowClose</animation>
      <posx>0</posx>
      <posy>0</posy>
      <width>1920</width>
      <height>1080</height>
      <texture>busy/BusyBG.png</texture>
    </control>
    <control type="image">
      <posx>415</posx>
      <posy>50</posy>
      <width>1100</width>
      <height>980</height>
      <!--<texture border="150">buttons/Dialog.png</texture>-->
	  <texture border="20" colordiffuse="$VAR[MenuColor]">buttons/ButtonE0.png</texture>
    </control>
    <control type="group">
      <posx>415</posx>
      <posy>75</posy>
      <control type="label" id="1" description="Header">
        <posx>0</posx>
        <posy>20</posy>
        <align>center</align>
        <width>1100</width>
        <height>45</height>
      </control>
	  <control type="button" id="700" description="כפתור סגור חלון">
		<left>940</left>
		<top>-5</top>
		<width>96</width>
		<height>48</height>
		<label>-</label>
		<font>-</font>
		<onclick>PreviousMenu</onclick>
		<texturefocus>osd/keyboard/DialogCloseButton-focus.png</texturefocus>
		<texturenofocus border="0" colordiffuse="$VAR[KeyboardMainColor]">osd/keyboard/DialogCloseButton.png</texturenofocus>
		<onleft>noop</onleft>
		<onright>noop</onright>
		<onup>noop</onup>
		<ondown condition="Control.IsVisible(61)">61</ondown>
		<!--<visible>system.getbool(input.enablemouse)</visible>-->
	  </control>
	  <control type="image" description="פס עליון-התחלת טקסט">
	    <posx>80</posx>
		<posy>80</posy>
		<width>940</width>
		<height>40</height>
		<texture border="5">buttons/LineH.png</texture>
	  </control>
	  <control type="textbox" id="5" description="Textarea">
		<posx>90</posx>
		<posy>120</posy>
		<width>920</width>
		<height>790</height>
		
		<!--<include condition="SubString(Control.GetLabel(1),א) | SubString(Control.GetLabel(1),ב) | SubString(Control.GetLabel(1),ג) | SubString(Control.GetLabel(1),ד) | SubString(Control.GetLabel(1),ה) | SubString(Control.GetLabel(1),ו) | SubString(Control.GetLabel(1),ז) | SubString(Control.GetLabel(1),ח) | SubString(Control.GetLabel(1),ט) | SubString(Control.GetLabel(1),י) | SubString(Control.GetLabel(1),כ) | SubString(Control.GetLabel(1),ל) | SubString(Control.GetLabel(1),מ) | SubString(Control.GetLabel(1),נ) | SubString(Control.GetLabel(1),ס)">ButtonR7</include>-->
		<include condtion="true">ButtonR7</include>
	  </control>
	  <control type="group" description="מצב ספרייה">
		  <visible>Control.IsVisible(61)</visible>
		  <!--<include condition="!Skin.HasSetting(Performance)">Slide1.2</include>
		  <include condition="Skin.HasSetting(Performance)">Slide1.2p</include>
		  <include condition="!Skin.HasSetting(Performance)">Slide1.3</include>
		  <include condition="Skin.HasSetting(Performance)">Slide1.3p</include>-->
		  <height>950</height>
		  <width>20</width>
		  <posx>1040</posx>
		  <posy>40</posy>
		  <control type="image" description="מסגרת">
			<posx>-10</posx>
			<!--<texture border="20">buttons/Button2F.png</texture>-->
			<texture>buttons/LineV.png</texture>
			<visible></visible>
		  </control>
	  </control>
      <control type="scrollbar" id="61">
        <posx>1035</posx>
        <posy>120</posy>
        <height>780</height>
        <onleft>700</onleft>
        <onright>700</onright>
        <ondown>61</ondown>
        <onup>700</onup>
      </control>
    </control>
  </controls>
</window>
