<?xml version="1.0" encoding="UTF-8"?>
<includes>
  <include name="CenterMenuContent_1138" description="ניהול תפריט משני">
	
	  <item id="700" description="הפעל/נטרל">
		<label>$LOCALIZE[24021]/$LOCALIZE[24022]</label>
		<icon></icon>
		<onclick condition="!IsEmpty(Window(home).Property(Button.ID))">Skin.ToggleSetting(sub$INFO[Window(home).Property(Button.ID)])</onclick>
		<onclick condition="IsEmpty(Window(home).Property(Button.ID))">Notification(Error,,1000)</onclick>
		<onclick condition="IsEmpty(Window(home).Property(Button.ID))">Action(Close)</onclick>
		<onclick condition="IsEmpty(Window(home).Property(Button.ID))">Action(Close)</onclick>
		<visible>!Window.IsVisible(Home.xml)</visible>
	  </item>
	  <item id="702" description="צבע תפריט">
		<label>$LOCALIZE[74479]</label>
		<icon></icon>
		<onclick condition="!IsEmpty(Window(home).Property(Button.ID))">ActivateWindow(1176)</onclick>
		<onclick condition="IsEmpty(Window(home).Property(Button.ID))">Notification(Error,,1000)</onclick>
		<onclick condition="IsEmpty(Window(home).Property(Button.ID))">Action(Close)</onclick>
		<onclick condition="IsEmpty(Window(home).Property(Button.ID))">Action(Close)</onclick>
		<visible>!Window.IsVisible(Home.xml) + false</visible>
	  </item>
  </include>  
  
  <include name="CenterMenuContent_1139" description="ניהול כפתור בתפריט משני">

	  <item id="703" description="שנה שם">
		<label>Rename</label>
		<onclick condition="!IsEmpty(Window(home).Property(SubButton.ID2))">Skin.SetString(label$INFO[Window(home).Property(SubButton.ID2)])</onclick>
		<onclick condition="IsEmpty(Window(home).Property(SubButton.ID2))">Action(Close)</onclick>
		<onclick condition="IsEmpty(Window(home).Property(SubButton.ID2))">Notification(Error,,1000)</onclick>
		<visible>IntegerGreaterThan(Window(home).Property(SubButton.ID_),99) + !IntegerGreaterThan(Window(home).Property(SubButton.ID_),200)</visible>
	  </item>
	  
	  <item id="710" description="פעולת כפתור">
		<label>Action</label>
		<onclick condition="!IsEmpty(Window(home).Property(SubButton.ID2))">RunScript(script.skinshortcuts,type=shortcuts&amp;custom=False&amp;showNone=True&amp;skinLabel=label$INFO[Window(home).Property(SubButton.ID2)]&amp;skinAction=action$INFO[Window(home).Property(SubButton.ID2)]&amp;skinList=[skinList]&amp;skinType=[skinType]&amp;skinThumbnail=icon$INFO[Window(home).Property(SubButton.ID2)])</onclick>
		<onclick condition="IsEmpty(Window(home).Property(SubButton.ID2))">Notification(Error,,1000)</onclick>
		<visible>IntegerGreaterThan(Window(home).Property(SubButton.ID),99) + !IntegerGreaterThan(Window(home).Property(SubButton.ID),200)</visible>
	  </item>
	  <item id="720" description="הסרת פריט">
		<label>Delete Item</label>
		<onclick condition="!IsEmpty(Window(home).Property(SubButton.ID2))">RunScript(script.htpt.smartbuttons,,?mode=216&amp;value=$INFO[Window(home).Property(SubButton.ID2)])</onclick>
		<onclick condition="IsEmpty(Window(home).Property(SubButton.ID2))">Action(Close)</onclick>
		<onclick condition="IsEmpty(Window(home).Property(SubButton.ID2))">Notification(Error,,1000)</onclick>
		<visible>IntegerGreaterThan(Window(home).Property(SubButton.ID),99) + !IntegerGreaterThan(Window(home).Property(SubButton.ID),200)</visible>
	  </item>
  </include>
  
  <include name="CenterMenuContent_1175" description="ניהול תפריט כפתורים">
      <item id="700" description="הפעל/נטרל">
		<label>$LOCALIZE[24021]/$LOCALIZE[24022]</label>
		<onclick description="1175" condition="!IsEmpty(Window(home).Property(Button.ID_)) + !Window.IsVisible(Custom1139.xml) + !Window.IsVisible(Custom1138.xml) + Window.IsVisible(Custom1175.xml)">Skin.ToggleSetting(off$INFO[Window(home).Property(Button.ID_)])</onclick>
		<onclick description="1175" condition="!IsEmpty(Window(home).Property(Button.ID_)) + !Window.IsVisible(Custom1139.xml) + !Window.IsVisible(Custom1138.xml) + Window.IsVisible(Custom1175.xml)">Skin.ToggleSetting(off$INFO[Window(home).Property(Button.ID)]_90)</onclick>
		<onclick description="סרטים למבוגרים" condition="StringCompare(Window(home).Property(Button.ID),86)">RunScript(script.htpt.smartbuttons,,?mode=38)</onclick>
		<onclick description="1138" condition="!IsEmpty(Window(home).Property(Button.ID_)) + !Window.IsVisible(Custom1139.xml) + Window.IsVisible(Custom1138.xml)">Skin.ToggleSetting(sub$INFO[Window(home).Property(Button.ID_)])</onclick>
		<onclick description="1139" condition="!IsEmpty(Window(home).Property(Button.ID_)) + !IsEmpty(Window(home).Property(SubButton.ID_)) + Window.IsVisible(Custom1139.xml)">Skin.ToggleSetting(off$INFO[Window(home).Property(SubButton.ID_)])</onclick>
		<include>CheckProperty_Menus</include>
		<visible>[!Window.IsVisible(Custom1139.xml) + !StringCompare(Window(home).Property(Button.ID),89) + !StringCompare(Window(home).Property(Button.ID),91)] | Window.IsVisible(Custom1139.xml)</visible>
	  </item>
	  <item id="701" description="שינוי שם">
		<label>118</label>
		<!--<onclick condition="!IsEmpty(Window(home).Property(Button.ID_)) + Window.IsVisible(Custom1175.xml) + !Window.IsVisible(Custom1139.xml)">Skin.SetString(label$INFO[Window(home).Property(Button.ID_)])</onclick>-->
		<onclick description="1175" condition="Window.IsVisible(Custom1175.xml) + !Window.IsVisible(Custom1139.xml)">RunScript(script.htpt.smartbuttons,,?mode=214&amp;value=0)</onclick>
		<onclick description="1139" condition="Window.IsVisible(Custom1139.xml)">RunScript(script.htpt.smartbuttons,,?mode=214&amp;value=1)</onclick>
		<include>CheckProperty_Menus</include>
		<visible>Window.IsVisible(Custom1175.xml) + !Window.IsVisible(Custom1138.xml) | Window.IsVisible(Custom1139.xml)</visible>
	  </item>
	  <item id="702" description="בחירת סמל">
		<label>$LOCALIZE[19284]</label>
		<onclick condition="!IsEmpty(Window(home).Property(Button.ID))">SetProperty(TEMP,icon,home)</onclick>
		<onclick description="1175" condition="!Window.IsVisible(Custom1139.xml) + !Window.IsVisible(Custom1138.xml) + Window.IsVisible(Custom1175.xml)">Skin.SetImage(icon$INFO[Window(home).Property(Button.ID_)],,special://home/addons/service.htpt/resources/media)</onclick>
		<onclick description="1139" condition="!IsEmpty(Window(home).Property(SubButton.ID_)) + Window.IsVisible(Custom1139.xml)">Skin.SetImage(icon$INFO[Window(home).Property(SubButton.ID_)],,special://home/addons/service.htpt/resources/media)</onclick>
		<include>CheckProperty_Menus</include>
		<visible>Window.IsVisible(Custom1175.xml) + !Window.IsVisible(Custom1138.xml) | Window.IsVisible(Custom1139.xml)</visible>
		<visible>!SubString(Window(home).Property(SubButton.ID),_90)</visible>
	  </item>
	  <item id="703" description="פעולת כפתור">
		<label>$LOCALIZE[79601]</label>
		<onclick>RunScript(script.htpt.smartbuttons,,?mode=232&amp;value=)</onclick>
		<include>CheckProperty_Menus</include>
		<visible>[!Window.IsVisible(Custom1138.xml) + IntegerGreaterThan(Window(home).Property(Button.ID),99) + !IntegerGreaterThan(Window(home).Property(Button.ID),200)] | [Window.IsVisible(Custom1139.xml) + SubString(Window(home).Property(SubButton.ID),10)]</visible>
	  </item>
	  <item id="704" description="הזזת פריט">
		<label>13251</label>
		<onclick>Dialog.Close(1175)</onclick>
		<onclick description="1175" condition="!Window.IsVisible(Custom1139.xml)">ActivateWindow(1127)</onclick>
		<include>CheckProperty_Menus</include>
		<visible>Window.IsVisible(Custom1175.xml) + !Window.IsVisible(Custom1138.xml) + !Window.IsVisible(Custom1139.xml)</visible>
	  </item>
	  <item id="705" description="הזז למעלה">
		<label>$LOCALIZE[13251] UP</label>
		<onclick description="1139-UP" condition="Window.IsVisible(Custom1139.xml) + !IsEmpty(Window(home).Property(Previous_SubButton.ID)) + !SubString(Window(home).Property(Previous_SubButton.ID_,_90)">RunScript(script.htpt.smartbuttons,,?mode=210&amp;value=1)</onclick>
		<include>CheckProperty_Menus</include>
		<visible>Window.IsVisible(Custom1139.xml)</visible>
		<visible>!IsEmpty(Window(home).Property(Previous_SubButton.ID)) + !SubString(Window(home).Property(Previous_SubButton.ID),_90)</visible>
	  </item>
	  <item id="706" description="הזז למטה">
		<label>$LOCALIZE[13251] DOWN</label>
		<onclick description="1139-DOWN" condition="Window.IsVisible(Custom1139.xml) + !IsEmpty(Window(home).Property(Next_SubButton.ID)) + !SubString(Window(home).Property(Next_SubButton.ID_,_90)">RunScript(script.htpt.smartbuttons,,?mode=210&amp;value=2)</onclick>
		<include>CheckProperty_Menus</include>
		<visible>Window.IsVisible(Custom1139.xml)</visible>
		<visible>!IsEmpty(Window(home).Property(Next_SubButton.ID)) + !SubString(Window(home).Property(Next_SubButton.ID_),_90)</visible>
	  </item>
	  <item id="707" description="צבע כפתור">
		<label>$LOCALIZE[74479]</label>
		<onclick condition="System.HasAddon(script.skin.helper.service)">RunScript(script.skin.helper.service,action=colorpicker,skinstring=color$INFO[Window(home).Property(Button.ID_)])</onclick>
		<onclick condition="!System.HasAddon(script.skin.helper.service)">RunScript(script.htpt.smartbuttons,,?mode=231&amp;value=script.skin.helper.service)</onclick>
		<include>CheckProperty_Menus</include>
		 <visible>Window.IsVisible(Custom1175.xml) + !Window.IsVisible(Custom1138.xml) + !Window.IsVisible(Custom1139.xml)</visible>
	  </item>
	  
	  <item id="708" description="בחר רקע מותאם אישית">
		<label>$LOCALIZE[22080] $LOCALIZE[19190] $LOCALIZE[20190]</label>
		<textoffsetx>15</textoffsetx>
		<onclick condition="!IsEmpty(Window(home).Property(Button.ID))">SetProperty(TEMP,background,home)</onclick>
		<onclick condition="!IsEmpty(Window(home).Property(Button.ID))">Skin.SetLargeImage(background$INFO[Window(home).Property(Button.ID)])</onclick>
		<include>CheckProperty_Menus</include>
		 <visible>Window.IsVisible(Custom1175.xml) + !Window.IsVisible(Custom1138.xml) + !Window.IsVisible(Custom1139.xml)</visible>
	  </item>
	  <item id="709" description="רקע אקראי לפי ו'ידגט">
		<label>רקע אקראי לפי ו'ידגט - $VAR[Button708]</label>
		<onclick condition="StringCompare(Window(home).Property(Button.ID),70)" description="סרטים">Skin.ToggleSetting(wbackground70)</onclick>
		<onclick condition="StringCompare(Window(home).Property(Button.ID),71)" description="סדרות">Skin.ToggleSetting(wbackground71)</onclick>
		<include>CheckProperty_Menus</include>
		<visible>StringCompare(Window(home).Property(Button.ID),70) | StringCompare(Window(home).Property(Button.ID),71)</visible>
		<visible>!Window.IsVisible(Custom1138.xml) + !Window.IsVisible(Custom1139.xml)</visible>
	  </item>
	  
	  <item id="711" description="תפריט משני">
		<label>$LOCALIZE[79592]</label>
		<onclick condition="">ActivateWindow(1138)</onclick>
		<include>CheckProperty_Menus</include>
		 <visible>Window.IsVisible(Custom1175.xml) + !Window.IsVisible(Custom1138.xml) + !Window.IsVisible(Custom1139.xml)</visible>
	  </item>
	  <item id="712" description="שונות">
		<label>$LOCALIZE[512]</label>
		<onclick description="סרטים-חלון פתיחה" condition="StringCompare(Window(home).Property(Button.ID),77)">RunScript(script.htpt.smartbuttons,,?mode=205)</onclick>
		<onclick description="סדרות-חלון פתיחה" condition="StringCompare(Window(home).Property(Button.ID),78)">RunScript(script.htpt.smartbuttons,,?mode=205)</onclick>
		<include>CheckProperty_Menus</include>
		<visible>StringCompare(Window(home).Property(Button.ID),77) | StringCompare(Window(home).Property(Button.ID),78)</visible>
		<visible>[Window.IsVisible(Custom1175.xml) + !Window.IsVisible(Custom1138.xml) + !Window.IsVisible(Custom1139.xml)]</visible>
	  </item>
	  <item id="719" description="פריט חדש">
		<label>Create New Item</label>
		<onclick description="1175" condition="!IsEmpty(Window(home).Property(Button.ID)) + !Window.IsVisible(Custom1139.xml) + !Window.IsVisible(Custom1138.xml) + Window.IsVisible(Custom1175.xml)">RunScript(script.htpt.smartbuttons,,?mode=211&amp;value=0)</onclick>
		<onclick description="1138" condition="!IsEmpty(Window(home).Property(Button.ID)) + !Window.IsVisible(Custom1139.xml) + Window.IsVisible(Custom1138.xml)">RunScript(script.htpt.smartbuttons,,?mode=211&amp;value=1)</onclick>
		<include>CheckProperty_Menus</include>
		<visible>[Window.IsVisible(Custom1175.xml) | Window.IsVisible(Custom1138.xml)] + !Window.IsVisible(Custom1139.xml)</visible>
	  </item>
	  <item id="720" description="הסרת פריט">
		<label>הסרת פריט</label>
		<onclick description="1175-Remove" condition="!Window.IsVisible(Custom1139.xml) + !Window.IsVisible(Custom1138.xml) + IntegerGreaterThan(Window(home).Property(Button.ID),99)">RunScript(script.htpt.smartbuttons,,?mode=212&amp;value=02)</onclick>
		<onclick description="1139-Remove" condition="Window.IsVisible(Custom1139.xml) + !SubString(Window(home).Property(SubButton.ID),_9)">RunScript(script.htpt.smartbuttons,,?mode=212&amp;value=1)</onclick>
		<include>CheckProperty_Menus</include>
		<visible>[!Window.IsVisible(Custom1138.xml) + IntegerGreaterThan(Window(home).Property(Button.ID),99)] | [Window.IsVisible(Custom1139.xml) + !SubString(Window(home).Property(SubButton.ID),_9)]</visible>
	  </item>
	  <item id="721" description="איפוס פריט">
		<label>איפוס פריט</label>
		<onclick description="1175-DEFAULT" condition="!Window.IsVisible(Custom1139.xml) + !Window.IsVisible(Custom1138.xml) + !IntegerGreaterThan(Window(home).Property(Button.ID),99)">RunScript(script.htpt.smartbuttons,,?mode=212&amp;value=02B)</onclick>
		<onclick description="1139-DEFAULT" condition="Window.IsVisible(Custom1139.xml) + SubString(Window(home).Property(SubButton.ID),_9)">RunScript(script.htpt.smartbuttons,,?mode=212&amp;value=1B)</onclick>
		<include>CheckProperty_Menus</include>
		<visible>!IsEmpty(Window(home).Property(Button.ID)) + !IsEmpty(Window(home).Property(Button.ID_)) + !Control.IsVisible(720)</visible>
		<visible>!StringCompare(Window(home).Property(Button.ID),Window(home).Property(Button.ID_))</visible>
		<visible>[!Window.IsVisible(Custom1139.xml) + !Window.IsVisible(Custom1138.xml) + !IntegerGreaterThan(Window(home).Property(Button.ID),99)] | [Window.IsVisible(Custom1139.xml) + SubString(Window(home).Property(SubButton.ID),_9)]</visible>
	  </item>
	  <item id="723" description="">
		<label>ADMIN</label>
		<onclick>Skin.ToggleSetting(del74_94)</onclick>
		<visible>Skin.HasSetting(Admin) + Skin.HasSetting(Admin3) + !Skin.HasSetting(Admin2)</visible>
	  </item>
  </include>

  <include name="CenterMenuContent_1136" description="סרטים ישראלים">
    <item id="1">
		<label>$LOCALIZE[78958] 1</label>
		<onclick description="openButton" condition="Window.IsVisible(Home.xml)">Dialog.Close(1138)</onclick>
		<onclick condition="System.HasAddon(plugin.video.wallaNew.video)">ActivateWindow(10025,plugin://plugin.video.wallaNew.video/?mode=2&amp;module=wallavod&amp;name=%d7%99%d7%a9%d7%a8%d7%90%d7%9c%d7%99%20(122)&amp;url=genre%3dmovies%26genreId%3d6260,return)</onclick>
		<onclick condition="!System.HasAddon(plugin.video.wallaNew.video)">Notification($LOCALIZE[79195],$LOCALIZE[79154],4000)</onclick>
		<onclick condition="!System.HasAddon(plugin.video.wallaNew.video)">ActivateWindow(10025,plugin://plugin.video.wallaNew.video,return)</onclick>
		<visible>true</visible>
	</item>
	
	<item id="2">
		<label>$LOCALIZE[78958] 2</label>
		<onclick description="openButton" condition="Window.IsVisible(Home.xml)">Dialog.Close(1138)</onclick>
		<onclick condition="System.HasAddon(plugin.video.movixws)">ActivateWindow(10025,plugin://plugin.video.movixws/?iconimage=http%3a%2f%2fupload.wikimedia.org%2fwikipedia%2fcommons%2fthumb%2fd%2fd4%2fFlag_of_Israel.svg%2f250px-Flag_of_Israel.svg.png&mode=2&name=Israeli%20-%20%d7%99%d7%a9%d7%a8%d7%90%d7%9c%d7%99&url=http%3a%2f%2fwww.movix.me%2fgenres%2fisraeli,return)</onclick>
		<onclick condition="!System.HasAddon(plugin.video.movixws)">Notification($LOCALIZE[79195],$LOCALIZE[79154],4000)</onclick>
		<onclick condition="!System.HasAddon(plugin.video.movixws)">ActivateWindow(10025,plugin://plugin.video.movixws,return)</onclick>
		<visible>true</visible>
	</item>
	
	<item id="3">
		<label>$LOCALIZE[78958] 3</label>
		<onclick description="openButton" condition="Window.IsVisible(Home.xml)">Dialog.Close(1138)</onclick>
		<onclick condition="System.HasAddon(plugin.video.10qtv)">ActivateWindow(10025,plugin://plugin.video.10qtv/?mode=6&name=%d7%99%d7%a9%d7%a8%d7%90%d7%9c%d7%99&url=http%3a%2f%2fwww.10q.tv%2fboard%2ffilmy%2fishrali%2f11,return)</onclick>
		<onclick condition="!System.HasAddon(plugin.video.10qtv)">Notification($LOCALIZE[79195],$LOCALIZE[79154],4000)</onclick>
		<onclick condition="!System.HasAddon(plugin.video.10qtv)">ActivateWindow(10025,plugin://plugin.video.10qtv,return)</onclick>
		<visible>true</visible>
	</item>
  </include>
  
  <include name="CenterMenuContent_1134" description="טלנובלה">
    <item id="1">
		<label>$LOCALIZE[78943] 1</label>
		<onclick description="openButton" condition="Window.IsVisible(Home.xml)">Dialog.Close(1138)</onclick>
		<onclick condition="System.HasAddon(plugin.video.wallaNew.video)">ActivateWindow(10025,plugin://plugin.video.wallaNew.video/?mode=2&module=wallavod&name=%d7%98%d7%9c%d7%a0%d7%95%d7%91%d7%9c%d7%95%d7%aa%20(22)&url=genre%3dtvshows%26genreId%3d6280,return)</onclick>
		<onclick condition="!System.HasAddon(plugin.video.wallaNew.video)">Notification($LOCALIZE[79195],$LOCALIZE[79154],4000)</onclick>
		<onclick condition="!System.HasAddon(plugin.video.wallaNew.video)">ActivateWindow(10025,plugin://plugin.video.wallaNew.video,return)</onclick>
		<visible>true</visible>
	</item>
	
	<item id="2">
		<label>$LOCALIZE[78943] 2</label>
		<onclick description="openButton" condition="Window.IsVisible(Home.xml)">Dialog.Close(1138)</onclick>
		<onclick condition="System.HasAddon(plugin.video.sdarot.tv)">ActivateWindow(10025,plugin://plugin.video.sdarot.tv/?mode=2&module=http%3a%2f%2fwww.sdarot.wf%2fseries%2fgenre%2f13%d7%98%d7%9c%d7%a0%d7%95%d7%91%d7%9c%d7%94&name=%d7%98%d7%9c%d7%a0%d7%95%d7%91%d7%9c%d7%94&url=all-heb,return)</onclick>
		<onclick condition="!System.HasAddon(plugin.video.sdarot.tv)">Notification($LOCALIZE[79195],$LOCALIZE[79154],4000)</onclick>
		<onclick condition="!System.HasAddon(plugin.video.sdarot.tv)">ActivateWindow(10025,plugin://plugin.video.sdarot.tv,return)</onclick>
		<visible>true</visible>
	</item>
  </include>
  
  
  <include name="CenterMenuContent_1121" description="קישור כפתור מוזיקה ברירת מחדל">
	  <control type="radiobutton" id="701" description="Albums">
		<label>$LOCALIZE[132]</label>
		<onclick>Skin.SetString(MusicLink,Albums)</onclick>
		<onclick>back</onclick>
		<selected>StringCompare(Skin.String(MusicLink),Albums)</selected>
	  </control>
	  <control type="radiobutton" id="702" description="Artists">
		<label>$LOCALIZE[133]</label>
		<onclick>Skin.SetString(MusicLink,Artists)</onclick>
		<onclick>back</onclick>
		<selected>StringCompare(Skin.String(MusicLink),Artists)</selected>
	  </control>
	  <control type="radiobutton" id="703" description="Genres">
		<label>$LOCALIZE[135]</label>
		<onclick>Skin.SetString(MusicLink,Genres)</onclick>
		<onclick>back</onclick>
		<selected>StringCompare(Skin.String(MusicLink),Genres)</selected>
	  </control>
	  <control type="radiobutton" id="704" description="Songs">
		<label>$LOCALIZE[134]</label>
		<onclick>Skin.SetString(MusicLink,Songs)</onclick>
		<onclick>back</onclick>
		<selected>StringCompare(Skin.String(MusicLink),Songs)</selected>
	  </control>
  </include>
</includes>
