<?xml version="1.0" encoding="UTF-8"?>
<includes>
  <include name="Content_Home">
		<item id="70">
          <visible>[!Skin.HasSetting(off70) | [Window.IsVisible(CustomHomeCustomizer.xml) + IsEmpty(Window(1117).Property(HideInactiveButtons))]] + [Skin.String(label70)]</visible>
          <property name="id">&quot;70&quot;</property>
		  <property name="temp1">temp1_70]</property>
		  <property name="temp2">temp2_70]</property>
		  <property name="off">$INFO[Skin.HasSetting(off70)]</property>
		  <property name="sub">$INFO[Skin.HasSetting(sub70)]</property>
		  <property name="color">$INFO[Skin.String(color70)]</property>
		  <thumb>$INFO[Skin.String(icon70)]</thumb>
		  <icon fallback="DefaultAddon.png"></icon>
		  <label>$INFO[Skin.String(label70)]</label>
		  <label2>$VAR[id70]</label2>
		  <onclick description="openSUB" condition="!Window.IsVisible(CustomHomeCustomizer.xml) + Skin.HasSetting(sub70)">ActivateWindow(1138)</onclick>
		  <onclick description="openButton" condition="!Window.IsVisible(CustomHomeCustomizer.xml) + !Skin.HasSetting(sub70)">$INFO[Skin.String(action70)]</onclick>
		  <onclick description="editButton" condition="Window.IsVisible(CustomHomeCustomizer.xml) + !Window.IsVisible(CustomHomeCustomizer2.xml)">ActivateWindow(1175)</onclick>
		  <onclick description="moveButton" condition="Window.IsVisible(CustomHomeCustomizer2.xml)">RunScript(script.htpt.smartbuttons,,?mode=210&amp;value=0)</onclick>
        </item>
		<item id="71">
          <visible>[!Skin.HasSetting(off71) | [Window.IsVisible(CustomHomeCustomizer.xml) + IsEmpty(Window(1117).Property(HideInactiveButtons))]] + [Skin.String(label71)]</visible>
		  <property name="id">&quot;71&quot;</property>
		  <property name="temp1">temp1_71]</property>
		  <property name="temp2">temp2_71]</property>
		  <property name="off">$INFO[Skin.HasSetting(off71)]</property>
		  <property name="sub">$INFO[Skin.HasSetting(sub71)]</property>
		  <property name="color">$INFO[Skin.String(color71)]</property>
		  <thumb fallback="DefaultAddon.png">$INFO[Skin.String(icon71)]</thumb>
		  <icon fallback=""></icon>
          <label>$INFO[Skin.String(label71)]</label>
		  <label2>$VAR[id71]</label2>
		  <onclick description="openSUB" condition="!Window.IsVisible(CustomHomeCustomizer.xml) + Skin.HasSetting(sub71)">ActivateWindow(1138)</onclick>
		  <onclick description="openButton" condition="!Window.IsVisible(CustomHomeCustomizer.xml) + !Skin.HasSetting(sub71)">$INFO[Skin.String(action71)]</onclick>
          <onclick description="editButton" condition="Window.IsVisible(CustomHomeCustomizer.xml) + !Window.IsVisible(CustomHomeCustomizer2.xml)">ActivateWindow(1175)</onclick>
		  <onclick description="moveButton" condition="Window.IsVisible(CustomHomeCustomizer2.xml)">RunScript(script.htpt.smartbuttons,,?mode=210&amp;value=0)</onclick>
        </item>
		<item id="74">
		  <visible>[!Skin.HasSetting(off74) | [Window.IsVisible(CustomHomeCustomizer.xml) + IsEmpty(Window(1117).Property(HideInactiveButtons))]] + [Skin.String(label74)]</visible>
		  <property name="id">&quot;74&quot;</property>
		  <property name="temp1">temp1_74]</property>
		  <property name="temp2">temp2_74]</property>
		  <property name="off">$INFO[Skin.HasSetting(off74)]</property>
		  <property name="sub">$INFO[Skin.HasSetting(sub74)]</property>
		  <property name="color">$INFO[Skin.String(color74)]</property>
		  <thumb fallback="DefaultAddon.png">$INFO[Skin.String(icon74)]</thumb>
		  <icon fallback=""></icon>
          <label>$INFO[Skin.String(label74)]</label>
		  <label2>$VAR[id74]</label2>
		  <onclick description="openSUB" condition="!Window.IsVisible(CustomHomeCustomizer.xml) + Skin.HasSetting(sub74)">ActivateWindow(1138)</onclick>
		  <onclick description="openButton" condition="!Window.IsVisible(CustomHomeCustomizer.xml) + !Skin.HasSetting(sub74)">$INFO[Skin.String(action74)]</onclick>
          <onclick description="editButton" condition="Window.IsVisible(CustomHomeCustomizer.xml) + !Window.IsVisible(CustomHomeCustomizer2.xml)">ActivateWindow(1175)</onclick>
		  <onclick description="moveButton" condition="Window.IsVisible(CustomHomeCustomizer2.xml)">RunScript(script.htpt.smartbuttons,,?mode=210&amp;value=0)</onclick>
        </item>
		<item id="75">
          <visible>[!Skin.HasSetting(off75) | [Window.IsVisible(CustomHomeCustomizer.xml) + IsEmpty(Window(1117).Property(HideInactiveButtons))]] + [Skin.String(label75)]</visible>
		  <property name="id">&quot;75&quot;</property>
		  <property name="temp1">temp1_75]</property>
		  <property name="temp2">temp2_75]</property>
		  <property name="off">$INFO[Skin.HasSetting(off75)]</property>
		  <property name="sub">$INFO[Skin.HasSetting(sub75)]</property>
          <property name="color">$INFO[Skin.String(color75)]</property>
		  <thumb fallback="DefaultAddon.png">$INFO[Skin.String(icon75)]</thumb>
		  <icon fallback=""></icon>
          <label>$INFO[Skin.String(label75)]</label>
		  <label2>$VAR[id75]</label2>
		  <onclick description="openSUB" condition="!Window.IsVisible(CustomHomeCustomizer.xml) + Skin.HasSetting(sub75)">ActivateWindow(1138)</onclick>
		  <onclick description="openButton" condition="!Window.IsVisible(CustomHomeCustomizer.xml) + !Skin.HasSetting(sub75)">$INFO[Skin.String(action75)]</onclick>
          <onclick description="editButton" condition="Window.IsVisible(CustomHomeCustomizer.xml) + !Window.IsVisible(CustomHomeCustomizer2.xml)">ActivateWindow(1175)</onclick>
		  <onclick description="moveButton" condition="Window.IsVisible(CustomHomeCustomizer2.xml)">RunScript(script.htpt.smartbuttons,,?mode=210&amp;value=0)</onclick>
        </item>
		<item id="76">
          <visible>[!Skin.HasSetting(off76) | [Window.IsVisible(CustomHomeCustomizer.xml) + IsEmpty(Window(1117).Property(HideInactiveButtons))]] + [Skin.String(label76)]</visible>
		  <property name="id">&quot;76&quot;</property>
		  <property name="temp1">temp1_76]</property>
		  <property name="temp2">temp2_76]</property>
		  <property name="off">$INFO[Skin.HasSetting(off76)]</property>
		  <property name="sub">$INFO[Skin.HasSetting(sub76)]</property>
		  <property name="color">$INFO[Skin.String(color76)]</property>
		  <thumb fallback="DefaultAddon.png">$INFO[Skin.String(icon76)]</thumb>
		  <icon fallback=""></icon>
          <label>$INFO[Skin.String(label76)]</label>
		  <label2>$VAR[id76]</label2>
		  <onclick description="openSUB" condition="!Window.IsVisible(CustomHomeCustomizer.xml) + Skin.HasSetting(sub76)">ActivateWindow(1138)</onclick>
		  <onclick description="openButton" condition="!Window.IsVisible(CustomHomeCustomizer.xml) + !Skin.HasSetting(sub76)">$INFO[Skin.String(action76)]</onclick>
          <onclick description="editButton" condition="Window.IsVisible(CustomHomeCustomizer.xml) + !Window.IsVisible(CustomHomeCustomizer2.xml)">ActivateWindow(1175)</onclick>
		  <onclick description="moveButton" condition="Window.IsVisible(CustomHomeCustomizer2.xml)">RunScript(script.htpt.smartbuttons,,?mode=210&amp;value=0)</onclick>
        </item>
		<item id="77">
          <visible>[!Skin.HasSetting(off77) | [Window.IsVisible(CustomHomeCustomizer.xml) + IsEmpty(Window(1117).Property(HideInactiveButtons))]] + [Skin.String(label77)]</visible>
		  <property name="id">&quot;77&quot;</property>
		  <property name="temp1">temp1_77]</property>
		  <property name="temp2">temp2_77]</property>
		  <property name="off">$INFO[Skin.HasSetting(off77)]</property>
		  <property name="sub">$INFO[Skin.HasSetting(sub77)]</property>
          <property name="color">$INFO[Skin.String(color77)]</property>
		  <thumb fallback="DefaultAddon.png">$INFO[Skin.String(icon77)]</thumb>
		  <icon fallback=""></icon>
          <label>$INFO[Skin.String(label77)]</label>
		  <label2>$VAR[id77]</label2>
		  <onclick description="openSUB" condition="!Window.IsVisible(CustomHomeCustomizer.xml) + Skin.HasSetting(sub77)">ActivateWindow(1138)</onclick>
		  <onclick description="openButton" condition="!Window.IsVisible(CustomHomeCustomizer.xml) + !Skin.HasSetting(sub77)">$INFO[Skin.String(action77)]</onclick>
          <onclick description="editButton" condition="Window.IsVisible(CustomHomeCustomizer.xml) + !Window.IsVisible(CustomHomeCustomizer2.xml)">ActivateWindow(1175)</onclick>
		  <onclick description="moveButton" condition="Window.IsVisible(CustomHomeCustomizer2.xml)">RunScript(script.htpt.smartbuttons,,?mode=210&amp;value=0)</onclick>
        </item>
		<item id="78">
          <visible>[!Skin.HasSetting(off78) | [Window.IsVisible(CustomHomeCustomizer.xml) + IsEmpty(Window(1117).Property(HideInactiveButtons))]] + [Skin.String(label78)]</visible>
		  <property name="id">&quot;78&quot;</property>
		  <property name="temp1">temp1_78]</property>
		  <property name="temp2">temp2_78]</property>
		  <property name="off">$INFO[Skin.HasSetting(off78)]</property>
		  <property name="sub">$INFO[Skin.HasSetting(sub78)]</property>
		  <property name="color">$INFO[Skin.String(color78)]</property>
          <thumb fallback="DefaultAddon.png">$INFO[Skin.String(icon78)]</thumb>
		  <icon fallback=""></icon>
          <label>$INFO[Skin.String(label78)]</label>
		  <label2>$VAR[id78]</label2>
		  <onclick description="openSub" condition="!Window.IsVisible(CustomHomeCustomizer.xml) + Skin.HasSetting(sub78)">ActivateWindow(1138)</onclick>
		  <onclick description="openButton" condition="!Window.IsVisible(CustomHomeCustomizer.xml) + !Skin.HasSetting(sub78)">$INFO[Skin.String(action78)]</onclick>
          <onclick description="editButton" condition="Window.IsVisible(CustomHomeCustomizer.xml) + !Window.IsVisible(CustomHomeCustomizer2.xml)">ActivateWindow(1175)</onclick>
		  <onclick description="moveButton" condition="Window.IsVisible(CustomHomeCustomizer2.xml)">RunScript(script.htpt.smartbuttons,,?mode=210&amp;value=0)</onclick>
        </item>
		<item id="79">
          <visible>[!Skin.HasSetting(off79) | [Window.IsVisible(CustomHomeCustomizer.xml) + IsEmpty(Window(1117).Property(HideInactiveButtons))]] + [Skin.String(label79)]</visible>
		  <property name="id">&quot;79&quot;</property>
		  <property name="temp1">temp1_79]</property>
		  <property name="temp2">temp2_79]</property>
		  <property name="off">$INFO[Skin.HasSetting(off79)]</property>
		  <property name="sub">$INFO[Skin.HasSetting(sub79)]</property>
		  <property name="color">$INFO[Skin.String(color79)]</property>
		  <thumb fallback="DefaultAddon.png">$INFO[Skin.String(icon79)]</thumb>
		  <icon fallback=""></icon>
		  <label>$INFO[Skin.String(label79)]</label>
		  <label2>$VAR[id79]</label2>
		  <onclick description="openSUB" condition="!Window.IsVisible(CustomHomeCustomizer.xml) + Skin.HasSetting(sub79)">ActivateWindow(1138)</onclick>
		  <onclick description="openButton" condition="!Window.IsVisible(CustomHomeCustomizer.xml) + !Skin.HasSetting(sub79)">$INFO[Skin.String(action79)]</onclick>
          <onclick description="editButton" condition="Window.IsVisible(CustomHomeCustomizer.xml) + !Window.IsVisible(CustomHomeCustomizer2.xml)">ActivateWindow(1175)</onclick>
		  <onclick description="moveButton" condition="Window.IsVisible(CustomHomeCustomizer2.xml)">RunScript(script.htpt.smartbuttons,,?mode=210&amp;value=0)</onclick>
        </item>
		<item id="80">
          <visible>[!Skin.HasSetting(off80) | [Window.IsVisible(CustomHomeCustomizer.xml) + IsEmpty(Window(1117).Property(HideInactiveButtons))]] + [Skin.String(label80)]</visible>
		  <property name="id">&quot;80&quot;</property>
		  <property name="temp1">temp1_80]</property>
		  <property name="temp2">temp2_80]</property>
		  <property name="off">$INFO[Skin.HasSetting(off80)]</property>
		  <property name="sub">$INFO[Skin.HasSetting(sub80)]</property>
		  <property name="color">$INFO[Skin.String(color80)]</property>
		  <thumb fallback="DefaultAddon.png">$INFO[Skin.String(icon80)]</thumb>
		  <icon fallback=""></icon>
          <label>$INFO[Skin.String(label80)]</label>
		  <label2>$VAR[id80]</label2>
		  <onclick description="openSUB" condition="!Window.IsVisible(CustomHomeCustomizer.xml) + Skin.HasSetting(sub80)">ActivateWindow(1138)</onclick>
		  <onclick description="openButton" condition="!Window.IsVisible(CustomHomeCustomizer.xml) + !Skin.HasSetting(sub80)">$INFO[Skin.String(action80)]</onclick>
          <onclick description="editButton" condition="Window.IsVisible(CustomHomeCustomizer.xml) + !Window.IsVisible(CustomHomeCustomizer2.xml)">ActivateWindow(1175)</onclick>
		  <onclick description="moveButton" condition="Window.IsVisible(CustomHomeCustomizer2.xml)">RunScript(script.htpt.smartbuttons,,?mode=210&amp;value=0)</onclick>
        </item>
		<item id="81">
          <visible>[!Skin.HasSetting(off81) | [Window.IsVisible(CustomHomeCustomizer.xml) + IsEmpty(Window(1117).Property(HideInactiveButtons))]] + [Skin.String(label81)]</visible>
		  <property name="id">&quot;81&quot;</property>
		  <property name="temp1">temp1_81]</property>
		  <property name="temp2">temp2_81]</property>
		  <property name="off">$INFO[Skin.HasSetting(off81)]</property>
		  <property name="sub">$INFO[Skin.HasSetting(sub81)]</property>
		  <property name="color">$INFO[Skin.String(color81)]</property>
		  <thumb fallback="DefaultAddon.png">$INFO[Skin.String(icon81)]</thumb>
		  <icon fallback=""></icon>
          <label>$INFO[Skin.String(label81)]</label>
		  <label2>$VAR[id81]</label2>
		  <onclick description="openSUB" condition="!Window.IsVisible(CustomHomeCustomizer.xml) + Skin.HasSetting(sub81)">ActivateWindow(1138)</onclick>
		  <onclick description="openButton" condition="!Window.IsVisible(CustomHomeCustomizer.xml) + !Skin.HasSetting(sub81)">$INFO[Skin.String(action81)]</onclick>
          <onclick description="editButton" condition="Window.IsVisible(CustomHomeCustomizer.xml) + !Window.IsVisible(CustomHomeCustomizer2.xml)">ActivateWindow(1175)</onclick>
		  <onclick description="moveButton" condition="Window.IsVisible(CustomHomeCustomizer2.xml)">RunScript(script.htpt.smartbuttons,,?mode=210&amp;value=0)</onclick>
        </item>
		<item id="82">
          <visible>[!Skin.HasSetting(off82) | [Window.IsVisible(CustomHomeCustomizer.xml) + IsEmpty(Window(1117).Property(HideInactiveButtons))]] + [Skin.String(label82)]</visible>
		  <property name="id">&quot;82&quot;</property>
		  <property name="temp1">temp1_82]</property>
		  <property name="temp2">temp2_82]</property>
		  <property name="off">$INFO[Skin.HasSetting(off82)]</property>
		  <property name="sub">$INFO[Skin.HasSetting(sub82)]</property>
		  <property name="color">$INFO[Skin.String(color82)]</property>
		  <thumb fallback="DefaultAddon.png">$INFO[Skin.String(icon82)]</thumb>
		  <icon fallback=""></icon>
          <label>$INFO[Skin.String(label82)]</label>
		  <label2>$VAR[id82]</label2>
		  <onclick description="openSUB" condition="!Window.IsVisible(CustomHomeCustomizer.xml) + Skin.HasSetting(sub82)">ActivateWindow(1138)</onclick>
		  <onclick description="openButton" condition="!Window.IsVisible(CustomHomeCustomizer.xml) + !Skin.HasSetting(sub82)">$INFO[Skin.String(action82)]</onclick>
          <onclick description="editButton" condition="Window.IsVisible(CustomHomeCustomizer.xml) + !Window.IsVisible(CustomHomeCustomizer2.xml)">ActivateWindow(1175)</onclick>
		  <onclick description="moveButton" condition="Window.IsVisible(CustomHomeCustomizer2.xml)">RunScript(script.htpt.smartbuttons,,?mode=210&amp;value=0)</onclick>
        </item>
		<item id="83">
          <visible>[!Skin.HasSetting(off83) | [Window.IsVisible(CustomHomeCustomizer.xml) + IsEmpty(Window(1117).Property(HideInactiveButtons))]] + [Skin.String(label83)]</visible>
		  <property name="id">&quot;83&quot;</property>
		  <property name="temp1">temp1_83]</property>
		  <property name="temp2">temp2_83]</property>
		  <property name="off">$INFO[Skin.HasSetting(off83)]</property>
		  <property name="sub">$INFO[Skin.HasSetting(sub83)]</property>
		  <property name="color">$INFO[Skin.String(color83)]</property>
		  <thumb fallback="DefaultAddon.png">$INFO[Skin.String(icon83)]</thumb>
		  <icon fallback=""></icon>
          <label>$INFO[Skin.String(label83)]</label>
		  <label2>$VAR[id83]</label2>
		  <onclick description="openSUB" condition="!Window.IsVisible(CustomHomeCustomizer.xml) + Skin.HasSetting(sub83)">ActivateWindow(1138)</onclick>
		  <onclick description="openButton" condition="!Window.IsVisible(CustomHomeCustomizer.xml) + !Skin.HasSetting(sub83)">$INFO[Skin.String(action83)]</onclick>
          <onclick description="editButton" condition="Window.IsVisible(CustomHomeCustomizer.xml) + !Window.IsVisible(CustomHomeCustomizer2.xml)">ActivateWindow(1175)</onclick>
		  <onclick description="moveButton" condition="Window.IsVisible(CustomHomeCustomizer2.xml)">RunScript(script.htpt.smartbuttons,,?mode=210&amp;value=0)</onclick>
        </item>
		<item id="84">
          <visible>[!Skin.HasSetting(off84) | [Window.IsVisible(CustomHomeCustomizer.xml) + IsEmpty(Window(1117).Property(HideInactiveButtons))]] + [Skin.String(label84)]</visible>
		  <property name="id">&quot;84&quot;</property>
		  <property name="temp1">temp1_84]</property>
		  <property name="temp2">temp2_84]</property>
		  <property name="off">$INFO[Skin.HasSetting(off84)]</property>
		  <property name="sub">$INFO[Skin.HasSetting(sub84)]</property>
		  <property name="color">$INFO[Skin.String(color84)]</property>
		  <property name="weatherthumb">$INFO[Weather.Conditions]</property>
		  <property name="weathertemp">$INFO[Weather.Temperature]</property>
		  <property name="weatherlocation">$INFO[Weather.Location]</property>
		  <property name="weatherlabel">$LOCALIZE[400]</property>
		  <thumb fallback="DefaultAddon.png">$INFO[Skin.String(icon84)]</thumb>
		  <icon fallback=""></icon>
          <label>$INFO[Skin.String(label84)]</label>
		  <label2>$VAR[id84]</label2>
		  <onclick description="openSUB" condition="!Window.IsVisible(CustomHomeCustomizer.xml) + Skin.HasSetting(sub84)">ActivateWindow(1138)</onclick>
		  <onclick description="openButton" condition="!Window.IsVisible(CustomHomeCustomizer.xml) + !Skin.HasSetting(sub84)">$INFO[Skin.String(action84)]</onclick>
          <onclick description="editButton" condition="Window.IsVisible(CustomHomeCustomizer.xml) + !Window.IsVisible(CustomHomeCustomizer2.xml)">ActivateWindow(1175)</onclick>
		  <onclick description="moveButton" condition="Window.IsVisible(CustomHomeCustomizer2.xml)">RunScript(script.htpt.smartbuttons,,?mode=210&amp;value=0)</onclick>
        </item>
		<item id="85">
          <visible>[!Skin.HasSetting(off85) | [Window.IsVisible(CustomHomeCustomizer.xml) + IsEmpty(Window(1117).Property(HideInactiveButtons))]] + [Skin.String(label85)]</visible>
          <property name="id">&quot;85&quot;</property>
		  <property name="temp1">temp1_85]</property>
		  <property name="temp2">temp2_85]</property>
		  <property name="off">$INFO[Skin.HasSetting(off85)]</property>
		  <property name="sub">$INFO[Skin.HasSetting(sub85)]</property>
		  <property name="color">$INFO[Skin.String(color85)]</property>		  
		  <thumb fallback="DefaultAddon.png">$INFO[Skin.String(icon85)]</thumb>
		  <icon fallback=""></icon>
          <label>$INFO[Skin.String(label85)]</label>
		  <label2>$VAR[id85]</label2>
		  <onclick description="openSUB" condition="!Window.IsVisible(CustomHomeCustomizer.xml) + Skin.HasSetting(sub85)">ActivateWindow(1138)</onclick>
		  <onclick description="openButton" condition="!Window.IsVisible(CustomHomeCustomizer.xml) + !Skin.HasSetting(sub85)">$INFO[Skin.String(action85)]</onclick>
          <onclick description="editButton" condition="Window.IsVisible(CustomHomeCustomizer.xml) + !Window.IsVisible(CustomHomeCustomizer2.xml)">ActivateWindow(1175)</onclick>
		  <onclick description="moveButton" condition="Window.IsVisible(CustomHomeCustomizer2.xml)">RunScript(script.htpt.smartbuttons,,?mode=210&amp;value=0)</onclick>
        </item>
		<item id="86">
          <visible>[!Skin.HasSetting(off86) | [Window.IsVisible(CustomHomeCustomizer.xml) + IsEmpty(Window(1117).Property(HideInactiveButtons))]] + [Skin.String(label86)]</visible>
		  <property name="id">&quot;86&quot;</property>
		  <property name="temp1">temp1_86]</property>
		  <property name="temp2">temp2_86]</property>
		  <property name="off">$INFO[Skin.HasSetting(off86)]</property>
		  <property name="sub">$INFO[Skin.HasSetting(sub86)]</property>
          <thumb fallback="DefaultAddon.png">$INFO[Skin.String(icon86)]</thumb>
		  <icon fallback=""></icon>
          <label>$INFO[Skin.String(label86)]</label>
		  <label2>$VAR[id86]</label2>
		  <property name="color">$INFO[Skin.String(color86)]</property>
		  <onclick description="openSUB" condition="!Window.IsVisible(CustomHomeCustomizer.xml) + Skin.HasSetting(sub86)">ActivateWindow(1138)</onclick>
		  <onclick description="openButton" condition="!Window.IsVisible(CustomHomeCustomizer.xml) + !Skin.HasSetting(sub86)">$INFO[Skin.String(action86)]</onclick>
          <onclick description="editButton" condition="Window.IsVisible(CustomHomeCustomizer.xml) + !Window.IsVisible(CustomHomeCustomizer2.xml)">ActivateWindow(1175)</onclick>
		  <onclick description="moveButton" condition="Window.IsVisible(CustomHomeCustomizer2.xml)">RunScript(script.htpt.smartbuttons,,?mode=210&amp;value=0)</onclick>
        </item>
		<item id="87">
          <visible>[!Skin.HasSetting(off87) | [Window.IsVisible(CustomHomeCustomizer.xml) + IsEmpty(Window(1117).Property(HideInactiveButtons))]] + [Skin.String(label87)]</visible>
		  <property name="id">&quot;87&quot;</property>
		  <property name="temp1">temp1_87]</property>
		  <property name="temp2">temp2_87]</property>
		  <property name="off">$INFO[Skin.HasSetting(off87)]</property>
		  <property name="sub">$INFO[Skin.HasSetting(sub87)]</property>
		  <thumb fallback="DefaultAddon.png">$INFO[Skin.String(icon87)]</thumb>
		  <icon fallback=""></icon>
          <label>$INFO[Skin.String(label87)]</label>
		  <label2>$VAR[id87]</label2>
		  <property name="color">$INFO[Skin.String(color87)]</property>
		  <onclick description="openSUB" condition="!Window.IsVisible(CustomHomeCustomizer.xml) + Skin.HasSetting(sub87)">ActivateWindow(1138)</onclick>
		  <onclick description="openButton" condition="!Window.IsVisible(CustomHomeCustomizer.xml) + !Skin.HasSetting(sub87)">$INFO[Skin.String(action87)]</onclick>
          <onclick description="editButton" condition="Window.IsVisible(CustomHomeCustomizer.xml) + !Window.IsVisible(CustomHomeCustomizer2.xml)">ActivateWindow(1175)</onclick>
		  <onclick description="moveButton" condition="Window.IsVisible(CustomHomeCustomizer2.xml)">RunScript(script.htpt.smartbuttons,,?mode=210&amp;value=0)</onclick>
        </item>
		<item id="88">
          <visible>[!Skin.HasSetting(off88) | [Window.IsVisible(CustomHomeCustomizer.xml) + IsEmpty(Window(1117).Property(HideInactiveButtons))]] + [Skin.String(label88)]</visible>
		  <property name="id">&quot;88&quot;</property>
		  <property name="temp1">temp1_88]</property>
		  <property name="temp2">temp2_88]</property>
		  <property name="off">$INFO[Skin.HasSetting(off88)]</property>
		  <property name="sub">$INFO[Skin.HasSetting(sub88)]</property>
		  <thumb fallback="DefaultAddon.png">$INFO[Skin.String(icon88)]</thumb>
		  <icon fallback=""></icon>
          <label>$INFO[Skin.String(label88)]</label>
		  <label2>$VAR[id88]</label2>
		  <property name="color">$INFO[Skin.String(color88)]</property>
		  <onclick description="openSUB" condition="!Window.IsVisible(CustomHomeCustomizer.xml) + Skin.HasSetting(sub88)">ActivateWindow(1138)</onclick>
		  <onclick description="openButton" condition="!Window.IsVisible(CustomHomeCustomizer.xml) + !Skin.HasSetting(sub88)">$INFO[Skin.String(action88)]</onclick>
          <onclick description="editButton" condition="Window.IsVisible(CustomHomeCustomizer.xml) + !Window.IsVisible(CustomHomeCustomizer2.xml)">ActivateWindow(1175)</onclick>
		  <onclick description="moveButton" condition="Window.IsVisible(CustomHomeCustomizer2.xml)">RunScript(script.htpt.smartbuttons,,?mode=210&amp;value=0)</onclick>
        </item>
		<item id="89">
          <visible>[!Skin.HasSetting(off89) | [Window.IsVisible(CustomHomeCustomizer.xml) + IsEmpty(Window(1117).Property(HideInactiveButtons))]] + [Skin.String(label89)]</visible>
		  <property name="id">&quot;89&quot;</property>
		  <property name="temp1">temp1_89]</property>
		  <property name="temp2">temp2_89]</property>
		  <property name="off">$INFO[Skin.HasSetting(off89)]</property>
		  <property name="sub">$INFO[Skin.HasSetting(sub89)]</property>
          <property name="color">$INFO[Skin.String(color89)]</property>
		  <thumb fallback="DefaultAddon.png">$INFO[Skin.String(icon89)]</thumb>
		  <icon fallback=""></icon>
          <label>$INFO[Skin.String(label89)]</label>
		  <label2>$VAR[id89]</label2>
		  <onclick description="openSUB" condition="!Window.IsVisible(CustomHomeCustomizer.xml) + Skin.HasSetting(sub89)">ActivateWindow(1138)</onclick>
		  <onclick description="openButton" condition="!Window.IsVisible(CustomHomeCustomizer.xml) + !Skin.HasSetting(sub89)">$INFO[Skin.String(action89)]</onclick>
          <onclick description="editButton" condition="Window.IsVisible(CustomHomeCustomizer.xml) + !Window.IsVisible(CustomHomeCustomizer2.xml)">ActivateWindow(1175)</onclick>
		  <onclick description="moveButton" condition="Window.IsVisible(CustomHomeCustomizer2.xml)">RunScript(script.htpt.smartbuttons,,?mode=210&amp;value=0)</onclick>
        </item>
		<item id="90">
          <visible>[!Skin.HasSetting(off90) | [Window.IsVisible(CustomHomeCustomizer.xml) + IsEmpty(Window(1117).Property(HideInactiveButtons))]] + [Skin.String(label90)]</visible>
		  <property name="id">&quot;90&quot;</property>
		  <property name="temp1">temp1_90]</property>
		  <property name="temp2">temp2_90]</property>
		  <property name="off">$INFO[Skin.HasSetting(off90)]</property>
		  <property name="sub">$INFO[Skin.HasSetting(sub90)]</property>
		  <property name="color">$INFO[Skin.String(color90)]</property>
		  <thumb fallback="DefaultAddon.png">$INFO[Skin.String(icon90)]</thumb>
		  <icon fallback=""></icon>
          <label>$INFO[Skin.String(label90)]</label>
		  <label2>$VAR[id90]</label2>
		  <onclick description="openSUB" condition="!Window.IsVisible(CustomHomeCustomizer.xml) + Skin.HasSetting(sub90)">ActivateWindow(1138)</onclick>
		  <onclick description="openButton" condition="!Window.IsVisible(CustomHomeCustomizer.xml) + !Skin.HasSetting(sub90)">$INFO[Skin.String(action90)]</onclick>
          <onclick description="editButton" condition="Window.IsVisible(CustomHomeCustomizer.xml) + !Window.IsVisible(CustomHomeCustomizer2.xml)">ActivateWindow(1175)</onclick>
		  <onclick description="moveButton" condition="Window.IsVisible(CustomHomeCustomizer2.xml)">RunScript(script.htpt.smartbuttons,,?mode=210&amp;value=0)</onclick>
        </item>
		<item id="91">
		  <visible>[!Skin.HasSetting(off91) | [Window.IsVisible(CustomHomeCustomizer.xml) + IsEmpty(Window(1117).Property(HideInactiveButtons))]] + [Skin.String(label91)]</visible>
		  <property name="id">&quot;91&quot;</property>
		  <property name="temp1">temp1_91]</property>
		  <property name="temp2">temp2_91]</property>
		  <property name="off">$INFO[Skin.HasSetting(off91)]</property>
		  <property name="sub">$INFO[Skin.HasSetting(sub91)]</property>
          <property name="color">$INFO[Skin.String(color91)]</property>
		  <thumb fallback="DefaultAddon.png">$INFO[Skin.String(icon91)]</thumb>
		  <icon fallback=""></icon>
          <label>$INFO[Skin.String(label91)]</label>
		  <label2>$VAR[id91]</label2>
		  <onclick description="openSUB" condition="!Window.IsVisible(CustomHomeCustomizer.xml) + Skin.HasSetting(sub90)">ActivateWindow(1138)</onclick>
		  <onclick description="openButton" condition="!Window.IsVisible(CustomHomeCustomizer.xml) + !Skin.HasSetting(sub90)">$INFO[Skin.String(action91)]</onclick>
          <onclick description="editButton" condition="Window.IsVisible(CustomHomeCustomizer.xml) + !Window.IsVisible(CustomHomeCustomizer2.xml)">ActivateWindow(1175)</onclick>
		  <onclick description="moveButton" condition="Window.IsVisible(CustomHomeCustomizer2.xml)">RunScript(script.htpt.smartbuttons,,?mode=210&amp;value=0)</onclick>
        </item>
		<item id="92">
		  <visible>[!Skin.HasSetting(off92) | [Window.IsVisible(CustomHomeCustomizer.xml) + IsEmpty(Window(1117).Property(HideInactiveButtons))]] + [Skin.String(label92)]</visible>
		  <property name="id">&quot;92&quot;</property>
		  <property name="temp1">temp1_92]</property>
		  <property name="temp2">temp2_92]</property>
		  <property name="off">$INFO[Skin.HasSetting(off92)]</property>
		  <property name="sub">$INFO[Skin.HasSetting(sub92)]</property>
          <property name="color">$INFO[Skin.String(color92)]</property>
		  <thumb fallback="DefaultAddon.png">$INFO[Skin.String(icon92)]</thumb>
		  <icon fallback=""></icon>
          <label>$INFO[Skin.String(label92)]</label>
		  <label2>$VAR[id92]</label2>
		  <onclick description="openSUB" condition="!Window.IsVisible(CustomHomeCustomizer.xml) + Skin.HasSetting(sub90)">ActivateWindow(1138)</onclick>
		  <onclick description="openButton" condition="!Window.IsVisible(CustomHomeCustomizer.xml) + !Skin.HasSetting(sub90)">$INFO[Skin.String(action92)]</onclick>
          <onclick description="editButton" condition="Window.IsVisible(CustomHomeCustomizer.xml) + !Window.IsVisible(CustomHomeCustomizer2.xml)">ActivateWindow(1175)</onclick>
		  <onclick description="moveButton" condition="Window.IsVisible(CustomHomeCustomizer2.xml)">RunScript(script.htpt.smartbuttons,,?mode=210&amp;value=0)</onclick>
        </item>
		<item id="93">
		  <visible>[!Skin.HasSetting(off93) | [Window.IsVisible(CustomHomeCustomizer.xml) + IsEmpty(Window(1117).Property(HideInactiveButtons))]] + [Skin.String(label93)]</visible>
		  <property name="id">&quot;93&quot;</property>
		  <property name="temp1">temp1_93]</property>
		  <property name="temp2">temp2_93]</property>
		  <property name="off">$INFO[Skin.HasSetting(off93)]</property>
		  <property name="sub">$INFO[Skin.HasSetting(sub93)]</property>
          <property name="color">$INFO[Skin.String(color93)]</property>
		  <thumb fallback="DefaultAddon.png">$INFO[Skin.String(icon93)]</thumb>
		  <icon fallback=""></icon>
          <label>$INFO[Skin.String(label93)]</label>
		  <label2>$VAR[id93]</label2>
		  <onclick description="openSUB" condition="!Window.IsVisible(CustomHomeCustomizer.xml) + Skin.HasSetting(sub90)">ActivateWindow(1138)</onclick>
		  <onclick description="openButton" condition="!Window.IsVisible(CustomHomeCustomizer.xml) + !Skin.HasSetting(sub90)">$INFO[Skin.String(action93)]</onclick>
          <onclick description="editButton" condition="Window.IsVisible(CustomHomeCustomizer.xml) + !Window.IsVisible(CustomHomeCustomizer2.xml)">ActivateWindow(1175)</onclick>
		  <onclick description="moveButton" condition="Window.IsVisible(CustomHomeCustomizer2.xml)">RunScript(script.htpt.smartbuttons,,?mode=210&amp;value=0)</onclick>
        </item>
		<item id="94">
		  <visible>[!Skin.HasSetting(off94) | [Window.IsVisible(CustomHomeCustomizer.xml) + IsEmpty(Window(1117).Property(HideInactiveButtons))]] + [Skin.String(label94)]</visible>
		  <property name="id">&quot;94&quot;</property>
		  <property name="temp1">temp1_94]</property>
		  <property name="temp2">temp2_94]</property>
		  <property name="off">$INFO[Skin.HasSetting(off94)]</property>
		  <property name="sub">$INFO[Skin.HasSetting(sub94)]</property>
          <property name="color">$INFO[Skin.String(color94)]</property>
		  <thumb fallback="DefaultAddon.png">$INFO[Skin.String(icon94)]</thumb>
		  <icon fallback=""></icon>
          <label>$INFO[Skin.String(label94)]</label>
		  <label2>$VAR[id94]</label2>
		  <onclick description="openSUB" condition="!Window.IsVisible(CustomHomeCustomizer.xml) + Skin.HasSetting(sub90)">ActivateWindow(1138)</onclick>
		  <onclick description="openButton" condition="!Window.IsVisible(CustomHomeCustomizer.xml) + !Skin.HasSetting(sub90)">$INFO[Skin.String(action94)]</onclick>
          <onclick description="editButton" condition="Window.IsVisible(CustomHomeCustomizer.xml) + !Window.IsVisible(CustomHomeCustomizer2.xml)">ActivateWindow(1175)</onclick>
		  <onclick description="moveButton" condition="Window.IsVisible(CustomHomeCustomizer2.xml)">RunScript(script.htpt.smartbuttons,,?mode=210&amp;value=0)</onclick>
        </item>
		<item id="95">
		  <visible>[!Skin.HasSetting(off95) | [Window.IsVisible(CustomHomeCustomizer.xml) + IsEmpty(Window(1117).Property(HideInactiveButtons))]] + [Skin.String(label95)]</visible>
		  <property name="id">&quot;95&quot;</property>
		  <property name="temp1">temp1_95]</property>
		  <property name="temp2">temp2_95]</property>
		  <property name="off">$INFO[Skin.HasSetting(off95)]</property>
		  <property name="sub">$INFO[Skin.HasSetting(sub95)]</property>
          <property name="color">$INFO[Skin.String(color95)]</property>
		  <thumb fallback="DefaultAddon.png">$INFO[Skin.String(icon95)]</thumb>
		  <icon fallback=""></icon>
          <label>$INFO[Skin.String(label95)]</label>
		  <label2>$VAR[id95]</label2>
		  <onclick description="openSUB" condition="!Window.IsVisible(CustomHomeCustomizer.xml) + Skin.HasSetting(sub90)">ActivateWindow(1138)</onclick>
		  <onclick description="openButton" condition="!Window.IsVisible(CustomHomeCustomizer.xml) + !Skin.HasSetting(sub90)">$INFO[Skin.String(action95)]</onclick>
          <onclick description="editButton" condition="Window.IsVisible(CustomHomeCustomizer.xml) + !Window.IsVisible(CustomHomeCustomizer2.xml)">ActivateWindow(1175)</onclick>
		  <onclick description="moveButton" condition="Window.IsVisible(CustomHomeCustomizer2.xml)">RunScript(script.htpt.smartbuttons,,?mode=210&amp;value=0)</onclick>
        </item>
		<item id="96">
		  <visible>[!Skin.HasSetting(off96) | [Window.IsVisible(CustomHomeCustomizer.xml) + IsEmpty(Window(1117).Property(HideInactiveButtons))]] + [Skin.String(label96)]</visible>
		  <property name="id">&quot;96&quot;</property>
		  <property name="temp1">temp1_96]</property>
		  <property name="temp2">temp2_96]</property>
		  <property name="off">$INFO[Skin.HasSetting(off96)]</property>
		  <property name="sub">$INFO[Skin.HasSetting(sub96)]</property>
          <property name="color">$INFO[Skin.String(color96)]</property>
		  <thumb fallback="DefaultAddon.png">$INFO[Skin.String(icon96)]</thumb>
		  <icon fallback=""></icon>
          <label>$INFO[Skin.String(label96)]</label>
		  <label2>$VAR[id96]</label2>
		  <onclick description="openSUB" condition="!Window.IsVisible(CustomHomeCustomizer.xml) + Skin.HasSetting(sub90)">ActivateWindow(1138)</onclick>
		  <onclick description="openButton" condition="!Window.IsVisible(CustomHomeCustomizer.xml) + !Skin.HasSetting(sub90)">$INFO[Skin.String(action96)]</onclick>
          <onclick description="editButton" condition="Window.IsVisible(CustomHomeCustomizer.xml) + !Window.IsVisible(CustomHomeCustomizer2.xml)">ActivateWindow(1175)</onclick>
		  <onclick description="moveButton" condition="Window.IsVisible(CustomHomeCustomizer2.xml)">RunScript(script.htpt.smartbuttons,,?mode=210&amp;value=0)</onclick>
        </item>
		<item id="97">
		  <visible>[!Skin.HasSetting(off97) | [Window.IsVisible(CustomHomeCustomizer.xml) + IsEmpty(Window(1117).Property(HideInactiveButtons))]] + [Skin.String(label97)]</visible>
		  <property name="id">&quot;97&quot;</property>
		  <property name="temp1">temp1_97]</property>
		  <property name="temp2">temp2_97]</property>
		  <property name="off">$INFO[Skin.HasSetting(off97)]</property>
		  <property name="sub">$INFO[Skin.HasSetting(sub97)]</property>
          <property name="color">$INFO[Skin.String(color97)]</property>
		  <thumb fallback="DefaultAddon.png">$INFO[Skin.String(icon97)]</thumb>
		  <icon fallback=""></icon>
          <label>$INFO[Skin.String(label97)]</label>
		  <label2>$VAR[id97]</label2>
		  <onclick description="openSUB" condition="!Window.IsVisible(CustomHomeCustomizer.xml) + Skin.HasSetting(sub90)">ActivateWindow(1138)</onclick>
		  <onclick description="openButton" condition="!Window.IsVisible(CustomHomeCustomizer.xml) + !Skin.HasSetting(sub90)">$INFO[Skin.String(action97)]</onclick>
          <onclick description="editButton" condition="Window.IsVisible(CustomHomeCustomizer.xml) + !Window.IsVisible(CustomHomeCustomizer2.xml)">ActivateWindow(1175)</onclick>
		  <onclick description="moveButton" condition="Window.IsVisible(CustomHomeCustomizer2.xml)">RunScript(script.htpt.smartbuttons,,?mode=210&amp;value=0)</onclick>
        </item>
		<item id="98">
		  <visible>[!Skin.HasSetting(off98) | [Window.IsVisible(CustomHomeCustomizer.xml) + IsEmpty(Window(1117).Property(HideInactiveButtons))]] + [Skin.String(label98)]</visible>
		  <property name="id">&quot;98&quot;</property>
		  <property name="temp1">temp1_98]</property>
		  <property name="temp2">temp2_98]</property>
		  <property name="off">$INFO[Skin.HasSetting(off98)]</property>
		  <property name="sub">$INFO[Skin.HasSetting(sub98)]</property>
          <property name="color">$INFO[Skin.String(color98)]</property>
		  <thumb fallback="DefaultAddon.png">$INFO[Skin.String(icon98)]</thumb>
		  <icon fallback=""></icon>
          <label>$INFO[Skin.String(label98)]</label>
		  <label2>$VAR[id98]</label2>
		  <onclick description="openSUB" condition="!Window.IsVisible(CustomHomeCustomizer.xml) + Skin.HasSetting(sub90)">ActivateWindow(1138)</onclick>
		  <onclick description="openButton" condition="!Window.IsVisible(CustomHomeCustomizer.xml) + !Skin.HasSetting(sub90)">$INFO[Skin.String(action98)]</onclick>
          <onclick description="editButton" condition="Window.IsVisible(CustomHomeCustomizer.xml) + !Window.IsVisible(CustomHomeCustomizer2.xml)">ActivateWindow(1175)</onclick>
		  <onclick description="moveButton" condition="Window.IsVisible(CustomHomeCustomizer2.xml)">RunScript(script.htpt.smartbuttons,,?mode=210&amp;value=0)</onclick>
        </item>
		<item id="99">
		  <visible>[!Skin.HasSetting(off99) | [Window.IsVisible(CustomHomeCustomizer.xml) + IsEmpty(Window(1117).Property(HideInactiveButtons))]] + [Skin.String(label99)]</visible>
		  <property name="id">&quot;99&quot;</property>
		  <property name="temp1">temp1_99]</property>
		  <property name="temp2">temp2_99]</property>
		  <property name="off">$INFO[Skin.HasSetting(off99)]</property>
		  <property name="sub">$INFO[Skin.HasSetting(sub99)]</property>
          <property name="color">$INFO[Skin.String(color99)]</property>
		  <thumb fallback="DefaultAddon.png">$INFO[Skin.String(icon99)]</thumb>
		  <icon fallback=""></icon>
          <label>$INFO[Skin.String(label99)]</label>
		  <label2>$VAR[id99]</label2>
		  <onclick description="openSUB" condition="!Window.IsVisible(CustomHomeCustomizer.xml) + Skin.HasSetting(sub90)">ActivateWindow(1138)</onclick>
		  <onclick description="openButton" condition="!Window.IsVisible(CustomHomeCustomizer.xml) + !Skin.HasSetting(sub90)">$INFO[Skin.String(action99)]</onclick>
          <onclick description="editButton" condition="Window.IsVisible(CustomHomeCustomizer.xml) + !Window.IsVisible(CustomHomeCustomizer2.xml)">ActivateWindow(1175)</onclick>
		  <onclick description="moveButton" condition="Window.IsVisible(CustomHomeCustomizer2.xml)">RunScript(script.htpt.smartbuttons,,?mode=210&amp;value=0)</onclick>
        </item>
		<item id="100">
		  <visible>[!Skin.HasSetting(off100) | [Window.IsVisible(CustomHomeCustomizer.xml) + IsEmpty(Window(1117).Property(HideInactiveButtons))]] + [Skin.String(label100)]</visible>
          <property name="id">&quot;100&quot;</property>
		  <property name="temp1">temp1_100]</property>
		  <property name="temp2">temp2_100]</property>
		  <property name="off">$INFO[Skin.HasSetting(off100)]</property>
		  <property name="sub">$INFO[Skin.HasSetting(sub100)]</property>
		  <property name="color">$INFO[Skin.String(color100)]</property>
		  <thumb fallback="DefaultAddon.png">$INFO[Skin.String(icon100)]</thumb>
		  <icon fallback=""></icon>
		  <label>$INFO[Skin.String(label100)]</label>
		  <label2>$VAR[id100]</label2>
		  <onclick description="openSUB" condition="!Window.IsVisible(CustomHomeCustomizer.xml) + Skin.HasSetting(sub100)">ActivateWindow(1138)</onclick>
		  <onclick description="openButton" condition="!Window.IsVisible(CustomHomeCustomizer.xml) + !Skin.HasSetting(sub100)">$INFO[Skin.String(action100)]</onclick>
		  <onclick description="editButton" condition="Window.IsVisible(CustomHomeCustomizer.xml) + !Window.IsVisible(CustomHomeCustomizer2.xml)">ActivateWindow(1175)</onclick>
		  <onclick description="moveButton" condition="Window.IsVisible(CustomHomeCustomizer2.xml)">RunScript(script.htpt.smartbuttons,,?mode=210&amp;value=0)</onclick>
        </item>
		<item id="101">
		  <visible>[!Skin.HasSetting(off101) | [Window.IsVisible(CustomHomeCustomizer.xml) + IsEmpty(Window(1117).Property(HideInactiveButtons))]] + [Skin.String(label101)]</visible>
          <property name="id">&quot;101&quot;</property>
		  <property name="temp1">temp1_101]</property>
		  <property name="temp2">temp2_101]</property>
		  <property name="off">$INFO[Skin.HasSetting(off101)]</property>
		  <property name="sub">$INFO[Skin.HasSetting(sub101)]</property>
		  <property name="color">$INFO[Skin.String(color101)]</property>
		  <thumb fallback="DefaultAddon.png">$INFO[Skin.String(icon101)]</thumb>
		  <icon fallback=""></icon>
		  <label>$INFO[Skin.String(label101)]</label>
		  <label2>$VAR[id101]</label2>
		  <onclick description="openSUB" condition="!Window.IsVisible(CustomHomeCustomizer.xml) + Skin.HasSetting(sub101)">ActivateWindow(1138)</onclick>
		  <onclick description="openButton" condition="!Window.IsVisible(CustomHomeCustomizer.xml) + !Skin.HasSetting(sub101)">$INFO[Skin.String(action101)]</onclick>
		  <onclick description="editButton" condition="Window.IsVisible(CustomHomeCustomizer.xml) + !Window.IsVisible(CustomHomeCustomizer2.xml)">ActivateWindow(1175)</onclick>
		  <onclick description="moveButton" condition="Window.IsVisible(CustomHomeCustomizer2.xml)">RunScript(script.htpt.smartbuttons,,?mode=210&amp;value=0)</onclick>
        </item>
		<item id="102">
		  <visible>[!Skin.HasSetting(off102) | [Window.IsVisible(CustomHomeCustomizer.xml) + IsEmpty(Window(1117).Property(HideInactiveButtons))]] + [Skin.String(label102)]</visible>
          <property name="id">&quot;102&quot;</property>
		  <property name="temp1">temp1_102]</property>
		  <property name="temp2">temp2_102]</property>
		  <property name="off">$INFO[Skin.HasSetting(off102)]</property>
		  <property name="sub">$INFO[Skin.HasSetting(sub102)]</property>
		  <property name="color">$INFO[Skin.String(color102)]</property>
		  <thumb fallback="DefaultAddon.png">$INFO[Skin.String(icon102)]</thumb>
		  <icon fallback=""></icon>
		  <label>$INFO[Skin.String(label102)]</label>
		  <label2>$VAR[id102]</label2>
		  <onclick description="openSUB" condition="!Window.IsVisible(CustomHomeCustomizer.xml) + Skin.HasSetting(sub102)">ActivateWindow(1138)</onclick>
		  <onclick description="openButton" condition="!Window.IsVisible(CustomHomeCustomizer.xml) + !Skin.HasSetting(sub102)">$INFO[Skin.String(action102)]</onclick>
		  <onclick description="editButton" condition="Window.IsVisible(CustomHomeCustomizer.xml) + !Window.IsVisible(CustomHomeCustomizer2.xml)">ActivateWindow(1175)</onclick>
		  <onclick description="moveButton" condition="Window.IsVisible(CustomHomeCustomizer2.xml)">RunScript(script.htpt.smartbuttons,,?mode=210&amp;value=0)</onclick>
        </item>
		<item id="103">
		  <visible>[!Skin.HasSetting(off103) | [Window.IsVisible(CustomHomeCustomizer.xml) + IsEmpty(Window(1117).Property(HideInactiveButtons))]] + [Skin.String(label103)]</visible>
          <property name="id">&quot;103&quot;</property>
		  <property name="temp1">temp1_103]</property>
		  <property name="temp2">temp2_103]</property>
		  <property name="off">$INFO[Skin.HasSetting(off103)]</property>
		  <property name="sub">$INFO[Skin.HasSetting(sub103)]</property>
		  <property name="color">$INFO[Skin.String(color103)]</property>
		  <thumb fallback="DefaultAddon.png">$INFO[Skin.String(icon103)]</thumb>
		  <icon fallback=""></icon>
		  <label>$INFO[Skin.String(label103)]</label>
		  <label2>$VAR[id103]</label2>
		  <onclick description="openSUB" condition="!Window.IsVisible(CustomHomeCustomizer.xml) + Skin.HasSetting(sub103)">ActivateWindow(1138)</onclick>
		  <onclick description="openButton" condition="!Window.IsVisible(CustomHomeCustomizer.xml) + !Skin.HasSetting(sub103)">$INFO[Skin.String(action103)]</onclick>
		  <onclick description="editButton" condition="Window.IsVisible(CustomHomeCustomizer.xml) + !Window.IsVisible(CustomHomeCustomizer2.xml)">ActivateWindow(1175)</onclick>
		  <onclick description="moveButton" condition="Window.IsVisible(CustomHomeCustomizer2.xml)">RunScript(script.htpt.smartbuttons,,?mode=210&amp;value=0)</onclick>
        </item>
		<item id="104">
		  <visible>[!Skin.HasSetting(off104) | [Window.IsVisible(CustomHomeCustomizer.xml) + IsEmpty(Window(1117).Property(HideInactiveButtons))]] + [Skin.String(label104)]</visible>
          <property name="id">&quot;104&quot;</property>
		  <property name="temp1">temp1_104]</property>
		  <property name="temp2">temp2_104]</property>
		  <property name="off">$INFO[Skin.HasSetting(off104)]</property>
		  <property name="sub">$INFO[Skin.HasSetting(sub104)]</property>
		  <property name="color">$INFO[Skin.String(color104)]</property>
		  <thumb fallback="DefaultAddon.png">$INFO[Skin.String(icon104)]</thumb>
		  <icon fallback=""></icon>
		  <label>$INFO[Skin.String(label104)]</label>
		  <label2>$VAR[id104]</label2>
		  <onclick description="openSUB" condition="!Window.IsVisible(CustomHomeCustomizer.xml) + Skin.HasSetting(sub104)">ActivateWindow(1138)</onclick>
		  <onclick description="openButton" condition="!Window.IsVisible(CustomHomeCustomizer.xml) + !Skin.HasSetting(sub104)">$INFO[Skin.String(action104)]</onclick>
		  <onclick description="editButton" condition="Window.IsVisible(CustomHomeCustomizer.xml) + !Window.IsVisible(CustomHomeCustomizer2.xml)">ActivateWindow(1175)</onclick>
		  <onclick description="moveButton" condition="Window.IsVisible(CustomHomeCustomizer2.xml)">RunScript(script.htpt.smartbuttons,,?mode=210&amp;value=0)</onclick>
        </item>
		<item id="105">
		  <visible>[!Skin.HasSetting(off105) | [Window.IsVisible(CustomHomeCustomizer.xml) + IsEmpty(Window(1117).Property(HideInactiveButtons))]] + [Skin.String(label105)]</visible>
          <property name="id">&quot;105&quot;</property>
		  <property name="temp1">temp1_105]</property>
		  <property name="temp2">temp2_105]</property>
		  <property name="off">$INFO[Skin.HasSetting(off105)]</property>
		  <property name="sub">$INFO[Skin.HasSetting(sub105)]</property>
		  <property name="color">$INFO[Skin.String(color105)]</property>
		  <thumb fallback="DefaultAddon.png">$INFO[Skin.String(icon105)]</thumb>
		  <icon fallback=""></icon>
		  <label>$INFO[Skin.String(label105)]</label>
		  <label2>$VAR[id105]</label2>
		  <onclick description="openSUB" condition="!Window.IsVisible(CustomHomeCustomizer.xml) + Skin.HasSetting(sub105)">ActivateWindow(1138)</onclick>
		  <onclick description="openButton" condition="!Window.IsVisible(CustomHomeCustomizer.xml) + !Skin.HasSetting(sub105)">$INFO[Skin.String(action105)]</onclick>
		  <onclick description="editButton" condition="Window.IsVisible(CustomHomeCustomizer.xml) + !Window.IsVisible(CustomHomeCustomizer2.xml)">ActivateWindow(1175)</onclick>
		  <onclick description="moveButton" condition="Window.IsVisible(CustomHomeCustomizer2.xml)">RunScript(script.htpt.smartbuttons,,?mode=210&amp;value=0)</onclick>
        </item>
		<item id="106">
		  <visible>[!Skin.HasSetting(off106) | [Window.IsVisible(CustomHomeCustomizer.xml) + IsEmpty(Window(1117).Property(HideInactiveButtons))]] + [Skin.String(label106)]</visible>
          <property name="id">&quot;106&quot;</property>
		  <property name="temp1">temp1_106]</property>
		  <property name="temp2">temp2_106]</property>
		  <property name="off">$INFO[Skin.HasSetting(off106)]</property>
		  <property name="sub">$INFO[Skin.HasSetting(sub106)]</property>
		  <property name="color">$INFO[Skin.String(color106)]</property>
		  <thumb fallback="DefaultAddon.png">$INFO[Skin.String(icon106)]</thumb>
		  <icon fallback=""></icon>
		  <label>$INFO[Skin.String(label106)]</label>
		  <label2>$VAR[id106]</label2>
		  <onclick description="openSUB" condition="!Window.IsVisible(CustomHomeCustomizer.xml) + Skin.HasSetting(sub106)">ActivateWindow(1138)</onclick>
		  <onclick description="openButton" condition="!Window.IsVisible(CustomHomeCustomizer.xml) + !Skin.HasSetting(sub106)">$INFO[Skin.String(action106)]</onclick>
		  <onclick description="editButton" condition="Window.IsVisible(CustomHomeCustomizer.xml) + !Window.IsVisible(CustomHomeCustomizer2.xml)">ActivateWindow(1175)</onclick>
		  <onclick description="moveButton" condition="Window.IsVisible(CustomHomeCustomizer2.xml)">RunScript(script.htpt.smartbuttons,,?mode=210&amp;value=0)</onclick>
        </item>
		<item id="107">
		  <visible>[!Skin.HasSetting(off107) | [Window.IsVisible(CustomHomeCustomizer.xml) + IsEmpty(Window(1117).Property(HideInactiveButtons))]] + [Skin.String(label107)]</visible>
          <property name="id">&quot;107&quot;</property>
		  <property name="temp1">temp1_107]</property>
		  <property name="temp2">temp2_107]</property>
		  <property name="off">$INFO[Skin.HasSetting(off107)]</property>
		  <property name="sub">$INFO[Skin.HasSetting(sub107)]</property>
		  <property name="color">$INFO[Skin.String(color107)]</property>
		  <thumb fallback="DefaultAddon.png">$INFO[Skin.String(icon107)]</thumb>
		  <icon fallback=""></icon>
		  <label>$INFO[Skin.String(label107)]</label>
		  <label2>$VAR[id107]</label2>
		  <onclick description="openSUB" condition="!Window.IsVisible(CustomHomeCustomizer.xml) + Skin.HasSetting(sub107)">ActivateWindow(1138)</onclick>
		  <onclick description="openButton" condition="!Window.IsVisible(CustomHomeCustomizer.xml) + !Skin.HasSetting(sub107)">$INFO[Skin.String(action107)]</onclick>
		  <onclick description="editButton" condition="Window.IsVisible(CustomHomeCustomizer.xml) + !Window.IsVisible(CustomHomeCustomizer2.xml)">ActivateWindow(1175)</onclick>
		  <onclick description="moveButton" condition="Window.IsVisible(CustomHomeCustomizer2.xml)">RunScript(script.htpt.smartbuttons,,?mode=210&amp;value=0)</onclick>
        </item>
		<item id="108">
		  <visible>[!Skin.HasSetting(off108) | [Window.IsVisible(CustomHomeCustomizer.xml) + IsEmpty(Window(1117).Property(HideInactiveButtons))]] + [Skin.String(label108)]</visible>
          <property name="id">&quot;108&quot;</property>
		  <property name="temp1">temp1_108]</property>
		  <property name="temp2">temp2_108]</property>
		  <property name="off">$INFO[Skin.HasSetting(off108)]</property>
		  <property name="sub">$INFO[Skin.HasSetting(sub108)]</property>
		  <property name="color">$INFO[Skin.String(color108)]</property>
		  <thumb fallback="DefaultAddon.png">$INFO[Skin.String(icon108)]</thumb>
		  <icon fallback=""></icon>
		  <label>$INFO[Skin.String(label108)]</label>
		  <label2>$VAR[id108]</label2>
		  <onclick description="openSUB" condition="!Window.IsVisible(CustomHomeCustomizer.xml) + Skin.HasSetting(sub108)">ActivateWindow(1138)</onclick>
		  <onclick description="openButton" condition="!Window.IsVisible(CustomHomeCustomizer.xml) + !Skin.HasSetting(sub108)">$INFO[Skin.String(action108)]</onclick>
		  <onclick description="editButton" condition="Window.IsVisible(CustomHomeCustomizer.xml) + !Window.IsVisible(CustomHomeCustomizer2.xml)">ActivateWindow(1175)</onclick>
		  <onclick description="moveButton" condition="Window.IsVisible(CustomHomeCustomizer2.xml)">RunScript(script.htpt.smartbuttons,,?mode=210&amp;value=0)</onclick>
        </item>
		<item id="109">
		  <visible>[!Skin.HasSetting(off109) | [Window.IsVisible(CustomHomeCustomizer.xml) + IsEmpty(Window(1117).Property(HideInactiveButtons))]] + [Skin.String(label109)]</visible>
          <property name="id">&quot;109&quot;</property>
		  <property name="temp1">temp1_109]</property>
		  <property name="temp2">temp2_109]</property>
		  <property name="off">$INFO[Skin.HasSetting(off109)]</property>
		  <property name="sub">$INFO[Skin.HasSetting(sub109)]</property>
		  <property name="color">$INFO[Skin.String(color109)]</property>
		  <thumb fallback="DefaultAddon.png">$INFO[Skin.String(icon109)]</thumb>
		  <icon fallback=""></icon>
		  <label>$INFO[Skin.String(label109)]</label>
		  <label2>$VAR[id109]</label2>
		  <onclick description="openSUB" condition="!Window.IsVisible(CustomHomeCustomizer.xml) + Skin.HasSetting(sub109)">ActivateWindow(1138)</onclick>
		  <onclick description="openButton" condition="!Window.IsVisible(CustomHomeCustomizer.xml) + !Skin.HasSetting(sub109)">$INFO[Skin.String(action109)]</onclick>
		  <onclick description="editButton" condition="Window.IsVisible(CustomHomeCustomizer.xml) + !Window.IsVisible(CustomHomeCustomizer2.xml)">ActivateWindow(1175)</onclick>
		  <onclick description="moveButton" condition="Window.IsVisible(CustomHomeCustomizer2.xml)">RunScript(script.htpt.smartbuttons,,?mode=210&amp;value=0)</onclick>
        </item>
		
		<item id="1000">
          <visible>Skin.HasSetting(Admin) + !Skin.HasSetting(Admin2) + Window.IsVisible(Home.xml)</visible>
          <thumb>icons/caa2.png</thumb>
          <label>Test</label>
		  <onclick description="openButton" condition="Window.IsVisible(Home.xml)">RunScript(script.htpt.smartbuttons,,?mode=0)</onclick>
		</item>
		
		<item id="1001">
          <visible>Window.IsVisible(Home.xml) + !IntegerGreaterThan(Container(9000).NumItems,7) + [!Skin.String(label98) | !Skin.String(label99)]</visible>
          <thumb>icons/magicwand.png</thumb>
          <label>REFRESH BUTTONS</label>
		  <onclick description="openButton" condition="Window.IsVisible(Home.xml)">RunScript(script.htpt.smartbuttons,,?mode=40&amp;value=0)</onclick>
		</item>
		
		<item id="980">
          <visible>Window.IsVisible(Home.xml) + !IntegerGreaterThan(Container(9000).NumItems,7) + !Skin.String(label98)</visible>
          <thumb>icons/settings.png</thumb>
          <label>5</label>
		  <onclick description="openButton" condition="Window.IsVisible(Home.xml)">ActivateWindow(Settings.xml)</onclick>
		</item>
		
		<item id="990">
          <visible>Window.IsVisible(Home.xml) + !IntegerGreaterThan(Container(9000).NumItems,7) + !Skin.String(label99)</visible>
          <thumb>icons/power.png</thumb>
          <label>13005</label>
		  <onclick description="openButton" condition="Window.IsVisible(Home.xml)">ActivateWindow(1191)</onclick>
		</item>
  </include> 
  
  <include name="Content_TopButtons">
	
	  <control type="button" id="9090" description="ו'ידגט סרטים/סדרות">
		  <include>Fade_TopVideoInformationOverlay</include>
		  <width>350</width>
		  <include condition="!Skin.String(TopVideoInformationColor,None)">ButtonC10</include>
		  <include condition="Skin.String(TopVideoInformationColor,None)">ButtonC10_</include>
		  <label>$VAR[Button9090]</label>
		  <onclick condition="Control.IsVisible(311)">Skin.ToggleSetting(MoviesShelfWL)</onclick>
		  <onclick condition="Control.IsVisible(311)">ActivateWindow(Videos,MovieTitles)</onclick>
		  
		  <onclick condition="Control.IsVisible(312)">Skin.ToggleSetting(TVShelf_Watchlist)</onclick>
		  <onclick condition="Control.IsVisible(312)">ActivateWindow(Videos,TVShowTitles)</onclick>
		  
		  <onclick>ReplaceWindow(0)</onclick>
		  <onclick>Control.SetFocus(9000)</onclick>
		  <onclick>AlarmClock(1,Control.SetFocus(9090),00:01,silent)</onclick>
		  
		  <visible>[Control.IsVisible(311) + Library.HasContent(Movies)] | [Control.IsVisible(312) + Library.HasContent(TVShows)]</visible>
		  <visible>Window.IsVisible(Home.xml)</visible>
	  </control>
	  <control type="button" id="9091" description="קדימונים/סרטים">
		  <include>Fade_TopVideoInformationOverlay</include>
		  <width>150</width>
		  <include condition="!Skin.String(TopVideoInformationColor,None)">ButtonC10</include>
		  <include condition="Skin.String(TopVideoInformationColor,None)">ButtonC10_</include>
		  <label>$VAR[Button9091]</label>	  
		  <posx>-10</posx>
		  <onclick condition="!Skin.HasSetting(trailers)">Skin.ToggleSetting(trailers)</onclick>
		  <onclick condition="Skin.HasSetting(trailers)">Skin.ToggleSetting(trailers)</onclick>>
		  <visible>Control.IsVisible(311) + Control.IsVisible(9090)</visible>
		  <visible>Window.IsVisible(Home.xml)</visible>
	  </control>
	  <control type="button" id="9092" description="רענן">
		  <include>Fade_TopVideoInformationOverlay</include>
		  <width>150</width>
		  <include condition="!Skin.String(TopVideoInformationColor,None)">ButtonC10</include>
		  <include condition="Skin.String(TopVideoInformationColor,None)">ButtonC10_</include>
		  <label>$LOCALIZE[184]</label>
		  <onclick condition="Skin.HasSetting(Admin)">RunPlugin(plugin://plugin.video.genesis/?action=library_service)</onclick>
		  <onclick condition="Skin.HasSetting(Admin)">RunPlugin(plugin://plugin.video.genesis/?action=indicator_service)</onclick>
		  <onclick>RunScript(script.htpt.refresh,,?mode=3)</onclick>
		  <posx>-10</posx>
		  <visible>Control.IsVisible(312) + Control.IsVisible(9090)</visible>
		  <visible>Window.IsVisible(Home.xml)</visible>
	  </control>
	  <control type="button" id="9093" description="ניגון ידני/אוטומטי">
		  <include>Fade_TopVideoInformationOverlay</include>
		  <width>140</width>
		  <include condition="!Skin.String(TopVideoInformationColor,None)">ButtonC10</include>
		  <include condition="Skin.String(TopVideoInformationColor,None)">ButtonC10_</include>
		  <label>$VAR[Button9093]</label>
		  <onclick>RunScript(script.htpt.refresh,,?mode=2)</onclick>
		  <posx>-10</posx>
		  <visible>Control.IsVisible(9090)</visible>
		  <visible>Window.IsVisible(Home.xml)</visible>
	  </control>
	  <control type="button" id="9094" description="נגן קדימונים אקראיים">
		  <include>Fade_TopVideoInformationOverlay</include>
		  <width min="250" max="310">auto</width>
		  <include condition="!Skin.String(TopVideoInformationColor,None)">ButtonC10</include>
		  <include condition="Skin.String(TopVideoInformationColor,None)">ButtonC10_</include>
		  <label>$LOCALIZE[79089]</label>
		  <onclick>RunScript(script.htpt.smartbuttons,,?mode=506&amp;value=103)</onclick>
		  <posx>-10</posx>
		  <visible>Control.IsVisible(9090)</visible>
		  <visible>Window.IsVisible(Home.xml)</visible>
	  </control>

	  <control type="radiobutton" id="9100" description="עיצוב מעטפת">
	    <include>Fade_TopVideoInformationOverlay</include>
		<include condition="!Skin.String(TopVideoInformationColor,None)">ButtonC10</include>
		<include condition="Skin.String(TopVideoInformationColor,None)">ButtonC10_</include>
		<label>$LOCALIZE[76196]</label>
		<onclick>Action(Down)</onclick>
		<onclick>ActivateWindow(1173)</onclick>
		<selected>Window.IsVisible(1173)</selected>
		<visible>Window.IsVisible(CustomHomeCustomizer.xml)</visible>
	  </control>
	  
	  <control type="radiobutton" id="9103" description="הגדרות מעטפת">
	    <include>Fade_TopVideoInformationOverlay</include>
		<include condition="!Skin.String(TopVideoInformationColor,None)">ButtonC10</include>
		<include condition="Skin.String(TopVideoInformationColor,None)">ButtonC10_</include>
		<label>$LOCALIZE[20077]</label>
		<onclick>ActivateWindow(SkinSettings.xml)</onclick>
		<visible>Window.IsVisible(CustomHomeCustomizer.xml)</visible>
	  </control>
	  
	  <control type="radiobutton" id="9101" description="הסתר כפתורים לא פעילים">
		<include>Fade_TopVideoInformationOverlay</include>
		<width>370</width>
		<include condition="!Skin.String(TopVideoInformationColor,None)">ButtonC10</include>
		<include condition="Skin.String(TopVideoInformationColor,None)">ButtonC10_</include>
		<label>$LOCALIZE[74480]</label>
		<onclick condition="IsEmpty(Window(1117).Property(HideInactiveButtons))">SetProperty(HideInactiveButtons,true,1117)</onclick>
		<onclick condition="!IsEmpty(Window(1117).Property(HideInactiveButtons))">ClearProperty(HideInactiveButtons,1117)</onclick>
		<selected>!IsEmpty(Window(1117).Property(HideInactiveButtons))</selected>
		<visible>Window.IsVisible(CustomHomeCustomizer.xml)</visible>
	  </control>
	  
	  <control type="button" id="9102" description="גוון">
		<include>Fade_TopVideoInformationOverlay</include>
		<include condition="!Skin.String(TopVideoInformationColor,None)">ButtonC10</include>
		<include condition="Skin.String(TopVideoInformationColor,None)">ButtonC10_</include>
		<label>$LOCALIZE[79042]: $INFO[Skin.String(MenuColor.name)]</label>
		<onclick>SetProperty(TEMP,MenuColor,home)</onclick>
		<onclick condition="System.HasAddon(script.skin.helper.service)">RunScript(script.skin.helper.service,action=colorpicker,skinstring=MenuColor)</onclick>
		<onclick condition="!System.HasAddon(script.skin.helper.service)">RunScript(script.htpt.smartbuttons,,?mode=231&amp;value=script.skin.helper.service)</onclick>
		<!--<onclick condition="!Player.HasVideo">Skin.Theme(-1)</onclick>
		<onclick condition="!Player.HasVideo">AlarmClock(setfocus,Control.SetFocus(100,1),00:00,silent)</onclick>
		<onclick condition="!Player.HasVideo">AlarmClock(setfocus2,Action(Down),00:01,silent)</onclick>
		<onclick condition="!Player.HasVideo">AlarmClock(setfocus3,Action(Down),00:01,silent)</onclick>
		<onclick condition="Player.HasVideo">Notification($LOCALIZE[257],$LOCALIZE[70100],2000)</onclick>-->
		<visible>Window.IsVisible(CustomHomeCustomizer.xml)</visible>
	  </control>

	  <control type="radiobutton" id="9109" description="TEST">
		<include>Fade_TopVideoInformationOverlay</include>
		<onleft>520</onleft>
		<include condition="!Skin.String(TopVideoInformationColor,None)">ButtonC10</include>
		<include condition="Skin.String(TopVideoInformationColor,None)">ButtonC10_</include>
		<label>$INFO[Window(Home).Property(SkinHelper.ListItemDuration)]</label>
		<!--<onclick>RunScript(script.skinshortcuts,type=manage&amp;group=mainmenu)</onclick>-->
		<onclick>RunScript(script.skinshortcuts,type=shortcuts&amp;group=mainmenu)</onclick>
		<selected>Window.IsVisible(1173)</selected>
		<visible>[Container(9000).Row(0) | Container(9000).Row(1)] + !Container(9000).HasPrevious()</visible>
		<visible>Skin.HasSetting(Admin) + !Skin.HasSetting(Admin2) + Skin.HasSetting(Admin3)</visible>
		<visible>Window.IsVisible(CustomHomeCustomizer.xml)</visible>
	  </control>
	  
	  <control type="button" description="חלון פתיחה">
		<include>Fade_TopVideoInformationOverlay</include>
		<width>310</width>
		<include condition="!Skin.String(TopVideoInformationColor,None)">ButtonC10</include>
		<include condition="Skin.String(TopVideoInformationColor,None)">ButtonC10_</include>
		<label>$VAR[Button712]</label>
		<enable>noop</enable>
		<onclick>noop</onclick>
		<visible>Container(9000).HasFocus(77) | Container(9000).HasFocus(78)</visible>
		<visible>Window.IsVisible(CustomHomeCustomizer.xml)</visible>
	  </control>
  </include>
</includes>
