<?xml version="1.0" encoding="UTF-8"?>
<window>
  <defaultcontrol>10</defaultcontrol>
  <allowoverlay>no</allowoverlay>
  <views>10</views>
  <onload condition="[[!StringCompare(Skin.String(MAC),Skin.String(MAC1)) + !StringCompare(Skin.String(MAC),Skin.String(MAC2))] | [!StringCompare(Control.GetLabel(700100),NONE) + !StringCompare(Control.GetLabel(700100),7000)]]">RunScript(script.htpt.homebuttons)</onload>
  <controls>
    <control type="label" id="29">
      <description>Empty so we can pass the values up one level</description>
      <visible>False</visible>
    </control>
    <control type="label" id="30">
      <description>Empty so we can pass the values up one level</description>
      <visible>False</visible>
    </control>
    <control type="group" id="50">
      <include description="10">EPGTimelineView</include>
      <include description="11 (15)">LiveTVGuideNowNextView</include>
	  <include description="12 (15)">LiveTVGuideNowNextView</include>
	  <include description="13 (14)">LiveTVGuideChannelView</include>
    </control>
	<include>AdditionalInformation</include>
	<!--<include condition="!Control.IsVisible(12)">LeftMenuMyPVR</include>-->
	<include>MenuDesign_Left</include>
    <include>TopInformation</include>
  </controls>
</window>
