<?xml version="1.0" encoding="UTF-8" standalone="yes"?>
<addon id="script.htpt.install" name="HTPT Install" version="0.0.23" provider-name="finalmakerr">
  <requires>
    <import addon="xbmc.python" version="2.1.0"/>
  </requires>
  <extension point="xbmc.python.pluginsource" library="default.py">
    <provides>video executable</provides>
  </extension>
  <extension point="xbmc.addon.metadata">
    <language>he en</language>
	<platform>all</platform>
    <summary lang="en">HTPT Full installation</summary>
    <description>[B]INSTALL YOUR HTPT SYSTEM IN ONE CLICK![/B][CR][CR][B]REQUIREMENT:[/B][CR]- OpenELEC or Windows OS.[CR]- 400MB Free Space.[CR]- 1GB Memory RAM.</description>
    <disclaimer>OFFICIAL HTPT INSTALLATION</disclaimer>
	<email>infohtpt@gmail.com</email>
	<forum>http://www.hometheater.co.il/vp2318721#2318721</forum>
	<source>https://github.com/htpthtpt/htpt/tree/master/script.htpt.install</source>
	<website>https://www.facebook.com/pages/HTPT/934744346549707</website>
  </extension>
</addon>
