<?xml version="1.0" encoding="UTF-8"?>
<window type="dialog" id="1118" description="הרחבות">
  <defaultcontrol always="true">699</defaultcontrol>
  <controls>
    <include>Fade5</include>    
	<control type="group" description="Side menu 9000 group">
      <posx>720</posx>
      <posy>310</posy>
      <visible allowhiddenfocus="false">true</visible>
      <control type="image" description="מסגרת">
        <height>480</height>
        <texture border="40">buttons/ButtonE2.png</texture>
		<width>480</width>
      </control>
	  <control type="grouplist" id="9000">
	    <onright>Close</onright>
		<onleft>Close</onleft>
		<onright>ActivateWindow(1120)</onright>
		<onleft>ActivateWindow(1120)</onleft>
		<onup>9000</onup>
		<ondown>9000</ondown>
		<control type="button" id="697" description="חזור">		  
          <label>--></label>
          <onclick>Close</onclick>
		  <onclick>ActivateWindow(1120)</onclick>
        </control>
        <control type="button" id="699" description="הרחבות וידאו">
          <label>1037</label>
          <onclick>Close</onclick>
          <onclick>ActivateWindow(Videos,Addons)</onclick>
        </control>
        <control type="button" id="694" description="הרחבות מוזיקה">
          <label>1038</label>
          <onclick>Close</onclick>
          <onclick>ActivateWindow(Music,Addons)</onclick>
        </control>
        <control type="button" id="702" description="תוכנות">
          <label>$LOCALIZE[350]</label>
          <onclick>Close</onclick>
          <onclick>ActivateWindow(10001,&quot;addons://sources/executable/&quot;,return)</onclick>
        </control>
        <control type="button" id="701" description="מנהל הרחבות">
          <label>$LOCALIZE[79040]</label>
          <onclick>Close</onclick>
          <onclick>ActivateWindow(AddonBrowser,root)</onclick>
        </control>
      </control>
    </control>
  </controls>
</window>
