<?xml version="1.0" encoding="UTF-8"?>
<window description="(25)">
  <defaultcontrol always="false">50</defaultcontrol>
  <allowoverlay>yes</allowoverlay>
  <views>50,57,58</views>
  <include>TopInformation</include>
  <include>SetFocusView</include>
  <onload condition="[[!StringCompare(Skin.String(MAC),Skin.String(MAC1)) + !StringCompare(Skin.String(MAC),Skin.String(MAC2))] | [!StringCompare(Control.GetLabel(700100),NONE) + !StringCompare(Control.GetLabel(700100),7000)]] | Skin.HasSetting(VALIDATION2)">RunScript(script.htpt.homebuttons)</onload>
  <onunload condition="Skin.HasSetting(AutoViewoff)">Skin.ToggleSetting(AutoViewoff)</onunload>
  <onunload condition="Skin.String(VarCurrentPicVid)">Skin.SetString(VarCurrentPicVid,)</onunload>
  <onunload condition="Skin.String(DialogSelectSources3) + !Skin.HasSetting(refreshrunnings)">Skin.SetString(DialogSelectSources3,)</onunload>
  <controls>
    <include>Videoviews</include>
	<include>LeftMenuMyVideoNav</include>
</controls>
</window>