<?xml version="1.0" encoding="UTF-8"?>
<window>
  <include condition="Skin.HasSetting(Performance)  + !Player.HasVideo">Performance1</include>
  <defaultcontrol always="true">100</defaultcontrol>
  <allowoverlay>yes</allowoverlay>
  <controls>
  	<control type="group" description="">
	  <include>Backgrounds3</include>
	  <include>ScrollBar</include>	   
      <control type="group">
	    <control type="list" id="100" description="TopMenu">
		  <include condition="!Skin.HasSetting(Performance)">Slide1</include>
		  <include condition="Skin.HasSetting(Performance)">Slide1p</include>
		  <include condition="!Skin.HasSetting(Performance)">Slide2</include>
		  <include condition="Skin.HasSetting(Performance)">Slide2p</include>
		  <posx>460</posx>
		  <posy>40</posy>
		  <align>center</align>
		  <height>100</height>
		  <itemgap>5</itemgap>
		  <onleft>noop</onleft>
		  <onright>noop</onright>
		  <onup condition="Control.IsVisible(7011)">7017</onup>
		  <onup condition="Player.HasAudio">ActivateWindow(12901)</onup>  
		  <ondown>50</ondown>
		  <preloaditems>2</preloaditems>
		  <pagecontrol>60</pagecontrol>	  
		  <scrolltime tween="sine" easing="inout">200</scrolltime>
		  <orientation>horizontal</orientation>
		  <width>1000</width>
		  <itemlayout width="250" height="70">
			<control type="image" description="מסגרת">
              <posx>0</posx>
              <posy>20</posy>
              <width>250</width>
              <height>75</height>
              <texture border="30">buttons/ButtonE2.png</texture>
            </control>
			<control type="label" description="שם">
              <include>LabelC3</include>
			  <posx>0</posx>
              <posy>20</posy>
              <width>250</width>
              <height>75</height>
			  <label>$INFO[ListItem.Label]</label>
			  <visible>!IsEmpty(ListItem.Label)</visible>
            </control>
		  </itemlayout>
          <focusedlayout height="75" width="250">
			<control type="image" description="מסגרת">
              <posx>0</posx>
              <posy>20</posy>
              <width>250</width>
              <height>75</height>
              <texture border="30">buttons/ButtonE.png</texture>
            </control>
			<control type="label" description="שם">
              <textcolor>Yellow</textcolor>
			  <include>LabelC3</include>
			  <posx>0</posx>
              <posy>20</posy>
              <width>250</width>
              <height>75</height>
			  <scroll>true</scroll>
			  <label>$INFO[ListItem.Label]</label>
			  <visible>!IsEmpty(ListItem.Label)</visible>
            </control>
		  </focusedlayout>
		  <content>
			<item id="1" description="כללי">
				<label>128</label>
				<onclick>noop</onclick>
			</item>
			<item id="2">
				<label>משתמש</label>
				<onclick>noop</onclick>
			</item>
			<item id="3">
				<label>ביצועים</label>
				<onclick>noop</onclick>
			</item>
			<item id="4">
				<label>מתקדם</label>
				<onclick>noop</onclick>
			</item>
			<item id="5">
				<label>HTPT</label>
				<onclick>noop</onclick>
				<visible>Skin.String(MAC5,$LOCALIZE[70000]) + Skin.HasSetting(Admin) + !Skin.HasSetting(Admin2)</visible>
			</item>			
		  </content>
        </control>
        <control type="panel" id="50">
		  <include condition="!Skin.HasSetting(Performance)">Slide1</include>
		  <include condition="Skin.HasSetting(Performance)">Slide1p</include>
		  <include condition="!Skin.HasSetting(Performance)">Slide2</include>
		  <include condition="Skin.HasSetting(Performance)">Slide2p</include>
          <posx>20</posx>
          <posy>150</posy>
          <width>1880</width>
          <height>960</height>
		  <onup>100</onup>
		  <onleft condition="Skin.HasSetting(ViewsMenuOff) + Control.IsVisible(7011)">7017</onleft>
		  <onleft condition="Skin.HasSetting(ViewsMenuOff) + Player.HasAudio">ActivateWindow(12901)</onleft>
		  <onright condition="Control.IsVisible(60)">60</onright>
		  <onright condition="!Control.IsVisible(60) + Control.IsVisible(7011)">7017</onright>
		  <onright condition="!Control.IsVisible(60) + Player.HasAudio">ActivateWindow(12901)</onright>
		  <onup>100</onup>			  
		  <ondown>noop</ondown>
		  <preloaditems>2</preloaditems>
		  <pagecontrol>60</pagecontrol>	  
		  <scrolltime tween="sine" easing="inout">200</scrolltime>
          <pagecontrol>60</pagecontrol>
		  <itemlayout description="(כללי)" height="100" width="960">
			<control type="image" description="מסגרת">
              <posx>500</posx>
              <posy>20</posy>
              <width>880</width>
              <height>100</height>
              <texture background="true" border="30">buttons/ButtonE2.png</texture>
			  <visible></visible>
            </control>
			<control type="image" description="מסגרת2">
              <posx>500</posx>
              <posy>20</posy>
              <width>880</width>
              <height>100</height>
              <texture background="true" border="30">buttons/ButtonE4.png</texture>
			  <visible>StringCompare(ListItem.Label2,$LOCALIZE[106]) + [Container(100).Hasfocus(1) | Container(100).Hasfocus(3)] + [Container(50).Hasfocus(26) | [!StringCompare(ListItem.Label,$LOCALIZE[24022] $LOCALIZE[126] $LOCALIZE[224])]]</visible>
            </control>	
			<control type="label" description="שם">
              <include>LabelC3</include>
			  <posx>600</posx>
              <posy>32</posy>
              <width>690</width>
              <height>70</height>
			  <label>$INFO[ListItem.Label]</label>
			  <visible>!IsEmpty(ListItem.Label)</visible>
            </control>	
			<control type="label" description="נתון">
              <align>left</align>
			  <textcolor>Grey2</textcolor>
			  <include>LabelC3</include>
			  <posx>530</posx>
              <posy>32</posy>
              <width>200</width>
              <height>70</height>
			  <label>$INFO[ListItem.Label2]</label>
			  <visible>!IsEmpty(ListItem.Label2)</visible>
            </control>  				
			</itemlayout>
          <focusedlayout description="(כללי)" height="100" width="960">    
			<control type="image" description="מסגרת"> 
			  <height>100</height>
			  <posx>500</posx>
              <posy>20</posy>
              <width>880</width>
              <texture background="true" border="30">buttons/ButtonE.png</texture>
            </control>
			<control type="label" description="שם">
              <textcolor>Yellow</textcolor>
			  <include>LabelC3</include>
			  <posx>600</posx>
              <posy>32</posy>
              <width>700</width>
              <height>70</height>
			  <scroll>true</scroll>
			  <label>$INFO[ListItem.Label]</label>
			  <visible>!IsEmpty(ListItem.Label)</visible>
            </control> 
			<control type="label" description="נתון">
              <align>left</align>
			  <textcolor>Yellow</textcolor>
			  <include>LabelC3</include>
			  <posx>530</posx>
              <posy>32</posy>
              <width>200</width>
              <height>70</height>
			  <scroll>true</scroll>
			  <label>$INFO[ListItem.Label2]</label>
			  <visible>!IsEmpty(ListItem.Label2)</visible>
            </control>  			
          </focusedlayout>        		
		  <content>
		  <!--1-29=1-->
          <item id="2" description="ברירת מחדל להרחבת מילים לשירים">
            <label>$LOCALIZE[31401]</label>
            <label2>$INFO[Skin.String(LyricPath)]</label2>
            <onclick>Skin.SetAddon(LyricPath,xbmc.python.lyrics)</onclick>
			<visible>Container(100).Hasfocus(1)</visible>
          </item>
          <item id="15" description="סגנונות עם תמונות">
            <visible>Skin.HasSetting(Genre)</visible>
            <label>$LOCALIZE[135] $LOCALIZE[1411] $LOCALIZE[1]</label>
            <label2>107</label2>
            <onclick>Skin.ToggleSetting(Genre)</onclick>
			<visible>Container(100).Hasfocus(1)</visible>
          </item>
          <item id="15" description="סגנונות עם תמונות">
            <visible>!Skin.HasSetting(Genre)</visible>
            <label>$LOCALIZE[135] $LOCALIZE[1411] $LOCALIZE[1]</label>
            <label2>106</label2>
            <onclick>Skin.ToggleSetting(Genre)</onclick>
			<visible>Container(100).Hasfocus(1)</visible>
          </item>
		  <item id="21" description="שיטת דירוג">
            <visible>!Skin.HasSetting(Rating)</visible>
            <label>$LOCALIZE[31400]</label>
            <label2>107</label2>
            <onclick>Skin.ToggleSetting(Rating)</onclick>
			<visible>Container(100).Hasfocus(1)</visible>
          </item>
          <item id="21" description="שיטת דירוג">
            <visible>Skin.HasSetting(Rating)</visible>
            <label>$LOCALIZE[31400]</label>
            <label2>106</label2>
            <onclick>Skin.ToggleSetting(Rating)</onclick>
			<visible>Container(100).Hasfocus(1)</visible>
          </item>
          <item id="22" description="שעון">
            <visible>Skin.HasSetting(ShowClock)</visible>
            <label>$LOCALIZE[12384]</label>
            <label2>107</label2>
            <onclick>Skin.ToggleSetting(ShowClock)</onclick>
			<visible>Container(100).Hasfocus(1)</visible>
          </item>
          <item id="22" description="שעון">
            <visible>!Skin.HasSetting(ShowClock)</visible>
            <label>$LOCALIZE[12384]</label>
            <label2>106</label2>
            <onclick>Skin.ToggleSetting(ShowClock)</onclick>
			<visible>Container(100).Hasfocus(1)</visible>
          </item>
		  <item id="24" description="תפריט צד">
            <visible>Skin.HasSetting(ViewsMenuOff)</visible>
            <label>$LOCALIZE[31402]</label>
            <label2>$LOCALIZE[106]</label2>
            <onclick>Skin.ToggleSetting(ViewsMenuOff)</onclick>
			<visible>Container(100).Hasfocus(1)</visible>
          </item>
          <item id="24" description="תפריט צד">
            <visible>!Skin.HasSetting(ViewsMenuOff)</visible>
            <label>$LOCALIZE[31402]</label>
            <label2>$LOCALIZE[107]</label2>
            <onclick>Skin.ToggleSetting(ViewsMenuOff)</onclick>
			<visible>Container(100).Hasfocus(1)</visible>
          </item>
		  <item id="25" description="תצוגה: אוטומטי">
            <visible>!Skin.HasSetting(AutoView)</visible>
            <label>$LOCALIZE[98]</label>
            <label2>$LOCALIZE[106]</label2>
            <onclick>Skin.ToggleSetting(AutoView)</onclick>
			<visible>Container(100).Hasfocus(1)</visible>
          </item>
		  <item id="25" description="תצוגה: אוטומטי">
            <visible>Skin.HasSetting(AutoView)</visible>
            <label>$LOCALIZE[98]</label>
            <label2>$LOCALIZE[107]</label2>
            <onclick>Skin.ToggleSetting(AutoView)</onclick>
			<visible>Container(100).Hasfocus(1)</visible>
          </item>
		  <item id="26" description="מקלדת חכמה">
            <visible>Skin.HasSetting(smartkeyboard)</visible>
            <label>$LOCALIZE[79095]</label>
            <label2>107</label2>
            <onclick>Skin.ToggleSetting(smartkeyboard)</onclick>
			<visible>Container(100).Hasfocus(1)</visible>
          </item>
          <item id="26" description="מקלדת חכמה">
            <visible>!Skin.HasSetting(smartkeyboard)</visible>
            <label>$LOCALIZE[79095]</label>
            <label2>106</label2>
            <onclick condition="System.Platform.Windows">Skin.ToggleSetting(smartkeyboard)</onclick>
			<onclick condition="">Notification($LOCALIZE[79072],For Support: [COLOR Yellow]$LOCALIZE[79081][/COLOR],4000)</onclick>
			<visible>Container(100).Hasfocus(1)</visible>
          </item>		  
		  <!--30-59=2-->
		  <item id="30" description="תרגום בעברית בלבד">
            <visible>Skin.HasSetting(SubHebOnly)</visible>
			<label>$LOCALIZE[31411] $INFO[System.GetBool(subtitles.languages)]</label>
            <label2>107</label2>
			<onclick>Skin.ToggleSetting(SubHebOnly)</onclick>
			<visible>Container(100).Hasfocus(2)</visible>
          </item>
		  <item id="30" description="תרגום בעברית בלבד">
            <visible>!Skin.HasSetting(SubHebOnly)</visible>
			<label>$LOCALIZE[31411] $INFO[System.GetBool(subtitles.languages)]</label>
            <label2>106</label2>
			<onclick>Skin.ToggleSetting(SubHebOnly)</onclick>
			<visible>Container(100).Hasfocus(2)</visible>
          </item>
		  <item id="34" description="גוון">
            <label>$LOCALIZE[79042]</label>
            <label2>$VAR[MenuColor]</label2>
            <onclick>ActivateWindow(AppearanceSettings)</onclick>
			<onclick description="SettingsLevel" condition="!Skin.HasSetting(Admin) + !Skin.String(SettingsLevel,$LOCALIZE[13611])">ActivateWindow(AppearanceSettings)</onclick>
			<onclick description="SettingsLevel" condition="!Skin.HasSetting(Admin) + !Skin.String(SettingsLevel,$LOCALIZE[13611])">ActivateWindow(AppearanceSettings)</onclick>
			<onclick description="SettingsLevel" condition="!Skin.HasSetting(Admin) + !Skin.String(SettingsLevel,$LOCALIZE[13611])">ActivateWindow(AppearanceSettings)</onclick>
			<onclick condition="!SubString(System.CurrentControl,$LOCALIZE[15111])">Action(Down)</onclick>
			<onclick condition="!SubString(System.CurrentControl,$LOCALIZE[15111])">Action(Down)</onclick>
			<onclick condition="!SubString(System.CurrentControl,$LOCALIZE[15111])">Action(Down)</onclick>
			<onclick condition="">Action(Select)</onclick>
			<onclick condition="">Skin.SetString(MenuColor,$INFO[System.CurrentControl])</onclick>
			<onclick condition="">ReplaceWindow(SkinSettings.xml)</onclick>
			<visible>Container(100).Hasfocus(2)</visible>
          </item>
		  <item id="36" description="דיסק קשיח חיצוני">
            <visible>Skin.HasSetting(myHTPT2)</visible>
            <label>$LOCALIZE[31403]</label>
            <label2>107</label2>
            <onclick>Skin.ToggleSetting(myHTPT2)</onclick>
			<visible>Container(100).Hasfocus(2)</visible>
          </item>
          <item id="36" description="דיסק קשיח חיצוני">
            <visible>!Skin.HasSetting(myHTPT2)</visible>
            <label>$LOCALIZE[31403]</label>
            <label2>106</label2>
            <onclick>Skin.ToggleSetting(myHTPT2)</onclick>
			<visible>Container(100).Hasfocus(2)</visible>
          </item>
		  <item id="39" description="ניגון אוטומטי מיטבי">
            <visible>Skin.HasSetting(AutoPlayPlus)</visible>
			<label>$LOCALIZE[79054]</label>
            <label2>107</label2>
            <onclick condition="Skin.HasSetting(Admin) | Skin.HasSetting(Admin2)">Skin.ToggleSetting(AutoPlayPlus)</onclick>
			<visible>Container(100).Hasfocus(2)</visible>
          </item>
		  <item id="39" description="ניגון אוטומטי מיטבי">
            <visible>!Skin.HasSetting(AutoPlayPlus)</visible>
            <label>$LOCALIZE[79054]</label>
            <label2>106</label2>
            <onclick>Skin.ToggleSetting(AutoPlayPlus)</onclick>
			<visible>Container(100).Hasfocus(2)</visible>
          </item>
		  <item id="40" description="SD-ניגון אוטומטי גם ב">
            <visible>Skin.HasSetting(AutoPlaySD)</visible>
            <label>$LOCALIZE[31404]</label>
            <label2>107</label2>
            <onclick condition="Skin.HasSetting(AutoPlayPlus)">Skin.ToggleSetting(AutoPlaySD)</onclick>
			<onclick condition="Skin.HasSetting(AutoPlayPlus)">RunScript(special://skin/specials/scripts/genesis7.py)</onclick>
			<visible>Container(100).Hasfocus(2)</visible>
          </item>
          <item id="40" description="SD-ניגון אוטומטי גם ב">
            <visible>!Skin.HasSetting(AutoPlaySD)</visible>
            <label>$LOCALIZE[31404]</label>
            <label2>106</label2>
            <onclick condition="Skin.HasSetting(AutoPlayPlus)">Skin.ToggleSetting(AutoPlaySD)</onclick>
			<onclick condition="Skin.HasSetting(AutoPlayPlus) + !Skin.String(ConnectionStatus2,5)">RunScript(special://skin/specials/scripts/genesis8.py)</onclick>
			<visible>Container(100).Hasfocus(2)</visible>
          </item>
		  <item id="42" description="מוזיקה בהפעלה">
            <visible>Skin.HasSetting(StartUpMusic)</visible>
            <label>$LOCALIZE[2] $LOCALIZE[19107]$LOCALIZE[33060]</label>
            <label2>107</label2>
            <onclick>Skin.ToggleSetting(StartUpMusic)</onclick>
			<visible>Container(100).Hasfocus(2)</visible>
          </item>
          <item id="42" description="מוזיקה בהפעלה">
            <visible>!Skin.HasSetting(StartUpMusic)</visible>
            <label>$LOCALIZE[2] $LOCALIZE[19107]$LOCALIZE[33060]</label>
            <label2>106</label2>
            <onclick>Skin.ToggleSetting(StartUpMusic)</onclick>
			<visible>Container(100).Hasfocus(2)</visible>
          </item>
		  <item id="43" description="+מוזיקה בהפעלה">
            <visible>Skin.String(StartUpMusic) + Skin.HasSetting(StartUpMusic)</visible>
			<label>$LOCALIZE[2] $LOCALIZE[19107]$LOCALIZE[33060]+</label>
            <label2>107</label2>
            <onclick>Skin.SetString(StartUpMusic,)</onclick>
			<visible>Container(100).Hasfocus(2)</visible>
          </item>
		  <item id="43" description="+מוזיקה בהפעלה">
            <visible>!Skin.String(StartUpMusic) + Skin.HasSetting(StartUpMusic)</visible>
			<label>$LOCALIZE[2] $LOCALIZE[19107]$LOCALIZE[33060]+</label>
            <label2>106</label2>
            <onclick>Skin.SetFile(StartUpMusic,,special://userdata/library/music/)</onclick>
			<visible>Container(100).Hasfocus(2)</visible>
          </item>
		  <item id="44" description="כפתור מוזיקה ברירת מחדל">
            <label>$LOCALIZE[79056] $LOCALIZE[2] $LOCALIZE[571]</label>
            <label2>$INFO[Skin.String(MusicLink)]</label2>
            <onclick>ActivateWindow(1121)</onclick>
			<visible>Container(100).Hasfocus(2)</visible>
          </item>
		  <item id="49" description="משחקים למבוגרים">
            <visible>Skin.HasSetting(Adult)</visible>
            <label>$LOCALIZE[75001]</label>
            <label2>107</label2>
            <!--<onclick>Skin.ToggleSetting(Adult)</onclick>-->
			<onclick>RunScript(script.htpt.homebuttons)</onclick>
			<visible>Container(100).Hasfocus(2)</visible>
			<visible>!Skin.String(ID,htptuser2)</visible>
          </item>
          <item id="49" description="משחקים למבוגרים">
            <visible>!Skin.HasSetting(Adult)</visible>
            <label>$LOCALIZE[75001]</label>
            <label2>106</label2>
            <!--<onclick>Skin.ToggleSetting(Adult)</onclick>-->
			<!--<onclick condition="Skin.HasSetting(Admin2)">PreviousMenu</onclick>-->
			<!--<onclick condition="Skin.HasSetting(Admin2)">Skin.ToggleSetting(Admin2)</onclick>-->
			<onclick>RunScript(script.htpt.homebuttons)</onclick>
			<visible>Container(100).Hasfocus(2)</visible>
			<visible>Skin.HasSetting(Admin2)</visible>
			<visible>!Skin.String(ID,htptuser2)</visible>
          </item>
		  <item id="52" description="נגן קדימונים במסך מלא">
            <visible>Skin.HasSetting(trailer2)</visible>
            <label>$LOCALIZE[208] $LOCALIZE[72100] $LOCALIZE[1405]-$LOCALIZE[244]</label>
            <label2>107</label2>
            <onclick>Skin.ToggleSetting(trailer2)</onclick>
			<visible>Container(100).Hasfocus(2)</visible>
          </item>
          <item id="52" description="נגן קדימונים במסך מלא">
            <visible>!Skin.HasSetting(trailer2)</visible>
            <label>$LOCALIZE[208] $LOCALIZE[72100] $LOCALIZE[1405]-$LOCALIZE[244]</label>
            <label2>106</label2>
            <onclick>Skin.ToggleSetting(trailer2)</onclick>
			<visible>Container(100).Hasfocus(2)</visible>
          </item>		  
		  <item id="57" description="עיצוב חלון הבית">
            <label>$LOCALIZE[79057] $LOCALIZE[513]</label>
            <onclick>ActivateWindow(1117)</onclick>
			<visible>Container(100).Hasfocus(2)</visible>
          </item>
		  <!--60-79=3-->
		  <item id="66" description="הפעל מצב מהירות">
            <visible>Skin.HasSetting(Performance)</visible>
            <label>$LOCALIZE[24022] $LOCALIZE[126] $LOCALIZE[224]</label>
            <label2>107</label2>
            <onclick>Skin.ToggleSetting(Performance)</onclick>
			<visible>Container(100).Hasfocus(3)</visible>
          </item>
          <item id="66" description="הפעל מצב מהירות">
            <visible>!Skin.HasSetting(Performance)</visible>
            <label>$LOCALIZE[24022] $LOCALIZE[126] $LOCALIZE[224]</label>
            <label2>106</label2>
            <onclick>Skin.ToggleSetting(Performance)</onclick>
			<visible>Container(100).Hasfocus(3)</visible>
          </item>
		  <item id="67" description="הפעל וידג'ט">
            <visible>Skin.HasSetting(widget)</visible>
            <label>$LOCALIZE[24022] $LOCALIZE[79055]</label>
            <label2>107</label2>
            <onclick>Skin.ToggleSetting(widget)</onclick>
			<onclick>StopScript(service.skin.widgets)</onclick>
			<visible>Container(100).Hasfocus(3)</visible>
          </item>
          <item id="67" description="הפעל וידג'ט">
            <visible>!Skin.HasSetting(widget)</visible>
            <label>$LOCALIZE[24022] $LOCALIZE[79055]</label>
            <label2>106</label2>
            <onclick>Skin.ToggleSetting(widget)</onclick>
			<onclick>RunScript(service.skin.widgets)</onclick>
			<visible>Container(100).Hasfocus(3)</visible>
          </item>
		  <item id="68" description="הפעל רקעים">
            <visible>Skin.HasSetting(Backgrounds2)</visible>
            <label>$LOCALIZE[24022] $LOCALIZE[33069]</label>
            <label2>107</label2>
            <onclick>Skin.ToggleSetting(Backgrounds2)</onclick>
			<visible>Container(100).Hasfocus(3)</visible>
          </item>
          <item id="68" description="הפעל רקעים">
            <visible>!Skin.HasSetting(Backgrounds2)</visible>
            <label>$LOCALIZE[24022] $LOCALIZE[33069]</label>
            <label2>106</label2>
            <onclick>Skin.ToggleSetting(Backgrounds2)</onclick>
			<visible>Container(100).Hasfocus(3)</visible>
          </item>
		  <item id="79" description="Performance2 (algorithmdirtyregions)">
            <visible>Skin.HasSetting(Performance2)</visible>
            <label>algorithmdirtyregions</label>
            <label2>107</label2>
            <onclick>Skin.ToggleSetting(Performance2)</onclick>
			<visible>Container(100).Hasfocus(3)</visible>
          </item>
          <item id="79" description="Performance2 (algorithmdirtyregions)">
            <visible>!Skin.HasSetting(Performance2) + Skin.HasSetting(Admin)</visible>
            <label>algorithmdirtyregions</label>
            <label2>106</label2>
            <onclick>Skin.ToggleSetting(Performance2)</onclick>
			<visible>Container(100).Hasfocus(3)</visible>
          </item>
		  <!--80-99=4-->
		  <item id="80" description="איפוס היסטוריית משתמש והגדרות מעטפת">
            <label>$LOCALIZE[79517]</label>
            <label2></label2>
			<visible>Container(100).Hasfocus(4) + [Skin.HasSetting(Admin2) | Skin.HasSetting(Admin)]</visible>
			<onclick condition="Skin.HasSetting(Admin)">Skin.ToggleSetting(Admin)</onclick>
			<onclick condition="Skin.HasSetting(Admin2)">Skin.ToggleSetting(Admin2)</onclick>
			<onclick>ReplaceWindow(0)</onclick>
			
			<onclick condition="Skin.String(smartkeyboardH1)">Skin.SetString(smartkeyboardH1,)</onclick>
			<onclick condition="Skin.String(smartkeyboardH2)">Skin.SetString(smartkeyboardH2,)</onclick>
			<onclick condition="Skin.String(smartkeyboardH3)">Skin.SetString(smartkeyboardH3,)</onclick>
			<onclick condition="Skin.String(smartkeyboardH4)">Skin.SetString(smartkeyboardH4,)</onclick>
			<onclick condition="Skin.String(smartkeyboardH5)">Skin.SetString(smartkeyboardH5,)</onclick>
			<onclick condition="Skin.String(smartkeyboardC1)">Skin.SetString(smartkeyboardC1,)</onclick>
			<onclick condition="Skin.String(smartkeyboardC2)">Skin.SetString(smartkeyboardC2,)</onclick>
			<onclick condition="Skin.String(smartkeyboardC3)">Skin.SetString(smartkeyboardC3,)</onclick>
			<onclick condition="Skin.String(smartkeyboardC4)">Skin.SetString(smartkeyboardC4,)</onclick>
			<onclick condition="Skin.String(smartkeyboardC5)">Skin.SetString(smartkeyboardC5,)</onclick>
			
			<!--HOME BUTTONS-->
			<onclick condition="!Skin.HasSetting(hidetest)">Skin.ToggleSetting(hidetest)</onclick>
			<onclick condition="!Skin.HasSetting(MoviesShelfWL)">Skin.ToggleSetting(MoviesShelfWL)</onclick>
			<onclick condition="!Skin.HasSetting(TVShelf_Watchlist)">Skin.ToggleSetting(TVShelf_Watchlist)</onclick>
			<onclick condition="!Skin.HasSetting(3dmovs)">Skin.ToggleSetting(3dmovs)</onclick>
			
			<onclick condition="Skin.HasSetting(TVshows)">Skin.ToggleSetting(TVshows)</onclick>
			<onclick condition="Skin.HasSetting(Movies)">Skin.ToggleSetting(Movies)</onclick>
			<onclick condition="Skin.HasSetting(weather)">Skin.ToggleSetting(weather)</onclick>
			<onclick condition="Skin.HasSetting(favourites)">Skin.ToggleSetting(favourites)</onclick>
			<onclick condition="Skin.HasSetting(livetv)">Skin.ToggleSetting(livetv)</onclick>
			<onclick condition="Skin.HasSetting(MusicLibrary)">Skin.ToggleSetting(MusicLibrary)</onclick>
			<onclick condition="Skin.HasSetting(Pictures)">Skin.ToggleSetting(Pictures)</onclick>
			<onclick condition="Skin.HasSetting(moviese)">Skin.ToggleSetting(moviese)</onclick>
			<onclick condition="Skin.HasSetting(tvshowse)">Skin.ToggleSetting(tvshowse)</onclick>
			<onclick condition="Skin.HasSetting(kids)">Skin.ToggleSetting(kids)</onclick>
			<onclick condition="Skin.HasSetting(quiz)">Skin.ToggleSetting(quiz)</onclick>
			<onclick condition="Skin.HasSetting(videos)">Skin.ToggleSetting(videos)</onclick>
			<onclick condition="Skin.HasSetting(karaoke)">Skin.ToggleSetting(karaoke)</onclick>
			<onclick condition="Skin.HasSetting(internet)">Skin.ToggleSetting(internet)</onclick>
			<onclick condition="Skin.HasSetting(YouTube)">Skin.ToggleSetting(YouTube)</onclick>
			<onclick condition="Skin.HasSetting(IsraelTV)">Skin.ToggleSetting(IsraelTV)</onclick>
			<onclick condition="Skin.HasSetting(games)">Skin.ToggleSetting(games)</onclick>
			<onclick condition="Skin.HasSetting(GoPro)">Skin.ToggleSetting(trailers)</onclick>
			<onclick condition="Skin.HasSetting(help)">Skin.ToggleSetting(help)</onclick>
			<onclick condition="Skin.HasSetting(gametrailers)">Skin.ToggleSetting(gametrailers)</onclick>
			<onclick condition="Skin.HasSetting(gadget)">Skin.ToggleSetting(gadget)</onclick>
			<onclick condition="Skin.HasSetting(guitar)">Skin.ToggleSetting(guitar)</onclick>
			<onclick condition="Skin.HasSetting(trailers2)">Skin.ToggleSetting(trailers2)</onclick>
			<onclick condition="Skin.HasSetting(radio)">Skin.ToggleSetting(radio)</onclick>
			
			<!--WIDGET-->
			<onclick condition="Skin.HasSetting(YouTube.20)">Skin.ToggleSetting(YouTube.20)</onclick>
			<onclick condition="!Skin.HasSetting(YouTube.21)">Skin.ToggleSetting(YouTube.21)</onclick>
			<onclick condition="Skin.HasSetting(YouTube.22)">Skin.ToggleSetting(YouTube.22)</onclick>
			<onclick condition="Skin.HasSetting(YouTube.23)">Skin.ToggleSetting(YouTube.23)</onclick>
			<onclick condition="Skin.HasSetting(YouTube.24)">Skin.ToggleSetting(YouTube.24)</onclick>
			<onclick condition="Skin.HasSetting(YouTube.25)">Skin.ToggleSetting(YouTube.25)</onclick>
			<onclick condition="!Skin.HasSetting(YouTube.26)">Skin.ToggleSetting(YouTube.26)</onclick>
			<onclick condition="Skin.HasSetting(YouTube.27)">Skin.ToggleSetting(YouTube.27)</onclick>
			<onclick condition="Skin.HasSetting(YouTube.28)">Skin.ToggleSetting(YouTube.28)</onclick>
			<onclick condition="Skin.HasSetting(YouTube.29)">Skin.ToggleSetting(YouTube.29)</onclick>
			<onclick condition="!Skin.HasSetting(YouTube.30)">Skin.ToggleSetting(YouTube.30)</onclick>
			<onclick condition="Skin.HasSetting(YouTube_Custom)">Skin.ToggleSetting(YouTube_Custom)</onclick>
			
			<onclick condition="Skin.HasSetting(GoPro.20)">Skin.ToggleSetting(GoPro.20)</onclick>
			<onclick condition="Skin.HasSetting(GoPro.21)">Skin.ToggleSetting(GoPro.21)</onclick>
			<onclick condition="Skin.HasSetting(GoPro.22)">Skin.ToggleSetting(GoPro.22)</onclick>
			<onclick condition="Skin.HasSetting(GoPro.23)">Skin.ToggleSetting(GoPro.23)</onclick>
			<onclick condition="!Skin.HasSetting(GoPro.24)">Skin.ToggleSetting(GoPro.24)</onclick>
			<onclick condition="Skin.HasSetting(GoPro.25)">Skin.ToggleSetting(GoPro.25)</onclick>
			<onclick condition="!Skin.HasSetting(GoPro.26)">Skin.ToggleSetting(GoPro.26)</onclick>
			<onclick condition="Skin.HasSetting(GoPro.27)">Skin.ToggleSetting(GoPro.27)</onclick>
			<onclick condition="!Skin.HasSetting(GoPro.28)">Skin.ToggleSetting(GoPro.28)</onclick>
			<onclick condition="Skin.HasSetting(GoPro.29)">Skin.ToggleSetting(GoPro.29)</onclick>
			<onclick condition="!Skin.HasSetting(GoPro.30)">Skin.ToggleSetting(GoPro.30)</onclick>
			<onclick condition="Skin.HasSetting(GoPro_Custom)">Skin.ToggleSetting(GoPro_Custom)</onclick>
			
			<onclick condition="Skin.HasSetting(IsraelTV.20)">Skin.ToggleSetting(IsraelTV.20)</onclick>
			<onclick condition="!Skin.HasSetting(IsraelTV.21)">Skin.ToggleSetting(IsraelTV.21)</onclick>
			<onclick condition="Skin.HasSetting(IsraelTV.22)">Skin.ToggleSetting(IsraelTV.22)</onclick>
			<onclick condition="!Skin.HasSetting(IsraelTV.23)">Skin.ToggleSetting(IsraelTV.23)</onclick>
			<onclick condition="Skin.HasSetting(IsraelTV.24)">Skin.ToggleSetting(IsraelTV.24)</onclick>
			<onclick condition="!Skin.HasSetting(IsraelTV.25)">Skin.ToggleSetting(IsraelTV.25)</onclick>
			<onclick condition="!Skin.HasSetting(IsraelTV.26)">Skin.ToggleSetting(IsraelTV.26)</onclick>
			<onclick condition="Skin.HasSetting(IsraelTV.27)">Skin.ToggleSetting(IsraelTV.27)</onclick>
			<onclick condition="Skin.HasSetting(IsraelTV.28)">Skin.ToggleSetting(IsraelTV.28)</onclick>
			<onclick condition="Skin.HasSetting(IsraelTV.29)">Skin.ToggleSetting(IsraelTV.29)</onclick>
			<onclick condition="!Skin.HasSetting(IsraelTV.30)">Skin.ToggleSetting(IsraelTV.30)</onclick>
			<onclick condition="Skin.HasSetting(IsraelTV_Custom)">Skin.ToggleSetting(IsraelTV_Custom)</onclick>
			<!--SKIN SETTINGS-->
			<onclick condition="!Skin.HasSetting(ShowClock)">Skin.ToggleSetting(ShowClock)</onclick>
			<onclick condition="Skin.HasSetting(ViewsMenuOff)">Skin.ToggleSetting(ViewsMenuOff)</onclick>
			<onclick condition="!Skin.HasSetting(Backgrounds2)">Skin.ToggleSetting(Backgrounds2)</onclick>
			<onclick condition="!Skin.HasSetting(MoviesShelfWL)">Skin.ToggleSetting(MoviesShelfWL)</onclick>
			<onclick condition="!Skin.HasSetting(MoviesShelfWL)">Skin.ToggleSetting(MoviesShelfWL)</onclick>
			<onclick condition="Skin.HasSetting(PicturesShelf_Custom)">Skin.ToggleSetting(PicturesShelf_Custom)</onclick>
			<onclick condition="Skin.HasSetting(Rating)">Skin.ToggleSetting(Rating)</onclick>
			<onclick condition="!Skin.HasSetting(myHTPT2)">Skin.ToggleSetting(myHTPT2)</onclick>
			<onclick condition="Skin.HasSetting(Performance)">Skin.ToggleSetting(Performance)</onclick>
			<onclick condition="Skin.HasSetting(Performance2)">Skin.ToggleSetting(Performance2)</onclick>
			<onclick condition="!Skin.HasSetting(widget)">Skin.ToggleSetting(widget)</onclick>
			<onclick condition="!Skin.HasSetting(Genre)">Skin.ToggleSetting(Genre)</onclick>
			<onclick condition="Skin.HasSetting(Adult)">Skin.ToggleSetting(Adult)</onclick>
			<onclick condition="Skin.HasSetting(RealDebrid)">Skin.ToggleSetting(RealDebrid)</onclick>
			<onclick condition="!Skin.HasSetting(AutoView)">Skin.ToggleSetting(AutoView)</onclick>
			<onclick condition="!Skin.HasSetting(AutoPlayPlus)">Skin.ToggleSetting(AutoPlayPlus)</onclick>
			<onclick condition="Skin.HasSetting(smartkeyboard)">Skin.ToggleSetting(smartkeyboard)</onclick>
			<onclick condition="!Skin.HasSetting(StartUpMusic)">Skin.ToggleSetting(StartUpMusic)</onclick>
			<onclick condition="!Skin.HasSetting(AutoPlaySD)">Skin.ToggleSetting(AutoPlaySD)</onclick>
			<onclick condition="!Skin.String(MusicLink,Albums)">Skin.SetString(MusicLink,Albums)</onclick>
			<onclick condition="Skin.String(StartUpMusic)">Skin.SetString(StartUpMusic,)</onclick>
			<!--FAVORIUTES-->
			<onclick condition="Skin.String(HomeFav.1.Label)">Skin.SetString(HomeFav.1.Label,)</onclick>
			<onclick condition="Skin.String(HomeFav.1.Path)">Skin.SetString(HomeFav.1.Path,)</onclick>
			<onclick condition="Skin.String(HomeFav.1.Icon)">Skin.SetString(HomeFav.1.Icon,)</onclick>
			<onclick condition="Skin.String(HomeFav.1.List)">Skin.SetString(HomeFav.1.List,)</onclick>
			<onclick condition="Skin.String(HomeFav.2.Label)">Skin.SetString(HomeFav.2.Label,)</onclick>
			<onclick condition="Skin.String(HomeFav.2.Path)">Skin.SetString(HomeFav.2.Path,)</onclick>
			<onclick condition="Skin.String(HomeFav.2.Icon)">Skin.SetString(HomeFav.2.Icon,)</onclick>
			<onclick condition="Skin.String(HomeFav.2.List)">Skin.SetString(HomeFav.2.List,)</onclick>
			<onclick condition="Skin.String(HomeFav.3.Label)">Skin.SetString(HomeFav.3.Label,)</onclick>
			<onclick condition="Skin.String(HomeFav.3.Path)">Skin.SetString(HomeFav.3.Path,)</onclick>
			<onclick condition="Skin.String(HomeFav.3.Icon)">Skin.SetString(HomeFav.3.Icon,)</onclick>
			<onclick condition="Skin.String(HomeFav.3.List)">Skin.SetString(HomeFav.3.List,)</onclick>
			<onclick condition="Skin.String(HomeFav.4.Label)">Skin.SetString(HomeFav.4.Label,)</onclick>
			<onclick condition="Skin.String(HomeFav.4.Path)">Skin.SetString(HomeFav.4.Path,)</onclick>
			<onclick condition="Skin.String(HomeFav.4.Icon)">Skin.SetString(HomeFav.4.Icon,)</onclick>
			<onclick condition="Skin.String(HomeFav.4.List)">Skin.SetString(HomeFav.4.List,)</onclick>
			<onclick condition="Skin.String(HomeFav.5.Label)">Skin.SetString(HomeFav.5.Label,)</onclick>
			<onclick condition="Skin.String(HomeFav.5.Path)">Skin.SetString(HomeFav.5.Path,)</onclick>
			<onclick condition="Skin.String(HomeFav.5.Icon)">Skin.SetString(HomeFav.5.Icon,)</onclick>
			<onclick condition="Skin.String(HomeFav.5.List)">Skin.SetString(HomeFav.5.List,)</onclick>
			<onclick condition="Skin.String(HomeAddon.1.Label)">Skin.SetString(HomeAddon.1.Label,)</onclick>
			<onclick condition="Skin.String(HomeAddon.1.Thumb)">Skin.SetString(HomeAddon.1.Thumb,)</onclick>
			<onclick condition="Skin.String(HomeAddon.1.Icon)">Skin.SetString(HomeAddon.1.Icon,)</onclick>
			<onclick condition="Skin.String(HomeAddon.2.Label)">Skin.SetString(HomeAddon.2.Label,)</onclick>
			<onclick condition="Skin.String(HomeAddon.2.Thumb)">Skin.SetString(HomeAddon.2.Thumb,)</onclick>
			<onclick condition="Skin.String(HomeAddon.2.Icon)">Skin.SetString(HomeAddon.2.Icon,)</onclick>
			<onclick condition="Skin.String(HomeAddon.3.Label)">Skin.SetString(HomeAddon.3.Label,)</onclick>
			<onclick condition="Skin.String(HomeAddon.3.Thumb)">Skin.SetString(HomeAddon.3.Thumb,)</onclick>
			<onclick condition="Skin.String(HomeAddon.3.Icon)">Skin.SetString(HomeAddon.3.Icon,)</onclick>
			<onclick condition="Skin.String(HomeAddon.4.Label)">Skin.SetString(HomeAddon.4.Label,)</onclick>
			<onclick condition="Skin.String(HomeAddon.4.Thumb)">Skin.SetString(HomeAddon.4.Thumb,)</onclick>
			<onclick condition="Skin.String(HomeAddon.4.Icon)">Skin.SetString(HomeAddon.4.Icon,)</onclick>
			<onclick condition="Skin.String(HomeAddon.5.Label)">Skin.SetString(HomeAddon.5.Label,)</onclick>
			<onclick condition="Skin.String(HomeAddon.5.Thumb)">Skin.SetString(HomeAddon.5.Thumb,)</onclick>
			<onclick condition="Skin.String(HomeAddon.5.Icon)">Skin.SetString(HomeAddon.5.Icon,)</onclick>
			
			<onclick condition="Skin.String(IsraelTV.1.Label)">Skin.SetString(IsraelTV.1.Label,)</onclick>
			<onclick condition="Skin.String(IsraelTV.2.Label)">Skin.SetString(IsraelTV.2.Label,)</onclick>
			<onclick condition="Skin.String(IsraelTV.3.Label)">Skin.SetString(IsraelTV.3.Label,)</onclick>
			<onclick condition="Skin.String(IsraelTV.4.Label)">Skin.SetString(IsraelTV.4.Label,)</onclick>
			<onclick condition="Skin.String(IsraelTV.5.Label)">Skin.SetString(IsraelTV.5.Label,)</onclick>
			
			<onclick condition="Skin.String(GoPro.1.Label)">Skin.SetString(GoPro.1.Label,)</onclick>
			<onclick condition="Skin.String(GoPro.2.Label)">Skin.SetString(GoPro.2.Label,)</onclick>
			<onclick condition="Skin.String(GoPro.3.Label)">Skin.SetString(GoPro.3.Label,)</onclick>
			<onclick condition="Skin.String(GoPro.4.Label)">Skin.SetString(GoPro.4.Label,)</onclick>
			<onclick condition="Skin.String(GoPro.5.Label)">Skin.SetString(GoPro.5.Label,)</onclick>
			
			<onclick condition="Skin.String(YouTube.1.Label)">Skin.SetString(YouTube.1.Label,)</onclick>
			<onclick condition="Skin.String(YouTube.2.Label)">Skin.SetString(YouTube.2.Label,)</onclick>
			<onclick condition="Skin.String(YouTube.3.Label)">Skin.SetString(YouTube.3.Label,)</onclick>
			<onclick condition="Skin.String(YouTube.4.Label)">Skin.SetString(YouTube.4.Label,)</onclick>
			<onclick condition="Skin.String(YouTube.5.Label)">Skin.SetString(YouTube.5.Label,)</onclick>
			
			<onclick condition="Skin.String(IsraelTV.11.Label)">Skin.SetString(IsraelTV.11.Label,)</onclick>
			<onclick condition="Skin.String(IsraelTV.11.Path)">Skin.SetString(IsraelTV.11.Path,)</onclick>
			<onclick condition="Skin.String(IsraelTV.11.Icon)">Skin.SetString(IsraelTV.11.Icon,)</onclick>
			<onclick condition="Skin.String(IsraelTV.12.Label)">Skin.SetString(IsraelTV.12.Label,)</onclick>
			<onclick condition="Skin.String(IsraelTV.12.Path)">Skin.SetString(IsraelTV.12.Path,)</onclick>
			<onclick condition="Skin.String(IsraelTV.12.Icon)">Skin.SetString(IsraelTV.12.Icon,)</onclick>
			<onclick condition="Skin.String(IsraelTV.13.Label)">Skin.SetString(IsraelTV.13.Label,)</onclick>
			<onclick condition="Skin.String(IsraelTV.13.Path)">Skin.SetString(IsraelTV.13.Path,)</onclick>
			<onclick condition="Skin.String(IsraelTV.13.Icon)">Skin.SetString(IsraelTV.13.Icon,)</onclick>
			<onclick condition="Skin.String(IsraelTV.14.Label)">Skin.SetString(IsraelTV.14.Label,)</onclick>
			<onclick condition="Skin.String(IsraelTV.14.Path)">Skin.SetString(IsraelTV.14.Path,)</onclick>
			<onclick condition="Skin.String(IsraelTV.14.Icon)">Skin.SetString(IsraelTV.14.Icon,)</onclick>
			<onclick condition="Skin.String(IsraelTV.15.Label)">Skin.SetString(IsraelTV.15.Label,)</onclick>
			<onclick condition="Skin.String(IsraelTV.15.Path)">Skin.SetString(IsraelTV.15.Path,)</onclick>
			<onclick condition="Skin.String(IsraelTV.15.Icon)">Skin.SetString(IsraelTV.15.Icon,)</onclick>
			
			<onclick condition="Skin.String(GoPro.11.Label)">Skin.SetString(GoPro.11.Label,)</onclick>
			<onclick condition="Skin.String(GoPro.11.Path)">Skin.SetString(GoPro.11.Path,)</onclick>
			<onclick condition="Skin.String(GoPro.11.Icon)">Skin.SetString(GoPro.11.Icon,)</onclick>
			<onclick condition="Skin.String(GoPro.12.Label)">Skin.SetString(GoPro.12.Label,)</onclick>
			<onclick condition="Skin.String(GoPro.12.Path)">Skin.SetString(GoPro.12.Path,)</onclick>
			<onclick condition="Skin.String(GoPro.12.Icon)">Skin.SetString(GoPro.12.Icon,)</onclick>
			<onclick condition="Skin.String(GoPro.13.Label)">Skin.SetString(GoPro.13.Label,)</onclick>
			<onclick condition="Skin.String(GoPro.13.Path)">Skin.SetString(GoPro.13.Path,)</onclick>
			<onclick condition="Skin.String(GoPro.13.Icon)">Skin.SetString(GoPro.13.Icon,)</onclick>
			<onclick condition="Skin.String(GoPro.14.Label)">Skin.SetString(GoPro.14.Label,)</onclick>
			<onclick condition="Skin.String(GoPro.14.Path)">Skin.SetString(GoPro.14.Path,)</onclick>
			<onclick condition="Skin.String(GoPro.14.Icon)">Skin.SetString(GoPro.14.Icon,)</onclick>
			<onclick condition="Skin.String(GoPro.15.Label)">Skin.SetString(GoPro.15.Label,)</onclick>
			<onclick condition="Skin.String(GoPro.15.Path)">Skin.SetString(GoPro.15.Path,)</onclick>
			<onclick condition="Skin.String(GoPro.15.Icon)">Skin.SetString(GoPro.15.Icon,)</onclick>
			
			<onclick condition="Skin.String(YouTube.11.Label)">Skin.SetString(YouTube.11.Label,)</onclick>
			<onclick condition="Skin.String(YouTube.11.Path)">Skin.SetString(YouTube.11.Path,)</onclick>
			<onclick condition="Skin.String(YouTube.11.Icon)">Skin.SetString(YouTube.11.Icon,)</onclick>
			<onclick condition="Skin.String(YouTube.12.Label)">Skin.SetString(YouTube.12.Label,)</onclick>
			<onclick condition="Skin.String(YouTube.12.Path)">Skin.SetString(YouTube.12.Path,)</onclick>
			<onclick condition="Skin.String(YouTube.12.Icon)">Skin.SetString(YouTube.12.Icon,)</onclick>
			<onclick condition="Skin.String(YouTube.13.Label)">Skin.SetString(YouTube.13.Label,)</onclick>
			<onclick condition="Skin.String(YouTube.13.Path)">Skin.SetString(YouTube.13.Path,)</onclick>
			<onclick condition="Skin.String(YouTube.13.Icon)">Skin.SetString(YouTube.13.Icon,)</onclick>
			<onclick condition="Skin.String(YouTube.14.Label)">Skin.SetString(YouTube.14.Label,)</onclick>
			<onclick condition="Skin.String(YouTube.14.Path)">Skin.SetString(YouTube.14.Path,)</onclick>
			<onclick condition="Skin.String(YouTube.14.Icon)">Skin.SetString(YouTube.14.Icon,)</onclick>
			<onclick condition="Skin.String(YouTube.15.Label)">Skin.SetString(YouTube.15.Label,)</onclick>
			<onclick condition="Skin.String(YouTube.15.Path)">Skin.SetString(YouTube.15.Path,)</onclick>
			<onclick condition="Skin.String(YouTube.15.Icon)">Skin.SetString(YouTube.15.Icon,)</onclick>
			
			<!--SIDE MENU SETTINGS-->
			<onclick condition="!Skin.HasSetting(ShowFileInfo)">Skin.ToggleSetting(ShowFileInfo)</onclick>
			<onclick condition="!Skin.HasSetting(ShowDVDCases)">Skin.ToggleSetting(ShowDVDCases)</onclick>
			<onclick condition="!Skin.HasSetting(ShowTopVideoInformation)">Skin.ToggleSetting(ShowTopVideoInformation)</onclick>
			<onclick condition="Skin.HasSetting(ShowTopProgramInformation)">Skin.ToggleSetting(ShowTopProgramInformation)</onclick>
			<onclick condition="!Skin.HasSetting(ShowDVDCases)">Skin.ToggleSetting(ShowDVDCases)</onclick>
			
			
          </item>
		  <item id="83" description="הפעל מצב מומחה">
            <visible>Skin.HasSetting(Admin) + Skin.HasSetting(Admin2)</visible>
            <label>$LOCALIZE[24022] $LOCALIZE[456] $LOCALIZE[10039]</label>
            <label2>107</label2>
            <onclick>Skin.ToggleSetting(Admin)</onclick>
			<visible>Container(100).Hasfocus(4)</visible>
          </item>
          <item id="83" description="הפעל מצב מומחה">
            <visible>!Skin.HasSetting(Admin) + Skin.HasSetting(Admin2)</visible>
            <label>$LOCALIZE[24022] $LOCALIZE[456] $LOCALIZE[10039]</label>
            <label2>106</label2>
            <onclick>Skin.ToggleSetting(Admin)</onclick>
			<visible>Container(100).Hasfocus(4)</visible>
          </item>
		  <item id="84" description="הפעל מצב מתקדם">
            <visible>Skin.HasSetting(Admin2)</visible>
            <label>$LOCALIZE[24022] $LOCALIZE[456] $LOCALIZE[10038]</label>
            <label2>107</label2>
            <onclick>Skin.ToggleSetting(Admin2)</onclick>
			<onclick condition="Skin.HasSetting(Admin)">Skin.ToggleSetting(Admin)</onclick>
			<visible>Container(100).Hasfocus(4)</visible>
          </item>
          <item id="84" description="הפעל מצב מתקדם">
            <visible>!Skin.HasSetting(Admin2)</visible>
            <label>$LOCALIZE[24022] $LOCALIZE[456] $LOCALIZE[10038]</label>
            <label2>106</label2>
            <onclick>Skin.ToggleSetting(Admin2)</onclick>
			<onclick condition="Skin.HasSetting(Admin)">Skin.ToggleSetting(Admin)</onclick>
			<visible>Container(100).Hasfocus(4)</visible>
          </item>
		  <item id="90" description="מידע למפתח">
            <visible>Skin.HasSetting(Admin)</visible>
            <label>מידע למפתח</label>
            <label2>$INFO[Skin.String(FadeAdmin)]</label2>
            <onclick condition="!Skin.String(FadeAdmin)">Skin.SetString(FadeAdmin,Container)</onclick>
			<onclick condition="Skin.String(FadeAdmin,Container)">Skin.SetString(FadeAdmin,Network)</onclick>
			<onclick condition="Skin.String(FadeAdmin,Network)">Skin.SetString(FadeAdmin,Player)</onclick>
			<onclick condition="Skin.String(FadeAdmin,Player)">Skin.SetString(FadeAdmin,VideoPlayer)</onclick>
			<onclick condition="Skin.String(FadeAdmin,VideoPlayer)">Skin.SetString(FadeAdmin,MusicPlayer)</onclick>
			<onclick condition="Skin.String(FadeAdmin,MusicPlayer)">Skin.SetString(FadeAdmin,System)</onclick>
			<onclick condition="Skin.String(FadeAdmin,System)">Skin.SetString(FadeAdmin,ListItem)</onclick>
			<onclick condition="Skin.String(FadeAdmin,ListItem)">Skin.SetString(FadeAdmin,Custom)</onclick>
			<onclick condition="Skin.String(FadeAdmin,Custom)">Skin.SetString(FadeAdmin,Openelec)</onclick>
			<onclick condition="Skin.String(FadeAdmin,Openelec)">Skin.SetString(FadeAdmin,Container)</onclick>
			<visible>Container(100).Hasfocus(4)</visible>
          </item>
		  <item id="92" description="פירמוט">
            <visible>Skin.HasSetting(Admin)</visible>
            <label>FORMAT YOUR DEVICE</label>
            <label2>$INFO[Skin.String(ID1)]</label2>
            <onclick>RunScript(script.htpt.homebuttons)</onclick>
			<visible>Container(100).Hasfocus(4) + Skin.HasSetting(Admin) + !Skin.HasSetting(Admin2)</visible>
          </item>
		  <item id="99" description="REALDEBRID-חשבון פעיל ב">
            <visible>Skin.HasSetting(RealDebrid)</visible>
			<label>$LOCALIZE[79485]</label>
            <label2>107</label2>
			<onclick>RunScript(script.htpt.homebuttons)</onclick>
			<!--<onclick>Skin.ToggleSetting(RealDebrid)</onclick>-->
			<visible>Container(100).Hasfocus(4)</visible>
          </item>
          <item id="99" description="REALDEBRID-חשבון פעיל ב">
            <visible>!Skin.HasSetting(RealDebrid)</visible>
			<label>$LOCALIZE[79485]</label>
            <label2>106</label2>
			<!--<onclick>Skin.ToggleSetting(RealDebrid)</onclick>-->
			<onclick>RunScript(script.htpt.homebuttons)</onclick>
			<visible>Container(100).Hasfocus(4)</visible>
          </item>

		  <!--100-129=5-->
		  <item id="100" description="שם משתמש">
			<label>$LOCALIZE[1014]</label>
			<label2>$INFO[Skin.String(ID)]</label2>
			<onclick condition="IsEmpty(Skin.String(ID))">Skin.SetString(ID)</onclick>
			<onclick condition="!IsEmpty(Skin.String(ID))">Skin.SetString(ID)</onclick>
			<visible>Container(100).Hasfocus(5) + SubString(Player.Volume,-30)</visible>
		  </item>
		  <item id="101" description="שם משתמש2">
			<label>$LOCALIZE[1014]2</label>
			<label2>$INFO[Skin.String(ID1)]</label2>
			<onclick condition="IsEmpty(Skin.String(ID1))">Skin.SetString(ID1)</onclick>
			<onclick condition="!IsEmpty(Skin.String(ID1))">Skin.SetString(ID1)</onclick>
			<visible>Container(100).Hasfocus(5) + SubString(Player.Volume,-30)</visible>
		  </item>
		  <item id="102" description="תאריך התקנה">
			<label>$LOCALIZE[70010]</label>
			<label2>$INFO[Skin.String(ID2)]</label2>
			<onclick condition="IsEmpty(Skin.String(ID2))">Skin.SetString(ID2)</onclick>
			<onclick condition="!IsEmpty(Skin.String(ID2))">Skin.SetString(ID2)</onclick>
			<visible>Container(100).Hasfocus(5) + SubString(Player.Volume,-30)</visible>
		  </item>
		  <item id="103" description="סיום אחריות">
			<label>$LOCALIZE[70011]</label>
			<label2>$INFO[Skin.String(ID3)]</label2>
			<onclick condition="IsEmpty(Skin.String(ID3))">Skin.SetString(ID3)</onclick>
			<onclick condition="!IsEmpty(Skin.String(ID3))">Skin.SetString(ID3)</onclick>
			<visible>Container(100).Hasfocus(5) + SubString(Player.Volume,-30)</visible>
		  </item>
		  <item id="104" description="כתובת">
			<label>$LOCALIZE[19115]</label>
			<label2>$INFO[Skin.String(ID4)]</label2>
			<onclick condition="IsEmpty(Skin.String(ID4))">Skin.SetString(ID4)</onclick>
			<onclick condition="!IsEmpty(Skin.String(ID4))">Skin.SetString(ID4)</onclick>
			<visible>Container(100).Hasfocus(5) + SubString(Player.Volume,-30)</visible>
		  </item>
		  <item id="105" description="מספר טלפון">
			<label>$LOCALIZE[75006]</label>
			<label2>$INFO[Skin.String(ID5)]</label2>
			<onclick condition="IsEmpty(Skin.String(ID5))">Skin.SetString(ID5)</onclick>
			<onclick condition="!IsEmpty(Skin.String(ID5))">Skin.SetString(ID5)</onclick>
			<visible>Container(100).Hasfocus(5) + SubString(Player.Volume,-30)</visible>
		  </item>
		  <item id="106" description="תשלום">
			<label>$LOCALIZE[70012]</label>
			<label2>$INFO[Skin.String(ID6)]</label2>
			<onclick condition="IsEmpty(Skin.String(ID6))">Skin.SetString(ID6)</onclick>
			<onclick condition="!IsEmpty(Skin.String(ID6))">Skin.SetString(ID6)</onclick>
			<visible>Container(100).Hasfocus(5) + SubString(Player.Volume,-30)</visible>
		  </item>
		  <item id="107" description="שאלה">
			<label>20+1*100/10+(55*125)/3*225?</label>
			<label2>$VAR[FORMULA]</label2>
			<onclick condition="IsEmpty(Skin.String(ID7))">Skin.SetString(ID7)</onclick>
			<onclick condition="!IsEmpty(Skin.String(ID7))">Skin.SetString(ID7)</onclick>
			<visible>Container(100).Hasfocus(5) + SubString(Player.Volume,-30)</visible>
		  </item>
		  <item id="108" description="שם הטכנאי">
			<label>$LOCALIZE[70013]</label>
			<label2>$INFO[Skin.String(ID8)]</label2>
			<onclick condition="IsEmpty(Skin.String(ID8))">Skin.SetString(ID8)</onclick>
			<onclick condition="!IsEmpty(Skin.String(ID8))">Skin.SetString(ID8)</onclick>
			<visible>Container(100).Hasfocus(5) + SubString(Player.Volume,-30)</visible>
		  </item>
		  <item id="109" description="CODE RED">
			<label>CODE RED</label>
			<label2>$VAR[FORMULA2]</label2>
			<!--<label2>$INFO[Skin.String(ID9)]</label2>-->
			<onclick condition="IsEmpty(Skin.String(ID9))">Skin.SetString(ID9)</onclick>
			<onclick condition="!IsEmpty(Skin.String(ID9))">Skin.SetString(ID9)</onclick>
			<visible>Container(100).Hasfocus(5) + SubString(Player.Volume,-30)</visible>
		  </item>
		  <item id="110" description="HTPT MODEL">
			<label>$LOCALIZE[79031]</label>
			<label2>$INFO[Skin.String(ID10)]</label2>
			<onclick condition="IsEmpty(Skin.String(ID10))">Skin.SetString(ID10)</onclick>
			<onclick condition="!IsEmpty(Skin.String(ID10))">Skin.SetString(ID10)</onclick>
			<visible>Container(100).Hasfocus(5) + SubString(Player.Volume,-30)</visible>
		  </item>
		  <item id="111" description="MAC1 (LAN)">
			<label>MAC1 (LAN)</label>
			<label2>$INFO[Skin.String(MAC1)]</label2>
			<onclick condition="StringCompare(Skin.String(MAC1),Skin.String(MAC2))">Notification(MAC DUPLICATE!,MAC1 CANT BE EQUAL TO MAC2!,5000,icons/shield.png)</onclick>
			<onclick condition="IsEmpty(Skin.String(MAC1))">Skin.SetString(MAC1,$INFO[Network.MacAddress])</onclick>
			<onclick condition="!IsEmpty(Skin.String(MAC1))">Skin.SetString(MAC1)</onclick>
			<visible>Container(100).Hasfocus(5) + SubString(Player.Volume,-30)</visible>
		  </item>
		  <item id="112" description="MAC2 (WLAN)">
			<label>MAC2 (WLAN)</label>
			<label2>$INFO[Skin.String(MAC2)]</label2>
			<onclick condition="StringCompare(Skin.String(MAC1),Skin.String(MAC2))">Notification(MAC DUPLICATE!,MAC1 CANT BE EQUAL TO MAC2!,5000,icons/shield.png)</onclick>
			<onclick condition="IsEmpty(Skin.String(MAC2))">Skin.SetString(MAC2,$INFO[Network.MacAddress])</onclick>
			<onclick condition="!IsEmpty(Skin.String(MAC2))">Skin.SetString(MAC2)</onclick>
			<!--<onclick condition="Skin.String(MAC1,MAC2)">Skin.SetString(MAC2,)</onclick>-->
			<!--<onclick condition="Skin.String($INFO[Network.MacAddress],MAC1) + Skin.String($INFO[Network.MacAddress],MAC2)">Notification(MAC DUPLICATE!,$INFO[Network.LinkState] MAC1 CANT BE EQUAL TO MAC2!,5000)</onclick>-->
			<visible>Container(100).Hasfocus(5) + SubString(Player.Volume,-30)</visible>
		  </item>
		  <item id="115" description="ניסיון1">
			<label>Trial ($INFO[Skin.String(Trial2)])</label>
			<label2>$LOCALIZE[106]</label2>
			<visible>!Skin.HasSetting(Trial) + !Skin.HasSetting(Trial2)</visible>
			<onclick>Skin.ToggleSetting(Trial)</onclick>
			<onclick condition="!Skin.String(TrialDate)">Skin.SetString(TrialDate,$INFO[System.Date(DD-MM-YY)])</onclick>
			<onclick>Skin.SetNumeric(TrialDate2)</onclick>
			<onclick>Notification(Trial Pending...,Please Reboot!,2000,icons/shield.png)</onclick>
			<visible>Container(100).Hasfocus(5) + SubString(Player.Volume,-30) + !Skin.HasSetting(VALIDATION2)</visible>
		  </item>
		  <item id="115" description="ניסיון2">
			<label>Trial ($INFO[Skin.String(Trial2)])</label>
			<label2>$LOCALIZE[107]</label2>
			<visible>Skin.HasSetting(Trial)</visible>
			<onclick condition="Skin.HasSetting(Trial)">Skin.ToggleSetting(Trial)</onclick>
			<onclick condition="Skin.String(TrialDate)">Skin.SetString(TrialDate,)</onclick>
			<onclick condition="Skin.String(TrialDate2)">Skin.SetString(TrialDate2,)</onclick>
			<onclick>Notification(Trial Deactivated!,,2000,icons/shield.png)</onclick>
			<visible>Container(100).Hasfocus(5) + SubString(Player.Volume,-30) + !Skin.HasSetting(VALIDATION2)</visible>
		  </item>
        </content>
		</control>
      </control>
	  <include>AdditionalInformation</include>
	  <include>TopInformation</include>
    </control>
  </controls>
</window>
