<?xml version="1.0" encoding="UTF-8"?>
<window type="dialog" id="1122" description="עיצוב חלון בית">
  <defaultcontrol always="true">698</defaultcontrol>
  <controls>
    <include>Fade5</include>
	<control type="group" description="Side menu 9000 group">
      <posx>720</posx>
      <posy>310</posy>
      <visible allowhiddenfocus="false">true</visible>
      <control type="image" description="מסגרת">
        <height>480</height>
        <texture border="40">buttons/ButtonE2.png</texture>
		<width>480</width>
      </control>
	  <control type="grouplist" id="9000">
		<onright>Close</onright>
		<onleft>Close</onleft>
		<onup>9000</onup>
		<ondown>9000</ondown>
		 <control type="button" id="697" description="חזור"> 
			<label>--></label>
			<onclick>Close</onclick>		  
		  </control>
		  <control type="button" id="698" description="שנה תמונה">
		    <label>$LOCALIZE[79021]</label>
            <onclick condition="Container(50).Hasfocus(601)">Skin.SetFile(HomeFav.1.Icon,.png|.jpg|.jpeg,special://skin/icons)</onclick>
            <onclick condition="Container(50).Hasfocus(602)">Skin.SetFile(HomeFav.2.Icon,.png|.jpg|.jpeg,special://skin/icons)</onclick>
            <onclick condition="Container(50).Hasfocus(603)">Skin.SetFile(HomeFav.3.Icon,.png|.jpg|.jpeg,special://skin/icons)</onclick>
            <onclick condition="Container(50).Hasfocus(604)">Skin.SetFile(HomeFav.4.Icon,.png|.jpg|.jpeg,special://skin/icons)</onclick>
            <onclick condition="Container(50).Hasfocus(605)">Skin.SetFile(HomeFav.5.Icon,.png|.jpg|.jpeg,special://skin/icons)</onclick>
            <onclick condition="Container(50).Hasfocus(401)">Skin.SetFile(HomeAddon.1.Icon,.png|.jpg|.jpeg,special://skin/icons)</onclick>
            <onclick condition="Container(50).Hasfocus(402)">Skin.SetFile(HomeAddon.2.Icon,.png|.jpg|.jpeg,special://skin/icons)</onclick>
            <onclick condition="Container(50).Hasfocus(403)">Skin.SetFile(HomeAddon.3.Icon,.png|.jpg|.jpeg,special://skin/icons)</onclick>
            <onclick condition="Container(50).Hasfocus(404)">Skin.SetFile(HomeAddon.4.Icon,.png|.jpg|.jpeg,special://skin/icons)</onclick>
            <onclick condition="Container(50).Hasfocus(405)">Skin.SetFile(HomeAddon.5.Icon,.png|.jpg|.jpeg,special://skin/icons)</onclick>
            <onclick>SetFocus(50)</onclick>
			<visible>!Container(50).HasFocus(507)</visible>
		  </control>
		  <control type="button" id="699" description="שנה פריט">
            <label>$LOCALIZE[79022]</label>
            <onclick condition="Container(50).Hasfocus(601)">RunScript(script.favourites,property=HomeFav.1)</onclick>
            <onclick condition="Container(50).Hasfocus(602)">RunScript(script.favourites,property=HomeFav.2)</onclick>
            <onclick condition="Container(50).Hasfocus(603)">RunScript(script.favourites,property=HomeFav.3)</onclick>
            <onclick condition="Container(50).Hasfocus(604)">RunScript(script.favourites,property=HomeFav.4)</onclick>
            <onclick condition="Container(50).Hasfocus(605)">RunScript(script.favourites,property=HomeFav.5)</onclick>
            <onclick condition="Container(50).Hasfocus(401)">Skin.SetAddon(HomeAddon.1.Label,xbmc.python.pluginsource)</onclick>
            <onclick condition="Container(50).Hasfocus(401)">Skin.Reset(HomeAddon.1.Icon)</onclick>
            <onclick condition="Container(50).Hasfocus(402)">Skin.SetAddon(HomeAddon.2.Label,xbmc.python.pluginsource)</onclick>
            <onclick condition="Container(50).Hasfocus(402)">Skin.Reset(HomeAddon.2.Icon)</onclick>
            <onclick condition="Container(50).Hasfocus(403)">Skin.SetAddon(HomeAddon.3.Label,xbmc.python.pluginsource)</onclick>
            <onclick condition="Container(50).Hasfocus(403)">Skin.Reset(HomeAddon.3.Icon)</onclick>
            <onclick condition="Container(50).Hasfocus(404)">Skin.SetAddon(HomeAddon.4.Label,xbmc.python.pluginsource)</onclick>
            <onclick condition="Container(50).Hasfocus(404)">Skin.Reset(HomeAddon.4.Icon)</onclick>
            <onclick condition="Container(50).Hasfocus(405)">Skin.SetAddon(HomeAddon.5.Label,xbmc.python.pluginsource)</onclick>
            <!--<onclick>SetFocus(50)</onclick>-->
			<visible>!Container(50).HasFocus(507)</visible>
		  </control>
		  <control type="button" id="700" description="שנה תמונת רקע">
            <label>שנה תמונת רקע</label>
            <onclick condition="Container(50).Hasfocus(507)">Skin.SetPath(picturesPath[,value])</onclick>
            <onclick>SetFocus(50)</onclick>
			<visible>Container(50).HasFocus(507)</visible>
		  </control>
		  <control type="button" id="701" description="הפעל/נטרל">
            <label>$LOCALIZE[24021]/$LOCALIZE[24022]</label>
            <onclick condition="Container(50).Hasfocus(507)">Skin.ToggleSetting(pictures)</onclick>
            <onclick>SetFocus(50)</onclick>
			<visible>Container(50).HasFocus(507)</visible>
		  </control>  
	  </control>
    </control>
  </controls>
</window>