<?xml version="1.0" encoding="UTF-8"?>
<window id="1000" description="">
  <defaultcontrol always="true"></defaultcontrol>
  <onload condition="!System.HasAlarm(timeout)">AlarmClock(timeout,Action(Back),00:10,silent)</onload>
  <onunload>CancelAlarm(timeout,true)</onunload>
  <onunload condition="!IsEmpty(Window(home).Property(1000progress)">ClearProperty(1000progress,home)</onunload>
  <onunload condition="!IsEmpty(Window(home).Property(1000title)">ClearProperty(1000title,home)</onunload>
  <onunload condition="!IsEmpty(Window(home).Property(1000comment)">ClearProperty(1000comment,home)</onunload>
  
  <controls>
    <control type="label" description="אנא המתן">
	  <include>LabelC11</include>
	  <!--<posx>960</posx>
	  <posy>540</posy>-->
	  <height>1080</height>
	  <width>1920</width>
	  <label>$LOCALIZE[31407]</label>
	</control>
	<control type="label" description="כותרת + התקדמות">
	  <textcolor>Yellow</textcolor>
	  <include>LabelC10</include>
	  <!--<posx>960</posx>-->
	  <posy>60</posy>
	  <height>1080</height>
	  <width>1920</width>
	  <label>$INFO[Window(home).Property(1000title)]   $INFO[Window(home).Property(1000progress)]</label>
	  <visible>!IsEmpty(Window(home).Property(1000title)) | IntegerGreaterThan(Window(home).Property(1000progress),0)</visible>
	</control>
	<control type="label" description="הערות">
	  <include>LabelC5</include>
	  <!--<posx>960</posx>-->
	  <posy>120</posy>
	  <height>1080</height>
	  <width>1920</width>
	  <label>$INFO[Window(home).Property(1000comment)]</label>
	  <visible>!IsEmpty(Window(home).Property(1000comment))</visible>
	</control>
	
	<control type="grouplist">
	    <visible>false</visible>
		<posx>40</posx>
		<posy>80</posy>
		<itemgap>0</itemgap>
		<orientation>horizontal</orientation>
		<height>50</height>
		<width>1920</width>
		<control type="label" description="זיכרון פנוי">
		  <include>LabelL1</include>
		  <label>System Free Memory: $INFO[System.FreeMemory]</label>
		  <visible>!IsEmpty(System.FreeMemory)</visible>
		</control>
		
	</control>
	
	<control type="grouplist">
		<visible>false</visible>
		<posx>40</posx>
		<posy>130</posy>
		<itemgap>0</itemgap>
		<orientation>horizontal</orientation>
		<height>100</height>
		<width>1920</width>
		<control type="label" description="זיכרון פנוי">
		  <include>LabelL1</include>
		  <label>[Color=Red]If value keep changing, your device is not stuck![/COLOR]</label>
		  <visible>!IsEmpty(System.FreeMemory)</visible>
		</control>
		
	</control>
	
	
  </controls>
</window>