<?xml version='1.0' encoding='UTF-8' standalone='yes'?>
<addon id="skin.HTPT" version="2.3.7" name="HTPT" provider-name="Gal Kahalani">
  <requires>
    <import addon="xbmc.gui" version="5.0.1"/>
    <import addon="script.favourites" version="3.2.5"/>
    <import addon="service.skin.widgets" version="0.0.29"/>
  </requires>
  <extension point="xbmc.gui.skin" defaultthemename="Textures.xbt" effectslowdown="1" debugging="false">
        <res width="1920" height="1080" aspect="16:9" default="true" folder="1080i"/>
    </extension>
  <extension point="xbmc.addon.metadata">
    <platform>all</platform>
    <summary lang="en"></summary>
    <summary lang="he"></summary>
    <description lang="en">HTPT - because not all is self-evident</description>
    <disclaimer>HTPT Support: 0547393531</disclaimer>
  </extension>
</addon>
