<?xml version="1.0" encoding="UTF-8"?>
<window type="dialog" id="1131">
  <onload condition="!Skin.HasSetting(Admin)">Dialog.Close(1131)</onload>
  <controls>
    <control type="group" description="Center menu 9000 group">
      <control type="image">
        <posx>605.5</posx>
        <posy>155</posy>
        <width>700</width>
        <height>700</height>
        <texture border="40">buttons/ButtonE2.png</texture>
      </control>
      <control type="grouplist" description="admin">
		 <height>700</height>
		 <posx>625.5</posx>
		 <posy>155</posy>
		 <itemgap>-40</itemgap>
		 <width>660</width>
		 <visible>Skin.HasSetting(Admin) + !Skin.HasSetting(Admin2)</visible>
		 <control type="label" id="700100" description="שגיאה">  
           <font>size18</font>
		   <label>$VAR[VERROR]</label>
         </control>
		 <!--<control type="label" description="">  
           <font>size18</font>
		   <label>IsTV/IsMovie: $INFO[Skin.HasSetting(IsTV)]/$INFO[Skin.HasSetting(IsMovie)]</label>
		   <visible>Skin.HasSetting(IsTV) | Skin.HasSetting(IsMovie)</visible>
         </control>-->
		 <control type="label" description="">  
           <font>size18</font>
		   <label>homebuttonsrunning: $INFO[Skin.HasSetting(homebuttonsrunning)]</label>
		   <textcolor>Blue</textcolor>
		   <visible>Skin.HasSetting(homebuttonsrunning)</visible>
         </control>
		 <control type="label" description="">  
		   <font>size18</font>
		   <label>refreshrunnings: $INFO[Skin.HasSetting(refreshrunnings)]</label>
		   <textcolor>Blue</textcolor>
		   <visible>Skin.HasSetting(refreshrunnings)</visible>
         </control>
		 <control type="label" description="">  
           <font>size18</font>
		   <label>HTPTv: $INFO[Skin.String(HTPTv)] ($INFO[System.AddonVersion(skin.htpt)]) HTPTu: $INFO[Skin.HasSetting(HTPTu)]</label>
		   <textcolor>Yellow</textcolor>
		   <visible>true</visible>
         </control>
		 <control type="label" description="">
		   <font>size18</font>
           <label>ConnectionStatus2: $INFO[Skin.String(ConnectionStatus2)]</label>
		   <visible>Skin.String(ConnectionStatus2)</visible>
         </control>
		 <!--<control type="label" description="">
		   <font>size18</font>
           <label>ConnectionStatus3: $INFO[Skin.HasSetting(ConnectionStatus3)]</label>
		   <visible>Skin.HasSetting(ConnectionStatus3)</visible>
         </control>-->
		 <control type="label" description="">
		   <font>size18</font>
           <label>VALIDATION5: $INFO[Skin.String(VALIDATION5)]</label>
		   <visible>!Skin.String(VALIDATION5,3)</visible>
         </control>
		 <control type="label" description="">  
           <font>size18</font>
		   <label>DialogSelectSources: $INFO[Skin.String(DialogSelectSources)]</label>
		   <visible>Skin.String(DialogSelectSources)</visible>
         </control>
		 <control type="label" description="">  
           <font>size18</font>
		   <label>DialogSelectSources2: $INFO[Skin.String(DialogSelectSources2)]</label>
		   <visible>Skin.String(DialogSelectSources2)</visible>
         </control>
		 <control type="label" description="">  
           <font>size18</font>
		   <label>DialogSelectSources3: $INFO[Skin.String(DialogSelectSources3)]</label>
		   <visible>Skin.String(DialogSelectSources3)</visible>
         </control>
		 <control type="label" description="">  
           <font>size18</font>
		   <label>DialogSelectSources5: $INFO[Skin.String(DialogSelectSources5)]</label>
		   <visible>Skin.String(DialogSelectSources5)</visible>
         </control>
		 <control type="label" description="">  
           <font>size18</font>
		   <height>100</height>
		   <label>AutoPlayPause: $INFO[Skin.HasSetting(AutoPlayPause)] | DialogSelectFirst: $INFO[Skin.HasSetting(DialogSelectFirst)] </label>
		   <visible>Skin.HasSetting(AutoPlayPause) | Skin.HasSetting(DialogSelectFirst)</visible>
         </control>
		 <control type="label" description="">  
           <font>size18</font>
		   <height>100</height>
		   <label>Test: $INFO[Skin.String(Test)]</label>
		   <visible>Skin.String(Test)</visible>
         </control>
		 <control type="label" description="">  
           <font>size18</font>
		   <height>100</height>
		   <label>Test2: $INFO[Skin.String(Test2)]</label>
		   <visible>Skin.String(Test2)</visible>
         </control>
		 <control type="label" description="">  
           <font>size18</font>
		   <label>Test3: $INFO[Skin.String(Test3)]</label>
		   <visible>Skin.String(Test3)</visible>
         </control>
		 <control type="label" description="">  
           <font>size18</font>
		   <label>CountWait: $INFO[Skin.String(CountWait)]</label>
		   <visible>Skin.String(CountWait)</visible>
         </control>
		 <control type="label" description="">  
           <font>size18</font>
		   <label>CustomVAR: $INFO[Skin.String(CustomVAR)]</label>
		   <visible>Skin.String(CustomVAR)</visible>
         </control>
		 <control type="label" description="">  
           <font>size18</font>
		   <label>MAC: $INFO[Skin.String(MAC)]</label>
		   <!--<visible>Skin.String(MAC)</visible>-->
         </control>
		 <control type="label" description="">  
           <font>size18</font>
		   <label>Network.MacAddress: $INFO[Network.MacAddress]</label>
		   <!--<visible>!IsEmpty(Network.MacAddress)</visible>-->
         </control>
		 <control type="label" description="">  
           <font>size18</font>
		   <label>SystemTime1/2: $INFO[Skin.String(SystemTime1)]/$INFO[Skin.String(SystemTime2)]</label>
		   <visible>Window.IsVisible(Startup.xml) + [Skin.String(SystemTime1) | Skin.String(SystemTime2)]</visible>
         </control>
		 
	  </control>
    </control>
  </controls>
</window>