<?xml version="1.0" encoding="UTF-8"?>
<window type="window" description="חלון בחירה (2000)">
  <defaultcontrol always="false">3</defaultcontrol>
  <allowoverlay>no</allowoverlay>
  <onload condition="[!Skin.HasSetting(Admin) | Skin.HasSetting(Admin) + Skin.HasSetting(Admin2)] + SubString(Control.GetLabel(1),$LOCALIZE[166])">Dialog.Close(selectdialog)</onload>
  <onload condition="Skin.HasSetting(AutoPlayPlus) + !SubString(Control.GetLabel(1),Genesis) + Skin.HasSetting(Admin) + !Skin.HasSetting(refreshrunnings) + Skin.String(DialogSelectSources3) + Skin.HasSetting(DialogSelectFirst)">Notification(Admin,!SubString(Control.GetLabel(1),Genesis),2000)</onload>
  <onload condition="Skin.HasSetting(AutoPlayPlus) + Skin.String(DialogSelectSources3) + Skin.HasSetting(DialogSelectFirst)">AlarmClock(dialogselectfirst1,Dialog.Close(selectdialog),0,silent)</onload> <!--Dialog.Close(selectdialog)-->
  <onload condition="Skin.HasSetting(AutoPlayPlus) + SubString(Control.GetLabel(1),Genesis) + Player.HasVideo">Action(Stop)</onload>
  <onload condition="Skin.HasSetting(AutoPlayPlus) + SubString(Control.GetLabel(1),Genesis) + Skin.HasSetting(Admin) + !Skin.HasSetting(refreshrunnings) + !Skin.HasSetting(DialogSelectFirst)">Notification(Admin: refresh,-loading,1000)</onload>
  <onload condition="Skin.HasSetting(AutoPlayPlus) + SubString(Control.GetLabel(1),Genesis) + Skin.HasSetting(Admin) + Skin.HasSetting(refreshrunnings) + !Skin.HasSetting(DialogSelectFirst)">Notification(Admin: refresh,already running!,1000)</onload>
  <onload condition="Skin.HasSetting(AutoPlayPlus) + SubString(Control.GetLabel(1),Genesis) + Skin.HasSetting(refreshrunnings) + !Skin.HasSetting(DialogSelectFirst)">Skin.ToggleSetting(refreshrunnings)</onload>
  <onload condition="Skin.HasSetting(AutoPlayPlus) + SubString(Control.GetLabel(1),Genesis) + Skin.HasSetting(refreshrunnings) + !Skin.HasSetting(DialogSelectFirst)">AlarmClock(dialogselectfirst1,Dialog.Close(selectdialog),0,silent)</onload>
  <onload condition="Skin.HasSetting(AutoPlayPlus) + SubString(Control.GetLabel(1),Genesis) + !Skin.HasSetting(refreshrunnings) + !Skin.HasSetting(DialogSelectFirst)">RunScript(special://skin/specials/scripts/refresh.py)</onload>
  <!--<onunload condition="Skin.HasSetting(AutoPlayPlus) + Skin.HasSetting(Admin) + SubString(Control.GetLabel(1),Genesis) + !Player.HasVideo + !Skin.HasSetting(refreshrunnings)">Notification(Admin: refresh,-loading,1000)</onunload>
  <onunload condition="Skin.HasSetting(AutoPlayPlus) + SubString(Control.GetLabel(1),Genesis) + !Player.HasVideo + !Skin.HasSetting(refreshrunnings)">RunScript(special://skin/specials/scripts/refresh.py)</onunload>-->
  <!--<onload condition="SubString(Control.GetLabel(1),Genesis) + Player.HasVideo + Skin.HasSetting(refreshrunnings)">Dialog.Close(selectdialog)</onload>-->
  <onunload condition="Window.IsVisible(DialogVideoInfo.xml) + !SubString(Control.GetLabel(1),Genesis)">Dialog.Close(movieinformation)</onunload>
  <onunload condition="Skin.HasSetting(AutoPlayPlus) + Skin.String(DialogSelectSources3) + Skin.HasSetting(DialogSelectFirst)">Skin.ToggleSetting(DialogSelectFirst)</onunload>
  <onunload condition="Skin.HasSetting(AutoPlayPlus) + !SubString(Control.GetLabel(1),Genesis) + Skin.String(DialogSelectSources3) + !Skin.HasSetting(refreshrunnings) + Skin.HasSetting(DialogSelectFirst)">AlarmClock(dialogselectfirst,Action(Select),0,silent)</onunload>
  <controls>
    <include>TopInformation</include>
    <include>LeftMenuDialogSelect</include>
  </controls>
</window>