<?xml version="1.0" encoding="UTF-8"?>
<window type="dialog" id="1136" description="סרטים ישראלים">
  <defaultcontrol always="true">100</defaultcontrol>
  <controls>
    <include>Fade5</include>
	<control type="group" description="Side menu 9000 group">
      <posx>720</posx>
      <posy>310</posy>
      <visible allowhiddenfocus="false">true</visible>
      <control type="image" description="מסגרת">
        <include>Fade_CenterMenuOverlay</include>
		<height>480</height>
        <texture border="40">buttons/ButtonE2.png</texture>
		<width>480</width>
      </control>
	  <control type="grouplist" id="9000">
		<onright>Close</onright>
		<onleft>Close</onleft>
		<onup>9000</onup>
		<ondown>9000</ondown>
		  <control type="button" id="100" description="חזור"> 
			<label>--></label>
			<onclick>Close</onclick>
		  </control>		  
		  <control type="button" id="99" description="">
			<visible>false</visible>
			<font>Size42</font>
			<height>110</height>
			<label></label>
			<onclick></onclick>
		  </control>
		  <control type="button" id="101" description="סרטים ישראלים 1">
			<font>Size42</font>
			<height>110</height>
			<label>$LOCALIZE[78958] 1</label>
			<!--<onclick>ActivateWindow(10025,plugin://plugin.video.wallaNew.video/?mode=2&module=wallavod&name=%d7%99%d7%a9%d7%a8%d7%90%d7%9c%d7%99%20(98)&url=genre%3dmovies%26genreId%3d6260,return)</onclick>-->
			<onclick>dialog.close(1136)</onclick>
			<onclick condition="System.HasAddon(plugin.video.wallaNew.video)">ActivateWindow(10025,plugin://plugin.video.wallaNew.video/?mode=2&amp;module=wallavod&amp;name=%d7%99%d7%a9%d7%a8%d7%90%d7%9c%d7%99%20(122)&amp;url=genre%3dmovies%26genreId%3d6260,return)</onclick>
		    <onclick condition="!System.HasAddon(plugin.video.wallaNew.video)">Notification($LOCALIZE[79195],$LOCALIZE[79154],4000)</onclick>
		    <onclick condition="!System.HasAddon(plugin.video.wallaNew.video)">ActivateWindow(10025,plugin://plugin.video.wallaNew.video,return)</onclick>
		  </control>
		  <control type="button" id="102" description="סרטים ישראלים 2">
			<font>Size42</font>
			<height>110</height>
			<label>$LOCALIZE[78958] 2</label>
			<onclick>dialog.close(1136)</onclick>
			<onclick condition="System.HasAddon(plugin.video.movixws)">ActivateWindow(10025,plugin://plugin.video.movixws/?iconimage=http%3a%2f%2fupload.wikimedia.org%2fwikipedia%2fcommons%2fthumb%2fd%2fd4%2fFlag_of_Israel.svg%2f250px-Flag_of_Israel.svg.png&mode=2&name=Israeli%20-%20%d7%99%d7%a9%d7%a8%d7%90%d7%9c%d7%99&url=http%3a%2f%2fwww.movix.me%2fgenres%2fisraeli,return)</onclick>
		    <onclick condition="!System.HasAddon(plugin.video.movixws)">Notification($LOCALIZE[79195],$LOCALIZE[79154],4000)</onclick>
		    <onclick condition="!System.HasAddon(plugin.video.movixws)">ActivateWindow(10025,plugin://plugin.video.movixws,return)</onclick>
		  </control>
		  <control type="button" id="103" description="סרטים ישראלים 3">
			<font>Size42</font>
			<height>110</height>
			<label>$LOCALIZE[78958] 3</label>
			<onclick>dialog.close(1136)</onclick>
			<onclick condition="System.HasAddon(plugin.video.10qtv)">ActivateWindow(10025,plugin://plugin.video.10qtv/?mode=6&name=%d7%99%d7%a9%d7%a8%d7%90%d7%9c%d7%99&url=http%3a%2f%2fwww.10q.tv%2fboard%2ffilmy%2fishrali%2f11,return)</onclick>
		    <onclick condition="!System.HasAddon(plugin.video.10qtv)">Notification($LOCALIZE[79195],$LOCALIZE[79154],4000)</onclick>
		    <onclick condition="!System.HasAddon(plugin.video.10qtv)">ActivateWindow(10025,plugin://plugin.video.10qtv,return)</onclick>
		  </control>
	  </control>
    </control>
  </controls>
</window>