<?xml version="1.0" encoding="UTF-8"?>
<window description="(136)">
  <defaultcontrol always="true">-</defaultcontrol>
  <!--<onload condition="[StringCompare(Control.GetLabel(1),Genesis) | SubString(ListItem.Path,special://userdata/library/)] + Window.IsVisible(MyVideoNav.xml) + !Window.IsVisible(DialogVideoInfo.xml) + !IsEmpty(ListItem.TVShowTitle) + !IntegerGreaterThan(ListItem.Season,9) + !IntegerGreaterThan(ListItem.Episode,9) + [IntegerGreaterThan(ListItem.Episode,0)]">Skin.SetString(DialogSelectSources3,$INFO[ListItem.TVShowTitle] S0$INFO[ListItem.Season] E0$INFO[ListItem.Episode])</onload>	<onload condition="[StringCompare(Control.GetLabel(1),Genesis) | SubString(ListItem.Path,special://userdata/library/)] + Window.IsVisible(MyVideoNav.xml) + !Window.IsVisible(DialogVideoInfo.xml) + !IsEmpty(ListItem.TVShowTitle) + !IntegerGreaterThan(ListItem.Season,9) + IntegerGreaterThan(ListItem.Episode,9)">Skin.SetString(DialogSelectSources3,$INFO[ListItem.TVShowTitle] S0$INFO[ListItem.Season] E$INFO[ListItem.Episode])</onload>
  <onload condition="[StringCompare(Control.GetLabel(1),Genesis) | SubString(ListItem.Path,special://userdata/library/)] + Window.IsVisible(MyVideoNav.xml) + !Window.IsVisible(DialogVideoInfo.xml) + !IsEmpty(ListItem.TVShowTitle) + IntegerGreaterThan(ListItem.Season,9) + !IntegerGreaterThan(ListItem.Episode,9) + [IntegerGreaterThan(ListItem.Episode,0)]">Skin.SetString(DialogSelectSources3,$INFO[ListItem.TVShowTitle] S$INFO[ListItem.Season] E0$INFO[ListItem.Episode])</onload>
  <onload condition="[StringCompare(Control.GetLabel(1),Genesis) | SubString(ListItem.Path,special://userdata/library/)] + Window.IsVisible(MyVideoNav.xml) + !Window.IsVisible(DialogVideoInfo.xml) + !IsEmpty(ListItem.TVShowTitle) + IntegerGreaterThan(ListItem.Season,9) + IntegerGreaterThan(ListItem.Episode,9)">Skin.SetString(DialogSelectSources3,$INFO[ListItem.TVShowTitle] S$INFO[ListItem.Season] E$INFO[ListItem.Episode])</onload>
  <onload condition="[StringCompare(Control.GetLabel(1),Genesis) | SubString(ListItem.Path,special://userdata/library/)] + Window.IsVisible(MyVideoNav.xml) + !Window.IsVisible(DialogVideoInfo.xml) + !IsEmpty(ListItem.Year) + IsEmpty(ListItem.TVShowTitle)">Skin.SetString(DialogSelectSources3,$INFO[ListItem.Title]) ($INFO[ListItem.Year])</onload>-->
  <!--<onload condition="System.HasAddon(service.htpt.fix) + [System.IdleTime(1) | Window.IsVisible(mainWindow.xml)]">RunScript(service.htpt.fix,,?mode=10)</onload>-->
  
  <!--<onload condition="!Skin.HasSetting(Admin)">AlarmClock(busycount,Dialog.Close(busydialog),00:40,silent)</onload>
  <onload condition="Skin.HasSetting(Admin)">AlarmClock(busycount,Dialog.Close(busydialog),00:40)</onload>
  <onunload condition="!Skin.HasSetting(Admin)">CancelAlarm(busycount,silent)</onunload>
  <onunload condition="Skin.HasSetting(Admin)">CancelAlarm(busycount)</onunload>-->
  
  <!--<onload condition="Window.IsVisible(mainWindow.xml)">AlarmClock(busydialog,Dialog.Close(busydialog),00:01,silent)</onload>
  <onload condition="Window.IsVisible(mainWindow.xml) + Skin.HasSetting(Admin)">AlarmClock(busydialog,Notification(Admin,Window.IsVisible(mainWindow.xml),1000),0,silent)</onload>
  <onunload condition="Window.IsVisible(mainWindow.xml)">AlarmClock(busydialog,Dialog.Close(busydialog),00:01,silent)</onunload>
  <onunload condition="Window.IsVisible(mainWindow.xml) + Skin.HasSetting(Admin)">AlarmClock(busydialog,Notification(Admin,Window.IsVisible(mainWindow.xml),1000),0,silent)</onunload>-->
  <onunload condition="Skin.String(General_CustomVAR,12)">Skin.SetString(General_CustomVAR,"")</onunload>
  <controls>
    <include>MenuDesign_Bottom</include>
  </controls>
</window>