<?xml version="1.0" encoding="UTF-8"?>
<window>
  <defaultcontrol always="true">9000</defaultcontrol>
  <allowoverlay>yes</allowoverlay>
  <onload condition="Window(home).Property(ReloadSkin)">AlarmClock(Hide,ClearProperty(ReloadSkin,home),00:01,silent)</onload>
  <onload condition="Skin.HasSetting(VALIDATION)">Skin.ToggleSetting(VALIDATION)</onload>
  <onload condition="Skin.HasSetting(VALIDATION2)">Skin.ToggleSetting(VALIDATION2)</onload>
  <include>ReloadSkin_Check</include>
  <!--<onload condition="!Skin.String(Skin_Name,skin.htpt) + System.HasAddon(script.htpt.smartbuttons) + !Window.Previous(Startup.xml)">Skin.SetString(Skin_Name,skin.htpt)</onload>
  <onload condition="!Skin.String(Skin_Name,skin.htpt) + System.HasAddon(script.htpt.smartbuttons)+ !Window.Previous(Startup.xml)">Notification(Installation almost done!, Please wait, 3000)</onload>-->
  <!--<onload condition="!Skin.String(Skin_Name,skin.htpt) + System.HasAddon(script.htpt.smartbuttons)+ !Window.Previous(Startup.xml) + !Skin.HasSetting(Admin)">RunScript(script.htpt.smartbuttons,,?mode=50)</onload>-->
  <!--<onload condition="!Skin.String(Skin_Name,skin.htpt) + System.HasAddon(script.htpt.smartbuttons)+ !Window.Previous(Startup.xml)">RunScript(script.htpt.install,,?mode=27)</onload>-->
  <!--<onload description="mainmenu" condition="true">RunScript(script.skinshortcuts,type=buildxml&amp;mainmenuID=9000&amp;levels=0)</onload>-->
  <!--<onload description="submenu" >RunScript(script.skinshortcuts,type=buildxml&amp;mainmenuID=9000&amp;group=[SubContent100]|[SubContent101]|[SubContent102])</onload>-->
  <onload condition="!IsEmpty(Window(home).Property(ViewsSettings))">ClearProperty(ViewsSettings,home)</onload>
  <include>onunload_ClearProperty_MainMenu</include>
  <include>onunload_ClearProperty_SubMenu</include>
  <controls>
	<include>Backgrounds1</include>
	<include>Design_TopButtons</include>
	<include>Menu_Home</include>
	<include>Widget_Home</include>
    
	<include>TopVideoInformation</include>
	<include>TopInformation</include>
  </controls>
</window>