<?xml version="1.0" encoding="UTF-8"?>
<includes>
  <include name="SetProperty_Center" description="">
    <control type="button">
	  <onfocus description="SubButton.ID_BASE" condition="Window.IsVisible(Custom1138.xml) + !Window.IsVisible(Custom1139.xml)">SetProperty(SubButton.ID_,$INFO[Container(9005).ListItemNoWrap(0).Property(id)],home)</onfocus>
	  <onfocus description="Previous_SubButton.ID_BASE" condition="Window.IsVisible(Custom1138.xml) + !Window.IsVisible(Custom1139.xml)">SetProperty(Previous_SubButton.ID_,$INFO[Container(9005).ListItemNoWrap(-1).Property(id)],home)</onfocus>
	  <onfocus description="Next_SubButton.ID_BASE" condition="Window.IsVisible(Custom1138.xml) + !Window.IsVisible(Custom1139.xml)">SetProperty(Next_SubButton.ID_,$INFO[Container(9005).ListItemNoWrap(1).Property(id)],home)</onfocus>
	  
	  <onfocus description="SubButton.ID" condition="Window.IsVisible(Custom1138.xml) + !Window.IsVisible(Custom1139.xml)">SetProperty(SubButton.ID,$INFO[Container(9005).ListItem(0).Label2],home)</onfocus>
	  <onfocus description="Previous_SubButton.ID" condition="Window.IsVisible(Custom1138.xml) + !Window.IsVisible(Custom1139.xml)">SetProperty(Previous_SubButton.ID,$INFO[Container(9005).ListItem(-1).Label2],home)</onfocus>
	  <onfocus description="Next_SubButton.ID" condition="Window.IsVisible(Custom1138.xml) + !Window.IsVisible(Custom1139.xml)">SetProperty(Next_SubButton.ID,$INFO[Container(9005).ListItem(1).Label2],home)</onfocus>
	  
	  <onfocus description="SubButton.Name" condition="Window.IsVisible(Custom1138.xml) + !Window.IsVisible(Custom1139.xml)">SetProperty(SubButton.Name,$INFO[System.CurrentControl],home)</onfocus>

	  <visible>false</visible>
	</control>
  </include>
  <include name="MenuDesign_Center" description="ברירת מחדל">
    
	<control type="group" description="חלון הגדרות כפתור">
      <posx>720</posx>
      <posy>310</posy>
      <control type="image" description="מסגרת">
        <include>Fade_CenterMenuOverlay</include>
		<height>480</height>
        <!--<texture border="20" colordiffuse="$VAR[MenuColor]">buttons/ButtonE0.png</texture>-->
		<texture border="20" colordiffuse="$VAR[MenuColor]">buttons/ButtonE0.png</texture>
		<width>480</width>
      </control>
	  <control type="grouplist" id="9005">
		<onright>noop</onright>
		<onleft>noop</onleft>
		<onup>9005</onup>
		<ondown>9005</ondown>
		<height>460</height>
		<width>480</width>
		<scrolltime>40</scrolltime>
		<control type="button" id="1" description="חזור"> 
		  <height>75</height>
		  <label>--></label>
		  <onclick>Close</onclick>
		</control>
		
		<include description="קישור כפתור מוזיקה" condition="Window.IsVisible(Custom1121.xml)">CenterMenuContent_1121</include>
	  </control>
    </control>
  </include>
  
  <include name="MenuDesign_Center2" description="ברירת מחדל">
    
	<control type="group" description="חלון הגדרות כפתור">
      <posx>720</posx>
      <posy>310</posy>
      <control type="image" description="מסגרת">
        <include>Fade_CenterMenuOverlay</include>
		<height>480</height>
        <!--<texture border="20" colordiffuse="$VAR[MenuColor]">buttons/ButtonE0.png</texture>-->
		<texture border="20" colordiffuse="$VAR[MenuColor]">buttons/ButtonE0.png</texture>
		<width>480</width>
      </control>
	  <control type="list" id="9005">
		<onright>noop</onright>
		<onleft>noop</onleft>
		<onup>9005</onup>
		<ondown>9005</ondown>
		<height>460</height>
		<width>460</width>
		<posx>10</posx>
		<posy>10</posy>
		<scrolltime>40</scrolltime>
		<include>MenuDesign_Center2_</include>
		
		<content>
		  <!--<include>skinshortcuts-group-[SubContent100]</include>-->
		  <include condition="Window.IsVisible(Custom1138.xml) + !Window.IsVisible(Custom1139.xml) + !IsEmpty(Window(home).Property(Button.ID_) + !StringCompare(Window(home).Property(Button.ID),N/A)">SubContent_X90</include>
		  <include condition="Window.IsVisible(Custom1138.xml) + !Window.IsVisible(Custom1139.xml) + StringCompare(Window(home).Property(Button.ID),70)">SubContent_70</include>
		  <include condition="Window.IsVisible(Custom1138.xml) + !Window.IsVisible(Custom1139.xml) + StringCompare(Window(home).Property(Button.ID),71)">SubContent_71</include>
		  <include condition="Window.IsVisible(Custom1138.xml) + !Window.IsVisible(Custom1139.xml) + StringCompare(Window(home).Property(Button.ID),72)">SubContent_72</include>
		  <include condition="Window.IsVisible(Custom1138.xml) + !Window.IsVisible(Custom1139.xml) + StringCompare(Window(home).Property(Button.ID),73)">SubContent_73</include>
		  <include condition="Window.IsVisible(Custom1138.xml) + !Window.IsVisible(Custom1139.xml) + StringCompare(Window(home).Property(Button.ID),74)">SubContent_74</include>
		  <include condition="Window.IsVisible(Custom1138.xml) + !Window.IsVisible(Custom1139.xml) + StringCompare(Window(home).Property(Button.ID),75)">SubContent_75</include>
		  <include condition="Window.IsVisible(Custom1138.xml) + !Window.IsVisible(Custom1139.xml) + StringCompare(Window(home).Property(Button.ID),76)">SubContent_76</include>
		  <include condition="Window.IsVisible(Custom1138.xml) + !Window.IsVisible(Custom1139.xml) + StringCompare(Window(home).Property(Button.ID),77)">SubContent_77</include>
		  <include condition="Window.IsVisible(Custom1138.xml) + !Window.IsVisible(Custom1139.xml) + StringCompare(Window(home).Property(Button.ID),78)">SubContent_78</include>
		  <include condition="Window.IsVisible(Custom1138.xml) + !Window.IsVisible(Custom1139.xml) + StringCompare(Window(home).Property(Button.ID),79)">SubContent_79</include>
		  <include condition="Window.IsVisible(Custom1138.xml) + !Window.IsVisible(Custom1139.xml) + StringCompare(Window(home).Property(Button.ID),80)">SubContent_80</include>
		  <include condition="Window.IsVisible(Custom1138.xml) + !Window.IsVisible(Custom1139.xml) + StringCompare(Window(home).Property(Button.ID),81)">SubContent_81</include>
		  <include condition="Window.IsVisible(Custom1138.xml) + !Window.IsVisible(Custom1139.xml) + StringCompare(Window(home).Property(Button.ID),82)">SubContent_82</include>
		  <include condition="Window.IsVisible(Custom1138.xml) + !Window.IsVisible(Custom1139.xml) + StringCompare(Window(home).Property(Button.ID),83)">SubContent_83</include>
		  <include condition="Window.IsVisible(Custom1138.xml) + !Window.IsVisible(Custom1139.xml) + StringCompare(Window(home).Property(Button.ID),84)">SubContent_84</include>
		  <include condition="Window.IsVisible(Custom1138.xml) + !Window.IsVisible(Custom1139.xml) + StringCompare(Window(home).Property(Button.ID),85)">SubContent_85</include>
		  <include condition="Window.IsVisible(Custom1138.xml) + !Window.IsVisible(Custom1139.xml) + StringCompare(Window(home).Property(Button.ID),86)">SubContent_86</include>
		  <include condition="Window.IsVisible(Custom1138.xml) + !Window.IsVisible(Custom1139.xml) + StringCompare(Window(home).Property(Button.ID),87)">SubContent_87</include>
		  <include condition="Window.IsVisible(Custom1138.xml) + !Window.IsVisible(Custom1139.xml) + StringCompare(Window(home).Property(Button.ID),88)">SubContent_88</include>
		  <include condition="Window.IsVisible(Custom1138.xml) + !Window.IsVisible(Custom1139.xml) + StringCompare(Window(home).Property(Button.ID),89)">SubContent_89</include>
		  <include condition="Window.IsVisible(Custom1138.xml) + !Window.IsVisible(Custom1139.xml) + StringCompare(Window(home).Property(Button.ID),90)">SubContent_90</include>
		  <include condition="Window.IsVisible(Custom1138.xml) + !Window.IsVisible(Custom1139.xml) + StringCompare(Window(home).Property(Button.ID),91)">SubContent_91</include>
		  <include condition="Window.IsVisible(Custom1138.xml) + !Window.IsVisible(Custom1139.xml) + StringCompare(Window(home).Property(Button.ID),92)">SubContent_92</include>
		  <include condition="Window.IsVisible(Custom1138.xml) + !Window.IsVisible(Custom1139.xml) + StringCompare(Window(home).Property(Button.ID),93)">SubContent_93</include>
		  <include condition="Window.IsVisible(Custom1138.xml) + !Window.IsVisible(Custom1139.xml) + StringCompare(Window(home).Property(Button.ID),94)">SubContent_94</include>
		  <include condition="Window.IsVisible(Custom1138.xml) + !Window.IsVisible(Custom1139.xml) + StringCompare(Window(home).Property(Button.ID),95)">SubContent_95</include>
		  <include condition="Window.IsVisible(Custom1138.xml) + !Window.IsVisible(Custom1139.xml) + StringCompare(Window(home).Property(Button.ID),96)">SubContent_96</include>
		  <include condition="Window.IsVisible(Custom1138.xml) + !Window.IsVisible(Custom1139.xml) + StringCompare(Window(home).Property(Button.ID),97)">SubContent_97</include>
		  <include condition="Window.IsVisible(Custom1138.xml) + !Window.IsVisible(Custom1139.xml) + StringCompare(Window(home).Property(Button.ID),98)">SubContent_98</include>
		  <include condition="Window.IsVisible(Custom1138.xml) + !Window.IsVisible(Custom1139.xml) + StringCompare(Window(home).Property(Button.ID),99)">SubContent_99</include>
		  <include condition="Window.IsVisible(Custom1138.xml) + !Window.IsVisible(Custom1139.xml) + StringCompare(Window(home).Property(Button.ID),100)">SubContent_100</include>
		  <include condition="Window.IsVisible(Custom1138.xml) + !Window.IsVisible(Custom1139.xml) + StringCompare(Window(home).Property(Button.ID),101)">SubContent_101</include>
		  <include condition="Window.IsVisible(Custom1138.xml) + !Window.IsVisible(Custom1139.xml) + StringCompare(Window(home).Property(Button.ID),102)">SubContent_102</include>
		  <include condition="Window.IsVisible(Custom1138.xml) + !Window.IsVisible(Custom1139.xml) + StringCompare(Window(home).Property(Button.ID),103)">SubContent_103</include>
		  <include condition="Window.IsVisible(Custom1138.xml) + !Window.IsVisible(Custom1139.xml) + StringCompare(Window(home).Property(Button.ID),104)">SubContent_104</include>
		  <include condition="Window.IsVisible(Custom1138.xml) + !Window.IsVisible(Custom1139.xml) + StringCompare(Window(home).Property(Button.ID),105)">SubContent_105</include>
		  <include condition="Window.IsVisible(Custom1138.xml) + !Window.IsVisible(Custom1139.xml) + StringCompare(Window(home).Property(Button.ID),106)">SubContent_106</include>
		  <include condition="Window.IsVisible(Custom1138.xml) + !Window.IsVisible(Custom1139.xml) + StringCompare(Window(home).Property(Button.ID),107)">SubContent_107</include>
		  <include condition="Window.IsVisible(Custom1138.xml) + !Window.IsVisible(Custom1139.xml) + StringCompare(Window(home).Property(Button.ID),108)">SubContent_108</include>
		  <include condition="Window.IsVisible(Custom1138.xml) + !Window.IsVisible(Custom1139.xml) + StringCompare(Window(home).Property(Button.ID),109)">SubContent_109</include>
		  <include condition="Window.IsVisible(CustomHomeCustomizer.xml) + [Window.IsVisible(Custom1175.xml) | Window.IsVisible(Custom1138.xml)]">CenterMenuContent_1175</include>
		  <include condition="Window.IsVisible(CustomHomeCustomizer.xml) + Window.IsVisible(Custom1139.xml)">CenterMenuContent_1139</include>
		  
		  <include description="סרטים ישראלים" condition="StringCompare(Window(home).Property(SubButton.ID),74_93)">CenterMenuContent_1136</include>
		  <include description="טלנובלה" condition="StringCompare(Window(home).Property(SubButton.ID),74_94)">CenterMenuContent_1134</include>
		  
		</content>
		
	  </control>
    </control>
  </include>
  
  <include name="MenuDesign_Center2_" description="ברירת מחדל">
    <include>Fade20</include>
    <itemlayout height="70" width="480">
	  <control type="group">
	      <control type="image" description="מסגרת">
            <posx>-10</posx>
			<width>480</width>
            <height>70</height>
		    <texture colordiffuse="$VAR[MenuColor]" border="20">buttons/ButtonE0.png</texture>
          </control>
		  <control type="image" description="סמל">
			<include>Fade_IconOverlayButton</include>
            <aspectratio align="left">stretch</aspectratio>
		    <height>70</height>
            <texture border="20" colordiffuse="$VAR[IconUnFocusColor]">$INFO[ListItem.Thumb]</texture>
		    <visible>!IsEmpty(ListItem.Thumb)</visible>
		    <width>70</width>
		  </control>
		  <control type="image" description="OFF">
            <aspectratio align="left">stretch</aspectratio>
		    <height>70</height>
		    <texture>misc/help/off.png</texture>
		    <visible>Window.IsVisible(CustomHomeCustomizer.xml) + !IsEmpty(ListItem.Property(off))</visible>
		    <width>70</width>
          </control>
		  <control type="label" description="כותרת">
			<include>LabelC2</include>
			<posx>30</posx>
            <width>400</width>
            <height>70</height>
            <label>[B]$INFO[ListItem.Label][/B]</label>
			<visible>!SubString(ListItem.Property(id),_90) | Window.IsVisible(Home.xml)</visible>
		  </control>
		  <control type="label" description="כותרת">
			<include>LabelC2</include>
			<posx>30</posx>
            <width>400</width>
            <height>70</height>
            <label>[B]$INFO[ListItem.Label][/B]</label>
			<textcolor>Grey</textcolor>
			<visible>SubString(ListItem.Property(id),_90) + !Window.IsVisible(Home.xml)</visible>
		  </control>
		</control>
    </itemlayout>
    <focusedlayout height="70" width="480">
      <control type="group">
	    <include condition="Window.IsVisible(Custom1138.xml)">SetProperty_Center</include>
	    <control type="image" description="מסגרת">
		  <include>Fade3</include>
          <posx>-10</posx>
		  <width>480</width>
          <height>70</height>
		  <texture border="20">buttons/ButtonE.png</texture>
        </control>
        <control type="image" description="סמל">
		  <include>Fade_IconOverlayButton</include>
          <aspectratio align="left">stretch</aspectratio>
          <height>70</height>
          <texture border="20" colordiffuse="$VAR[IconFocusColor]">$INFO[ListItem.Thumb]</texture>
   	      <visible>!IsEmpty(ListItem.Thumb)</visible>
		  <width>70</width>
		</control>
		<control type="image" description="OFF">
          <aspectratio align="left">stretch</aspectratio>
		  <height>70</height>
		  <texture>misc/help/off.png</texture>
		  <visible>Window.IsVisible(CustomHomeCustomizer.xml) + !IsEmpty(ListItem.Property(off))</visible>
		  <width>70</width>
        </control>
		<control type="label" description="כותרת">
		  <animation effect="fade" start="80" end="100" time="220" delay="0">Focus</animation>
          <textcolor>Yellow</textcolor>
		  <include>LabelC1</include>
		  <posx>30</posx>
          <width>400</width>
          <height>70</height>
          <font>size28</font>
          <align>center</align>
          <label>[B]$INFO[ListItem.Label][/B]</label>
		  <visible>!SubString(ListItem.Property(id),_90) | Window.IsVisible(Home.xml)</visible>
		</control>
		<control type="label" description="כותרת">
		  <animation effect="fade" start="80" end="100" time="220" delay="0">Focus</animation>
		  <include>LabelC1</include>
		  <posx>30</posx>
          <width>400</width>
          <height>70</height>
          <font>size28</font>
          <align>center</align>
          <label>[B]$INFO[ListItem.Label][/B]</label>
		  <textcolor>Grey</textcolor>
		  <visible>SubString(ListItem.Property(id),_90) + !Window.IsVisible(Home.xml)</visible>
		</control>
		<control type="image" description="סמן בחירה 3">
		  <!--<animation condition="true" effect="fade" end="10" time="0">Conditional</animation>-->
		  <bordersize>1</bordersize>
		  <posx>-10</posx>
		  <width>480</width>
		  <height>70</height>
		  <texture border="40">misc/frames/selector.png</texture>
		  <visible>Skin.HasSetting(SelectionMarker) | [Window.IsVisible(CustomHomeCustomizer.xml) + [Window.IsVisible(Custom1175.xml) | Window.IsVisible(CustomHomeCustomizer2.xml)]]</visible>
		</control>
      </control>
    </focusedlayout>
  </include>
  
  
  <include name="onload_CheckProperty_MainMenu">
    <onload condition="IsEmpty(Window(home).Property(Button.ID)) | IsEmpty(Window(home).Property(Button.ID_))">Action(Close)</onload>
	<onload condition="String(Window(home).Property(Button.ID),TEMP)">Notification(Error,,1000)</onload>
  </include>
  
  <include name="onunload_ClearProperty_MainMenu">
    <onunload condition="!IsEmpty(Window(home).Property(TEMP))">ClearProperty(TEMP,home)</onunload>
	<onunload condition="!IsEmpty(Window(home).Property(TEMP2))">ClearProperty(TEMP2,home)</onunload>
	<onunload condition="!IsEmpty(Window(home).Property(Button.ID))">ClearProperty(Button.ID,home)</onunload>
	<onunload condition="!IsEmpty(Window(home).Property(Button.ID_))">ClearProperty(Button.ID_,home)</onunload>
	<onunload condition="!IsEmpty(Window(home).Property(Button.Name))">ClearProperty(Button.Name,home)</onunload>
  </include>
    
  <include name="CheckProperty_Menus">
    <onclick condition="IsEmpty(Window(home).Property(Button.ID)) | IsEmpty(Window(home).Property(Button.ID_))">Action(Close)</onclick>
	<onclick condition="IsEmpty(Window(home).Property(Button.ID)) | IsEmpty(Window(home).Property(Button.ID_))">Notification(Error,,1000)</onclick>
	
	<visible>!IsEmpty(Window(home).Property(Button.ID)) + !IsEmpty(Window(home).Property(Button.ID_))</visible>
	<visible>!Window.IsVisible(Custom1139.xml) | Window.IsVisible(Custom1139.xml) + !IsEmpty(Window(home).Property(SubButton.ID_))</visible>
  </include>
  
  <include name="onload_CheckProperty_SubMenu">
	 <onload condition="IsEmpty(Window(home).Property(SubButton.ID_)) | SubString(Window(home).Property(SubButton.ID_),_90)">Action(Close)</onload>
	 <onload condition="IsEmpty(Window(home).Property(SubButton.ID_))">Notification(Error,,1000)</onload>
	 <onload condition="SubString(Window(home).Property(SubButton.ID_),_90)">Notification($INFO[Window(home).Property(SubButton.Name)] $LOCALIZE[74996],$LOCALIZE[74997],1000)</onload>
  </include>
  
  <include name="onunload_ClearProperty_SubMenu">
    <onunload condition="!IsEmpty(Window(home).Property(TEMP))">ClearProperty(TEMP,home)</onunload>
	<onunload condition="!IsEmpty(Window(home).Property(TEMP2))">ClearProperty(TEMP2,home)</onunload>
	<onunload condition="!IsEmpty(Window(home).Property(SubButton.ID))">ClearProperty(SubButton.ID,home)</onunload>
	<onunload condition="!IsEmpty(Window(home).Property(SubButton.ID_))">ClearProperty(SubButton.ID_,home)</onunload>
	<onunload condition="!IsEmpty(Window(home).Property(SubButton.Name))">ClearProperty(SubButton.Name,home)</onunload>
	
	<onunload condition="!IsEmpty(Window(home).Property(Previous_SubButton.ID))">ClearProperty(Previous_SubButton.ID,home)</onunload>
	<onunload condition="!IsEmpty(Window(home).Property(Previous_SubButton.ID_))">ClearProperty(Previous_SubButton.ID_,home)</onunload>
	<onunload condition="!IsEmpty(Window(home).Property(Next_SubButton.ID))">ClearProperty(Next_SubButton.ID,home)</onunload>
	<onunload condition="!IsEmpty(Window(home).Property(Next_SubButton.ID_))">ClearProperty(Next_SubButton.ID_,home)</onunload>
  </include>
</includes>
