<?xml version="1.0" encoding="UTF-8"?>
<window id="29">
  <onload condition="Player.HasMedia">Action(Stop)</onload>
  <include condition="Skin.HasSetting(Performance) + !Player.HasVideo">Performance1</include>
  <defaultcontrol always="true">50</defaultcontrol>
  <allowoverlay>no</allowoverlay>
  <onload condition="!Skin.HasSetting(VALIDATION)">Skin.ToggleSetting(VALIDATION)</onload>
  <onload condition="!Skin.HasSetting(VALIDATION2)">Skin.ToggleSetting(VALIDATION2)</onload>
  <onload>Control.SetFocus(50)</onload>
  <controls>
    <control type="image" description="רקע בית">
		<include>Fade_TopMainBackgroundOverlay</include>
		<include>Fade12</include>
		<!--<animation condition="!Skin.HasSetting(VALIDATION2)" effect="zoom" end="150,150" center="960,560" time="1000">Conditional</animation>-->
		<texture>misc/logo/logo11.png</texture>
		<height>552</height>
		<width>1920</width>
	</control>
	<control type="image" description="רקע בית">
		<include>Fade_MainBackgroundOverlay</include>
		<texture>$VAR[MainBackgroundTexture]</texture>
		<height>552</height>
		<posy>552</posy>
		<width>1920</width>
	</control>
	<include>TopInformation</include>
	<include>RightMenuLoginScreen</include>
	<include>LeftMenuStartupMessages</include>
	<control type="group">
      <control type="image" description="Line bottom">
        <posy>490</posy>
        <width>1920</width>
        <height>1</height>
        <texture>images/Line1.png</texture>
      </control>
      <control type="group">
        <control type="panel" id="50">
          <posx>40</posx>
		  <posy>581</posy>
		  <width>1840</width>
		  <height>1040</height>
          <onleft>50</onleft>
          <onright>50</onright>
          <onup>520</onup>
          <ondown>noop</ondown>
          <itemlayout height="230" width="368">
			  <control type="group">
				<include condition="Skin.HasSetting(Performance2)">Fade10</include>
				<control type="image" description="רקע כפתור">
				  <height>180</height>
				  <posx>30</posx>
				  <posy>30</posy>
				  <texture>$INFO[ListItem.Property(color)]</texture>
				  <width>312</width>
				</control>
				<control type="image" description="אייקון">
				  <aspectratio>keep</aspectratio>
				  <height>180</height>
				  <posx>30</posx>
				  <posy>30</posy>
				  <texture diffuse="buttons/diffusehome.png">$INFO[ListItem.thumb]</texture>
				  <visible>!IsEmpty(Listitem.thumb)</visible>
				  <width>312</width>
				</control>
				<control type="image" description="צללית">
				  <animation condition="true" effect="fade" end="40" time="0">Conditional</animation>
				  <posx>30</posx>
				  <posy>30</posy>
				  <width>312</width>
				  <height>180</height>
				  <texture>buttons/backgrounds/menuiconshadow.png</texture>
				  <visible>Skin.HasSetting(ShadowButton)</visible>
				</control>
				<control type="image" description="שקופית">
				  <posx>30</posx>
				  <posy>30</posy>
				  <width>312</width>
				  <height>180</height>
				  <texture>buttons/backgrounds/overlay.png</texture>
				  <visible>Skin.HasSetting(OverlayButton)</visible>
				</control>
				<control type="label" description="כותרת">
				  <posx>0</posx>
				  <posy>220</posy>
				  <width>368</width>
				  <height>24</height>
				  <font>size28</font>
				  <align>center</align>
				  <label>[B]$INFO[ListItem.Label][/B]</label>
				</control>
			  </control>
          </itemlayout>
          <focusedlayout  height="250" width="388">
			  <control type="group">
				<include condition="Skin.HasSetting(Performance2)">Fade10</include>		  
				<control type="image" description="רקע כפתור">
				  <posx>20</posx>
				  <posy>20</posy>
				  <width>332</width>
				  <height>200</height>
				  <texture>$INFO[ListItem.Property(color)]</texture>
				</control>
				<control type="image" description="סמן בחירה 2">
				  <colordiffuse>BFFFFFFF</colordiffuse>
				  <posx>20</posx>
				  <posy>20</posy>
				  <width>332</width>
				  <height>200</height>
				  <texture>buttons/backgrounds/choosen2.png</texture>
				  <visible>Skin.HasSetting(SelectionMarker2)</visible>
				</control>
				<control type="image" description="סמן בחירה 3">
				  <!--<animation condition="true" effect="fade" end="10" time="0">Conditional</animation>-->
				  <bordersize>1</bordersize>
				  <posx>18</posx>
				  <posy>14</posy>
				  <width>335</width>
				  <height>211</height>
				  <texture border="11">misc/frames/selector.png</texture>
				  <visible>Skin.HasSetting(SelectionMarker)</visible>
				</control>
				<control type="image" description="צללית">
				  <animation condition="true" effect="fade" end="40" time="0">Conditional</animation>
				  <posx>20</posx>
				  <posy>20</posy>
				  <width>332</width>
				  <height>200</height>
				  <texture>buttons/backgrounds/menuiconshadow.png</texture>
				  <visible>Skin.HasSetting(ShadowButton)</visible>
				  <visible>false</visible>
				</control>
				<control type="image" description="אייקון">
				  <aspectratio>keep</aspectratio>
				  <height>200</height>		  
				  <posx>20</posx>
				  <posy>20</posy>
				  <texture diffuse="buttons/diffusehome.png">$INFO[ListItem.thumb]</texture>
				  <!--<visible>IsEmpty(Listitem.ActualIcon) + !IsEmpty(Listitem.thumb)</visible>-->
				  <width>332</width>
				</control>
				<control type="image" description="אייקון2">
				  <include>Fade_IconOverlayButton</include>
				  <aspectratio>keep</aspectratio>
				  <height>200</height>		  
				  <posx>20</posx>
				  <posy>20</posy>
				  <texture diffuse="buttons/diffusehome.png">$INFO[ListItem.ActualIcon]</texture>
				  <visible>!IsEmpty(Listitem.ActualIcon)</visible>
				  <width>332</width>
				</control>
				<control type="image" description="שקופית">
				  <posx>20</posx>
				  <posy>20</posy>
				  <width>332</width>
				  <height>200</height>
				  <texture>buttons/backgrounds/overlay.png</texture>
				  <visible>Skin.HasSetting(OverlayButton)</visible>
				</control>
				<control type="label" description="כותרת נבחר">
				  <animation effect="fade" start="80" end="100" time="300" delay="300">Focus</animation>
				  <textcolor>Yellow</textcolor>
				  <include>LabelC3</include>
				  <posx>0</posx>
				  <posy>220</posy>
				  <width>368</width>
				  <height>24</height>
				  <label>[B]$INFO[ListItem.Label][/B]</label>
				</control>
			  </control>
          </focusedlayout>
          <content>
			<item id="100" description="מסך התחברות">
              <visible>true</visible>
              <thumb>icons/home.png</thumb>
			  <icon>icons/home2.png</icon>
              <label>$LOCALIZE[20096]</label>
			  <onclick condition="!Skin.HasSetting(VALIDATION)">Skin.ToggleSetting(VALIDATION)</onclick>
			  <onclick condition="true">ReplaceWindow(0)</onclick>
            </item>  
            <item id="89" description="בקשה לעזרה">
              <label>$LOCALIZE[79066]</label>
			  <thumb>icons/fix.png</thumb>
			  <icon>icons/fix2.png</icon>
			  <property name="color">buttons/backgrounds/$INFO[Skin.String(color89)].png</property>
              <onclick condition="System.HasAddon(service.htpt.debug)">RunScript(service.htpt.debug,,?mode=1)</onclick>
			  <onclick condition="!System.HasAddon(service.htpt.debug) + Skin.HasSetting(Admin)">Notification(Admin,Addon is missing,1000)</onclick>
			  <onclick condition="!System.HasAddon(service.htpt.debug)">ActivateWindow(10025,plugin://service.htpt.debug,return)</onclick>
            </item>
			<item id="90" description="הגדרות">
              <thumb>icons/settings.png</thumb>
			  <icon>icons/settings2.png</icon>
			  <property name="color">buttons/backgrounds/$INFO[Skin.String(color90)].png</property>
              <label>5</label>
              <onclick>ActivateWindow(Settings.xml)</onclick>
            </item>	
			<item id="108" description="הגדרת רשת">
              <visible>true</visible>
              <thumb>icons/net.png</thumb>
			  <icon>icons/net2.png</icon>
              <label>$LOCALIZE[10128]</label>
			  <onclick>RunScript(script.htpt.smartbuttons,,?mode=41)</onclick>
            </item>
			<item id="109" description="עזרה">
              <visible>true</visible>
              <thumb>icons/help.png</thumb>
			  <icon>icons/help2.png</icon>
              <label>$LOCALIZE[10043]</label>
              <onclick>ActivateWindow(1170)</onclick>
            </item>		
            <item id="110" description="פעולת כיבוי לבחירה">
              <visible>true</visible>
              <thumb>icons/power.png</thumb>
			  <icon>icons/power2.png</icon>
              <label>351</label>
              <onclick>ActivateWindow(1191)</onclick>
            </item>
			<item id="111" description="הסרת מערכת">
              <thumb>icons/bin.png</thumb>
			  <icon>icons/bin2.png</icon>
              <label>UNINSTALL</label>
              <onclick condition="System.HasAddon(script.htpt.install)">RunScript(script.htpt.install,,?mode=21)</onclick>
			  <onclick condition="!System.HasAddon(script.htpt.install)">Notification(Admin,Addon is missing,4000)</onclick>
			  <onclick condition="!System.HasAddon(script.htpt.install)">ActivateWindow(10025,plugin://script.htpt.install,return)</onclick>
            </item>
          </content>
        </control>
      </control>
    </control>
  </controls>
</window>