<?xml version="1.0" encoding="UTF-8"?>
<window description="(28)">
  <defaultcontrol always="true">50</defaultcontrol>
  <allowoverlay>no</allowoverlay>
  <onload>close</onload>
  <controls>
<!--<include>BlackBackground</include>
    <control type="group">
	  <control type="group" description="Infolist">
        <visible>Control.IsVisible(50)</visible>
        <control type="group" description="Thumbs no info">
          <posy>240</posy>
          <animation effect="fade" time="400">Visible</animation>
          <animation effect="fade" time="0">Hidden</animation>
          <control type="image" description="Thumb Reflection">
            <posx>180</posx>
            <posy>720</posy>
            <width>621</width>
            <height>720</height>
            <include>Icon_Fade</include>
            <texture background="true" diffuse="images/Reflection0Long.png" flipy="true">$INFO[ListItem.Thumb]</texture>
            <aspectratio aligny="top">keep</aspectratio>
          </control>
          <control type="image" description="Thumb">
            <posx>180</posx>
            <posy>0</posy>
            <width>621</width>
            <height>720</height>
            <include>Icon_Fade</include>
            <texture background="true">$INFO[ListItem.Icon]</texture>
            <aspectratio aligny="bottom">keep</aspectratio>
          </control>
        </control>
        <control type="group" description="Slider and List">
          <include>LargeListItemCount</include>
          <posx>1020</posx>
      <posy>131</posy>
          <control type="fixedlist" id="50">
            <posx>0</posx>
            <posy>0</posy>
            <width>802</width>
            <height>888</height>
            <onleft>9000</onleft>
            <onright condition="Skin.HasSetting(Scrollbars_Active)">60</onright>
            <onright condition="!Skin.HasSetting(Scrollbars_Active)">9000</onright>
            <onup>50</onup>
            <ondown>50</ondown>
            <pagecontrol>60</pagecontrol>
            <viewtype label="535">50</viewtype>
            <focusposition>3</focusposition>
            <movement>4</movement>
            <preloaditems>4</preloaditems>
            <scrolltime tween="sine" easing="inout">280</scrolltime>
            <itemlayout width="802" height="111">
              
              <control type="image" description="KEEP">
                <posx>0</posx>
                <posy>0</posy>
                <height>111</height>
                <width>166</width>
                <bordersize>8</bordersize>
                <texture>$INFO[ListItem.Icon]</texture>
                <aspectratio>keep</aspectratio>
              </control>
              <control type="label" description="Main Label">
                <visible>!IsEmpty(ListItem.Artist) | !IsEmpty(ListItem.Label2)</visible>
                <posx>195</posx>
                <width>570</width>
				<posx>128</posx>
				<posy>12</posy>
				<height>50</height>
				<width>720</width>
				<textcolor>White</textcolor>
				<aligny>center</aligny>
				<font>size36</font>
				<scroll>false</scroll>
                <label>$INFO[ListItem.Label]</label>
              </control>
              <control type="label" description="Main Label">
                <visible>IsEmpty(ListItem.Artist) + IsEmpty(ListItem.Label2)</visible>
                <posy>27</posy>
                <posx>195</posx>
                <width>570</width>
				<posx>128</posx>
				<posy>12</posy>
				<height>50</height>
				<width>720</width>
				<textcolor>White</textcolor>
				<aligny>center</aligny>
				<font>size36</font>
				<scroll>false</scroll>
                <label>$INFO[ListItem.Label]</label>
              </control>
              <control type="label" description="Label2">
                <posx>195</posx>
				<posx>128</posx>
				<posy>63</posy>
				<height>33</height>
				<width>350</width>
				<font>size27</font>
				<textcolor>Grey</textcolor>
				<scroll>false</scroll>
                <label>$INFO[ListItem.Artist]</label>
              </control>
              <control type="label" description="Label2">
                <visible>IsEmpty(ListItem.Artist)</visible>
                <posx>195</posx>
				<posx>128</posx>
				<posy>63</posy>
				<height>33</height>
				<width>350</width>
				<font>size27</font>
				<textcolor>Grey</textcolor>
				<scroll>false</scroll>
                <label>$INFO[ListItem.Label2]</label>
              </control>
            </itemlayout>
            <focusedlayout width="802" height="111">
              
              <control type="image" description="KEEP">
                <posx>0</posx>
                <posy>0</posy>
                <height>111</height>
                <width>166</width>
                <bordersize>8</bordersize>
                <texture>$INFO[ListItem.Icon]</texture>
                <aspectratio>keep</aspectratio>
              </control>
              <control type="label" description="Main Label">
                <visible>!IsEmpty(ListItem.Artist) | !IsEmpty(ListItem.Label2)</visible>
                <posx>195</posx>
                <width>570</width>
				<posx>128</posx>
				<posy>12</posy>
				<height>50</height>
				<width>720</width>
				<textcolor>White2</textcolor>
				<aligny>center</aligny>
				<font>size36</font>
                <label>$INFO[ListItem.Label]</label>
              </control>
              <control type="label" description="Main Label">
                <visible>IsEmpty(ListItem.Artist) + IsEmpty(ListItem.Label2)</visible>
                <posy>27</posy>
                <posx>195</posx>
                <width>570</width>
				<posx>128</posx>
				<posy>12</posy>
				<height>50</height>
				<width>720</width>
				<textcolor>White2</textcolor>
				<aligny>center</aligny>
				<font>size36</font>
                <label>$INFO[ListItem.Label]</label>
              </control>
              <control type="label" description="Label2">
                <posx>195</posx>
				<animation effect="fade" time="200" start="50" end="100" delay="100">Focus</animation>
				<posx>128</posx>
				<posy>63</posy>
				<height>33</height>
				<width>350</width>
				<font>size27</font>
				<textcolor>White2</textcolor>
                <label>$INFO[ListItem.Artist]</label>
              </control>
              <control type="label" description="Label2">
                <visible>IsEmpty(ListItem.Artist)</visible>
                <posx>195</posx>
				<animation effect="fade" time="200" start="50" end="100" delay="100">Focus</animation>
				<posx>128</posx>
				<posy>63</posy>
				<height>33</height>
				<width>350</width>
				<font>size27</font>
				<textcolor>White2</textcolor>
                <label>$INFO[ListItem.Label2]</label>
              </control>
            </focusedlayout>
          </control>
          <include>LargeListSlider</include>
        </control>
        <include>ListFade</include>
        <control type="scrollbar" id="60">
          <posx>51r</posx>
          <posy>135</posy>
          <height>870</height>
          <onleft>50</onleft>
          <onright>noop</onright>
        </control>
      </control>
      <control type="group" description="Side menu 9000 group">
        <visible allowhiddenfocus="true">ControlGroup(9000).HasFocus()</visible>
        <control type="image" description="List back">
          <posx>459</posx>
          <posy>168</posy>
          <width>1002</width>
          <height>762</height>
          <aspectratio>stretch</aspectratio>
          <texture border="150">buttons/Dialog.png</texture>
        </control>
        <control type="grouplist" id="9000">
		<posx>675</posx>
		<posy>354</posy>
		<width>576</width>
		<height>375</height>
		<itemgap>0</itemgap>
		<onleft>50</onleft>
		<onright>50</onright>
		<onup>9000</onup>
		<ondown>9000</ondown>
		<orientation>vertical</orientation>
          <control type="radiobutton" id="20" description="Shuffle">
            <radioposx>630</radioposx>
            <include>ButtonC1</include>
            <label>191</label>
          </control>
          <control type="button" id="21" description="Save">
            <include>ButtonC1</include>
            <label>190</label>
          </control>
          <control type="button" id="22" description="Clear">
            <include>ButtonC1</include>
            <label>192</label>
          </control>
          <control type="button" id="23" description="Play">
            <include>ButtonC1</include>
            <label>208</label>
          </control>
          <control type="button" id="26" description="Repeat">
            <include>ButtonC1</include>
            <label>-</label>
          </control>
        </control>
      </control>
    </control>-->
  </controls>
</window>