<?xml version="1.0" encoding="UTF-8"?>
<window description="(146)">
  <defaultcontrol always="true">300</defaultcontrol>
  <allowoverlay>no</allowoverlay>
  <onload condition="[!Skin.HasSetting(Admin) | [Skin.HasSetting(Admin) + Skin.HasSetting(Admin2)]] + SubString(ListItem.Label,HTPT)">Close</onload>
  <onload condition="[!Skin.HasSetting(Admin) + !Skin.HasSetting(Admin2)] + !SubString(ListItem.Label,HTPT)">Close</onload>
  <onload condition="[!Skin.HasSetting(Admin) + !Skin.HasSetting(Admin2)] + !SubString(ListItem.Label,HTPT)">Notification($LOCALIZE[78957],$LOCALIZE[78956],2000)</onload>
  
  <controls>
    <include>LeftDialogAddonInfo</include>
	<include>TopVideoInformation</include>
	<include>TopInformation</include>
  </controls>
</window>