<?xml version="1.0" encoding="UTF-8"?>
<window>
	<allowoverlay>no</allowoverlay>
	<defaultcontrol always="true">120</defaultcontrol>
	<onunload condition="Skin.String(DialogSubtitles) + System.IdleTime(1)">Skin.SetString(DialogSubtitles2,$INFO[Skin.String(DialogSubtitles)])</onunload>
	<onunload condition="Skin.String(DialogSubtitles)">Skin.SetString(DialogSubtitles,)</onunload>
	<onload condition="!Skin.String(DialogSubtitles) + !Skin.String(DialogSubtitlesNA1) + Skin.String(DialogSubtitles2)">Skin.SetString(DialogSubtitlesNA1,$INFO[Skin.String(DialogSubtitles2)])</onload>
	<onload condition="!Skin.String(DialogSubtitles) + !Skin.String(DialogSubtitlesNA2) + Skin.String(DialogSubtitlesNA1) + !StringCompare(Skin.String(DialogSubtitlesNA1),Skin.String(DialogSubtitles2))">Skin.SetString(DialogSubtitlesNA2,$INFO[Skin.String(DialogSubtitles2)])</onload>
	<onload condition="!Skin.String(DialogSubtitles) + !Skin.String(DialogSubtitlesNA3) + Skin.String(DialogSubtitlesNA2) + !StringCompare(Skin.String(DialogSubtitlesNA2),Skin.String(DialogSubtitles2)) + !StringCompare(Skin.String(DialogSubtitlesNA1),Skin.String(DialogSubtitles2))">Skin.SetString(DialogSubtitlesNA3,$INFO[Skin.String(DialogSubtitles2)])</onload>
	<onload condition="!Skin.String(DialogSubtitles) + !Skin.String(DialogSubtitlesNA4) + Skin.String(DialogSubtitlesNA3) + !StringCompare(Skin.String(DialogSubtitlesNA3),Skin.String(DialogSubtitles2)) + !StringCompare(Skin.String(DialogSubtitlesNA2),Skin.String(DialogSubtitles2)) + !StringCompare(Skin.String(DialogSubtitlesNA1),Skin.String(DialogSubtitles2))">Skin.SetString(DialogSubtitlesNA4,$INFO[Skin.String(DialogSubtitles2)])</onload>
	<onload condition="!Skin.String(DialogSubtitles) + !Skin.String(DialogSubtitlesNA5) + Skin.String(DialogSubtitlesNA4) + !StringCompare(Skin.String(DialogSubtitlesNA4),Skin.String(DialogSubtitles2)) + !StringCompare(Skin.String(DialogSubtitlesNA3),Skin.String(DialogSubtitles2)) + !StringCompare(Skin.String(DialogSubtitlesNA2),Skin.String(DialogSubtitles2)) + !StringCompare(Skin.String(DialogSubtitlesNA1),Skin.String(DialogSubtitles2))">Skin.SetString(DialogSubtitlesNA5,$INFO[Skin.String(DialogSubtitles2)])</onload>
	<onload condition="!Skin.String(DialogSubtitles) + !Skin.String(DialogSubtitlesNA6) + Skin.String(DialogSubtitlesNA5) + !StringCompare(Skin.String(DialogSubtitlesNA5),Skin.String(DialogSubtitles2)) + !StringCompare(Skin.String(DialogSubtitlesNA4),Skin.String(DialogSubtitles2)) + !StringCompare(Skin.String(DialogSubtitlesNA3),Skin.String(DialogSubtitles2)) + !StringCompare(Skin.String(DialogSubtitlesNA2),Skin.String(DialogSubtitles2)) + !StringCompare(Skin.String(DialogSubtitlesNA1),Skin.String(DialogSubtitles2))">Skin.SetString(DialogSubtitlesNA6,$INFO[Skin.String(DialogSubtitles2)])</onload>
	<onload condition="!Skin.String(DialogSubtitles) + !Skin.String(DialogSubtitlesNA7) + Skin.String(DialogSubtitlesNA6) + !StringCompare(Skin.String(DialogSubtitlesNA6),Skin.String(DialogSubtitles2)) + !StringCompare(Skin.String(DialogSubtitlesNA5),Skin.String(DialogSubtitles2)) + !StringCompare(Skin.String(DialogSubtitlesNA4),Skin.String(DialogSubtitles2)) + !StringCompare(Skin.String(DialogSubtitlesNA3),Skin.String(DialogSubtitles2)) + !StringCompare(Skin.String(DialogSubtitlesNA2),Skin.String(DialogSubtitles2)) + !StringCompare(Skin.String(DialogSubtitlesNA1),Skin.String(DialogSubtitles2))">Skin.SetString(DialogSubtitlesNA7,$INFO[Skin.String(DialogSubtitles2)])</onload>
	<onload condition="!Skin.String(DialogSubtitles) + !Skin.String(DialogSubtitlesNA8) + Skin.String(DialogSubtitlesNA7) + !StringCompare(Skin.String(DialogSubtitlesNA7),Skin.String(DialogSubtitles2)) + !StringCompare(Skin.String(DialogSubtitlesNA6),Skin.String(DialogSubtitles2)) + !StringCompare(Skin.String(DialogSubtitlesNA5),Skin.String(DialogSubtitles2)) + !StringCompare(Skin.String(DialogSubtitlesNA4),Skin.String(DialogSubtitles2)) + !StringCompare(Skin.String(DialogSubtitlesNA3),Skin.String(DialogSubtitles2)) + !StringCompare(Skin.String(DialogSubtitlesNA2),Skin.String(DialogSubtitles2)) + !StringCompare(Skin.String(DialogSubtitlesNA1),Skin.String(DialogSubtitles2))">Skin.SetString(DialogSubtitlesNA8,$INFO[Skin.String(DialogSubtitles2)])</onload>
	<onload condition="!Skin.String(DialogSubtitles) + !Skin.String(DialogSubtitlesNA9) + Skin.String(DialogSubtitlesNA8) + !StringCompare(Skin.String(DialogSubtitlesNA8),Skin.String(DialogSubtitles2)) + !StringCompare(Skin.String(DialogSubtitlesNA7),Skin.String(DialogSubtitles2)) + !StringCompare(Skin.String(DialogSubtitlesNA6),Skin.String(DialogSubtitles2)) + !StringCompare(Skin.String(DialogSubtitlesNA5),Skin.String(DialogSubtitles2))  + !StringCompare(Skin.String(DialogSubtitlesNA4),Skin.String(DialogSubtitles2)) + !StringCompare(Skin.String(DialogSubtitlesNA3),Skin.String(DialogSubtitles2)) + !StringCompare(Skin.String(DialogSubtitlesNA2),Skin.String(DialogSubtitles2)) + !StringCompare(Skin.String(DialogSubtitlesNA1),Skin.String(DialogSubtitles2))">Skin.SetString(DialogSubtitlesNA9,$INFO[Skin.String(DialogSubtitles2)])</onload>
	<onload condition="!Skin.String(DialogSubtitles) + !Skin.String(DialogSubtitlesNA10) + Skin.String(DialogSubtitlesNA9) + !StringCompare(Skin.String(DialogSubtitlesNA9),Skin.String(DialogSubtitles2)) + !StringCompare(Skin.String(DialogSubtitlesNA8),Skin.String(DialogSubtitles2)) + !StringCompare(Skin.String(DialogSubtitlesNA7),Skin.String(DialogSubtitles2)) + !StringCompare(Skin.String(DialogSubtitlesNA6),Skin.String(DialogSubtitles2)) + !StringCompare(Skin.String(DialogSubtitlesNA5),Skin.String(DialogSubtitles2))  + !StringCompare(Skin.String(DialogSubtitlesNA4),Skin.String(DialogSubtitles2)) + !StringCompare(Skin.String(DialogSubtitlesNA3),Skin.String(DialogSubtitles2)) + !StringCompare(Skin.String(DialogSubtitlesNA2),Skin.String(DialogSubtitles2)) + !StringCompare(Skin.String(DialogSubtitlesNA1),Skin.String(DialogSubtitles2))">Skin.SetString(DialogSubtitlesNA10,$INFO[Skin.String(DialogSubtitles2)])</onload>
    <controls>
        <control type="group" id="250" description="ראשי">
          <posx>240</posx>
		  <posy>810</posy>
		  <control type="image" description="מסגרת">
			<aspectratio>stretch</aspectratio>
			<height>350</height>
			<posy>-50</posy>
			<width>1440</width>
			<texture border="40">buttons/ButtonE2.png</texture>
		  </control>
          <control type="group" id="111" description="קו ראשון">
		    <posy>-40</posy>
 			<control type="label" id="107" description="כמות">
			  <align>left</align>
			  <font>size18</font>
			  <height>40</height>
			  <label>($INFO[Container(120).NumItems])</label>
			  <posx>20</posx>
			  <width>70</width>
			</control>
			<control type="label" description="שם הקובץ">
			  <align>left</align>
			  <font>size18</font>
			  <height>40</height>
			  <label>$INFO[Player.Filename]</label>
			  <posx>90</posx>
			  <width>500</width>
			</control>			
			<control type="image" id="110" description="תמונה שם האתר תרגומים">
              <aspectratio>keep</aspectratio>
			  <height>47</height>
			  <posx>540</posx>
			  <width>360</width>
			  <visible>!Skin.HasSetting(Performance)</visible>
            </control>
			<control type="label" id="100" description="שם האתר תרגומים">
			  <height>40</height>
			  <font>size24</font>
			  <posx>610</posx>
			  <textcolor>Yellow</textcolor>
			  <visible>Skin.HasSetting(Performance)</visible>
			  <width>360</width>
			</control>			
			<control type="label" description="מידע מקומי נמצא">
			  <align>right</align>
			  <font>size18</font>
			  <height>40</height>
			  <label>$LOCALIZE[20446]</label>
			  <posx>1418</posx>
			  <visible>IntegerGreaterThan(Container(120).NumItems,0)</visible>
			  <width>500</width>
			</control>
          </control>
            <control type="list" id="120" description="רשימה ראשית">
                <width>1440</width>
                <height>300</height>
                <onleft>150</onleft>
				<onright>70</onright>
                <onup>70</onup>
                <ondown>noop</ondown>
                <viewtype label="535">list</viewtype>
                <pagecontrol>60</pagecontrol>
                <itemlayout width="1360" height="54">
                    <control type="image" description="מדינה">
                        <posx>20</posx>
						<width>33</width>
                        <height>54</height>
                        <aspectratio>keep</aspectratio>
                        <texture>$INFO[ListItem.Thumb,badges/countries/,.png]</texture>
                    </control>
                    <control type="label" description="שפה">
                        <posx>64</posx>
                        <width>135</width>
                        <height>54</height>
                        <font>size27</font>
                        <aligny>center</aligny>
                        <textcolor>White2</textcolor>
                        <scroll>false</scroll>
                        <align>left</align>
                        <info>ListItem.Label</info>
                    </control>
                    <control type="image" description="">
                        <posx>212</posx>
                        <width>24</width>
                        <height>54</height>
                        <aspectratio>keep</aspectratio>
                        <texture>badges/subtitles/icon_close_caption.png</texture>
                        <visible>ListItem.property(hearing_imp)</visible>
                    </control>
                    <control type="image" description="מסונכרן">
                        <posx>252</posx>
                        <width>60</width>
                        <height>54</height>
                        <aspectratio>keep</aspectratio>
                        <texture>badges/subtitles/icon_sync.png</texture>
                        <visible>ListItem.property(sync)</visible>
                    </control>
                    <control type="label" description="שם הקובץ">
                        <posx>320</posx>
                        <width>900</width>
                        <height>54</height>
                        <font>size27</font>
                        <aligny>center</aligny>
                        <textcolor>White2</textcolor>
                        <scroll>false</scroll>
                        <align>left</align>
                        <info>ListItem.Label2</info>
                    </control>
					<control type="label" description="שם הקובץ-היסטוריה">
                        <posx>320</posx>
                        <width>900</width>
                        <height>54</height>
                        <font>size27</font>
                        <aligny>center</aligny>
                        <textcolor>BlackT</textcolor>
                        <scroll>false</scroll>
                        <align>left</align>
                        <info>ListItem.Label2</info>
						<visible>StringCompare(ListItem.Label2,Skin.String(DialogSubtitlesNA1)) | StringCompare(ListItem.Label2,Skin.String(DialogSubtitlesNA2)) | StringCompare(ListItem.Label2,Skin.String(DialogSubtitlesNA3)) | StringCompare(ListItem.Label2,Skin.String(DialogSubtitlesNA4)) | StringCompare(ListItem.Label2,Skin.String(DialogSubtitlesNA5)) | StringCompare(ListItem.Label2,Skin.String(DialogSubtitlesNA6)) | StringCompare(ListItem.Label2,Skin.String(DialogSubtitlesNA7)) | StringCompare(ListItem.Label2,Skin.String(DialogSubtitlesNA8)) | StringCompare(ListItem.Label2,Skin.String(DialogSubtitlesNA9)) | StringCompare(ListItem.Label2,Skin.String(DialogSubtitlesNA10))</visible>
                    </control>
					<control type="label" description="שם הקובץ2">
                        <posx>320</posx>
                        <width>900</width>
                        <height>54</height>
                        <font>size27</font>
                        <aligny>center</aligny>
                        <textcolor>Yellow</textcolor>
                        <scroll>false</scroll>
                        <align>left</align>
                        <info>ListItem.Label2</info>
						<visible>StringCompare(ListItem.Label2,Skin.String(DialogSubtitles2))</visible>
                    </control>
                    <control type="image" description="דירוג">
                        <posx>1300</posx>
                        <width>100</width>
                        <height>54</height>
                        <colordiffuse>White2</colordiffuse>
                        <aspectratio>keep</aspectratio>
                        <texture>$INFO[ListItem.ActualIcon,badges/subtitles/rating,.png]</texture> <!--badges/$INFO[ListItem.ActualIcon].0.png-->
                    </control>
                </itemlayout>
                <focusedlayout width="1360" height="54">
                    <control type="button">
					  <onfocus>Skin.SetString(DialogSubtitles,$INFO[Container(120).ListItem.Label2])</onfocus>
					  <onfocus condition="Skin.HasSetting(Admin) + !Skin.String(DialogSubtitles)">Notification($INFO[Container(120).ListItem.Label2],$INFO[Skin.String(DialogSubtitles2)],1000)</onfocus>
					  <visible>false</visible>
					</control>
					<control type="image">
                        <width>1440</width>
                        <height>70</height>
						<posy>-8</posy>
                        <texture border="40">buttons/ButtonE.png</texture>
                        <visible>Control.HasFocus(120)</visible>
                    </control>
                    <control type="image" description="מדינה">
					    <posx>20</posx>
                        <width>33</width>
                        <height>54</height>
                        <aspectratio>keep</aspectratio>
                        <texture>$INFO[ListItem.Thumb,badges/countries/,.png]</texture>
                    </control>
                    <control type="label" description="שפה">
                        <posx>64</posx>
                        <width>135</width>
                        <height>54</height>
                        <font>size27</font>
                        <aligny>center</aligny>
                        <textcolor>White2</textcolor>
                        <align>left</align>
                        <info>ListItem.Label</info>
                    </control>
                    <control type="image" description="">
                        <posx>212</posx>
                        <width>24</width>
                        <height>54</height>
                        <aspectratio>keep</aspectratio>
                        <texture>badges/subtitles/icon_close_caption.png</texture>
                        <visible>ListItem.property(hearing_imp)</visible>
                    </control>
                    <control type="image" description="מסונכרן">
                        <posx>252</posx>
                        <width>60</width>
                        <height>54</height>
                        <aspectratio>keep</aspectratio>
                        <texture>badges/subtitles/icon_sync.png</texture>
                        <visible>ListItem.property(sync)</visible>
                    </control>
                    <control type="label" description="שם הקובץ">
                        <posx>320</posx>
                        <width>900</width>
                        <height>54</height>
                        <font>size27</font>
                        <aligny>center</aligny>
                        <textcolor>White2</textcolor>
                        <align>left</align>
                        <info>ListItem.Label2</info>
                    </control>
					<control type="label" description="שם הקובץ-היסטוריה">
                        <posx>320</posx>
                        <width>900</width>
                        <height>54</height>
                        <font>size27</font>
                        <aligny>center</aligny>
                        <textcolor>BlackT</textcolor>
                        <align>left</align>
                        <info>ListItem.Label2</info>
						<visible>StringCompare(ListItem.Label2,Skin.String(DialogSubtitlesNA1)) | StringCompare(ListItem.Label2,Skin.String(DialogSubtitlesNA2)) | StringCompare(ListItem.Label2,Skin.String(DialogSubtitlesNA3)) | StringCompare(ListItem.Label2,Skin.String(DialogSubtitlesNA4)) | StringCompare(ListItem.Label2,Skin.String(DialogSubtitlesNA5)) | StringCompare(ListItem.Label2,Skin.String(DialogSubtitlesNA6)) | StringCompare(ListItem.Label2,Skin.String(DialogSubtitlesNA7)) | StringCompare(ListItem.Label2,Skin.String(DialogSubtitlesNA8)) | StringCompare(ListItem.Label2,Skin.String(DialogSubtitlesNA9)) | StringCompare(ListItem.Label2,Skin.String(DialogSubtitlesNA10))</visible>
                    </control>
					<control type="label" description="שם הקובץ2">
                        <posx>320</posx>
                        <width>900</width>
                        <height>54</height>
                        <font>size27</font>
                        <aligny>center</aligny>
                        <textcolor>Yellow</textcolor>
                        <align>left</align>
                        <info>ListItem.Label2</info>
						<visible>StringCompare(ListItem.Label2,Skin.String(DialogSubtitles2))</visible>
                    </control>
                    <control type="image" description="דירוג">
                        <posx>1300</posx>
                        <width>100</width>
                        <height>54</height>
                        <aspectratio>keep</aspectratio>
                        <texture>$INFO[ListItem.ActualIcon,badges/subtitles/rating,.png]</texture>
                    </control>
                    <control type="label" description="דירוג (admin)">
                        <posx>1200</posx>
                        <height>54</height>
                        <font>size27</font>
                        <aligny>center</aligny>
                        <textcolor>Red</textcolor>
                        <align>left</align>
                        <label>$INFO[ListItem.ActualIcon]</label>
						<visible>Skin.HasSetting(Admin)</visible>
                        <width>70</width>
                    </control>
                </focusedlayout>
            </control>
        </control>
        <control type="group" id="250" description="כפתור צד">
		  <animation condition="Control.HasFocus(150) | Control.HasFocus(161) | Control.HasFocus(160) | Control.HasFocus(250)" effect="slide" end="355,0" delay="0" time="700" reversible="true">Conditional</animation>		  
		  <height>500</height>	  
		  <posx>-400</posx>
		  <posy>270</posy>	  
		  <width>450</width>
            <control type="image" description="רקע">
			  <aspectratio>stretch</aspectratio>
			  <texture border="40">buttons/ButtonE2.png</texture>
            </control>
            <control type="button" id="160" description="חיפוש ידני">
			  <textoffsety>105</textoffsety>
              <height>70</height>
			  <font>size28</font>
			  <focusedcolor>White2</focusedcolor>
			  <width>450</width>
			  <include>ButtonC1</include>
              <onleft>noop</onleft>
              <onright>120</onright>
              <onup>noop</onup>
              <ondown>161</ondown>
              <label>$LOCALIZE[24120]</label>
            </control>
			<control type="button" id="161" description="חיפוש חכם">
			  <textoffsety>105</textoffsety>
              <height>70</height>
			  <font>size28</font>
			  <focusedcolor>White2</focusedcolor>
			  <posy>60</posy>
			  <width>450</width>
			  <include>ButtonC1</include>
              <onleft>noop</onleft>
              <onright>120</onright>
              <onup>160</onup>
              <ondown>150</ondown>
			  <onclick>RunScript(script.htpt.homebuttons)</onclick>
			  <!--<onclick>AlarmClock(smartsearchbutton,SendClick(160),00:01,silent)</onclick>-->
			  <visible>true</visible>
              <label>$LOCALIZE[79038]</label>
            </control>
            <control type="image">
                <description>separator</description>
                <posy>140</posy>
                <height>1</height>
                <texture>images/Line.png</texture>
            </control>
            <control type="list" id="150">
			  <posy>140</posy>
			  <width>450</width>
			  <height>430</height>
			  <onleft>120</onleft>
			  <onright>120</onright>
			  <onup>161</onup>
			  <ondown>150</ondown>
			  <viewtype label="535">list</viewtype>
			  <itemlayout width="450" height="54">
				<control type="label">
				  <include>LabelL2</include>
				  <height>54</height>
				  <info>ListItem.Label</info>
				  <posx>90</posx>
				  <textcolor>White2</textcolor>
				  <selectedcolor>Yellow</selectedcolor>
				  <visible>!ListItem.property(man)</visible>
				</control>
				<control type="label">
				  <include>LabelL2</include>
				  <height>54</height>
				  <info>ListItem.Label</info>
				  <posx>90</posx>
				  <textcolor>White2</textcolor>
			      <visible>ListItem.property(man)</visible>
				</control>
              </itemlayout>
                <focusedlayout width="450" height="54">
                    <control type="image">
					  <posx></posx>
					  <posy>-7</posy>
                      <height>70</height>
                      <texture border="40">buttons/ButtonE.png</texture>
                      <visible>Control.HasFocus(150)</visible>
                    </control>
                    <control type="label">
					  <include>LabelL2</include>
                      <height>54</height>
					  <posx>90</posx>
                      <textcolor>White2</textcolor>
                      <selectedcolor>Yellow</selectedcolor>
                      <info>ListItem.Label</info>
                      <visible>!ListItem.property(man)</visible>
                    </control>
                    <control type="label">
					  <include>LabelL2</include>
                      <height>54</height>
					  <posx>90</posx>
                      <textcolor>White2</textcolor>
                      <info>ListItem.Label</info>
                      <visible>ListItem.property(man)</visible>
                    </control>
                </focusedlayout>
            </control>
        </control>
	    <control type="grouplist" id="70" description="כפתורים וידאו/אודיו">
			<!--<posx>910</posx>-->
			<posy>490</posy>
			<height>144</height>
			<width>1920</width>
			<align>center</align>
			<itemgap>0</itemgap>
			<scrolltime tween="sine">200</scrolltime>
			<orientation>horizontal</orientation>
			<onup>noop</onup>
			<ondown condition="IntegerGreaterThan(Container(120).NumItems,0)">120</ondown>
			<!--<ondown condition="!IntegerGreaterThan(Control.GetLabel(107),0)">250</ondown>-->
			<onleft>250</onleft>
			<onright>noop</onright>
			<visible allowhiddenfocus="true">Container(120).Position(0) + !Container(120).HasPrevious | Control.HasFocus(71) | Control.HasFocus(72) | Control.HasFocus(73)</visible>
			<control type="togglebutton" id="71">
				<texturefocus>osd/buttons/OSDPauseFO.png</texturefocus>
				<texturenofocus>osd/buttons/OSDPauseNF.png</texturenofocus>
				<alttexturefocus>osd/buttons/OSDPlayFO.png</alttexturefocus>
				<alttexturenofocus>osd/buttons/OSDPlayNF.png</alttexturenofocus>
				<width>100</width>
				<height>100</height>
				<usealttexture>Player.Paused | Player.Forwarding | Player.Rewinding</usealttexture>
				<onclick>PlayerControl(Play)</onclick>
			</control>
			<control type="button" id="72">
				<texturefocus>osd/buttons/OSDBackFO.png</texturefocus>
				<texturenofocus>osd/buttons/OSDBackNF.png</texturenofocus>
				<width>100</width>
				<height>100</height>
				<onclick>Close</onclick>
			</control>
			<!--<control type="button" id="73" description="subslider">
				<texturefocus>osd/buttons/OSDSubtitlesFO.png</texturefocus>
				<texturenofocus>osd/buttons/OSDSubtitlesNF.png</texturenofocus>
				<alttexturefocus>osd/buttons/OSDSubtitles2FO.png</alttexturefocus>
				<alttexturenofocus>osd/buttons/OSDSubtitles2NF.png</alttexturenofocus>
				<usealttexture>!VideoPlayer.SubtitlesEnabled | !VideoPlayer.HasSubtitles</usealttexture>
				<width>100</width>
				<height>100</height>
				<onclick>RunScript(script.htpt.homebuttons)</onclick>
				<visible>Skin.HasSetting(Admin) | IntegerGreaterThan(Player.Time,40)</visible>
			</control>-->
		</control>
		<include>TopInformation</include>
	</controls>
</window>
