<?xml version="1.0" encoding="UTF-8"?>
<window type="dialog" id="1160" description="צבעים2">
  <defaultcontrol always="true">9003</defaultcontrol>
  <controls>
    <include>Fade5</include>
    <control type="group" description="חלון צבעים">
      <posx>385</posx>
      <posy>70</posy>
      <control type="image" description="מסגרת">
        <height>1050</height>
        <texture border="40">buttons/ButtonE2.png</texture>
		<width>1150</width>
      </control>
	  <control type="panel" id="9003">
		<onright>9003</onright>
		<onleft>9003</onleft>
		<onup>9003</onup>
		<ondown>9003</ondown>
		<itemlayout description="(Plugins)" condition="" height="250" width="388">
			<control type="label" description="כותרת לא נבחר">
			  <posx>0</posx>
			  <posy>220</posy>
			  <width>388</width>
			  <height>24</height>
			  <font>size24</font>
			  <align>center</align>
			  <label>[B]$INFO[ListItem.Label][/B]</label>
			</control>
			<control type="image" description="סמן בחירה 1">
			  <posx>20</posx>
			  <posy>20</posy>
			  <width>332</width>
			  <height>200</height>
			  <texture>$INFO[ListItem.Property(color)]</texture>
			</control>
			
		</itemlayout>
		
		<focusedlayout description="(Plugins)" condition="" height="250" width="388">
			
			<control type="label" description="כותרת נבחר">
			  <animation effect="fade" start="80" end="100" time="300=" delay="300">Focus</animation>
			  <align>center</align>
			  <textcolor>Yellow</textcolor>
			  <font>size24</font>
			  <posx>0</posx>
			  <posy>220</posy>
			  <width>388</width>
			  <height>24</height>
			  <label>[B]$INFO[ListItem.Label][/B]</label>
			</control>
			<control type="image" description="סמן בחירה 1">
			  <posx>20</posx>
			  <posy>20</posy>
			  <width>332</width>
			  <height>200</height>
			  <texture>$INFO[ListItem.Property(color)]</texture>
			</control>
			
            <control type="image" description="סמן בחירה 3">	  
				<bordersize>1</bordersize>
				<posx>18</posx>
				<posy>14</posy>
				<width>335</width>
				<height>211</height>
				<texture border="11">misc/frames/selector.png</texture>
				<visible>true</visible>
			</control>
		</focusedlayout> 
		
		<content>
		  
		  <item id="0" description="שקוף">
			<label>None</label>
            <label2></label2>
			<property name="color">buttons/Button2F.png</property>
			<onclick condition="true" description="בחירת צבע (פס עליון)">RunScript(script.htpt.smartbuttons,,?mode=202)</onclick>
			
			<visible>true</visible>
          </item>
		  
		  <item id="1" description="כחול">
			<label>762</label>
            <label2></label2>
			<property name="color">buttons/Button2E.png</property>
			<onclick condition="true" description="בחירת צבע (פס עליון)">RunScript(script.htpt.smartbuttons,,?mode=202)</onclick>
			
			<visible>true</visible>
          </item>
		  
		  <item id="2" description="אדום">
			<label>$LOCALIZE[13343]</label>
            <label2></label2>
			<property name="color">buttons/Button2E8.png</property>
			<onclick condition="true" description="בחירת צבע (פס עליון)">RunScript(script.htpt.smartbuttons,,?mode=202)</onclick>
			
			<visible>true</visible>
          </item>
		  
		  <item id="3" description="שקוף">
			<label>$LOCALIZE[79151]</label>
            <label2></label2>
			<property name="color">buttons/Button2E2_.png</property>
			<onclick condition="true" description="בחירת צבע (פס עליון)">RunScript(script.htpt.smartbuttons,,?mode=202)</onclick>
			
			<visible>true</visible>
          </item>
		  
		  <item id="4" description="סגול">
			<label>$LOCALIZE[79152]</label>
            <label2></label2>
			<property name="color">buttons/Button2E2__.png</property>
			<onclick condition="true" description="בחירת צבע (פס עליון)">RunScript(script.htpt.smartbuttons,,?mode=202)</onclick>
			
			<visible>true</visible>
          </item>
		  
		   <item id="5" description="אפור">
			<label>$LOCALIZE[$LOCALIZE[767]]</label>
            <label2></label2>
			<property name="color">buttons/Button2E2___.png</property>
			<onclick condition="true" description="בחירת צבע (פס עליון)">RunScript(script.htpt.smartbuttons,,?mode=202)</onclick>
			
			<visible>true</visible>
          </item>
		  
		   <item id="6" description="אפור 2">
			<label>$LOCALIZE[79152] 2</label>
            <label2></label2>
			<property name="color">buttons/Button2E4.png</property>
			<onclick condition="true" description="בחירת צבע (פס עליון)">RunScript(script.htpt.smartbuttons,,?mode=202)</onclick>
			
			<visible>true</visible>
          </item>
		  
		  <item id="7" description="צהוב">
			<label>$LOCALIZE[743]</label>
            <label2></label2>
			<property name="color">buttons/Button2E3.png</property>
			<onclick condition="true" description="בחירת צבע (פס עליון)">RunScript(script.htpt.smartbuttons,,?mode=202)</onclick>
			
			<visible>true</visible>
          </item>
		  
		  <item id="8" description="שחור">
			<label>$LOCALIZE[353]</label>
            <label2></label2>
			<property name="color">buttons/Button2E5.png</property>
			<onclick condition="Container(50).Hasfocus(253)" description="בחירת צבע (פס עליון)">Skin.SetString(TopInformationColor,)</onclick>
			
			<visible>true</visible>
          </item>
		  
		</content>
	  </control>
    </control>
  </controls>
</window>