<?xml version="1.0" encoding="UTF-8"?>
<window type="dialog" id="1133" description="עוד...">
  <defaultcontrol always="true">100</defaultcontrol>
  <controls>
    <include>Fade5</include>
	<control type="group" description="Side menu 9000 group">
      <posx>720</posx>
      <posy>310</posy>
      <visible allowhiddenfocus="false">true</visible>
      <control type="image" description="מסגרת">
        <include>Fade_CenterMenuOverlay</include>
		<height>480</height>
        <texture border="40">buttons/ButtonE2.png</texture>
		<width>480</width>
      </control>
	  <control type="grouplist" id="9000">
		<onright>Close</onright>
		<onleft>Close</onleft>
		<onup>9000</onup>
		<ondown>9000</ondown>
		  <control type="button" id="100" description="חזור"> 
			<height>110</height>
			<label>--></label>
			<onclick>Close</onclick>
		  </control>		  
		  <control type="button" id="99" description="">
			<visible>false</visible>
			<font>Size42</font>
			<height>110</height>
			<label></label>
			<onclick>RunScript(script.htpt.homebuttons)</onclick>
		  </control>
		  <control type="button" id="101" description="קדימוני משחקים">
			<font>Size42</font>
			<height>110</height>
			<label>$LOCALIZE[73290]</label>
			<onclick>RunScript(script.htpt.homebuttons)</onclick>
		  </control>
		  <control type="button" id="102" description="שיעורי גיטרה">
			<font>Size42</font>
			<height>110</height>
			<label>$LOCALIZE[79027]</label>
			<onclick>RunScript(script.htpt.homebuttons)</onclick>
		  </control>
		  <control type="button" id="103" description="חידון">
			<font>Size42</font>
			<height>110</height>
			<label>$LOCALIZE[75090]</label>
			<onclick>RunScript(script.htpt.homebuttons)</onclick>
		  </control>
		  <control type="button" id="104" description="">
			<font>Size42</font>
			<height>110</height>
			<label>$LOCALIZE[75090]</label>
			<onclick>RunScript(script.htpt.homebuttons)</onclick>
			<visible>false</visible>
		  </control>
	  </control>
    </control>
  </controls>
</window>