<?xml version="1.0" encoding="UTF-8"?>
<includes>
  <include name="Keyboard">
	<texturenofocus border="3">osd/keyboard/KeyboardKeyNF.png</texturenofocus>
	<texturefocus border="5">osd/keyboard/KeyboardKey.png</texturefocus>
	<alttexturenofocus border="3">osd/keyboard/KeyboardKeyNF.png</alttexturenofocus>
	<alttexturefocus border="5">osd/keyboard/KeyboardKey.png</alttexturefocus>
    <align>center</align>
    <aligny>center</aligny>
	<width>50</width>
	<height>50</height>
	<focusedcolor>Yellow</focusedcolor>	
	<font>size24</font>
	<textoffsetx>0</textoffsetx>
    <width>75</width>	
  </include>  
  <include name="LargeListSlider" description="למחוק?">
    <control type="group" description="Slider">
      <include>Slider2</include>
      <animation condition="Container.Position(0)" effect="slide" end="0,-333" time="180" easing="inout" reversible="true">Conditional</animation>
      <animation condition="Container.Position(1)" effect="slide" end="0,-222" time="180" easing="inout" reversible="true">Conditional</animation>
      <animation condition="Container.Position(2)" effect="slide" end="0,-111" time="180" easing="inout" reversible="true">Conditional</animation>
      <animation condition="Container.Position(4)" effect="slide" end="0,111" time="180" easing="inout" reversible="true">Conditional</animation>
      <animation condition="Container.Position(5)" effect="slide" end="0,222" time="180" easing="inout" reversible="true">Conditional</animation>
      <animation condition="Container.Position(6)" effect="slide" end="0,333" time="180" easing="inout" reversible="true">Conditional</animation>
      <animation condition="Container.Position(7)" effect="slide" end="0,444" time="180" easing="inout" reversible="true">Conditional</animation>
    </control>
  </include>
  <include name="ListFade" description="למחוק?">
    <control type="image">
      <visible>Container.HasPrevious</visible>
      <animation effect="fade" time="200">VisibleChange</animation>
      <posx>1005</posx>
      <posy>125</posy>
      <height>81</height>
      <width>832</width>
      <texture flipy="true">images/DefaultGradient.png</texture>
    </control>
  </include>
  <include name="Slider2">
    <control type="image">
      <animation effect="fade" time="100">VisibleChange</animation>
      <posx>-27</posx>
      <posy>306</posy>
      <width>855</width>
      <height>165</height>
      <texture border="32">images/Slider.png</texture>
    </control>
  </include>
  <include name="Unwatched">
  <control type="group">
  <visible>!IsEmpty(ListItem.Property(UnwatchedEpisodes)) + [container.content(TVshows) | container.content(seasons)] + !StringCompare(ListItem.Property(UnwatchedEpisodes),0)</visible>
  <animation effect="fade" time="200" delay="300">Visible</animation>
    <animation effect="fade" end="0">Hidden</animation>
    <control type="image">
      <posy>480</posy>
      <posx>140</posx>
      <height>55</height>
      <width>80</width>
      <aspectratio>keep</aspectratio>
      <texture>badges/Badgecount.png</texture>
    </control>
    <control type="label" description="Label2">
      <align>center</align>
	  <posy>480</posy>
      <posx>140</posx>
      <height>44</height>
      <width>80</width>
      <font>size30</font>
      <textcolor>White</textcolor>
      <label>$INFO[ListItem.Property(UnwatchedEpisodes)]</label>
    </control>
	</control>
  </include>
  <include name="LabelC1" description="(טקסט1)">
    <align>center</align>
	<font>size28</font>
  </include>
  <include name="LabelL1" description="PVR">
    <align>left</align>
	<aligny>top</aligny>
	<font>size28</font>
	<textcolor>White2</textcolor>
  </include>
  <include name="LabelR1" description="(טקסט1-מיוחד)">
    <align>right</align>
	<aligny>top</aligny>
	<font>size28</font>
	<textcolor>White2</textcolor>
  </include>
  <include name="LabelC2" description="(טקסט2)">
    <align>center</align>
	<font>size24</font>
  </include>
  <include name="LabelL2" description="(טקסט1-מיוחד)">
    <align>left</align>
	<aligny>top</aligny>
	<font>size24</font>
  </include>
  <include name="LabelR2" description="(טקסט1-מיוחד)">
    <align>right</align>
	<aligny>top</aligny>
	<font>size24</font>
  </include>
  <include name="LabelC3" description="(טקסט3/DEFAULT)">
    <align>center</align>
	<font>size36</font>
  </include>
  <include name="LabelR3" description="?">
    <align>right</align>
	<!--<aligny>top</aligny>-->
	<font>size36</font>
  </include>
  <include name="LabelC4" description="(טקסט4)">
    <align>center</align>
	<font>size21</font>
  </include>
   <include name="LabelL4" description="PVR-משודר עכשיו">
    <align>left</align>
	<font>size21</font>
  </include>
  <include name="LabelC5" description="(טקסט3)">
    <align>center</align>
	<font>size34</font>
  </include>
  
  <include name="LabelL7" description="(custom1131)">
    <align>left</align>
	<font>size18</font>
	<height>20</height>
  </include>
  <include name="LabelC10" description="(כותרת1)">
    <align>center</align>
	<aligny>center</aligny>
	<font>size36B</font>
	<shadowcolor>Black</shadowcolor>
	<textcolor>White2</textcolor>
  </include>
  <include name="LabelC11" description="(כותרת2)">
    <align>center</align>
	<aligny>center</aligny>
	<font>Size42B</font>
	<shadowcolor>Black</shadowcolor>
	<textcolor>White2</textcolor>
  </include>
  <include name="LabelL11" description="(כותרת2)">
    <align>left</align>
	<aligny>center</aligny>
	<font>Size42B</font>
	<shadowcolor>Black</shadowcolor>
	<textcolor>White2</textcolor>
  </include>
  <include name="LabelR11" description="(כותרת2)">
    <align>right</align>
	<aligny>center</aligny>
	<font>Size42B</font>
	<shadowcolor>Black</shadowcolor>
	<textcolor>White2</textcolor>
  </include>
  <include name="LabelC12" description="(כותרת3)">
    <align>center</align>
	<aligny>center</aligny>
	<font>size24B</font>
	<shadowcolor>Black</shadowcolor>
	<textcolor>White2</textcolor>
  </include>
  <include name="LabelC13" description="(כותרת3)">
    <align>center</align>
	<aligny>center</aligny>
	<font>size21B</font>
	<shadowcolor>Black</shadowcolor>
	<textcolor>White2</textcolor>
  </include>
  
  
  <include name="ButtonC1" description="(DEFAULT)">
	<width>480</width>
    <textoffsetx>-</textoffsetx>
    <align>center</align>
    <aligny>center</aligny>
	<textcolor>White2</textcolor>
    <focusedcolor>Yellow</focusedcolor>
	<font>size34</font>
    <disabledcolor>Grey</disabledcolor>
    <texturenofocus>-</texturenofocus>
  </include>
  <include name="ButtonL1" description="()">
	<width>480</width>
    <textoffsetx>40</textoffsetx>
    <align>left</align>
    <texturenofocus>-</texturenofocus>
  </include>
  <include name="ButtonR1" description="()">
	<width>480</width>
    <textoffsetx>40</textoffsetx>
    <align>right</align>
    <texturenofocus>-</texturenofocus>
  </include>
  <include name="ButtonC2" description="()">
	<width>880</width>
    <texturenofocus border="40">buttons/ButtonE2.png</texturenofocus>
  </include>
  <include name="ButtonL2" description="()">
	<width>880</width>
    <textoffsetx>20</textoffsetx>
    <align>left</align>
    <texturenofocus border="40">buttons/ButtonE2.png</texturenofocus>
	<alttexturenofocus border="40">buttons/ButtonE2.png</alttexturenofocus>
  </include>
  <include name="ButtonR2" description="()">
	<width>880</width>
	<textoffsetx>20</textoffsetx>
    <align>right</align>
    <texturenofocus border="40">buttons/ButtonE2.png</texturenofocus>
	<alttexturenofocus border="40">buttons/ButtonE2.png</alttexturenofocus> <!--הפעל באמצעות: usealttexture-->
  </include>
  <include name="ButtonL3" description="()">
	<width>480</width>
    <textoffsetx>40</textoffsetx>
    <align>left</align>
	<disabledcolor>Grey</disabledcolor>
	<textcolor>Blue</textcolor>
    <texturenofocus border="40">buttons/ButtonE3.png</texturenofocus>
	<alttexturenofocus border="40">buttons/ButtonE3.png</alttexturenofocus> <!--הפעל באמצעות: usealttexture-->
  </include>
  <include name="ButtonR3" description="()">
	<width>480</width>
    <textoffsetx>40</textoffsetx>
    <align>right</align>
	<disabledcolor>Grey</disabledcolor>
	<textcolor>Blue</textcolor>
    <texturenofocus border="40">buttons/ButtonE3.png</texturenofocus>
	<alttexturenofocus border="40">buttons/ButtonE3.png</alttexturenofocus> <!--הפעל באמצעות: usealttexture-->
  </include>
  <include name="ButtonL4" description="()">
	<width>480</width>
    <textoffsetx>20</textoffsetx>
    <align>left</align>
	<textcolor>White2</textcolor>
	<font>size18</font>
    <!--<texturenofocus>-</texturenofocus>-->
  </include>
  <include name="ButtonR5" description="הגדרות">
	<width>480</width>
    <textoffsetx>60</textoffsetx>
    <align>right</align>
	<disabledcolor>Grey</disabledcolor>
    <texturenofocus border="40">buttons/ButtonE2.png</texturenofocus>
    <texturefocus border="40">buttons/ButtonE.png</texturefocus>
    <alttexturefocus border="40">buttons/ButtonE.png</alttexturefocus>
	<alttexturenofocus border="40">buttons/ButtonE4.png</alttexturenofocus> <!--הפעל באמצעות: usealttexture-->
  </include>
  <include name="ButtonC7" description="(settings) TEMP!">
	<height>40</height>
	<width>300</width>
	<textcolor>White2</textcolor>
	<font>size24B</font>
    <texturenofocus border="1">buttons/ButtonC.png</texturenofocus>
    <texturefocus border="1">buttons/ButtonC2.png</texturefocus>
    <alttexturefocus border="1">buttons/ButtonC2.png</alttexturefocus>
	<alttexturenofocus border="1">buttons/ButtonC2.png</alttexturenofocus> <!--הפעל באמצעות: usealttexture-->
  </include>
  <include name="ButtonL7">
	<font>size27</font>
	<align>left</align>
  </include>
  <include name="ButtonR7">
	<font>size27</font>
	<align>right</align>
  </include>
  <include name="ButtonC10" description="(home)">
	<height>40</height>
	<width>300</width>
	<textcolor>White2</textcolor>
	<font>size24B</font>
    <texturenofocus border="1">buttons/ButtonCF.png</texturenofocus>
    <texturefocus border="1">buttons/ButtonC.png</texturefocus>
    <alttexturefocus border="1">buttons/ButtonC2.png</alttexturefocus>
	<alttexturenofocus border="1">buttons/ButtonC4.png</alttexturenofocus> <!--הפעל באמצעות: usealttexture-->
  </include>
  
  <include name="CustomizerList" description="CustomHomeCustomizer חלק עליון">
    <include>Fade20</include>
    <onup>303</onup>
    <ondown>50</ondown>
    <posx>72</posx>
    <posy>120</posy>
    <width>1776</width>
    <height>402</height>
    <orientation>horizontal</orientation>
    <scrolltime>400</scrolltime>
	<itemlayout height="357" width="354">
		<control type="group">
	      <animation condition="true" effect="fade" start="40" end="40">Conditonal</animation>
		  <control type="label">
			<posx>5</posx>
			<posy>170</posy>
			<width>345</width>
			<height>30</height>
			<font>size26</font>
			<textcolor>White2</textcolor>
			<label>$INFO[ListItem.label2]</label>
			<align>center</align>
		  </control>
		  <control type="image" description="Reflection">
			<posx>27</posx>
			<posy>330</posy>
			<width>303</width>
			<height>303</height>
			<texture background="false" diffuse="images/ReflectionShelf.png" flipy="true">$INFO[ListItem.Thumb]</texture>
			<aspectratio scalediffuse="false">scale</aspectratio>
		  </control>
		  <control type="image">
			<posx>27</posx>
			<posy>27</posy>
			<width>303</width>
			<height>303</height>
			<texture background="false">default$INFO[ListItem.label2].png</texture>
			<colordiffuse>33FFFFFF</colordiffuse>
			<aspectratio>scale</aspectratio>
		  </control>
		  <control type="image">
			<posx>27</posx>
			<posy>27</posy>
			<width>303</width>
			<height>303</height>
			<texture background="false">$INFO[ListItem.Thumb]</texture>
			<aspectratio>scale</aspectratio>
		  </control>
		  <control type="label" description="title">
			<posx>0</posx>
			<posy>320</posy>
			<width>360</width>
			<align>center</align>
			<label>$INFO[ListItem.Label]</label>
		  </control>
		</control>
	</itemlayout>
    <focusedlayout height="357" width="354">
      <control type="label">
        <posx>5</posx>
        <posy>170</posy>
        <width>345</width>
        <height>30</height>
		<include>LabelC12</include>
        <label>$INFO[ListItem.Label2]</label>
      </control>
      <control type="image">
        <posx>27</posx>
        <posy>27</posy>
        <width>303</width>
        <height>303</height>
        <texture background="false">default$INFO[ListItem.label2].png</texture>
        <colordiffuse>33FFFFFF</colordiffuse>
        <aspectratio>scale</aspectratio>
      </control>
      <control type="image">
        <posx>27</posx>
        <posy>27</posy>
        <width>303</width>
        <height>303</height>
        <texture background="false">$INFO[ListItem.Thumb]</texture>
        <aspectratio>scale</aspectratio>
      </control>
      <control type="image" description="סמן בחירה">
        <posx>17</posx>
        <posy>17</posy>
        <width>323</width>
        <height>323</height>
        <texture border="10">misc/frames/selector.png</texture>
		<!--<texture border="10">misc/frames/generalslider.png</texture>-->
		<visible>true</visible>
      </control>
      <control type="label" description="title">
        <posx>0</posx>
        <posy>320</posy>
        <width>360</width>
        <align>center</align>
        <label>$INFO[ListItem.Label]</label>
      </control>
    </focusedlayout>
  </include>
  <include name="Performance1">
    <!--<backgroundcolor>0</backgroundcolor>-->
  </include>
  <include name="statusbiglist">
  <control type="image">
            <posx>710</posx>
            <posy>15</posy>
            <width>81</width>
            <height>81</height>
            <texture>$INFO[ListItem.Icon]</texture>
			<visible>![ListItem.IsRecording | ListItem.HasTimer]</visible>
          </control>
          <control type="image" description="rec">
          <posx>720</posx>
		  <posy>15</posy>
		  <height>81</height>
		  <width>81</width>
          <texture>pvr/rec.png</texture>
		  <visible>ListItem.IsRecording</visible>
        </control>
		<control type="image" description="timer">
          <posx>720</posx>
		  <posy>15</posy>
		  <height>81</height>
		  <width>81</width>
          <texture>pvr/timer.png</texture>
		  <visible>!ListItem.IsRecording + ListItem.HasTimer</visible>
        </control>
  </include>
</includes>
