<?xml version="1.0" encoding="UTF-8"?>
<window>
  <defaultcontrol always="true">2</defaultcontrol>
  <allowoverlay>no</allowoverlay>
  <onload condition="Skin.HasSetting(homebuttonsrunning)">Skin.ToggleSetting(homebuttonsrunning)</onload>
  <onload condition="!Skin.HasSetting(VALIDATION)">Skin.ToggleSetting(VALIDATION)</onload>
  <onload condition="!Skin.HasSetting(VALIDATION2)">Skin.ToggleSetting(VALIDATION2)</onload>
  <onload>Skin.SetString(VALIDATION5,3)</onload>
  <onload condition="Skin.HasSetting(refreshrunnings)">Skin.ToggleSetting(refreshrunnings)</onload>
  <onload condition="!System.IdleTime(1) + !Window.Previous(home) + !Window.Previous(VideoFullScreen.xml) + !System.Platform.Windows">PlayMedia(special://userdata/addon_data/skin.htpt/video/playHTPT.mp4)</onload>
  <onload condition="!IsEmpty(Skin.String(MAC5))">Skin.SetString(MAC5,)</onload>
  <onload condition="Skin.HasSetting(GamesPlus)">Skin.ToggleSetting(GamesPlus)</onload>
  <onload description="זמני" condition="!Skin.HasSetting(Rating)">Skin.ToggleSetting(Rating)</onload>
  <onload condition="Skin.String(DialogSelectSources)">Skin.SetString(DialogSelectSources,)</onload>
  <onload condition="Skin.String(GamesPlus)">Skin.SetString(GamesPlus,)</onload>
  <onload condition="Skin.HasSetting(ShowTopProgramInformation)">Skin.ToggleSetting(ShowTopProgramInformation)</onload>
  <onload description="WIP" condition="Skin.HasSetting(smartkeyboard)">Skin.ToggleSetting(smartkeyboard)</onload>
  <onload condition="!Skin.String(smartkeyboardHN,1)">Skin.SetString(smartkeyboardHN,1)</onload>
  <onload condition="!Skin.String(smartkeyboardCN,1)">Skin.SetString(smartkeyboardCN,1)</onload>
  <onload condition="!Skin.String(smartkeyboardPN,1)">Skin.SetString(smartkeyboardPN,1)</onload>
  <onload condition="!Window.Previous(0)">SetVolume(40)</onload>
  <onload condition="!Window.Previous(0)">AlarmClock(setvolume,SetVolume(70),00:10,silent)</onload>
  <controls>
	<control type="group">
		<control type="image" description="רקע בית">
			<include>Fade_TopMainBackgroundOverlay</include>
			<include>Fade12</include>
			<!--<animation condition="!Skin.HasSetting(VALIDATION2)" effect="zoom" end="150,150" center="960,560" time="1000">Conditional</animation>-->
			<texture>misc/logo/logo11.png</texture>
			<height>552</height>
			<width>1920</width>
		</control>
		<control type="image" description="רקע בית">
			<include>Fade_MainBackgroundOverlay</include>
			<texture>$VAR[MainBackgroundTexture]</texture>
			<height>552</height>
			<posy>552</posy>
			<width>1920</width>
		</control>
		<control type="group">
			<include>Fade6</include>
			<control type="label" description="הודעות">
				<include>LabelC11</include>
				<posx>720</posx>
				<posy>440</posy>
				<label>$VAR[StartupMessage]</label>
				<width>480</width>
			</control>
			<control type="button" id="1" description="ברירת מחדל">
				<posx>720</posx>
				<posy>502.5</posy>
				<texturenofocus>-</texturenofocus>
				<texturefocus border="40">buttons/ButtonE2.png</texturefocus>
				<include>ButtonC1</include>
				<ondown>Control.SetFocus(2)</ondown>
				<onleft>Control.SetFocus(2)</onleft>
				<onright>Control.SetFocus(2)</onright>
				<onup>Control.SetFocus(2)</onup>
				<onclick>Control.SetFocus(2)</onclick>
			</control>
			<control type="button" id="2" description="אדום">
				<posx>720</posx>
				<posy>502.5</posy>
				<texturenofocus>-</texturenofocus>
				<texturefocus border="40">buttons/ButtonE8.png</texturefocus>
				<include>ButtonC1</include>
				<onfocus condition="!Skin.HasSetting(Admin) + [!System.IdleTime(1) | Skin.HasSetting(homebuttonsrunning)]">AlarmClock(jump,Control.SetFocus(2),00:02,silent)</onfocus>
				<onfocus condition="!Skin.HasSetting(Admin) + System.IdleTime(1) + !Skin.HasSetting(homebuttonsrunning)">AlarmClock(jump,Control.SetFocus(3),00:02,silent)</onfocus>
				<onfocus condition="Skin.HasSetting(Admin)">Control.SetFocus(8)</onfocus>
			</control>
			<control type="button" id="3" description="צהוב">
				<posx>720</posx>
				<posy>502.5</posy>
				<texturenofocus>-</texturenofocus>
				<texturefocus border="40">buttons/ButtonE3.png</texturefocus>
				<include>ButtonC1</include>
				<onfocus condition="!Skin.HasSetting(Admin) + !System.IdleTime(2)">AlarmClock(jump,Control.SetFocus(3),00:01,silent)</onfocus>
				<onfocus condition="!Skin.HasSetting(Admin) + System.IdleTime(2)">AlarmClock(jump,Control.SetFocus(7),00:01,silent)</onfocus>
				<onfocus condition="Skin.HasSetting(Admin)">Control.SetFocus(8)</onfocus>
			</control>
			<control type="button" id="7" description="ירוק">
				<posx>720</posx>
				<posy>502.5</posy>
				<texturenofocus>-</texturenofocus>
				<texturefocus border="40">buttons/ButtonE7.png</texturefocus>
				<include>ButtonC1</include>
				<onfocus condition="!Skin.HasSetting(Admin) + !System.IdleTime(3)">AlarmClock(jump,Control.SetFocus(7),00:01,silent)</onfocus>
				<onfocus condition="!Skin.HasSetting(Admin) + System.IdleTime(3)">AlarmClock(jump,Control.SetFocus(8),00:01,silent)</onfocus>
				<onfocus condition="Skin.HasSetting(homebuttonsrunning)">Skin.ToggleSetting(homebuttonsrunning)</onfocus>
				<onfocus condition="Skin.HasSetting(Admin)">Control.SetFocus(8)</onfocus>
			</control>
			<control type="button" id="8" description="כניסה">
			  <posx>720</posx>
			  <posy>502.5</posy>
			  <include>ButtonC1</include>
			  <label>$LOCALIZE[79110]</label>
			  <!--<onclick condition="!Skin.HasSetting(homebuttonsrunning)">AlarmClock(startup,RunScript(script.htpt.homebuttons),0,silent)</onclick>-->
			  <onclick condition="!System.HasAddon(service.htpt) | !System.HasAddon(script.htpt.homebuttons) | !System.HasAddon(service.htpt.fix)">Notification(Required Addons are missing..., Trying to download now..,4000)</onclick>
			  <onclick condition="!System.HasAddon(service.htpt)">ActivateWindow(10025,plugin://service.htpt)</onclick>
			  <onclick condition="!System.HasAddon(service.htpt.fix) + System.HasAddon(service.htpt)">ActivateWindow(10025,plugin://service.htpt.fix)</onclick>
			  <onclick condition="!System.HasAddon(script.htpt.homebuttons) + System.HasAddon(service.htpt.fix) + System.HasAddon(service.htpt)">ActivateWindow(10025,plugin://script.htpt.homebuttons)</onclick>
			  
			  <onclick condition="!Skin.HasSetting(homebuttonsrunning) + System.HasAddon(script.htpt.homebuttons)">RunScript(script.htpt.homebuttons)</onclick>
			  <onclick condition="!Skin.HasSetting(Admin)">AlarmClock(jump,Control.SetFocus(2),0,silent)</onclick>
			</control>
			<control type="image">
			  <posx>720</posx>
			  <posy>502.5</posy>
			  <height>84</height>
			  <aspectratio>keep</aspectratio>
			  <texture>icons/home.png</texture>
			  <width>130</width>
			</control>
			<include>RightMenuLoginScreen</include>
			<include>LeftMenuStartupMessages</include>
		</control>
		<include>TopInformation</include>
	</control>
  </controls>
</window>
