<?xml version="1.0" encoding="UTF-8"?>
<includes>
  <include name="Videoviews">
	<control type="group" description="GeneralPT (50)">
	  <visible>Control.IsVisible(50)</visible>
	  <include>Backgrounds3</include>
	  <include>ScrollBar</include>	   
      <control type="group">
        <control type="panel" id="50">
		  <include condition="!Skin.HasSetting(Performance)">Slide1</include>
		  <include condition="Skin.HasSetting(Performance)">Slide1p</include>
		  <include condition="!Skin.HasSetting(Performance)">Slide2</include>
		  <include condition="Skin.HasSetting(Performance)">Slide2p</include>
          <posx>20</posx>
          <posy>20</posy>
          <width>1880</width>
          <height>1060</height>
		  <include>4ways</include>
          <viewtype label="GeneralPT">List</viewtype>
		  <itemlayout description="(כללי)" condition="![Container.Content(Movies) | Container.Content(TVShows) | Container.Content(Seasons) | Container.Content(Episodes)]" height="100" width="960"> <!--[Container.Content(files) | Container.Content(actors) | Container.Content(Sets) | ![Container.Content(Movies) | Container.Content(TVShows) | Container.Content(Seasons) | Container.Content(Episodes) | SubString(ListItem.path,plugin://plugin.video.youtube)]]-->
			<control type="image" description="מסגרת">
              <posx>500</posx>
              <posy>20</posy>
              <width>880</width>
              <height>100</height>
              <!--<texture border="30">buttons/ButtonE2.png</texture>-->
			  <texture border="30">$VAR[ButtonE2]</texture>
            </control>
			<control type="group" description="תמונה">
				<height>60</height>		
				<posx>530</posx>
				<posy>40</posy>	      
				<width>40</width>
				<control type="image" description="תמונה לא נבחר">
				  <texture background="true">$VAR[VideoInformation2]</texture>
				</control>
			</control>
			<control type="group" description="סמן פרטי וידאו">
				<height>60</height>		
				<posx>1310</posx>
				<posy>40</posy>	      
				<width>40</width>
				<visible>!IsEmpty(ListItem.Plot) | !IsEmpty(ListItem.Property(Addon.Description))</visible>
				<control type="image" description="">
				  <aspectratio>keep</aspectratio>
				  <texture background="true">icons/info.png</texture>
				</control>
			</control> 				
			<control type="label" description="שם">
              <include>LabelC3</include>
			  <posx>600</posx>
              <posy>32</posy>
              <width>700</width>
              <height>70</height>
			  <label>$VAR[FilterLabels]</label>
			  <visible>!IsEmpty(ListItem.Label)</visible>
            </control>			
			<control type="image" description="סמן נצפה">
			  <aspectratio align="left">stretch</aspectratio>			  
			  <height>60</height>
			  <posx>522</posx>
			  <posy>39</posy>
			  <texture>$VAR[Overlay]</texture>
			  <width>60</width>
			</control>
			</itemlayout>
          <focusedlayout description="(כללי)" condition="![Container.Content(Movies) | Container.Content(TVShows) | Container.Content(Seasons) | Container.Content(Episodes)]" height="100" width="960">    
			<control type="image" description="מסגרת"> 
			  <height>100</height>
			  <posx>500</posx>
              <posy>20</posy>
              <width>880</width>
              <texture border="30">buttons/ButtonE.png</texture>
            </control>
			<include>AutoView</include>
			<control type="group" id="730" description="תמונה">
		      <height>60</height>		
			  <posx>530</posx>
			  <posy>40</posy>	      
			  <width>40</width>
			  <control type="image" description="תמונה לא נבחר">
			    <texture background="true">$VAR[VideoInformation2]</texture>
			  </control>
			</control>
			<control type="group" description="סמן פרטי וידאו">
				<height>60</height>		
				<posx>1310</posx>
				<posy>40</posy>	      
				<width>40</width>
				<visible>!IsEmpty(ListItem.Plot) | !IsEmpty(ListItem.Property(Addon.Description))</visible>
				<control type="image" description="">
				  <aspectratio>keep</aspectratio>
				  <texture>icons/info.png</texture>
				</control>
			</control> 		
			<control type="label" description="שם">
              <textcolor>Yellow</textcolor>
			  <include>LabelC3</include>
			  <posx>600</posx>
              <posy>32</posy>
              <width>700</width>
              <height>70</height>
			  <scroll>true</scroll>
			  <label>$VAR[FilterLabels]</label>
			  <visible>!IsEmpty(ListItem.Label)</visible>
            </control>
			<control type="image" description="סמן נצפה">
			  <aspectratio align="left">stretch</aspectratio>			  
			  <height>60</height>
			  <posx>522</posx>
			  <posy>39</posy>
			  <texture>$VAR[Overlay]</texture>
			  <width>60</width>
			</control>      
          </focusedlayout>        		
        </control>
      </control>
	  <include>AdditionalInformation</include>
    </control>
	<control type="group" description="MoviesPT (57)">
	  <visible>Control.IsVisible(57)</visible>
	  <include>Backgrounds3</include>
	  <include>TopVideoInformation</include>
	  <include>ScrollBar</include>
      <control type="group">
        <control type="panel" id="57">
		  <include condition="!Skin.HasSetting(Performance)">Slide1</include>
		  <include condition="Skin.HasSetting(Performance)">Slide1p</include>
		  <include condition="!Skin.HasSetting(Performance)">Slide2</include>
		  <include condition="Skin.HasSetting(Performance)">Slide2p</include>
          <posx>20</posx>
          <posy>35</posy>
          <width>1880</width>
          <height>1041</height>
		  <include>4ways</include>
          <viewtype label="MoviesPT">Grid</viewtype>
          <itemlayout description="(Seasons/Episodes)" condition="Container.Content(Seasons) | Container.Content(Episodes) | [SubString(ListItem.Label,$LOCALIZE[20373],left) | SubString(ListItem.Label,$LOCALIZE[20359],left) | SubString(Container(57).ListItem(1).Label,$LOCALIZE[20359],left) | SubString(Container(57).ListItem(1).Label,$LOCALIZE[20373],left)]" height="95" width="960"> <!--SubString(Container.FolderName,Mako)-->
			<control type="image" description="מסגרת">
              <posx>760</posx>
              <posy>20</posy>
              <width>360</width>
              <height>100</height>
              <texture border="30">buttons/ButtonE2.png</texture>
            </control>
			<control type="label" description="פרק/עונה">
              <posx>800</posx>
              <posy>31</posy>
              <width>280</width>
              <height>70</height>
              <font>size39B</font>
              <textcolor>White</textcolor>
			  <scroll>false</scroll>
              <align>center</align>
			  <label>$VAR[VideoInformation1]</label>
			  <visible></visible>
            </control>			
		    <control type="label" description="כל העונות">
              <posx>970</posx>
              <posy>31</posy>
              <width>120</width>
              <height>70</height>
              <font>size18</font>
              <textcolor>White</textcolor>
			  <scroll>false</scroll>
              <align>right</align>
			  <label>$LOCALIZE[20373] $INFO[ListItem.Season]</label>
			  <visible>SubString(Container.FolderName,$LOCALIZE[20366]) + !IsEmpty(ListItem.Episode)</visible>
            </control>				
			<control type="image" description="סמן נצפה">
			  <aspectratio align="left">stretch</aspectratio>			  
			  <height>60</height>
			  <posx>780</posx>
			  <posy>39</posy>
			  <texture>$VAR[Overlay]</texture>
			  <width>120</width>
			</control>
			</itemlayout>
          <focusedlayout description="(Seasons/Episodes)" condition="Container.Content(Seasons) | Container.Content(Episodes) | [SubString(ListItem.Label,$LOCALIZE[20373],left) | SubString(ListItem.Label,$LOCALIZE[20359],left) | SubString(Container(57).ListItem(1).Label,$LOCALIZE[20359],left) | SubString(Container(57).ListItem(1).Label,$LOCALIZE[20373],left)]" height="95" width="960">    
			<control type="button" description="hidden">
			  <onfocus condition="Container.Content(Episodes) + !Player.HasVideo + !Skin.HasSetting(General_ScriptON) + !IsEmpty(ListItem.Duration) + [!Skin.String(TopVideoInformation1) | !StringCompare(ListItem.Duration,Skin.String(TopVideoInformation1))]">Skin.SetString(TopVideoInformation1,$INFO[ListItem.Duration])</onfocus>
			  <onfocus condition="Container.Content(Episodes) + !Player.HasVideo + !Skin.HasSetting(General_ScriptON) + !IsEmpty(ListItem.Year) + [!Skin.String(TopVideoInformation2) | !StringCompare(ListItem.Year,Skin.String(TopVideoInformation2))]">Skin.SetString(TopVideoInformation2,$INFO[ListItem.Year])</onfocus>
			  <onfocus condition="Container.Content(Episodes) + !Player.HasVideo + !Skin.HasSetting(General_ScriptON) + !IsEmpty(ListItem.Rating) + [!Skin.String(TopVideoInformation3) | !StringCompare(ListItem.Rating,Skin.String(TopVideoInformation3))]">Skin.SetString(TopVideoInformation3,$INFO[ListItem.Rating])</onfocus>
			  <!--<onfocus condition="Container.Content(Episodes) + !Player.HasVideo + !Skin.HasSetting(General_ScriptON) + !IsEmpty(ListItem.Art(tvshow.poster)) + [!Skin.String(TopVideoInformation4) | !StringCompare(ListItem.Art(tvshow.poster),Skin.String(TopVideoInformation4))]">Skin.SetString(TopVideoInformation4,$INFO[ListItem.Art(tvshow.poster)])</onfocus>-->
			  <!--<onfocus condition="Container.Content(Episodes) + !Player.HasVideo + !Skin.HasSetting(General_ScriptON) + !IsEmpty(ListItem.Plot) + [!Skin.String(TopVideoInformation5) | !StringCompare(ListItem.Plot,Skin.String(TopVideoInformation5))]">Skin.SetString(TopVideoInformation5,$INFO[ListItem.Plot])</onfocus>-->
			  <onfocus condition="Container.Content(Episodes) + !Player.HasVideo + !Skin.HasSetting(General_ScriptON) + [!IsEmpty(ListItem.Genre) | Skin.String(ListItemGenre)] + [!Skin.String(TopVideoInformation6) | [!IsEmpty(ListItem.Genre) + !StringCompare(ListItem.Genre,Skin.String(TopVideoInformation6))] | [Skin.String(ListItemGenre) + !StringCompare(Skin.String(ListItemGenre),Skin.String(TopVideoInformation6))]]">Skin.SetString(TopVideoInformation6,$VAR[TopVideoInformation6])</onfocus>
			  <onfocus condition="Container.Content(Episodes) + !Player.HasVideo + !Skin.HasSetting(General_ScriptON) + !SubString(ListItem.Label,..,left) + !IsEmpty(ListItem.Title) + !IsEmpty(ListItem.Season) + [!Skin.String(TopVideoInformation7) | !StringCompare(ListItem.Genre,Skin.String(TopVideoInformation7))]">Skin.SetString(TopVideoInformation7,[COLOR Yellow][B]$INFO[ListItem.Episode][/B][/COLOR] $LOCALIZE[20452]: [COLOR Yellow][B]$INFO[ListItem.Season][/B][/COLOR] $LOCALIZE[20373]: [COLOR Yellow][B]$INFO[ListItem.Title] [/B][/COLOR] $LOCALIZE[31408]:)</onfocus>
			  <onfocus condition="Container.Content(Episodes) + !Player.HasVideo + !Skin.HasSetting(General_ScriptON) + !IsEmpty(ListItem.TVShowTitle) + [!Skin.String(TopVideoInformation8) | !StringCompare(ListItem.TVShowTitle,Skin.String(TopVideoInformation8))]">Skin.SetString(TopVideoInformation8,$INFO[ListItem.TVShowTitle])</onfocus>
			  <onfocus condition="Skin.HasSetting(Admin) + !Player.HasVideo + !Skin.HasSetting(General_ScriptON) + !Window.IsVisible(DialogKaiToast.xml) + Container.Content(Episodes) + !StringCompare(ListItem.TVShowTitle,Skin.String(TopVideoInformation7))">Notification(Admin,New TopVideoInformation7,1000)</onfocus>
			  
			  <onfocus condition="!IsEmpty(ListItem.Duration) + [!Skin.String(ListItemDuration) | !StringCompare(ListItem.Duration,Skin.String(ListItemDuration))]">Skin.SetString(ListItemDuration,$INFO[ListItem.Duration])</onfocus>
			  <visible>false</visible>
			</control>
			<control type="image" description="מסגרת">
			  <posx>760</posx>
              <posy>20</posy>
              <width>360</width>
              <height>100</height>
              <texture border="50">buttons/ButtonE.png</texture>
            </control>
			<include>AutoView</include>
		    <control type="label" description="פרק/עונה">
              <posx>800</posx>
              <posy>31</posy>
              <width>280</width>
              <height>70</height>
              <font>size42B</font>
              <textcolor>Yellow</textcolor>
			  <scroll>false</scroll>
              <align>center</align>
			  <label>$VAR[VideoInformation1]</label>
            </control>
		    <control type="label" description="כל העונות">
              <posx>970</posx>
              <posy>31</posy>
              <width>120</width>
              <height>70</height>
              <font>size18</font>
              <textcolor>White</textcolor>
			  <scroll>false</scroll>
              <align>right</align>
			  <label>$LOCALIZE[20373] $INFO[ListItem.Season]</label>
			  <visible>SubString(Container.FolderName,$LOCALIZE[20366]) + !IsEmpty(ListItem.Episode)</visible>
            </control>	
			<control type="image" description="סמן נצפה">
			  <aspectratio align="left">stretch</aspectratio>			  
			  <height>60</height>
			  <posx>780</posx>
			  <posy>39</posy>
			  <texture>$VAR[Overlay]</texture>
			  <width>120</width>
			</control>         
          </focusedlayout>        		
		  <itemlayout description="(Movies+TVshows)" condition="[Container.Content(Movies) | Container.Content(TVShows)]" height="342" width="257"> <!-- + [!IsEmpty(Control.GetLabel(1105)) + !IsEmpty(Control.GetLabel(1106)) | !IsEmpty(Container(57).ListItem(1).Plot) + !IsEmpty(Container(57).ListItem(1).Genre) | !IsEmpty(Container(57).ListItem(2).Plot) + !IsEmpty(Container(57).ListItem(2).Genre)-->
            <control type="group">
			   	<include condition="!Skin.HasSetting(Performance)">Slide2.2</include>
		        <include condition="Skin.HasSetting(Performance)">Slide2.2p</include>
				<include condition="!Skin.HasSetting(Performance) + Skin.HasSetting(FullFanartTopVideoInformation)">Slide2.4</include>
		        <include condition="Skin.HasSetting(Performance) + Skin.HasSetting(FullFanartTopVideoInformation)">Slide2.4p</include>
				<control type="image" description="תמונה לא נבחר">
				  <posx>55</posx>
				  <posy>24</posy>
				  <width>197</width>
				  <height>290</height>
				  <texture background="true">$VAR[TopVideoInformation4]</texture>
				  <aspectratio>scale</aspectratio>
				</control>
				<control type="image" description="סמן נצפה">
				  <aspectratio align="left">keep</aspectratio>
				  <height>312</height>
				  <posx>23</posx>
				  <posy>19</posy>
				  <width>237</width>			  
				  <texture>$VAR[Overlay]</texture>
				</control>
				<control type="group" description="לא נבחר ShowDVDCases">
				  <posx>23</posx>
				  <posy>19</posy>              
				  <height>312</height>
				  <visible>Skin.HasSetting(ShowDVDCases)</visible>
				  <width>237</width>
				  <include>ShowDVDCases</include>
				</control>
				<control type="group" description="סדרות בתהליך">	  
				  <height>312</height>
				  <posx>23</posx>
				  <posy>19</posy>
				  <width>237</width>
				  <visible>[Container.Content(TVShows) + IntegerGreaterThan(ListItem.Property(WatchedEpisodes),1) + IntegerGreaterThan(ListItem.Property(UnWatchedEpisodes),0)]</visible>
				  <control type="image" description="">
					<aspectratio>keep</aspectratio>
					<height>50</height>
					<posx>80r</posx>
					<posy>4</posy>
					<texture>badges/BadgeCount.png</texture>
					<width>70</width>
				  </control>		  
				  <control type="label" id="1130" description="">					
					<angle>0</angle>
					<font>size28</font>
					<height>30</height>
					<label>[B]$INFO[ListItem.Property(UnwatchedEpisodes)][/B]</label>
					<posx>80r</posx>
					<posy>10</posy>
					<align>center</align>
					<textcolor>White2</textcolor>
					<visible>[Container.Content(TVShows) + IntegerGreaterThan(ListItem.Property(WatchedEpisodes),1) + IntegerGreaterThan(ListItem.Property(UnWatchedEpisodes),0)]</visible>
					<width>70</width>
				  </control>			  
				</control>
				<control type="label" description="כותרת">
				  <include>Fade11</include>
				  <scrollspeed>1</scrollspeed>
				  <align>center</align>
				  <font>size18</font>
				  <posx>40</posx>
				  <posy>313</posy>
				  <width>210</width>
				  <height>35</height>
				  <textcolor>White2</textcolor>
				  <label>$INFO[ListItem.Label]</label>
				  <visible>!IsEmpty(ListItem.Label)</visible>
				</control>
			  </control>
			</itemlayout>
          <focusedlayout description="(Movies+TVshows)" condition="[Container.Content(Movies) | Container.Content(TVShows)]" height="342" width="257">  <!-- + [!IsEmpty(Control.GetLabel(1105)) + !IsEmpty(Control.GetLabel(1106)) | !IsEmpty(Container(57).ListItem(1).Plot) + !IsEmpty(Container(57).ListItem(1).Genre) | !IsEmpty(Container(57).ListItem(2).Plot) + !IsEmpty(Container(57).ListItem(2).Genre)]-->
			<control type="group">
			   	<include condition="!Skin.HasSetting(Performance)">Slide2.3</include>
		        <include condition="Skin.HasSetting(Performance)">Slide2.3p</include>
				<control type="image" description="תמונה נבחר">
				  <posx>55</posx>
				  <posy>24</posy>
				  <width>197</width>
				  <height>290</height>
				  <texture background="true">$VAR[TopVideoInformation4]</texture>
				  <aspectratio>scale</aspectratio>
				</control>
				<control type="button" description="hidden">
				  <onfocus condition="Container.Content(TVShows) + !IsEmpty(ListItem.Year) + [!Skin.String(ListItemYear) | !StringCompare(ListItem.Year,Skin.String(ListItemYear))]">Skin.SetString(ListItemYear,$INFO[ListItem.Year])</onfocus>
				  <onfocus condition="Container.Content(TVShows) + !IsEmpty(ListItem.Genre) + [!Skin.String(ListItemGenre) | !StringCompare(ListItem.Genre,Skin.String(ListItemGenre))]">Skin.SetString(ListItemGenre,$INFO[ListItem.Genre])</onfocus>
				  <onfocus condition="Container.Content(TVShows) + !IsEmpty(ListItem.Rating) + [!Skin.String(ListItemRating) | !StringCompare(ListItem.Rating,Skin.String(ListItemRating))]">Skin.SetString(ListItemRating,$INFO[ListItem.Rating])</onfocus>
				  <onfocus condition="Container.Content(TVShows) + !IsEmpty(ListItem.TVShowTitle) + [!Skin.String(ListItemTVShowTitle) | !StringCompare(ListItem.TVShowTitle,Skin.String(ListItemTVShowTitle))]">Skin.SetString(ListItemTVShowTitle,$INFO[ListItem.TVShowTitle])</onfocus>
				  <onfocus condition="Container.Content(TVShows) + !IsEmpty(ListItem.TVShowTitle) + [!Skin.String(ListItemTVShowTitle) | !StringCompare(ListItem.TVShowTitle,Skin.String(ListItemTVShowTitle))]">Skin.SetString(ListItemDuration,)</onfocus>
				  <onfocus condition="Skin.HasSetting(Admin) + Container.Content(TVShows) + !StringCompare(ListItem.TVShowTitle,Skin.String(ListItemTVShowTitle))">Notification(Admin,New ListItemTVShowTitle,1000)</onfocus>
				  <visible>false</visible>
				</control>
				<control type="group" description="סימנים נבחר">
				  <height>312</height>
				  <posx>23</posx>
				  <posy>19</posy>
				  <width>237</width>
					<control type="image" description="סמן נצפה">
					  <aspectratio align="left">keep</aspectratio>
					  <texture>$VAR[Overlay]</texture>
					</control>
				</control>
				<control type="group" description="נבחר ShowDVDCases">
				  <posx>23</posx>
				  <posy>19</posy>              
				  <height>312</height>
				  <visible>Skin.HasSetting(ShowDVDCases)</visible>
				  <width>237</width>
				  <include>ShowDVDCases</include>
				</control>	
				<include>InProgressBadge</include>
				<control type="image" description="דירוג נבחר">
				  <include>Fade8</include>
				  <posx>55</posx>
				  <posy>28</posy>
				  <width>135</width>
				  <height>20</height>
				  <aspectratio align="center">keep</aspectratio>
				  <texture>$VAR[TopVideoInformation3]</texture>
				  <visible>!IsEmpty(ListItem.Rating)</visible>
				</control>
				<control type="group" description="מסגרת סמן בחירה">
				  <control type="image">
					<include>Fade9</include>
					<bordersize>10</bordersize>
					<posx>-8</posx>
					<posy>-13</posy>
					<width>296</width>
					<height>367</height>
					<texture border="1">misc/frames/selector.png</texture>
				  </control>
				</control>
				<control type="image" description="רקע שחור">
				  <posx>25</posx>
				  <posy>319</posy>
				  <width>230</width>
				  <height>24</height>
				  <texture>images/black.png</texture>
				  <colordiffuse>99FFFFFF</colordiffuse>
				  <aspectratio>scale</aspectratio>
				  <visible>!IsEmpty(ListItem.Label)</visible>
				</control>   					  
				<control type="label" description="כותרת">
				  <include condition="Skin.HasSetting(Performance2)">Fade10</include>
				  <scrollspeed>1</scrollspeed>
				  <align>center</align>
				  <font>size18</font>
				  <posx>40</posx>
				  <posy>313</posy>
				  <width>210</width>
				  <height>35</height>
				  <textcolor>Yellow</textcolor>
				  <label>$INFO[ListItem.Label]</label>
				  <visible>!IsEmpty(ListItem.Label)</visible>
				</control>
			</control>
		  </focusedlayout>        
		</control>
      </control>
    </control>	
	<control type="group" description="IconsPT (58)">
	  <visible>Control.IsVisible(58)</visible>
	  <include>Backgrounds3</include>
	  <include>TopVideoInformation</include>
	  <include>ScrollBar</include>
      <control type="group">
        <control type="panel" id="58">
		  <include condition="!Skin.HasSetting(Performance)">Slide1</include>
		  <include condition="Skin.HasSetting(Performance)">Slide1p</include>
		  <include condition="!Skin.HasSetting(Performance)">Slide2</include>
		  <include condition="Skin.HasSetting(Performance)">Slide2p</include>
          <posx>20</posx>
          <posy>50</posy>
          <width>1880</width>
          <height>1030</height>
		  <include>4ways</include>
          <viewtype label="IconsPT">Grid</viewtype>
		  <itemlayout description="(Plugins)" condition="" height="510" width="353">
            <control type="image" description="תמונה לא נבחר">
              <posx>55</posx>
              <posy>40</posy>
              <width>310</width>
              <height>430</height>
			  <texture background="true">$VAR[VideoInformation2]</texture>
              <!--<texture background="true">$VAR[TopVideoInformation4]</texture>-->
            </control>
			<control type="image" description="סמן נצפה">
			  <aspectratio align="left">keep</aspectratio>
			  <height>410</height>
			  <posx>17</posx>
			  <posy>19</posy>
			  <width>290</width>				  
			  <texture>$VAR[Overlay]</texture>
			</control>
			<control type="label" description="כותרת">
			  <include>Fade11</include>
			  <include>LabelC2</include>
              <posx>50</posx>
              <posy>472</posy>
              <width>310</width>
              <height>35</height>
              <textcolor>White2</textcolor>
			  <scroll>false</scroll>
			  <label>$VAR[FilterLabels]</label>
			  <visible>!IsEmpty(ListItem.Label)</visible>
            </control>		
			<control type="label" description="אורך">
			  <animation condition="true" effect="fade" end="50" time="200">Conditional</animation>
			  <posx>70</posx>
			  <posy>20</posy>
			  <width>120</width>
			  <height>70</height>
			  <font>size24</font>
			  <align>left</align>
			  <label>$INFO[ListItem.Duration] $LOCALIZE[12391]</label>
			  <scroll>false</scroll>
			  <visible>!IsEmpty(ListItem.Duration)</visible>
			</control>
			<control type="label" description="תאריך">
			  <animation condition="true" effect="fade" end="50" time="200">Conditional</animation>
			  <posx>200</posx>
			  <posy>20</posy>
			  <width>150</width>
			  <height>70</height>
			  <font>size24</font>
			  <align>right</align>
			  <label>$VAR[TopVideoInformation2]</label>
			  <scroll>false</scroll>
			  <visible></visible>
			</control>
		  </itemlayout>
          <focusedlayout description="(Plugins)" condition="" height="510" width="353">    
			<include condition="Skin.HasSetting(AutoView)">AutoView</include>
			<control type="image" description="תמונה נבחר">
              <posx>55</posx>
              <posy>40</posy>
              <width>310</width>
              <height>430</height>
			  <texture background="true">$VAR[VideoInformation2]</texture>
              <!--<texture background="true">$VAR[TopVideoInformation4]</texture>-->
            </control>
			<control type="image" description="סמן נצפה">
			  <aspectratio align="left">keep</aspectratio>
			  <height>410</height>
			  <posx>17</posx>
			  <posy>19</posy>
			  <width>290</width>				  
			  <texture>$VAR[Overlay]</texture>
			</control>
			<control type="image" description="דירוג נבחר">
			  <include>Fade3</include>
              <posx>140</posx>
              <posy>7</posy>
              <width>135</width>
              <height>15</height>
			  <aspectratio align="center">keep</aspectratio>
			  <texture background="true">$VAR[TopVideoInformation3]</texture>
			  <visible>!IsEmpty(ListItem.Rating)</visible>
			</control>
            <control type="group" description="מסגרת סמן בחירה">
              <control type="image">
                <include>Fade9</include>
				<bordersize>10</bordersize>
                <posx>7</posx>
                <posy>-7</posy>
                <width>406</width>
                <height>525</height>
                <texture border="1">misc/frames/selector.png</texture>
              </control>
            </control>
			<control type="image" description="רקע שחור">
			  <aspectratio>scale</aspectratio>
			  <colordiffuse>99FFFFFF</colordiffuse>
			  <height>33</height>
			  <posx>50</posx>
			  <posy>474</posy>
			  <texture>images/black.png</texture>
			  <visible>!IsEmpty(ListItem.Label)</visible>
			  <width>317</width>
			</control>
			<control type="label" description="כותרת">
              <textcolor>Yellow</textcolor>			  
			  <include>LabelC2</include>
              <posx>50</posx>
              <posy>472</posy>
              <width>310</width>
              <height>35</height>
			  <scroll>true</scroll>
			  <label>$VAR[FilterLabels]</label>
			  <visible>!IsEmpty(ListItem.Label)</visible>
            </control>	
			<control type="label" description="אורך">
			  <animation condition="true" effect="fade" end="90" time="200">Conditional</animation>
			  <posx>70</posx>
			  <posy>20</posy>
			  <width>120</width>
			  <height>70</height>
			  <font>size24</font>
			  <align>left</align>
			  <label>$INFO[ListItem.Duration] $LOCALIZE[12391]</label>
			  <scroll>false</scroll>
			  <visible>!IsEmpty(ListItem.Duration)</visible>
			</control>
			<control type="label" description="תאריך">
			  <animation condition="true" effect="fade" end="90" time="200">Conditional</animation>
			  <posx>200</posx>
			  <posy>20</posy>
			  <width>150</width>
			  <height>70</height>
			  <font>size24</font>
			  <align>right</align>
			  <label>$VAR[TopVideoInformation2]</label>
			  <scroll>false</scroll>
			  <visible></visible>
			</control>
		  </focusedlayout>        
        </control>
      </control>
    </control>
	<include>TopInformation</include>
  </include>
</includes>
