<?xml version="1.0" encoding="UTF-8"?>
<window type="dialog" id="1125" description="עוד">
  <defaultcontrol always="false">205</defaultcontrol>
  <coordinates>
		<system>2</system>
		<left>504</left>
		<top>590</top>
  </coordinates>
  <!--<onload condition="!Skin.String(smartkeyboardHN,1)">Skin.SetString(smartkeyboardHN,1)</onload>
  <onload condition="!Skin.String(smartkeyboardCN,1)">Skin.SetString(smartkeyboardCN,1)</onload>
  <onload condition="!Skin.String(smartkeyboardPN,1)">Skin.SetString(smartkeyboardPN,1)</onload>-->
  <controls>
	<control type="group">
		<left>-504</left>
		<top>-590</top>
		<include>Fade5</include>
	</control>
	<control type="group">
	  <left>30</left>
	  <top>140</top>>
	  <animation effect="zoom" end="120,120" delay="0" center="80,80" time="700" reversible="false">WindowOpen</animation>
	  <visible>!Window.IsVisible(numericinput)</visible>
		<control type="label" id="170" description="שדה טקסט2">
			<left>35</left>
			<top>-80</top>
			<width>550</width>
			<height>50</height>
			<font>size24</font>
			<align>left</align>
			<aligny>center</aligny>
			<textcolor>Blue</textcolor>
			<visible>true</visible>
			<label>$VAR[Custom1125]</label>
		</control>
		<control type="button" id="201" description="היסטוריה">
			<left>0</left>
			<top>0</top>
			<texturenofocus border="25,25,5,5">osd/keyboard/KeyboardCornerTopNF.png</texturenofocus>
			<texturefocus border="25,25,5,5">osd/keyboard/KeyboardCornerTop.png</texturefocus>
			<label>$LOCALIZE[31612] ($VAR[smartkeyboardHN])</label>
			<width>200</width>
			<include>Keyboard</include>
			<onup>noop</onup>
			<onleft condition="Skin.String(smartkeyboardHN,1) + Skin.String(smartkeyboardH5)">Skin.SetString(smartkeyboardHN,5)</onleft>
			<onleft condition="Skin.String(smartkeyboardHN,2) + Skin.String(smartkeyboardH1)">Skin.SetString(smartkeyboardHN,1)</onleft>
			<onleft condition="Skin.String(smartkeyboardHN,3) + Skin.String(smartkeyboardH2)">Skin.SetString(smartkeyboardHN,2)</onleft>
			<onleft condition="Skin.String(smartkeyboardHN,4) + Skin.String(smartkeyboardH3)">Skin.SetString(smartkeyboardHN,3)</onleft>
			<onleft condition="Skin.String(smartkeyboardHN,5) + Skin.String(smartkeyboardH4)">Skin.SetString(smartkeyboardHN,4)</onleft>
			
			<onright condition="Skin.String(smartkeyboardHN,1) + Skin.String(smartkeyboardH2)">Skin.SetString(smartkeyboardHN,2)</onright>
			<onright condition="Skin.String(smartkeyboardHN,2) + Skin.String(smartkeyboardH3)">Skin.SetString(smartkeyboardHN,3)</onright>
			<onright condition="Skin.String(smartkeyboardHN,3) + Skin.String(smartkeyboardH4)">Skin.SetString(smartkeyboardHN,4)</onright>
			<onright condition="Skin.String(smartkeyboardHN,4) + Skin.String(smartkeyboardH5)">Skin.SetString(smartkeyboardHN,5)</onright>
			<onright condition="Skin.String(smartkeyboardHN,5) + Skin.String(smartkeyboardH1)">Skin.SetString(smartkeyboardHN,1)</onright>
			
			<ondown>204</ondown>
			<onclick>RunScript(script.htpt.smartbuttons,,?mode=3)</onclick>
		</control>
		<control type="image" description="חץ שמאלה-היסטוריה">
		  <left>-30</left>
		  <texture>images/Arrow2FO.png</texture>
		  <top>10</top>
		  <visible>Control.HasFocus(201)</visible>
		</control>
		<control type="image" description="חץ שמאלה-היסטוריה">
		  <left>-30</left>
		  <texture>images/Arrow2NF.png</texture>
		  <top>10</top>
		  <visible>!Control.HasFocus(201)</visible>
		</control>
		<control type="image" description="חץ ימינה-היסטוריה">
		  <left>200</left>
		  <texture>images/ArrowNF.png</texture>
		  <top>10</top>
		  <visible>!Control.HasFocus(201)</visible>
		</control>
		<control type="image" description="חץ ימינה-היסטוריה">
		  <left>200</left>
		  <texture>images/ArrowFO.png</texture>
		  <top>10</top>
		  <visible>Control.HasFocus(201)</visible>
		</control>
		<control type="image" description="חץ שמאלה-העתק">
		  <left>-30</left>
		  <texture>images/Arrow2FO.png</texture>
		  <top>60</top>
		  <visible>Control.HasFocus(202)</visible>
		</control>
		<control type="image" description="חץ שמאלה-העתק">
		  <left>-30</left>
		  <texture>images/Arrow2NF.png</texture>
		  <top>60</top>
		  <visible>!Control.HasFocus(202)</visible>
		</control>
		<control type="image" description="חץ ימינה-הדבק">
		  <left>200</left>
		  <texture>images/ArrowNF.png</texture>
		  <top>60</top>
		  <visible>!Control.HasFocus(204)</visible>
		</control>
		<control type="image" description="חץ ימינה-הדבק">
		  <left>200</left>
		  <texture>images/ArrowFO.png</texture>
		  <top>60</top>
		  <visible>Control.HasFocus(204)</visible>
		</control>
		<control type="button" id="202" description="העתק">
			<enable></enable>
			<left>0</left>
			<top>50</top>
			<width>100</width>
			<include>Keyboard</include>
			<label>$LOCALIZE[79097] $VAR[smartkeyboardCN]</label>
			<onup>201</onup>
			<onleft condition="Skin.String(smartkeyboardCN,1)">Skin.SetString(smartkeyboardCN,2)</onleft>
			<onleft condition="Skin.String(smartkeyboardCN,2)">Skin.SetString(smartkeyboardCN,3)</onleft>
			<onleft condition="Skin.String(smartkeyboardCN,3)">Skin.SetString(smartkeyboardCN,4)</onleft>
			<onleft condition="Skin.String(smartkeyboardCN,4)">Skin.SetString(smartkeyboardCN,5)</onleft>
			<onleft condition="Skin.String(smartkeyboardCN,5)">Skin.SetString(smartkeyboardCN,1)</onleft>
			<onright>204</onright>
			<ondown>205</ondown>
			<onclick>RunScript(script.htpt.smartbuttons,,?mode=2)</onclick>
			<!--<onclick condition="Skin.String(smartkeyboardCN,1)">Skin.SetString(smartkeyboardC1,$INFO[Skin.String(keyboardinput)])</onclick>
			<onclick condition="Skin.String(smartkeyboardCN,2)">Skin.SetString(smartkeyboardC2,$INFO[Skin.String(keyboardinput)])</onclick>
			<onclick condition="Skin.String(smartkeyboardCN,3)">Skin.SetString(smartkeyboardC3,$INFO[Skin.String(keyboardinput)])</onclick>
			<onclick condition="Skin.String(smartkeyboardCN,4)">Skin.SetString(smartkeyboardC4,$INFO[Skin.String(keyboardinput)])</onclick>
			<onclick condition="Skin.String(smartkeyboardCN,5)">Skin.SetString(smartkeyboardC5,$INFO[Skin.String(keyboardinput)])</onclick>-->
		</control>
		<control type="button" id="203" description="IP כתובת">
			<width>200</width>
			<include>Keyboard</include>
			<left>0</left>
			<label>$LOCALIZE[1006]</label>
			<onup>205</onup>
			<ondown>200</ondown>
			<onclick>SendClick(307)</onclick>
			<top>150</top>
		</control>
		<control type="button" id="200" description="חזור">
			<left>0</left>
			<top>200</top>
			<width>200</width>
			<texturenofocus border="25,5,25,5">osd/keyboard/KeyboardCornerBottomNF2.png</texturenofocus>
			<texturefocus border="25,5,25,5">osd/keyboard/KeyboardCornerBottom2.png</texturefocus>
			<include>Keyboard</include>
			<label>$LOCALIZE[79100]</label>
			<onup>203</onup>
			<ondown>noop</ondown>
			<onclick>Close</onclick>
		</control>	  
		<control type="button" id="204" description="הדבק">
			<left>100</left>
			<top>50</top>
			<width>100</width>
			<include>Keyboard</include>
			<label>$LOCALIZE[79098] $VAR[smartkeyboardPN]</label>
			<onup>201</onup>
			<onleft>202</onleft>
			<onright condition="Skin.String(smartkeyboardPN,1)">Skin.SetString(smartkeyboardPN,2)</onright>
			<onright condition="Skin.String(smartkeyboardPN,2)">Skin.SetString(smartkeyboardPN,3)</onright>
			<onright condition="Skin.String(smartkeyboardPN,3)">Skin.SetString(smartkeyboardPN,4)</onright>
			<onright condition="Skin.String(smartkeyboardPN,4)">Skin.SetString(smartkeyboardPN,5)</onright>
			<onright condition="Skin.String(smartkeyboardPN,5)">Skin.SetString(smartkeyboardPN,1)</onright>
			<ondown>205</ondown>
			<onclick>RunScript(script.htpt.smartbuttons,,?mode=4)</onclick>
		</control>
		<control type="togglebutton" id="205" description="N/A">
			<left>0</left>
			<top>100</top>
			<width>200</width>
			<include>Keyboard</include>
			<label>N/A</label>
			<onup>204</onup>
			<ondown>203</ondown>
			<onclick>-</onclick>
		</control>
	</control>
  </controls>
</window>