<?xml version="1.0" encoding="UTF-8"?>
<window type="dialog" id="1135" description="דוקו">
  <defaultcontrol always="true">100</defaultcontrol>
  <controls>
    <include>Fade5</include>
	<control type="group" description="Side menu 9000 group">
      <posx>720</posx>
      <posy>310</posy>
      <visible allowhiddenfocus="false">true</visible>
      <control type="image" description="מסגרת">
        <include>Fade_CenterMenuOverlay</include>
		<height>480</height>
        <texture border="40">buttons/ButtonE2.png</texture>
		<width>480</width>
      </control>
	  <control type="grouplist" id="9000">
		<onright>Close</onright>
		<onleft>Close</onleft>
		<onup>9000</onup>
		<ondown>9000</ondown>
		  <control type="button" id="100" description="חזור"> 
			<height>110</height>
			<label>--></label>
			<onclick>Close</onclick>
		  </control>		  
		  <control type="button" id="99" description="">
			<visible>false</visible>
			<font>Size42</font>
			<height>110</height>
			<label></label>
			<onclick></onclick>
		  </control>
		  <control type="button" id="101" description="דוקו 1">
			<font>Size42</font>
			<height>110</height>
			<label>$LOCALIZE[78942] 1</label>
			<onclick>dialog.close(1135)</onclick>
			<onclick condition="System.HasAddon(plugin.video.movixws)">ActivateWindow(10025,plugin://plugin.video.movixws/?iconimage=http%3a%2f%2ficons.iconarchive.com%2ficons%2faaron-sinuhe%2ftv-movie-folder%2f512%2fDocumentaries-National-Geographic-icon.png&mode=2&name=Documentary%20-%20%d7%93%d7%95%d7%a7%d7%95%d7%9e%d7%a0%d7%98%d7%a8%d7%99&url=http%3a%2f%2fwww.movix.me%2fgenres%2fDocumentary,return)</onclick>
		    <onclick condition="!System.HasAddon(plugin.video.movixws)">Notification($LOCALIZE[79195],$LOCALIZE[79154],4000)</onclick>
		    <onclick condition="!System.HasAddon(plugin.video.movixws)">ActivateWindow(10025,plugin://plugin.video.movixws,return)</onclick>
		  </control>
		  <control type="button" id="102" description="דוקו 2">
			<font>Size42</font>
			<height>110</height>
			<label>$LOCALIZE[78942] 2</label>
			<onclick>dialog.close(1135)</onclick>
			<onclick condition="!System.HasAddon(repository.ninbora)">Notification($LOCALIZE[79195],$LOCALIZE[79154],4000)</onclick>
			<onclick condition="!System.HasAddon(repository.ninbora)">RunScript(script.htpt.smartbuttons,,?mode=11&amp;value=repository.ninbora)</onclick>
			<onclick condition="System.HasAddon(repository.ninbora) + System.HasAddon(plugin.video.ninbora-nature)">RunAddon(plugin.video.ninbora-nature)</onclick>
		    <onclick condition="System.HasAddon(repository.ninbora) + !System.HasAddon(plugin.video.ninbora-nature)">Notification($LOCALIZE[79195],$LOCALIZE[79154],4000)</onclick>
		    <onclick condition="System.HasAddon(repository.ninbora) + !System.HasAddon(plugin.video.ninbora-nature)">ActivateWindow(10025,plugin://plugin.video.ninbora-nature,return)</onclick>
		  </control>
		  <control type="button" id="103" description="דוקו 3">
			<font>Size42</font>
			<height>110</height>
			<label>$LOCALIZE[78942] 3</label>
			<onclick>noop</onclick>
			<visible>false</visible>
		  </control>
	  </control>
    </control>
  </controls>
</window>