<?xml version="1.0" encoding="UTF-8"?>
<includes>
   <include name="Slide1" description="(Backgrounds)">
     <animation condition="[Control.IsVisible(50) | Control.HasFocus(7017) | Control.IsVisible(450) | Control.IsVisible(52) | Window.IsVisible(SettingsCategory.xml)] + Player.HasVideo + [!Container.Content(Seasons) + !Container.Content(Episodes) | Control.IsVisible(50) | Control.IsVisible(52) | Control.IsVisible(58)]" effect="slide" start="0,0" end="0,552" time="700" reversible="false">>Conditonal</animation>
	 <animation condition="Control.IsVisible(57) + [Container.Content(Seasons) | Container.Content(Episodes)]" effect="slide" start="0,0" end="0,552" delay="0" time="700" reversible="false">Conditonal</animation>
	 <animation condition="Control.IsVisible(57) + !Control.HasFocus(7017) + !Container.Content(Seasons) + !Container.Content(Episodes) + !Control.HasFocus(60) + [!IsEmpty(Control.GetLabel(1106)) + !IsEmpty(Control.GetLabel(1105)) | Player.HasVideo] + !Container(57).OnNext + !Container(57).OnPrevious + Skin.HasSetting(ShowTopVideoInformation)" effect="slide" start="0,0" end="0,552" delay="3000" time="700" reversible="false">Conditonal</animation>
	 <animation condition="Control.IsVisible(55) + !Control.HasFocus(7017) + !Control.HasFocus(60) + [!IsEmpty(Control.GetLabel(1106)) + !IsEmpty(Control.GetLabel(1105)) | Player.HasVideo] + !Container(55).OnNext + !Container(55).OnPrevious + [!Skin.HasSetting(ShowTopProgramInformation) | !Skin.HasSetting(Admin)]" effect="slide" start="0,0" end="0,552" delay="3000" time="700" reversible="false">Conditonal</animation>
	 <animation condition="Control.IsVisible(55) + !Control.HasFocus(7017) + !Control.HasFocus(60) + [!IsEmpty(Control.GetLabel(1106)) + !IsEmpty(Control.GetLabel(1105)) | Player.HasVideo] + !Container(55).OnNext + !Container(55).OnPrevious + [Skin.HasSetting(ShowTopProgramInformation) + Skin.HasSetting(Admin)]" effect="slide" start="0,0" end="0,552" delay="0" time="0" reversible="true">Conditonal</animation>
     <animation condition="Control.IsVisible(58) + !Control.HasFocus(7017) + !Control.HasFocus(60) + [Player.HasVideo] + !Container(58).OnNext + !Container(58).OnPrevious" effect="slide" start="0,0" end="0,552" delay="3000" time="700" reversible="false">Conditonal</animation>
   </include>
   <include name="Slide1p" description="(Backgrounds)">
     <animation condition="[Control.IsVisible(50) | Control.HasFocus(7017) | Control.IsVisible(450) | Control.IsVisible(52) | Window.IsVisible(SettingsCategory.xml)] + Player.HasVideo + [!Container.Content(Seasons) + !Container.Content(Episodes) | Control.IsVisible(50) | Control.IsVisible(52) | Control.IsVisible(58)]" effect="slide" start="0,0" end="0,552" time="220" reversible="false">>Conditonal</animation> <!--Control.HasFocus(450)-->
	 <animation condition="Control.IsVisible(57) + [Container.Content(Seasons) | Container.Content(Episodes)]" effect="slide" start="0,0" end="0,552" delay="0" time="220" reversible="false">Conditonal</animation>
	 <animation condition="Control.IsVisible(57) + !Control.HasFocus(7017) + !Container.Content(Seasons) + !Container.Content(Episodes) + !Control.HasFocus(60) + [!IsEmpty(Control.GetLabel(1106)) + !IsEmpty(Control.GetLabel(1105)) | Player.HasVideo] + !Container(57).OnNext + !Container(57).OnPrevious + Skin.HasSetting(ShowTopVideoInformation)" effect="slide" start="0,0" end="0,552" delay="3000" time="220" reversible="false">Conditonal</animation>
	 <animation condition="Control.IsVisible(55) + !Control.HasFocus(7017) + !Control.HasFocus(60) + [!IsEmpty(Control.GetLabel(1106)) + !IsEmpty(Control.GetLabel(1105)) | Player.HasVideo] + !Container(55).OnNext + !Container(55).OnPrevious + [!Skin.HasSetting(ShowTopProgramInformation) | !Skin.HasSetting(Admin)]" effect="slide" start="0,0" end="0,552" delay="3000" time="220" reversible="false">Conditonal</animation>
	 <animation condition="Control.IsVisible(55) + !Control.HasFocus(7017) + !Control.HasFocus(60) + [!IsEmpty(Control.GetLabel(1106)) + !IsEmpty(Control.GetLabel(1105)) | Player.HasVideo] + !Container(55).OnNext + !Container(55).OnPrevious + [Skin.HasSetting(ShowTopProgramInformation) + Skin.HasSetting(Admin)]" effect="slide" start="0,0" end="0,552" delay="0" time="0" reversible="true">Conditonal</animation>
     <animation condition="Control.IsVisible(58) + !Control.HasFocus(7017) + !Control.HasFocus(60) + [Player.HasVideo] + !Container(58).OnNext + !Container(58).OnPrevious" effect="slide" start="0,0" end="0,552" delay="3000" time="220" reversible="false">Conditonal</animation>
   </include>
   <include name="Slide1.1" description="(2 רקע בית)">
     <animation condition="Control.IsVisible(57) + Control.IsVisible(7013) + [Container.Content(Seasons) | Container.Content(Episodes)]" effect="slide" start="0,0" end="0,552" delay="0" time="700" reversible="false">Conditonal</animation>
   </include>
   <include name="Slide1.1p" description="(2 רקע בית)">
     <animation condition="Control.IsVisible(57) + Control.IsVisible(7013) + [Container.Content(Seasons) | Container.Content(Episodes)]" effect="slide" start="0,0" end="0,552" delay="0" time="220" reversible="false">Conditonal</animation>
   </include>
   <include name="Slide1.2" description="גלילה">
     <animation condition="[Control.IsVisible(50) | Control.HasFocus(7017) | Control.IsVisible(450) | Control.IsVisible(52) | Window.IsVisible(SettingsCategory.xml)] + Player.HasVideo + [!Container.Content(Seasons) + !Container.Content(Episodes) | Control.IsVisible(50) | Control.IsVisible(52)]" effect="slide" start="0,0" end="0,600" time="700" reversible="false">Conditonal</animation>
	 <animation condition="Control.IsVisible(57) + !Control.HasFocus(7017) + !Container.Content(Seasons) + !Container.Content(Episodes) + !Control.HasFocus(60) + [!IsEmpty(Control.GetLabel(1106)) + !IsEmpty(Control.GetLabel(1105)) | Player.HasVideo] + !Container(57).OnNext + !Container(57).OnPrevious + Skin.HasSetting(ShowTopVideoInformation)" effect="slide" start="0,0" end="0,600" delay="3000" time="700" reversible="false">Conditonal</animation>
	 <animation condition="Control.IsVisible(55) + !Control.HasFocus(7017) + !Control.HasFocus(60) + [!IsEmpty(Control.GetLabel(1106)) + !IsEmpty(Control.GetLabel(1105)) | Player.HasVideo] + !Container(55).OnNext + !Container(55).OnPrevious + [!Skin.HasSetting(ShowTopProgramInformation) | !Skin.HasSetting(Admin)]" effect="slide" start="0,0" end="0,600" delay="3000" time="700" reversible="false">Conditonal</animation> 
	 <animation condition="Control.IsVisible(55) + !Control.HasFocus(7017) + !Control.HasFocus(60) + [!IsEmpty(Control.GetLabel(1106)) + !IsEmpty(Control.GetLabel(1105)) | Player.HasVideo] + !Container(55).OnNext + !Container(55).OnPrevious + [Skin.HasSetting(ShowTopProgramInformation) + Skin.HasSetting(Admin)]" effect="slide" start="0,0" end="0,600" delay="0" time="0" reversible="true">Conditonal</animation> 
     <animation condition="Control.IsVisible(58) + !Control.HasFocus(7017) + !Control.HasFocus(60) + [Player.HasVideo] + !Container(58).OnNext + !Container(58).OnPrevious" effect="slide" start="0,0" end="0,280" delay="3000" time="700" reversible="false">Conditonal</animation>
	 <animation condition="Window.IsVisible(DialogPeripheralSettings.xml)" effect="slide" start="0,0" end="-450,-310" delay="0" time="700" reversible="false">Conditonal</animation>
   </include>
   <include name="Slide1.2p" description="גלילה">
     <animation condition="[Control.IsVisible(50) | Control.HasFocus(7017) | Control.IsVisible(450) | Control.IsVisible(52) | Window.IsVisible(SettingsCategory.xml)] + Player.HasVideo + [!Container.Content(Seasons) + !Container.Content(Episodes) | Control.IsVisible(50) | Control.IsVisible(52)]" effect="slide" start="0,0" end="0,280" time="220" reversible="false">Conditonal</animation>
	 <animation condition="Control.IsVisible(57) + !Control.HasFocus(7017) + !Container.Content(Seasons) + !Container.Content(Episodes) + !Control.HasFocus(60) + [!IsEmpty(Control.GetLabel(1106)) + !IsEmpty(Control.GetLabel(1105)) | Player.HasVideo] + !Container(57).OnNext + !Container(57).OnPrevious + Skin.HasSetting(ShowTopVideoInformation)" effect="slide" start="0,0" end="0,280" delay="3000" time="220" reversible="false">Conditonal</animation>
	 <animation condition="Control.IsVisible(55) + !Control.HasFocus(7017) + !Control.HasFocus(60) + [!IsEmpty(Control.GetLabel(1106)) + !IsEmpty(Control.GetLabel(1105)) | Player.HasVideo] + !Container(55).OnNext + !Container(55).OnPrevious + [!Skin.HasSetting(ShowTopProgramInformation) | !Skin.HasSetting(Admin)]" effect="slide" start="0,0" end="0,280" delay="3000" time="220" reversible="false">Conditonal</animation> 
	 <animation condition="Control.IsVisible(55) + !Control.HasFocus(7017) + !Control.HasFocus(60) + [!IsEmpty(Control.GetLabel(1106)) + !IsEmpty(Control.GetLabel(1105)) | Player.HasVideo] + !Container(55).OnNext + !Container(55).OnPrevious + [Skin.HasSetting(ShowTopProgramInformation) + Skin.HasSetting(Admin)]" effect="slide" start="0,0" end="0,280" delay="0" time="0" reversible="true">Conditonal</animation> 
     <animation condition="Control.IsVisible(58) + !Control.HasFocus(7017) + !Control.HasFocus(60) + [Player.HasVideo] + !Container(58).OnNext + !Container(58).OnPrevious" effect="slide" start="0,0" end="0,280" delay="3000" time="220" reversible="false">Conditonal</animation>
	 <animation condition="Window.IsVisible(DialogPeripheralSettings.xml)" effect="slide" start="0,0" end="-450,-310" delay="0" time="220" reversible="false">Conditonal</animation>
   </include>
   <include name="Slide1.3" description="גלילה(Zoom-Backgrounds)">
     <animation condition="[Control.IsVisible(50) | Control.HasFocus(7017) | Control.IsVisible(450) | Control.IsVisible(52) | Window.IsVisible(SettingsCategory.xml)] + Player.HasVideo + [!Container.Content(Seasons) + !Container.Content(Episodes) | Control.IsVisible(50) | Control.IsVisible(52)]" effect="zoom" end="100,47" time="700" reversible="false">Conditonal</animation>
	 <animation condition="Control.IsVisible(57) + [Container.Content(Seasons) | Container.Content(Episodes)]" effect="zoom" end="100,50" delay="3000" time="700" reversible="false">Conditonal</animation>
	 <animation condition="Control.IsVisible(57) + !Control.HasFocus(7017) + !Container.Content(Seasons) + !Container.Content(Episodes) + !Control.HasFocus(60) + [!IsEmpty(Control.GetLabel(1106)) + !IsEmpty(Control.GetLabel(1105)) | Player.HasVideo] + !Container(57).OnNext + !Container(57).OnPrevious + Skin.HasSetting(ShowTopVideoInformation)" effect="zoom" end="100,47" delay="3000" time="700" reversible="false">Conditonal</animation>
     <animation condition="Control.IsVisible(55) + !Control.HasFocus(7017) + !Control.HasFocus(60) + [!IsEmpty(Control.GetLabel(1106)) + !IsEmpty(Control.GetLabel(1105)) | Player.HasVideo] + !Container(55).OnNext + !Container(55).OnPrevious + [!Skin.HasSetting(ShowTopProgramInformation) | !Skin.HasSetting(Admin)]" effect="zoom" end="100,47" delay="3000" time="700" reversible="false">Conditonal</animation>
	 <animation condition="Control.IsVisible(55) + !Control.HasFocus(7017) + !Control.HasFocus(60) + [!IsEmpty(Control.GetLabel(1106)) + !IsEmpty(Control.GetLabel(1105)) | Player.HasVideo] + !Container(55).OnNext + !Container(55).OnPrevious + [Skin.HasSetting(ShowTopProgramInformation) + Skin.HasSetting(Admin)]" effect="zoom" end="100,47" delay="0" time="0" reversible="true">Conditonal</animation>
	 <animation condition="Control.IsVisible(58) + !Control.HasFocus(7017) + !Control.HasFocus(60) + [Player.HasVideo] + !Container(58).OnNext + !Container(58).OnPrevious" effect="zoom" end="100,47" delay="3000" time="700" reversible="false">Conditonal</animation>
   </include>
   <include name="Slide1.3p" description="גלילה(Zoom-Backgrounds)">
     <animation condition="[Control.IsVisible(50) | Control.HasFocus(7017) | Control.IsVisible(450) | Control.IsVisible(52) | Window.IsVisible(SettingsCategory.xml)] + Player.HasVideo + [!Container.Content(Seasons) + !Container.Content(Episodes) | Control.IsVisible(50) | Control.IsVisible(52)]" effect="zoom" end="100,50" time="220" reversible="false">Conditonal</animation>
	 <animation condition="Control.IsVisible(57) + [Container.Content(Seasons) | Container.Content(Episodes)]" effect="zoom" end="100,50" delay="0" time="220" reversible="false">Conditonal</animation>
	 <animation condition="Control.IsVisible(57) + !Control.HasFocus(7017) + !Container.Content(Seasons) + !Container.Content(Episodes) + !Control.HasFocus(60) + [!IsEmpty(Control.GetLabel(1106)) + !IsEmpty(Control.GetLabel(1105)) | Player.HasVideo] + !Container(57).OnNext + !Container(57).OnPrevious + Skin.HasSetting(ShowTopVideoInformation)" effect="zoom" end="100,47" delay="3000" time="220" reversible="false">Conditonal</animation>
     <animation condition="Control.IsVisible(55) + !Control.HasFocus(7017) + !Control.HasFocus(60) + !IsEmpty(Control.GetLabel(1106)) + !IsEmpty(Control.GetLabel(1105)) + !Container(55).OnNext + !Container(55).OnPrevious + [!Skin.HasSetting(ShowTopProgramInformation) | !Skin.HasSetting(Admin)]" effect="zoom" end="100,47" delay="3000" time="220" reversible="false">Conditonal</animation>
	 <animation condition="Control.IsVisible(55) + !Control.HasFocus(7017) + !Control.HasFocus(60) + !IsEmpty(Control.GetLabel(1106)) + !IsEmpty(Control.GetLabel(1105)) + !Container(55).OnNext + !Container(55).OnPrevious + [Skin.HasSetting(ShowTopProgramInformation) + Skin.HasSetting(Admin)]" effect="zoom" end="100,47" delay="0" time="0" reversible="true">Conditonal</animation>
	 <animation condition="Control.IsVisible(58) + !Control.HasFocus(7017) + !Control.HasFocus(60) + [Player.HasVideo] + !Container(58).OnNext + !Container(58).OnPrevious" effect="zoom" end="100,47" delay="3000" time="220" reversible="false">Conditonal</animation>
   </include>
   <include name="Slide2" description="(Zoom-Backgrounds)">
     <animation condition="[Control.IsVisible(50) | Control.HasFocus(7017) | Control.IsVisible(450) | Control.IsVisible(52) | Window.IsVisible(SettingsCategory.xml)] + Player.HasVideo + [!Container.Content(Seasons) + !Container.Content(Episodes) | Control.IsVisible(50) | Control.IsVisible(52)]" effect="zoom" end="100,50" time="700" reversible="false">Conditonal</animation>
	 <animation condition="Control.IsVisible(57) + [Container.Content(Seasons) | Container.Content(Episodes)]" effect="zoom" end="100,50" delay="0" time="700" reversible="false">Conditonal</animation>
	 <animation condition="Control.IsVisible(57) + !Control.HasFocus(7017) + !Container.Content(Seasons) + !Container.Content(Episodes) + !Control.HasFocus(60) + [!IsEmpty(Control.GetLabel(1106)) + !IsEmpty(Control.GetLabel(1105)) | Player.HasVideo] + !Container(57).OnNext + !Container(57).OnPrevious + Skin.HasSetting(ShowTopVideoInformation)" effect="zoom" end="100,47" delay="3000" time="700" reversible="false">Conditonal</animation>
     <animation condition="Control.IsVisible(55) + !Control.HasFocus(7017) + !Control.HasFocus(60) + [!IsEmpty(Control.GetLabel(1106)) + !IsEmpty(Control.GetLabel(1105)) | Player.HasVideo] + !Container(55).OnNext + !Container(55).OnPrevious + [!Skin.HasSetting(ShowTopProgramInformation) | !Skin.HasSetting(Admin)]" effect="zoom" end="100,47" delay="3000" time="700" reversible="false">Conditonal</animation>
	 <animation condition="Control.IsVisible(55) + !Control.HasFocus(7017) + !Control.HasFocus(60) + [!IsEmpty(Control.GetLabel(1106)) + !IsEmpty(Control.GetLabel(1105)) | Player.HasVideo] + !Container(55).OnNext + !Container(55).OnPrevious + [Skin.HasSetting(ShowTopProgramInformation) + Skin.HasSetting(Admin)]" effect="zoom" end="100,47" delay="0" time="0" reversible="true">Conditonal</animation>
	 <animation condition="Control.IsVisible(58) + !Control.HasFocus(7017) + !Control.HasFocus(60) + [Player.HasVideo] + !Container(58).OnNext + !Container(58).OnPrevious" effect="zoom" end="100,47" delay="3000" time="700" reversible="false">Conditonal</animation>
   </include>
   <include name="Slide2p" description="(Zoom-Backgrounds)">
     <animation condition="[Control.IsVisible(50) | Control.HasFocus(7017) | Control.IsVisible(450) | Control.IsVisible(52) | Window.IsVisible(SettingsCategory.xml)] + Player.HasVideo + [!Container.Content(Seasons) + !Container.Content(Episodes) | Control.IsVisible(50) | Control.IsVisible(52)]" effect="zoom" end="100,50" time="220" reversible="false">Conditonal</animation>
	 <animation condition="Control.IsVisible(57) + [Container.Content(Seasons) | Container.Content(Episodes)]" effect="zoom" end="100,50" delay="0" time="220" reversible="false">Conditonal</animation>
	 <animation condition="Control.IsVisible(57) + !Control.HasFocus(7017) + !Container.Content(Seasons) + !Container.Content(Episodes) + !Control.HasFocus(60) + [!IsEmpty(Control.GetLabel(1106)) + !IsEmpty(Control.GetLabel(1105)) | Player.HasVideo] + !Container(57).OnNext + !Container(57).OnPrevious + Skin.HasSetting(ShowTopVideoInformation)" effect="zoom" end="100,47" delay="3000" time="220" reversible="false">Conditonal</animation>
     <animation condition="Control.IsVisible(55) + !Control.HasFocus(7017) + !Control.HasFocus(60) + !IsEmpty(Control.GetLabel(1106)) + !IsEmpty(Control.GetLabel(1105)) + !Container(55).OnNext + !Container(55).OnPrevious + [!Skin.HasSetting(ShowTopProgramInformation) | !Skin.HasSetting(Admin)]" effect="zoom" end="100,47" delay="3000" time="220" reversible="false">Conditonal</animation>
	 <animation condition="Control.IsVisible(55) + !Control.HasFocus(7017) + !Control.HasFocus(60) + !IsEmpty(Control.GetLabel(1106)) + !IsEmpty(Control.GetLabel(1105)) + !Container(55).OnNext + !Container(55).OnPrevious + [Skin.HasSetting(ShowTopProgramInformation) + Skin.HasSetting(Admin)]" effect="zoom" end="100,47" delay="0" time="0" reversible="true">Conditonal</animation>
	 <animation condition="Control.IsVisible(58) + !Control.HasFocus(7017) + !Control.HasFocus(60) + [Player.HasVideo] + !Container(58).OnNext + !Container(58).OnPrevious" effect="zoom" end="100,47" delay="3000" time="220" reversible="false">Conditonal</animation>
   </include>
   <include name="Slide2.1" description="(Fanart)">
     <animation condition="!Control.IsVisible(58) + Control.IsVisible(57) + Control.IsVisible(7013) + [Container.Content(Seasons) | Container.Content(Episodes)] + [!Player.HasVideo + [Skin.HasSetting(FullFanartTopVideoInformation) | Container.Content(Seasons) | Container.Content(Episodes)]]" effect="zoom" end="100,200" delay="0" time="700" reversible="false">Conditonal</animation>
	 <animation condition="!Control.IsVisible(58) + Control.IsVisible(57) + Control.IsVisible(7013) + [Container.Content(Seasons) | Container.Content(Episodes)] + [Player.HasVideo + !Skin.HasSetting(FullFanartTopVideoInformation)]" effect="slide" start="0,0" end="0,552" delay="0" time="700" reversible="false">Conditonal</animation>
	 <animation condition="Skin.HasSetting(FullFanartTopVideoInformation) + !Control.IsVisible(58) + Control.IsVisible(57) + Control.IsVisible(7013) + [Container.Content(Tvshows) | Container.Content(Movies)] + [!IsEmpty(Control.GetLabel(1106)) + !IsEmpty(Control.GetLabel(1105)) | Player.HasVideo] + !Container(57).OnNext + !Container(57).OnPrevious + !Control.HasFocus(60) + Skin.HasSetting(ShowTopVideoInformation)" effect="zoom" end="100,200" delay="3000" time="700" reversible="false">Conditonal</animation>
   </include>
   <include name="Slide2.1p" description="(Fanart)">
     <animation condition="!Control.IsVisible(58) + Control.IsVisible(57) + Control.IsVisible(7013) + [Container.Content(Seasons) | Container.Content(Episodes)] + [!Player.HasVideo + [Skin.HasSetting(FullFanartTopVideoInformation) | Container.Content(Seasons) | Container.Content(Episodes)]]" effect="zoom" end="100,200" delay="0" time="220" reversible="false">Conditonal</animation>
	 <animation condition="!Control.IsVisible(58) + Control.IsVisible(57) + Control.IsVisible(7013) + [Container.Content(Seasons) | Container.Content(Episodes)] + [Player.HasVideo + !Skin.HasSetting(FullFanartTopVideoInformation)]" effect="slide" start="0,0" end="0,552" delay="0" time="220" reversible="false">Conditonal</animation>
	 <animation condition="Skin.HasSetting(FullFanartTopVideoInformation) + !Control.IsVisible(58) + Control.IsVisible(57) + Control.IsVisible(7013) + [Container.Content(Tvshows) | Container.Content(Movies)] + [!IsEmpty(Control.GetLabel(1106)) + !IsEmpty(Control.GetLabel(1105)) | Player.HasVideo] + !Container(57).OnNext + !Container(57).OnPrevious + !Control.HasFocus(60) + Skin.HasSetting(ShowTopVideoInformation)" effect="zoom" end="100,200" delay="3000" time="220" reversible="false">Conditonal</animation>
   </include>
   
   <include name="Slide2.2" description="(Fade)">
	 <animation condition="Skin.HasSetting(FullFanartTopVideoInformation) + !Control.IsVisible(58) + Control.IsVisible(7013) + [Container.Content(Tvshows) | Container.Content(Movies)] + [!IsEmpty(Control.GetLabel(1106)) + !IsEmpty(Control.GetLabel(1105)) | Player.HasVideo] + !Container(57).OnNext + !Container(57).OnPrevious + !Control.HasFocus(60) + Skin.HasSetting(ShowTopVideoInformation)" effect="fade" start="100" end="40" delay="3000" time="700" reversible="false">Conditonal</animation>
   </include>
   <include name="Slide2.2p" description="(Fade)">
	 <animation condition="Skin.HasSetting(FullFanartTopVideoInformation) + !Control.IsVisible(58) + Control.IsVisible(7013) + [Container.Content(Tvshows) | Container.Content(Movies)] + [!IsEmpty(Control.GetLabel(1106)) + !IsEmpty(Control.GetLabel(1105)) | Player.HasVideo] + !Container(57).OnNext + !Container(57).OnPrevious + !Control.HasFocus(60) + Skin.HasSetting(ShowTopVideoInformation)" effect="fade" start="100" end="40" delay="3000" time="220" reversible="false">Conditonal</animation>
   </include>

   <include name="Slide2.3" description="(Fade)">
	 <animation condition="Skin.HasSetting(FullFanartTopVideoInformation) + !Control.IsVisible(58) + Control.IsVisible(7013) + [Container.Content(Tvshows) | Container.Content(Movies)] + [!IsEmpty(Control.GetLabel(1106)) + !IsEmpty(Control.GetLabel(1105)) | Player.HasVideo] + !Container(57).OnNext + !Container(57).OnPrevious + !Control.HasFocus(60) + Skin.HasSetting(ShowTopVideoInformation)" effect="fade" start="100" end="70" delay="3000" time="700" reversible="false">Conditonal</animation>
   </include>
   <include name="Slide2.3p" description="(Fade)">
	 <animation condition="Skin.HasSetting(FullFanartTopVideoInformation) + !Control.IsVisible(58) + Control.IsVisible(7013) + [Container.Content(Tvshows) | Container.Content(Movies)] + [!IsEmpty(Control.GetLabel(1106)) + !IsEmpty(Control.GetLabel(1105)) | Player.HasVideo] + !Container(57).OnNext + !Container(57).OnPrevious + !Control.HasFocus(60) + Skin.HasSetting(ShowTopVideoInformation)" effect="fade" start="100" end="70" delay="3000" time="220" reversible="false">Conditonal</animation>
   </include>
   
   <include name="Slide2.4" description="(zoom)">
	 <animation condition="Skin.HasSetting(FullFanartTopVideoInformation) + !Control.IsVisible(58) + Control.IsVisible(7013) + [Container.Content(Tvshows) | Container.Content(Movies)] + [!IsEmpty(Control.GetLabel(1106)) + !IsEmpty(Control.GetLabel(1105))] + !Player.HasVideo + !Container(57).OnNext + !Container(57).OnPrevious + !Control.HasFocus(60) + Skin.HasSetting(ShowTopVideoInformation)" effect="zoom" end="50,50" delay="3000" time="700" reversible="false">Conditonal</animation>
   </include>
   <include name="Slide2.4p" description="(zoom)">
	 <animation condition="Skin.HasSetting(FullFanartTopVideoInformation) + !Control.IsVisible(58) + Control.IsVisible(7013) + [Container.Content(Tvshows) | Container.Content(Movies)] + [!IsEmpty(Control.GetLabel(1106)) + !IsEmpty(Control.GetLabel(1105))] + Player.HasVideo + !Container(57).OnNext + !Container(57).OnPrevious + !Control.HasFocus(60) + Skin.HasSetting(ShowTopVideoInformation)" effect="zoom" end="50,50" delay="3000" time="220" reversible="false">Conditonal</animation>
   </include>
   
   <include name="Slide3" description="(TopVideoInformation)">
	 <animation condition="Control.IsVisible(57) + [Container.Content(Seasons) | Container.Content(Episodes)] + Control.IsVisible(7016)" effect="slide" tween="Cubic" easing="out" start="0,0" end="0,592" delay="0" time="3000" reversible="false">Conditonal</animation>
	 <animation condition="Control.IsVisible(57) + !Control.HasFocus(7017) + [!Container.Content(Seasons) + !Container.Content(Episodes) + !Control.HasFocus(60) + !IsEmpty(Control.GetLabel(1106)) + !IsEmpty(Control.GetLabel(1105)) + !Container(57).OnNext + !Container(57).OnPrevious] + Skin.HasSetting(ShowTopVideoInformation) | Window.IsVisible(DialogFullScreenInfo.xml)" effect="slide" tween="Cubic" easing="out" start="0,0" end="0,592" delay="1700" time="3000" reversible="false">Conditonal</animation>
	 <animation condition="Control.IsVisible(55) + !Control.HasFocus(7017) + !Control.HasFocus(60) + !IsEmpty(Control.GetLabel(1106)) + !IsEmpty(Control.GetLabel(1105)) + !Container(55).OnNext + !Container(55).OnPrevious + [!Skin.HasSetting(ShowTopProgramInformation) | !Skin.HasSetting(Admin)]" effect="slide" tween="Cubic" easing="out" start="0,0" end="0,592" delay="1700" time="3000" reversible="false">Conditonal</animation>
	 <animation condition="Control.IsVisible(55) + !Control.HasFocus(7017) + !Control.HasFocus(60) + !IsEmpty(Control.GetLabel(1106)) + !IsEmpty(Control.GetLabel(1105)) + !Container(55).OnNext + !Container(55).OnPrevious + [Skin.HasSetting(ShowTopProgramInformation) + Skin.HasSetting(Admin)]" effect="slide" tween="Cubic" easing="out" start="0,0" end="0,592" delay="0" time="0" reversible="true">Conditonal</animation>
     <animation condition="Control.IsVisible(58) + !Control.HasFocus(7017) + [!Control.HasFocus(60) + !IsEmpty(Control.GetLabel(1106)) + !IsEmpty(Control.GetLabel(1105)) + !Container(58).OnNext + !Container(58).OnPrevious]" effect="slide" tween="Cubic" easing="out" start="0,0" end="0,592" delay="1700" time="3000" reversible="false">Conditonal</animation>
	 <animation condition="Window.IsActive(DialogVideoInfo.xml) | Window.IsVisible(DialogAddonInfo.xml) | Window.IsVisible(AddonBrowser.xml)" effect="slide" tween="Cubic" easing="out" start="0,0" end="0,592" time="700" reversible="false">Conditonal</animation>
   </include>
   <include name="Slide3p" description="(TopVideoInformation)">
	 <animation condition="Control.IsVisible(57) + [Container.Content(Seasons) | Container.Content(Episodes)] + Control.IsVisible(7016)" effect="slide" tween="Cubic" easing="out" start="0,0" end="0,592" delay="0" time="220" reversible="false">Conditonal</animation>
	 <animation condition="Control.IsVisible(57) + !Control.HasFocus(7017) + [!Container.Content(Seasons) + !Container.Content(Episodes) + !Control.HasFocus(60) + !IsEmpty(Control.GetLabel(1106)) + !IsEmpty(Control.GetLabel(1105)) + !Container(57).OnNext + !Container(57).OnPrevious] + Skin.HasSetting(ShowTopVideoInformation) | Window.IsVisible(DialogFullScreenInfo.xml)" effect="slide" tween="Cubic" easing="out" start="0,0" end="0,592" delay="3000" time="220" reversible="false">Conditonal</animation>
	 <animation condition="Control.IsVisible(55) + !Control.HasFocus(7017) + !Control.HasFocus(60) + !IsEmpty(Control.GetLabel(1106)) + !IsEmpty(Control.GetLabel(1105)) + !Container(55).OnNext + !Container(55).OnPrevious + [!Skin.HasSetting(ShowTopProgramInformation) | !Skin.HasSetting(Admin)]" effect="slide" tween="Cubic" easing="out" start="0,0" end="0,592" delay="3000" time="220" reversible="false">Conditonal</animation>
	 <animation condition="Control.IsVisible(55) + !Control.HasFocus(7017) + !Control.HasFocus(60) + !IsEmpty(Control.GetLabel(1106)) + !IsEmpty(Control.GetLabel(1105)) + !Container(55).OnNext + !Container(55).OnPrevious + [Skin.HasSetting(ShowTopProgramInformation) + Skin.HasSetting(Admin)]" effect="slide" tween="Cubic" easing="out" start="0,0" end="0,592" delay="0" time="0" reversible="true">Conditonal</animation>
     <animation condition="Control.IsVisible(58) + !Control.HasFocus(7017) + [!Control.HasFocus(60) + !IsEmpty(Control.GetLabel(1106)) + !IsEmpty(Control.GetLabel(1105)) + !Container(58).OnNext + !Container(58).OnPrevious]" effect="slide" tween="Cubic" easing="out" start="0,0" end="0,592" delay="1700" time="220" reversible="false">Conditonal</animation>
	 <animation condition="Window.IsActive(DialogVideoInfo.xml) | Window.IsVisible(DialogAddonInfo.xml) | Window.IsVisible(AddonBrowser.xml)" effect="slide" tween="Cubic" easing="out" start="0,0" end="0,592" time="220" reversible="false">Conditonal</animation>
   </include>
   <include name="Slide4" description="(TopVideoInformation|TopAddonInformation)">
	 <animation condition="Control.IsVisible(57) + [Container.Content(Seasons) | Container.Content(Episodes)]" effect="slide" tween="Cubic" easing="out" start="0,-592" end="0,0" delay="0" time="4700" reversible="false">Conditonal</animation>
	 <animation condition="Control.IsVisible(57) + !Control.HasFocus(7017) + [!Container.Content(Seasons) + !Container.Content(Episodes) + !Control.HasFocus(60) + !IsEmpty(Control.GetLabel(1106)) + !IsEmpty(Control.GetLabel(1105)) + !Container(57).OnNext + !Container(57).OnPrevious] + Skin.HasSetting(ShowTopVideoInformation) | Window.IsVisible(DialogFullScreenInfo.xml)" effect="slide" tween="Cubic" easing="out" start="0,-592" end="0,0" delay="1700" time="4700" reversible="false">Conditonal</animation>
	 <animation condition="Control.IsVisible(55) + !Control.HasFocus(7017) + !Control.HasFocus(60) + !IsEmpty(Control.GetLabel(1106)) + !IsEmpty(Control.GetLabel(1105)) + !Container(55).OnNext + !Container(55).OnPrevious + [!Skin.HasSetting(ShowTopProgramInformation) | !Skin.HasSetting(Admin)]" effect="slide" tween="Cubic" easing="out" start="0,-592" end="0,0" delay="1700" time="4700" reversible="false">Conditonal</animation>
	 <animation condition="Control.IsVisible(55) + !Control.HasFocus(7017) + !Control.HasFocus(60) + !IsEmpty(Control.GetLabel(1106)) + !IsEmpty(Control.GetLabel(1105)) + !Container(55).OnNext + !Container(55).OnPrevious + [Skin.HasSetting(ShowTopProgramInformation) + Skin.HasSetting(Admin)]" effect="slide" tween="Cubic" easing="out" start="0,-592" end="0,0" delay="0" time="0" reversible="true">Conditonal</animation>
     <animation condition="Control.IsVisible(58) + !Control.HasFocus(7017) + !Control.HasFocus(60) + !IsEmpty(Control.GetLabel(1106)) + !IsEmpty(Control.GetLabel(1105)) + !Container(58).OnNext + !Container(58).OnPrevious" effect="slide" tween="Cubic" easing="out" start="0,-592" end="0,0" delay="1700" time="4700" reversible="false">Conditonal</animation>
	 <animation condition="Window.IsActive(DialogVideoInfo.xml) | Window.IsVisible(DialogAddonInfo.xml) | Window.IsVisible(AddonBrowser.xml)" effect="slide" tween="Cubic" easing="out" start="0,-592" end="0,0" time="1700" reversible="false">Conditonal</animation>
   </include>
   <include name="Slide4p" description="(TopVideoInformation|TopAddonInformation)">
	 <animation condition="Control.IsVisible(57) + [Container.Content(Seasons) | Container.Content(Episodes)]" effect="slide" tween="Cubic" easing="out" start="0,-592" end="0,0" delay="0" time="220" reversible="false">Conditonal</animation>
	 <animation condition="Control.IsVisible(57) + !Control.HasFocus(7017) + [!Container.Content(Seasons) + !Container.Content(Episodes) + !Control.HasFocus(60) + !IsEmpty(Control.GetLabel(1106)) + !IsEmpty(Control.GetLabel(1105)) + !Container(57).OnNext + !Container(57).OnPrevious] + Skin.HasSetting(ShowTopVideoInformation) | Window.IsVisible(DialogFullScreenInfo.xml)" effect="slide" tween="Cubic" easing="out" start="0,-592" end="0,0" delay="3000" time="220" reversible="false">Conditonal</animation>
	 <animation condition="Control.IsVisible(55) + !Control.HasFocus(7017) + !Control.HasFocus(60) + !IsEmpty(Control.GetLabel(1106)) + !IsEmpty(Control.GetLabel(1105)) + !Container(55).OnNext + !Container(55).OnPrevious + [!Skin.HasSetting(ShowTopProgramInformation) | !Skin.HasSetting(Admin)]" effect="slide" tween="Cubic" easing="out" start="0,-592" end="0,0" delay="3000" time="220" reversible="false">Conditonal</animation>
	 <animation condition="Control.IsVisible(55) + !Control.HasFocus(7017) + !Control.HasFocus(60) + !IsEmpty(Control.GetLabel(1106)) + !IsEmpty(Control.GetLabel(1105)) + !Container(55).OnNext + !Container(55).OnPrevious + [Skin.HasSetting(ShowTopProgramInformation) + Skin.HasSetting(Admin)]" effect="slide" tween="Cubic" easing="out" start="0,-592" end="0,0" delay="0" time="0" reversible="true">Conditonal</animation>
     <animation condition="Control.IsVisible(58) + !Control.HasFocus(7017) + !Control.HasFocus(60) + !IsEmpty(Control.GetLabel(1106)) + !IsEmpty(Control.GetLabel(1105)) + !Container(58).OnNext + !Container(58).OnPrevious" effect="slide" tween="Cubic" easing="out" start="0,-592" end="0,0" delay="1700" time="220" reversible="false">Conditonal</animation>
	 <animation condition="Window.IsActive(DialogVideoInfo.xml) | Window.IsVisible(DialogAddonInfo.xml) | Window.IsVisible(AddonBrowser.xml)" effect="slide" tween="Cubic" easing="out" start="0,-592" end="0,0" time="220" reversible="false">Conditonal</animation>
   </include>
   <include name="Slide5" description="LeftMenu2">
	  <animation effect="slide" start="0,0" end="400,0" delay="0" time="700" reversible="true">VisibleChange</animation>
   </include>
   <include name="Slide5p" description="LeftMenu2">
	  <animation effect="slide" start="0,0" end="400,0" delay="0" time="1" reversible="true">VisibleChange</animation>
   </include>
   <include name="Slide6" description="LeftMenu">
	  <animation effect="slide" start="0,0" end="400,0" delay="0" time="700" reversible="true">WindowOpen</animation>
   </include>
   <include name="Slide6p" description="LeftMenu">
	  <animation effect="slide" start="0,0" end="400,0" delay="0" time="1" reversible="true">WindowOpen</animation>
   </include>
   <include name="Slide7" description="RightMenu">
	  <animation effect="slide" start="0,0" end="-400,0" delay="0" time="700" reversible="true">WindowOpen</animation>
   </include>
   <include name="Slide7p" description="RightMenu">
	  <animation effect="slide" start="0,0" end="-400,0" delay="0" time="1" reversible="true">WindowOpen</animation>
   </include>
   <include name="Slide8" description="BottomMenu">
	  <animation effect="slide" start="0,0" end="0,-400" delay="0" time="700" reversible="true">WindowOpen</animation>
   </include>
   <include name="Slide8p" description="BottomMenu">
	  <animation effect="slide" start="0,0" end="0,-400" delay="0" time="1" reversible="true">WindowOpen</animation>
   </include>
   <include name="Slide9" description="TopMenu">
	  <animation effect="slide" start="0,0" end="0,400" delay="0" time="700" reversible="true">WindowOpen</animation>
   </include>
   <include name="Slide9p" description="TopMenu">
	  <animation effect="slide" start="0,0" end="0,400" delay="0" time="1" reversible="true">WindowOpen</animation>
   </include>
   
   <include name="Fade1" description="VideoWindow">
	  <animation effect="fade" time="7000">VisibleChange</animation>
   </include>
   <include name="Fade2" description="VideoWindow">
	  <animation effect="fade" start="0" end="80" time="7000">VisibleChange</animation>
   </include>
   <include name="Fade3">
     <animation effect="fade" end="100" delay="200" time="200">Focus</animation>
     <animation effect="fade" end="0" time="100">Unfocus</animation>
   </include>
   <include name="Fade4">
	  <animation effect="fade" start="0" end="100" time="200">VisibleChange</animation>
   </include>
  <include name="Fade5">
    <control type="image" description="BG">
      <animation condition="true" effect="fade" end="70" time="200">Conditional</animation>
      <width>1920</width>
      <height>1080</height>
      <texture>images/black.png</texture>
    </control>
  </include>
   <include name="Fade6">
     <animation effect="fade" time="200">WindowOpen</animation>
     <animation effect="fade" time="200">WindowClose</animation>
   </include>
  <include name="Fade7">
    <animation condition="[System.IdleTime(3) + !Container().Scrolling + !IsEmpty(Control.GetLabel(1106)) + !IsEmpty(Control.GetLabel(1105))] + [Control.IsVisible(57) | Control.IsVisible(55) | Window.IsVisible(DialogContextMenu.xml) | Window.IsVisible(DialogVideoInfo.xml) | Window.IsActive(DialogFullScreenInfo.xml)]" effect="fade" start="100" end="50" time="1000">Conditional</animation>
	<!--<animation condition="[[System.IdleTime(1) + !Container().Scrolling + !IsEmpty(Control.GetLabel(1106)) + !IsEmpty(Control.GetLabel(1105)) + [Control.IsVisible(55)]" effect="fade" start="100" end="50" time="1000">Conditional</animation>-->
  </include>
  <include name="Fade8">
	<animation effect="fade" start="70" end="50" time="220">Focus</animation>
    <animation effect="fade" start="50" end="70" time="220">unFocus</animation>
  </include>
  <include name="Fade9">
	<animation effect="fade" start="0" end="100" time="100" reversible="false">Focus</animation>
	<animation effect="fade" start="100" end="0" time="50" reversible="false">unFocus</animation>
  </include>  
   <include name="Fade10" desciption="Skin.HasSetting(Performance2)-algorithmdirtyregions">
	  <animation effect="fade" start="90" end="100" time="300" reversible="false">Focus</animation>
	  <animation effect="fade" start="90" end="100" time="300" reversible="false">UnFocus</animation>
   </include>
   <include name="Fade10.1" desciption="Skin.HasSetting(Performance2)-algorithmdirtyregions">
	  <animation effect="fade" start="70" end="100" time="500" reversible="false">Focus</animation>
	  <animation effect="fade" start="70" end="100" time="500" reversible="false">UnFocus</animation>
   </include>   
   <include name="Fade11" description="">
     <animation condition="Window.IsVisible(DialogContextMenu.xml) | ControlGroup(9000).HasFocus() | ControlGroup(450).HasFocus()" effect="fade" start="100" end="50" time="200">Conditional</animation>
   </include>
   <include name="Fade12" description="VideoWindow">
	  <animation effect="fade" time="5000">WindowOpen</animation>
   </include>
   <include name="Fade13" description="VideoWindow">
	  <animation effect="fade" start="100" end="0" time="1000">WindowClose</animation>
   </include>
   <include name="Fade14" desciption="Skin.HasSetting(Performance2)-algorithmdirtyregions">
	  <animation effect="fade" start="100" end="100" time="0" reversible="false">Focus</animation>
	  <animation effect="fade" start="100" end="70" time="200" reversible="false">UnFocus</animation>
   </include>
   <include name="Fade40">
	 <animation condition="true" effect="fade" start="100" end="40" time="1000">Conditional</animation>
   </include>
   <include name="Fade20">
     <animation effect="fade" end="100" delay="200" time="200">Visible</animation>
     <animation effect="fade" end="0" time="100">Hidden</animation>
   </include>
   
   <include name="Fade_IconOverlayButton">
     <animation condition="Skin.String(IconOverlayButton,10)" effect="fade" end="10" time="0">Conditional</animation>
	 <animation condition="Skin.String(IconOverlayButton,20)" effect="fade" end="20" time="0">Conditional</animation>
	 <animation condition="Skin.String(IconOverlayButton,30) | !Skin.String(IconOverlayButton)" effect="fade" end="30" time="0">Conditional</animation>
	 <animation condition="Skin.String(IconOverlayButton,40)" effect="fade" end="40" time="0">Conditional</animation>
	 <animation condition="Skin.String(IconOverlayButton,50)" effect="fade" end="50" time="0">Conditional</animation>
	 <animation condition="Skin.String(IconOverlayButton,60)" effect="fade" end="60" time="0">Conditional</animation>
	 <animation condition="Skin.String(IconOverlayButton,70)" effect="fade" end="70" time="0">Conditional</animation>
	 <animation condition="Skin.String(IconOverlayButton,80)" effect="fade" end="80" time="0">Conditional</animation>
	 <animation condition="Skin.String(IconOverlayButton,90)" effect="fade" end="90" time="0">Conditional</animation>
	 <animation condition="Skin.String(IconOverlayButton,100)" effect="fade" end="100" time="0">Conditional</animation>
   </include>
   
   <include name="Fade_MainBackgroundOverlay">
     <animation condition="Skin.String(MainBackgroundOverlay,10)" effect="fade" end="10" time="0">Conditional</animation>
	 <animation condition="Skin.String(MainBackgroundOverlay,20)" effect="fade" end="20" time="0">Conditional</animation>
	 <animation condition="Skin.String(MainBackgroundOverlay,30)" effect="fade" end="30" time="0">Conditional</animation>
	 <animation condition="Skin.String(MainBackgroundOverlay,40)" effect="fade" end="40" time="0">Conditional</animation>
	 <animation condition="Skin.String(MainBackgroundOverlay,50)" effect="fade" end="50" time="0">Conditional</animation>
	 <animation condition="Skin.String(MainBackgroundOverlay,60)" effect="fade" end="60" time="0">Conditional</animation>
	 <animation condition="Skin.String(MainBackgroundOverlay,70) | !Skin.String(MainBackgroundOverlay)" effect="fade" end="70" time="0">Conditional</animation>
	 <animation condition="Skin.String(MainBackgroundOverlay,80)" effect="fade" end="80" time="0">Conditional</animation>
	 <animation condition="Skin.String(MainBackgroundOverlay,90)" effect="fade" end="90" time="0">Conditional</animation>
	 <animation condition="Skin.String(MainBackgroundOverlay,100)" effect="fade" end="100" time="0">Conditional</animation>
   </include>
   
   <include name="Fade_TopMainBackgroundOverlay">
     <animation condition="Skin.String(TopMainBackgroundOverlay,10)" effect="fade" end="10" time="0">Conditional</animation>
	 <animation condition="Skin.String(TopMainBackgroundOverlay,20)" effect="fade" end="20" time="0">Conditional</animation>
	 <animation condition="Skin.String(TopMainBackgroundOverlay,30)" effect="fade" end="30" time="0">Conditional</animation>
	 <animation condition="Skin.String(TopMainBackgroundOverlay,40)" effect="fade" end="40" time="0">Conditional</animation>
	 <animation condition="Skin.String(TopMainBackgroundOverlay,50)" effect="fade" end="50" time="0">Conditional</animation>
	 <animation condition="Skin.String(TopMainBackgroundOverlay,60)" effect="fade" end="60" time="0">Conditional</animation>
	 <animation condition="Skin.String(TopMainBackgroundOverlay,70)" effect="fade" end="70" time="0">Conditional</animation>
	 <animation condition="Skin.String(TopMainBackgroundOverlay,80)" effect="fade" end="80" time="0">Conditional</animation>
	 <animation condition="Skin.String(TopMainBackgroundOverlay,90) | !Skin.String(TopMainBackgroundOverlay)" effect="fade" end="90" time="0">Conditional</animation>
	 <animation condition="Skin.String(TopMainBackgroundOverlay,100)" effect="fade" end="100" time="0">Conditional</animation>
   </include>
   
   <include name="Fade_TopInformationOverlay">
     <animation condition="Skin.String(TopInformationOverlay,10)" effect="fade" end="10" time="0">Conditional</animation>
	 <animation condition="Skin.String(TopInformationOverlay,20)" effect="fade" end="20" time="0">Conditional</animation>
	 <animation condition="Skin.String(TopInformationOverlay,30)" effect="fade" end="30" time="0">Conditional</animation>
	 <animation condition="Skin.String(TopInformationOverlay,40) | !Skin.String(TopInformationOverlay)" effect="fade" end="40" time="0">Conditional</animation>
	 <animation condition="Skin.String(TopInformationOverlay,50)" effect="fade" end="50" time="0">Conditional</animation>
	 <animation condition="Skin.String(TopInformationOverlay,60)" effect="fade" end="60" time="0">Conditional</animation>
	 <animation condition="Skin.String(TopInformationOverlay,70)" effect="fade" end="70" time="0">Conditional</animation>
	 <animation condition="Skin.String(TopInformationOverlay,80)" effect="fade" end="80" time="0">Conditional</animation>
	 <animation condition="Skin.String(TopInformationOverlay,90)" effect="fade" end="90" time="0">Conditional</animation>
	 <animation condition="Skin.String(TopInformationOverlay,100)" effect="fade" end="100" time="0">Conditional</animation>
   </include>
   
   <include name="Fade_TopVideoInformationOverlay">
     <animation condition="Skin.String(TopVideoInformationOverlay,10)" effect="fade" end="10" time="0">Conditional</animation>
	 <animation condition="Skin.String(TopVideoInformationOverlay,20)" effect="fade" end="20" time="0">Conditional</animation>
	 <animation condition="Skin.String(TopVideoInformationOverlay,30)" effect="fade" end="30" time="0">Conditional</animation>
	 <animation condition="Skin.String(TopVideoInformationOverlay,40) | !Skin.String(TopVideoInformationOverlay)" effect="fade" end="40" time="0">Conditional</animation>
	 <animation condition="Skin.String(TopVideoInformationOverlay,50)" effect="fade" end="50" time="0">Conditional</animation>
	 <animation condition="Skin.String(TopVideoInformationOverlay,60)" effect="fade" end="60" time="0">Conditional</animation>
	 <animation condition="Skin.String(TopVideoInformationOverlay,70)" effect="fade" end="70" time="0">Conditional</animation>
	 <animation condition="Skin.String(TopVideoInformationOverlay,80)" effect="fade" end="80" time="0">Conditional</animation>
	 <animation condition="Skin.String(TopVideoInformationOverlay,90)" effect="fade" end="90" time="0">Conditional</animation>
	 <animation condition="Skin.String(TopVideoInformationOverlay,100)" effect="fade" end="100" time="0">Conditional</animation>
   </include>
   
   <include name="Fade_LeftMenuOverlay">
     <animation condition="Skin.String(LeftMenuOverlay,10)" effect="fade" end="10" time="0">Conditional</animation>
	 <animation condition="Skin.String(LeftMenuOverlay,20)" effect="fade" end="20" time="0">Conditional</animation>
	 <animation condition="Skin.String(LeftMenuOverlay,30)" effect="fade" end="30" time="0">Conditional</animation>
	 <animation condition="Skin.String(LeftMenuOverlay,40)" effect="fade" end="40" time="0">Conditional</animation>
	 <animation condition="Skin.String(LeftMenuOverlay,50)" effect="fade" end="50" time="0">Conditional</animation>
	 <animation condition="Skin.String(LeftMenuOverlay,60)" effect="fade" end="60" time="0">Conditional</animation>
	 <animation condition="Skin.String(LeftMenuOverlay,70) | !Skin.String(LeftMenuOverlay)" effect="fade" end="70" time="0">Conditional</animation>
	 <animation condition="Skin.String(LeftMenuOverlay,80)" effect="fade" end="80" time="0">Conditional</animation>
	 <animation condition="Skin.String(LeftMenuOverlay,90)" effect="fade" end="90" time="0">Conditional</animation>
	 <animation condition="Skin.String(LeftMenuOverlay,100)" effect="fade" end="100" time="0">Conditional</animation>
   </include>
   
   <include name="Fade_BottomMenuOverlay">
     <animation condition="Skin.String(BottomMenuOverlay,10)" effect="fade" end="10" time="0">Conditional</animation>
	 <animation condition="Skin.String(BottomMenuOverlay,20)" effect="fade" end="20" time="0">Conditional</animation>
	 <animation condition="Skin.String(BottomMenuOverlay,30)" effect="fade" end="30" time="0">Conditional</animation>
	 <animation condition="Skin.String(BottomMenuOverlay,40)" effect="fade" end="40" time="0">Conditional</animation>
	 <animation condition="Skin.String(BottomMenuOverlay,50)" effect="fade" end="50" time="0">Conditional</animation>
	 <animation condition="Skin.String(BottomMenuOverlay,60)" effect="fade" end="60" time="0">Conditional</animation>
	 <animation condition="Skin.String(BottomMenuOverlay,70) | !Skin.String(BottomMenuOverlay)" effect="fade" end="70" time="0">Conditional</animation>
	 <animation condition="Skin.String(BottomMenuOverlay,80)" effect="fade" end="80" time="0">Conditional</animation>
	 <animation condition="Skin.String(BottomMenuOverlay,90)" effect="fade" end="90" time="0">Conditional</animation>
	 <animation condition="Skin.String(BottomMenuOverlay,100)" effect="fade" end="100" time="0">Conditional</animation>
   </include>
   
   <include name="Fade_CenterMenuOverlay">
     <animation condition="Skin.String(CenterMenuOverlay,10)" effect="fade" end="10" time="0">Conditional</animation>
	 <animation condition="Skin.String(CenterMenuOverlay,20)" effect="fade" end="20" time="0">Conditional</animation>
	 <animation condition="Skin.String(CenterMenuOverlay,30)" effect="fade" end="30" time="0">Conditional</animation>
	 <animation condition="Skin.String(CenterMenuOverlay,40)" effect="fade" end="40" time="0">Conditional</animation>
	 <animation condition="Skin.String(CenterMenuOverlay,50)" effect="fade" end="50" time="0">Conditional</animation>
	 <animation condition="Skin.String(CenterMenuOverlay,60)" effect="fade" end="60" time="0">Conditional</animation>
	 <animation condition="Skin.String(CenterMenuOverlay,70) | !Skin.String(CenterMenuOverlay)" effect="fade" end="70" time="0">Conditional</animation>
	 <animation condition="Skin.String(CenterMenuOverlay,80)" effect="fade" end="80" time="0">Conditional</animation>
	 <animation condition="Skin.String(CenterMenuOverlay,90)" effect="fade" end="90" time="0">Conditional</animation>
	 <animation condition="Skin.String(CenterMenuOverlay,100)" effect="fade" end="100" time="0">Conditional</animation>
   </include>
   
</includes>
