<?xml version="1.0" encoding="UTF-8"?>
<window description="(10001)">
  <defaultcontrol always="false">50</defaultcontrol>
  <allowoverlay>yes</allowoverlay>
  <views>50,55</views>
  <include>SetFocusView</include>
  <!--<onload condition="SubString(Container.FolderName,Advanced Launcher)">StopScript(weather.yahoo)</onload>-->
  <!--<onload>StopScript(service.skin.widgets)</onload>-->
  <!--<onload condition="Window.Previous(SystemSettings)">Action(Right)</onload>-->
  <controls>
    <include>Programviews</include>
	<include>LeftMenuMyPrograms</include>
  </controls>
</window>