<?xml version="1.0" encoding="UTF-8"?>
<window>
  <defaultcontrol>50</defaultcontrol>
  <include condition="Skin.HasSetting(Performance) + !Player.HasVideo">Performance1</include>
  <allowoverlay>no</allowoverlay>
  <views>11</views>
  <onload condition="Control.IsVisible(11)">Control.SetFocus(11)</onload>
  <controls>
    <control type="label" id="29">
      <description>Empty so we can pass the values up one level</description>
      <visible>False</visible>
    </control>
    <control type="label" id="30">
      <description>Empty so we can pass the values up one level</description>
      <visible>False</visible>
    </control>
    <control type="group" id="50">
      <include>LiveTVChannelView</include>
    </control>
	<include>AdditionalInformation</include>
	<!--<include condition="!Control.IsVisible(12)">LeftMenuMyPVR</include>-->
	<include>LeftMenuMyPVR</include>
    <include>TopInformation</include>
  </controls>
</window>
