<?xml version="1.0" encoding="UTF-8"?>
<overrides>
	<override action="globaloverride" group="mainmenu" description="setButton.ID">
		<condition>Window.IsVisible(CustomHomeCustomizer.xml) + !Window.IsVisible(CustomHomeCustomizer2.xml) + !IsEmpty(Container(50).ListItemNoWrap(0).Property(labelID))</condition>
		<action>SetProperty(Button.ID,$INFO[Container(50).ListItemNoWrap(0).Property(labelID)],home)</action>
	</override>
	
	<override action="globaloverride" group="mainmenu" description="setButton.ID2">
		<condition>Window.IsVisible(Home.xml) + !IsEmpty(Container(9000).ListItemNoWrap(0).Property(labelID))</condition>
		<action>SetProperty(Button.ID,$INFO[Container(9000).ListItemNoWrap(0).Property(labelID)],home)</action>
	</override>
	
    <override action="globaloverride" group="mainmenu" description="setButton.ID">
		<condition>Window.IsVisible(CustomHomeCustomizer.xml) + !Window.IsVisible(CustomHomeCustomizer2.xml)</condition>
		<action>ActivateWindow(1175)</action>
		<action>RunScript(script.skinshortcuts,type=manage&amp;group=mainmenu)</action>
	</override>
	
	
	
	
	
	<override description="סרטים" action="ActivateWindow(Videos,videodb://movies/titles/,return)">
		<condition>System.HasAddon(script.htpt.smartbuttons) + !Window.IsVisible(CustomHomeCustomizer.xml)</condition>
		<action>RunScript(script.htpt.smartbuttons,,?mode=501)</action>
	</override>
	<override description="סרטים" action="ActivateWindow(Videos,MovieTitles,return)">
		<condition>System.HasAddon(script.htpt.smartbuttons) + !Window.IsVisible(CustomHomeCustomizer.xml)</condition>
		<action>RunScript(script.htpt.smartbuttons,,?mode=501)</action>
	</override>
	<icon labelID="movies">icons/movies.png</icon>
	<requiredshortcut label="$LOCALIZE[342]" thumbnail="" icon="">ActivateWindow(Videos,videodb://movies/titles/,return)</requiredshortcut>
	<requiredshortcut label="[label]" thumbnail="" icon="">ActivateWindow(Videos,MovieTitles,return)</requiredshortcut>
	
	<override description="סדרות" action="ActivateWindow(Videos,videodb://tvshows/titles/,return)">
		<condition>System.HasAddon(script.htpt.smartbuttons) + !Window.IsVisible(CustomHomeCustomizer.xml)</condition>
		<action>RunScript(script.htpt.smartbuttons,,?mode=502)</action>
	</override>
	<override description="סדרות" action="ActivateWindow(Videos,TVShowTitles,return)">
		<condition>System.HasAddon(script.htpt.smartbuttons) + !Window.IsVisible(CustomHomeCustomizer.xml)</condition>
		<action>RunScript(script.htpt.smartbuttons,,?mode=502)</action>
	</override>
	<icon labelID="tvshows">icons/tvshows.png</icon>
	
	<override description="וידאו" action="ActivateWindow(Videos)">
		<condition>System.HasAddon(script.htpt.smartbuttons) + !Window.IsVisible(CustomHomeCustomizer.xml)</condition>
		<action>RunScript(script.htpt.smartbuttons,,?mode=513)</action>
	</override>
	<icon labelID="videos">icons/videos.png</icon>
	
	<override description="תמונות" action="ActivateWindow(Pictures)">
		<condition>System.HasAddon(script.htpt.smartbuttons) + !Window.IsVisible(CustomHomeCustomizer.xml)</condition>
		<action>RunScript(script.htpt.smartbuttons,,?mode=509)</action>
	</override>
	<icon labelID="pictures">icons/pictures.png</icon>
	<thumb description="NOT WORKING!" labelID="pictures">icons/pictures2.png</thumb>
	<!--<icon image="DefaultPicture.png">$INFO[Skin.String(icon507)]</icon>-->
	
	<override description="ערוצי טלוויזיה" action="ActivateWindow(TVGuide)">
		<condition>System.HasAddon(script.htpt.smartbuttons) + !Window.IsVisible(CustomHomeCustomizer.xml)</condition>
		<action>RunScript(script.htpt.smartbuttons,,?mode=517)</action>
	</override>
	<icon labelID="livetv">icons/livetv.png</icon>
	
	<override description="רדיו" action="ActivateWindow(RadioGuide)">
		<condition>System.HasAddon(script.htpt.smartbuttons) + !Window.IsVisible(CustomHomeCustomizer.xml)</condition>
		<action>RunScript(script.htpt.smartbuttons,,?mode=514&amp;value=104)</action>
	</override>
	<icon labelID="radio">icons/radio.png</icon>
	
	<override description="מוזיקה" action="ActivateWindow(Music)">
		<condition>System.HasAddon(script.htpt.smartbuttons) + !Window.IsVisible(CustomHomeCustomizer.xml)</condition>
		<action>RunScript(script.htpt.smartbuttons,,?mode=514)</action>
	</override>
	<icon labelID="music">icons/music.png</icon>
	
	<icon description="מזג אוויר" labelID="weather">icons/weather.png</icon>
	<icon description="הגדרות" labelID="settings">icons/settings.png</icon>
	
	<override description="מוזיקה" action="ActivateWindow(Music)">
		<condition>System.HasAddon(script.htpt.smartbuttons) + !Window.IsVisible(CustomHomeCustomizer.xml)</condition>
		<action>RunScript(script.htpt.smartbuttons,,?mode=514)</action>
	</override>
	<icon labelID="music">icons/music.png</icon>
	
</overrides>