<?xml version="1.0" encoding="UTF-8"?>
<window description="(7)">
  <defaultcontrol always="true">9001</defaultcontrol>
  <allowoverlay>no</allowoverlay>
  <controls>
    <include>BlackBackground</include>
    <control type="image" description="Line Split"> <!--קו תחתון-->
      <posx>0</posx>
      <posy>150</posy>
      <width>1920</width>
      <height>1</height>
      <aspectratio>stretch</aspectratio>
      <texture>images/Line.png</texture>
    </control>
    <control type="image" description="Line Split"> <!--קו עליון-->
      <posx>0</posx>
      <posy>80</posy>
      <width>1920</width>
      <height>1</height>
      <aspectratio>stretch</aspectratio>
      <texture>images/Line.png</texture>
    </control>
    <control type="label" description="Heading">
      <include>Heading</include>
      <label>130</label>
    </control>
    <control type="group">
      <control type="grouplist" id="9001" description="TopHat">
        <posy>78</posy>
        <width>auto</width>
        <align>center</align>
        <height>80</height>
        <itemgap>9</itemgap>
        <onleft>noop</onleft>
        <onright>noop</onright>
        <onup>9001</onup>
        <ondown>9001</ondown>
        <orientation>horizontal</orientation>
        <control type="button" id="95" description="Summary">
          <texturenofocus border="5">-</texturenofocus>
          <texturefocus border="5">images/backfocus.png</texturefocus>
          <width>300</width>
          <label>20037</label>
        </control>
        <control type="button" id="94" description="Storage">
          <width>300</width>
          <label>13277</label>
          <texturenofocus border="5">-</texturenofocus>
          <texturefocus border="5">images/backfocus.png</texturefocus>
        </control>
        <control type="button" id="96" description="Network">
          <width>300</width>
          <label>13279</label>
          <texturenofocus border="5">-</texturenofocus>
          <texturefocus border="5">images/backfocus.png</texturefocus>
        </control>
        <control type="button" id="97" description="Video">
          <width>300</width>
          <label>13280</label>
          <texturenofocus border="5">-</texturenofocus>
          <texturefocus border="5">images/backfocus.png</texturefocus>
        </control>
        <control type="button" id="98" description="Hardware">
          <width>300</width>
          <label>13281</label>
          <texturenofocus border="5">-</texturenofocus>
          <texturefocus border="5">images/backfocus.png</texturefocus>
        </control>
      </control>
      <control type="grouplist" description="Stage">
        <posx>250</posx>
        <posy>200</posy>
        <width>1420</width>
        <height>860</height>
        <itemgap>9</itemgap> <!--מרווח בין כל אחד-->
        <control type="label" id="21">
          <description>CPU Text</description>
          <width>1420</width>
          <font>size26</font>
          <label>$LOCALIZE[13271] $INFO[System.CPUUsage]</label>
        </control>
        <control type="progress" id="22" description="CPU BAR">
          <width>1420</width>
          <height>15</height>
          <texturebg border="0,5,5,0">MusicOSD/ProgressBG.png</texturebg>
          <midtexture border="0,5,0,5">MusicOSD/ProgressM.png</midtexture>
          <righttexture border="0,5,6,5">MusicOSD/ProgressR.png</righttexture>
          <lefttexture border="6,5,0,5">MusicOSD/ProgressL.png</lefttexture>
          <overlaytexture>-</overlaytexture>
          <info>System.CPUUsage</info>
        </control>
        <control type="label" id="23">
          <description>Memory Text</description>
          <width>1420</width>
          <font>size26</font>
          <label>$LOCALIZE[31021] $INFO[system.memory(used.percent)]</label>
        </control>
        <control type="progress" id="24">
          <description>Memory BAR</description>
          <height>15</height>
          <width>1420</width>
          <texturebg border="0,5,5,0">MusicOSD/ProgressBG.png</texturebg>
          <midtexture border="0,5,0,5">MusicOSD/ProgressM.png</midtexture>
          <righttexture border="0,5,6,5">MusicOSD/ProgressR.png</righttexture>
          <lefttexture border="6,5,0,5">MusicOSD/ProgressL.png</lefttexture>
          <overlaytexture>-</overlaytexture>
          <info>system.memory(used)</info>
        </control>
        <control type="label" id="2">
          <description>Label 2</description>
          <height>45</height>
          <width>1420</width>
          <font>size27</font>
        </control>
        <control type="label" id="3">
          <description>Label 3</description>
          <height>45</height>
          <width>1420</width>
          <font>size27</font>
        </control>
        <control type="label" id="4">
          <description>Label 4</description>
          <height>45</height>
          <font>size27</font>
          <width>1420</width>
        </control>
        <control type="label" id="5">
          <description>Label 5</description>
          <height>45</height>
          <width>1420</width>
          <font>size27</font>
        </control>
        <control type="label" id="6">
          <description>Label 6</description>
          <height>45</height>
          <width>1420</width>
          <font>size27</font>
        </control>
        <control type="label" id="7"> <!--זיכרון פנוי-->
          <description>Label 7</description>
          <height>45</height>
          <width>1420</width>
          <font>size27</font>
        </control>
        <control type="label" id="8"> <!--סה"כ זיכרון-->
          <description>Label 8</description>
          <height>45</height>
          <width>1420</width>
          <font>size27</font>
        </control>
        <control type="label" id="9">
          <description>Label 9</description>
          <height>45</height>
          <width>1420</width>
          <font>size27</font>
        </control>
        <control type="label" id="10">
          <description>Label 10</description>
          <height>45</height>
          <width>1420</width>
          <font>size27</font>
        </control>
        <control type="label" id="11">
          <description>Label 11</description>
          <height>45</height>
          <width>1420</width>
          <font>size27</font>
        </control>
        <control type="image"> <!--HTPT-->
          <width>200</width>
          <height>100</height>
          <texture>misc/logo/logo7.png</texture>
		  <aspectratio>stretch</aspectratio>
        </control>
      </control>
    </control>
  </controls>
</window>
