
<keymap>
	<global>
		<keyboard>
			<!--<Delete mod="ctrl,alt">reboot</Delete>-->
			<e>noop</e>
			<f>noop</f>
			<!--<q mod="ctrl">RestartApp</q>-->
			<!--<l mod="ctrl">activatewindow(1117)</l>-->
			<q>noop</q>
			<!--<r>noop</r>-->
			<s>noop</s>
			<x>noop</x>
			<z>noop</z>			
			<p mod="ctrl,shift" description="containerfolderpath">RunScript(special://skin/specials/scripts/admincontainerfolderpath.py)</p>
			<w mod="ctrl,shift" description="הגדרות כפתורי בית">activatewindow(1131)</w>
			<w mod="ctrl,alt" description="הגדרות כפתורי בית">activatewindow(1131)</w>
			<l mod="ctrl,shift" description="הגדרות כפתורי בית">activatewindow(1117)</l>
			<d mod="ctrl,shift" description="מצב מומחה">Skin.ToggleSetting(Admin)</d>
			<s mod="ctrl,shift" description="הגדרות מעטפת">activatewindow(skinsettings)</s>
			<s mod="ctrl,alt" description="הגדרות מעטפת">activatewindow(skinsettings)</s>
			<r mod="ctrl,alt" description="אתחול סקין">ReloadSkin(skin.HTPT)</r>
			<r mod="ctrl,shift" description="אתחול סקין">ReloadSkin(skin.HTPT)</r>
			<f mod="ctrl,shift" description="הגדרות כפתורי בית">Skin.ToggleSetting(Performance)</f>
			<q mod="ctrl,shift" description="אתחול מהיר">RestartApp</q>
		</keyboard>
	</global>
	<fullscreenvideo>
		<keyboard>
			<j>SubtitleDelayMinus</j>
			<k>SubtitleDelayPlus</k>
		</keyboard>
	</fullscreenvideo>
</keymap>