<?xml version="1.0" encoding="UTF-8" standalone="yes"?>
<addon id="script.htpt.homebuttons" name="HTPT homebuttons Script" version="0.1.0" provider-name="Gal Kahalani">
  <requires>
    <import addon="xbmc.python" version="2.1.0"/>
	<!--<import addon="skin.htpt" version="0.0.4"/>-->
  </requires>
  <extension point="xbmc.python.script" library="default.py"/>
  <extension point="xbmc.addon.metadata">
    <platform>all</platform>
	<description lang="en">[COLOR=Blue][B]HTPT[/B] -   because[CR]not all is self-evident[/COLOR][CR][CR][B]HTPT Support:[/B][CR][COLOR=White]0547393531[CR]infohtpt@gmail.com[/COLOR]</description>
	<disclaimer>[COLOR=Red][B]YOUR ADVISE TO NOT INSTALL THIS ADDON UNLESS YOU OWN AN ORIGINAL HTPT SYSTEM![CR]THE OWNER DO NOT TAKE ANY RESPONSIBILITY FOR ANY DAMAGE CAUSED BY THIS ADDON[/COLOR][/B]</disclaimer>
  </extension>
</addon>
