<?xml version="1.0" encoding="UTF-8"?>
<window>
	<include condition="Skin.HasSetting(Performance) + !Player.HasVideo">Performance1</include>
	<defaultcontrol always="true">3000</defaultcontrol>
	<include>Fade6</include>
	<!--<onload description="כתוב את האותיות שבתמונה" condition="Window.IsVisible(DialogProgress.xml) + Skin.String(CustomVAR,...) + Skin.HasSetting(refreshrunnings)">Skin.SetString(CustomVAR,2)</onload>
	<onload condition="Skin.HasSetting(Admin) + Window.IsVisible(DialogProgress.xml) + Skin.String(CustomVAR,...) + Skin.HasSetting(refreshrunnings)">Notification(Skin.SetString(CustomVAR,2),$LOCALIZE[79066]?,5000)</onload>-->
	<onunload condition="Skin.HasSetting(ToggleLanguage)">Skin.ToggleSetting(ToggleLanguage)</onunload>
	<include condition="Skin.HasSetting(smartkeyboard)">smartkeyboardH</include>
	<coordinates>
		<system>2</system>
		<left>504</left>
		<top>590</top>
	</coordinates>
	<controls>
		<control type="group">
			<posx></posx>
			<posy></posy>
		    <animation effect="zoom" end="120,120" delay="0" center="80,80" time="700" reversible="false">WindowOpen</animation>
			<visible>!Window.IsVisible(numericinput)</visible>
			<control type="image" description="מסגרת ראשי">
				<left>0</left>
				<top>0</top>
				<width>760</width>
				<height>430</height>
				<texture border="40">osd/keyboard/DialogBack.png</texture>
			</control>
			<control type="image" description="פס עליון שקוף">
				<description>Dialog Header image</description>
				<left>40</left>
				<top>16</top>
				<width>680</width>
				<height>40</height>
				<texture>osd/keyboard/dialogheader.png</texture>
			</control>
			<control type="label" id="311" description="כותרת ראשי">
				<left>40</left>
				<top>20</top>
				<width>720</width>
				<height>30</height>
				<font>size28</font>
				<align>center</align>
				<aligny>center</aligny>
				<textcolor>Yellow</textcolor>
				<shadowcolor>black</shadowcolor>
				<visible>!Control.IsVisible(317)</visible>
			</control>
			<control type="label" id="317" description="כותרת ראשי2">
				<left>40</left>
				<top>20</top>
				<width>720</width>
				<height>30</height>
				<font>size28</font>
				<align>center</align>
				<aligny>center</aligny>
				<textcolor>Yellow</textcolor>
				<shadowcolor>black</shadowcolor>
				<label>$VAR[KeyboardTitle]</label>
				<visible>Window.IsVisible(DialogSubtitles.xml) | Window.IsVisible(Custom1170.xml) | Window.IsVisible(DialogProgress.xml)</visible>
				<visible>!IsEmpty(Control.GetLabel(317))</visible>
			</control>
			<control type="button" id="700" description="כפתור סגור חלון">
				<left>670</left>
				<top>15</top>
				<width>64</width>
				<height>32</height>
				<label>-</label>
				<font>-</font>
				<onclick>PreviousMenu</onclick>
				<onclick condition="!Skin.String(CustomVAR,1) + !Player.HasVideo + Skin.HasSetting(refreshrunnings)">Skin.SetString(CustomVAR,1)</onclick>
				<texturefocus>osd/keyboard/DialogCloseButton-focus.png</texturefocus>
				<texturenofocus>osd/keyboard/DialogCloseButton.png</texturenofocus>
				<onleft>701</onleft>
				<onright>701</onright>
				<onup>701</onup>
				<ondown>701</ondown>
				<!--<visible>system.getbool(input.enablemouse)</visible>-->
			</control>
			<control type="image" description="תמונה מחרוזת חיפוש">
				<left>50</left>
				<top>60</top>
				<width>660</width>
				<height>50</height>
				<texture border="20">osd/keyboard/KeyboardEditArea.png</texture>
			</control>
			<control type="group" description="שדה טקסט">
				<control type="label" id="310" description="שדה טקסט">
					<left>67</left>
					<top>60</top>
					<width>650</width>
					<height>50</height>
					<font>size28</font>
					<align>center</align>
					<aligny>center</aligny>
					<textcolor>White2</textcolor>
					<visible>!Skin.HasSetting(ToggleLanguage)</visible>
				</control>
				<control type="label" id="310" description="שדה טקסט">
					<left>67</left>
					<top>60</top>
					<width>650</width>
					<height>50</height>
					<font>size18</font>
					<align>left</align>
					<aligny>center</aligny>
					<textcolor>Grey2</textcolor>
					<visible>Skin.HasSetting(ToggleLanguage) + Skin.HasSetting(Admin)</visible>
				</control>
				<control type="label" id="3100" description="שדה טקסט2">
					<left>67</left>
					<top>60</top>
					<width>650</width>
					<height>50</height>
					<font>size28</font>
					<align>center</align>
					<aligny>center</aligny>
					<textcolor>White2</textcolor>
					<visible>Skin.HasSetting(ToggleLanguage)</visible>
					<label>$INFO[Skin.String(ToggleLanguageInput)]</label>
				</control>
			</control>
			<control type="image" description="לבן?">
				<left>130</left>
				<top>110</top>
				<width>500</width>
				<height>30</height>
				<texture>osd/keyboard/dialogheader.png</texture>
			</control>
			<control type="group" id="701">
				<left>30</left>
				<top>140</top>
				<control type="button" id="8" description="מחק">
					<left>0</left>
					<top>0</top>
					<texturenofocus border="25,25,5,5">osd/keyboard/KeyboardCornerTopNF.png</texturenofocus>
					<texturefocus border="25,25,5,5">osd/keyboard/KeyboardCornerTop.png</texturefocus>
					<label>$LOCALIZE[79032]</label>					
					<width>200</width>
					<include>Keyboard</include>
					<onleft>57</onleft>
					<onright>48</onright>
					<onup>700</onup>
					<ondown>302</ondown>
					<onclick condition="Skin.HasSetting(ToggleLanguage)">RunScript(special://skin/specials/scripts/togglelanguage.py)</onclick>
				</control>
				<control type="button" id="48">
					<description>'0' button</description>
					<include>Keyboard</include>
					<left>200</left>
					<top>0</top>
					<onleft>8</onleft>
					<onright>49</onright>
					<onup>700</onup>
					<ondown condition="Skin.HasSetting(ToggleLanguage)">650</ondown>
					<ondown>65</ondown>
				</control>
				<control type="button" id="49">
					<description>'1' button</description>
					<include>Keyboard</include>
					<left>250</left>
					<top>0</top>
					<onleft>48</onleft>
					<onright>50</onright>
					<onup>700</onup>
					<ondown  condition="Skin.HasSetting(ToggleLanguage)">660</ondown>
					<ondown>66</ondown>
				</control>
				<control type="button" id="50">
					<description>'2' button</description>
					<include>Keyboard</include>
					<left>300</left>
					<top>0</top>
					<onleft>49</onleft>
					<onright>51</onright>
					<onup>700</onup>
					<ondown condition="Skin.HasSetting(ToggleLanguage)">670</ondown>
					<ondown>67</ondown>
				</control>
				<control type="button" id="51">
					<description>'3' button</description>
					<include>Keyboard</include>
					<left>350</left>
					<top>0</top>
					<onleft>50</onleft>
					<onright>52</onright>
					<onup>700</onup>
					<ondown condition="Skin.HasSetting(ToggleLanguage)">680</ondown>
					<ondown>68</ondown>
				</control>
				<control type="button" id="52">
					<description>'4' button</description>
					<include>Keyboard</include>
					<left>400</left>
					<top>0</top>
					<onleft>51</onleft>
					<onright>53</onright>
					<onup>700</onup>
					<ondown condition="Skin.HasSetting(ToggleLanguage)">690</ondown>
					<ondown>69</ondown>
				</control>
				<control type="button" id="53">
					<description>'5' button</description>
					<include>Keyboard</include>
					<left>450</left>
					<top>0</top>
					<onleft>52</onleft>
					<onright>54</onright>
					<onup>700</onup>
					<ondown condition="Skin.HasSetting(ToggleLanguage)">702</ondown>
					<ondown>70</ondown>
				</control>
				<control type="button" id="54">
					<description>'6' button</description>
					<include>Keyboard</include>
					<left>500</left>
					<top>0</top>
					<onleft>53</onleft>
					<onright>55</onright>
					<onup>700</onup>
					<ondown condition="Skin.HasSetting(ToggleLanguage)">710</ondown>
					<ondown>71</ondown>
				</control>
				<control type="button" id="55">
					<description>'7' button</description>
					<include>Keyboard</include>
					<left>550</left>
					<top>0</top>
					<onleft>54</onleft>
					<onright>56</onright>
					<onup>700</onup>
					<ondown condition="Skin.HasSetting(ToggleLanguage)">720</ondown>
					<ondown>72</ondown>
				</control>
				<control type="button" id="56">
					<description>'8' button</description>
					<include>Keyboard</include>
					<left>600</left>
					<top>0</top>
					<onleft>55</onleft>
					<onright>57</onright>
					<onup>700</onup>
					<ondown condition="Skin.HasSetting(ToggleLanguage)">730</ondown>
					<ondown>73</ondown>
				</control>
				<control type="button" id="57">
					<description>'9' button</description>
					<texturenofocus flipx="true" border="5,25,25,5">osd/keyboard/KeyboardCornerTopNF.png</texturenofocus>
					<texturefocus flipx="true" border="5,25,25,5">osd/keyboard/KeyboardCornerTop.png</texturefocus>					
					<left>650</left>
					<top>0</top>
					<include>Keyboard</include>
					<onleft>56</onleft>
					<onright>8</onright>
					<onup>700</onup>
					<ondown condition="Skin.HasSetting(ToggleLanguage)">740</ondown>
					<ondown>74</ondown>
				</control>
				<control type="radiobutton" id="302">
					<description>SHIFT button</description>
					<width>70</width>					
					<include>Keyboard</include>
					<left>0</left>
					<top>50</top>
					<label>20178</label>
					<onleft condition="Skin.HasSetting(ToggleLanguage)">740</onleft>
					<onleft>74</onleft>
					<onright>303</onright>
					<onup>8</onup>
					<ondown>312</ondown>
					<radioposy>5</radioposy>
					<radiowidth>20</radiowidth>
					<radioheight>20</radioheight>
				</control>
				<control type="group" description="en">
					<visible>!Skin.HasSetting(ToggleLanguage)</visible>
					<control type="button" id="65">
						<description>'A' button</description>
						<include>Keyboard</include>
						<left>200</left>
						<top>50</top>
						<onleft>303</onleft>
						<onright>66</onright>
						<onup>48</onup>
						<ondown>75</ondown>
					</control>
					<control type="button" id="66">
						<description>'B' button</description>
						<include>Keyboard</include>
						<left>250</left>
						<top>50</top>
						<onleft>65</onleft>
						<onright>67</onright>
						<onup>49</onup>
						<ondown>76</ondown>
					</control>
					<control type="button" id="67">
						<description>'C' button</description>
						<include>Keyboard</include>
						<left>300</left>
						<top>50</top>
						<onleft>66</onleft>
						<onright>68</onright>
						<onup>50</onup>
						<ondown>77</ondown>
					</control>
					<control type="button" id="68">
						<description>'D' button</description>
						<include>Keyboard</include>
						<left>350</left>
						<top>50</top>
						<onleft>67</onleft>
						<onright>69</onright>
						<onup>51</onup>
						<ondown>78</ondown>
					</control>
					<control type="button" id="69">
						<description>'E' button</description>
						<include>Keyboard</include>
						<left>400</left>
						<top>50</top>
						<onleft>68</onleft>
						<onright>70</onright>
						<onup>52</onup>
						<ondown>79</ondown>
					</control>
					<control type="button" id="70">
						<description>'F' button</description>
						<include>Keyboard</include>
						<left>450</left>
						<top>50</top>
						<onleft>69</onleft>
						<onright>71</onright>
						<onup>53</onup>
						<ondown>80</ondown>
					</control>
					<control type="button" id="71">
						<description>'G' button</description>
						<include>Keyboard</include>
						<left>500</left>
						<top>50</top>
						<onleft>70</onleft>
						<onright>72</onright>
						<onup>54</onup>
						<ondown>81</ondown>
					</control>
					<control type="button" id="72">
						<description>'H' button</description>
						<include>Keyboard</include>
						<left>550</left>
						<top>50</top>
						<onleft>71</onleft>
						<onright>73</onright>
						<onup>55</onup>
						<ondown>82</ondown>
					</control>
					<control type="button" id="73">
						<description>'I' button</description>
						<include>Keyboard</include>
						<left>600</left>
						<top>50</top>
						<onleft>72</onleft>
						<onright>74</onright>
						<onup>56</onup>
						<ondown>83</ondown>
					</control>
					<control type="button" id="74">
						<description>'J' button</description>
						<include>Keyboard</include>
						<left>650</left>
						<top>50</top>
						<onleft>73</onleft>
						<onright>302</onright>
						<onup>57</onup>
						<ondown>84</ondown>
					</control>
					<control type="button" id="75">
						<description>'K' button</description>
						<include>Keyboard</include>
						<left>200</left>
						<top>100</top>
						<onleft>312</onleft>
						<onright>76</onright>
						<onup>65</onup>
						<ondown>85</ondown>
					</control>
					<control type="button" id="76">
						<description>'L' button</description>
						<include>Keyboard</include>
						<left>250</left>
						<top>100</top>
						<onleft>75</onleft>
						<onright>77</onright>
						<onup>66</onup>
						<ondown>86</ondown>
					</control>
					<control type="button" id="77">
						<description>'M' button</description>
						<include>Keyboard</include>
						<left>300</left>
						<top>100</top>
						<onleft>76</onleft>
						<onright>78</onright>
						<onup>67</onup>
						<ondown>87</ondown>
					</control>
					<control type="button" id="78">
						<description>'N' button</description>
						<include>Keyboard</include>
						<left>350</left>
						<top>100</top>
						<onleft>77</onleft>
						<onright>79</onright>
						<onup>68</onup>
						<ondown>88</ondown>
					</control>
					<control type="button" id="79">
						<description>'O' button</description>
						<include>Keyboard</include>
						<left>400</left>
						<top>100</top>
						<onleft>78</onleft>
						<onright>80</onright>
						<onup>69</onup>
						<ondown>89</ondown>
					</control>
					<control type="button" id="80">
						<description>'P' button</description>
						<include>Keyboard</include>
						<left>450</left>
						<top>100</top>
						<onleft>79</onleft>
						<onright>81</onright>
						<onup>70</onup>
						<ondown>90</ondown>
					</control>
					<control type="button" id="81">
						<description>'Q' button</description>
						<include>Keyboard</include>
						<left>500</left>
						<top>100</top>
						<onleft>80</onleft>
						<onright>82</onright>
						<onup>71</onup>
						<ondown>3000</ondown>
					</control>
					<control type="button" id="82">
						<description>'R' button</description>
						<include>Keyboard</include>
						<left>550</left>
						<top>100</top>
						<onleft>81</onleft>
						<onright>83</onright>
						<onup>72</onup>
						<ondown>3000</ondown>
					</control>
					<control type="button" id="83">
						<description>'S' button</description>
						<include>Keyboard</include>
						<left>600</left>
						<top>100</top>
						<onleft>82</onleft>
						<onright>84</onright>
						<onup>73</onup>
						<ondown>3000</ondown>
					</control>
					<control type="button" id="84">
						<description>'T' button</description>
						<include>Keyboard</include>
						<left>650</left>
						<top>100</top>
						<onleft>83</onleft>
						<onright>312</onright>
						<onup>74</onup>
						<ondown>3000</ondown>
					</control>
					<control type="button" id="85">
						<description>'U' button</description>
						<include>Keyboard</include>
						<left>200</left>
						<top>150</top>
						<onleft>304</onleft>
						<onright>86</onright>
						<onup>75</onup>
						<ondown>32</ondown>
					</control>
					<control type="button" id="86">
						<description>'V' button</description>
						<include>Keyboard</include>
						<left>250</left>
						<top>150</top>
						<onleft>85</onleft>
						<onright>87</onright>
						<onup>76</onup>
						<ondown>32</ondown>
					</control>
					<control type="button" id="87">
						<description>'W' button</description>
						<include>Keyboard</include>
						<left>300</left>
						<top>150</top>
						<onleft>86</onleft>
						<onright>88</onright>
						<onup>77</onup>
						<ondown>32</ondown>
					</control>
					<control type="button" id="88">
						<description>'X' button</description>
						<include>Keyboard</include>
						<left>350</left>
						<top>150</top>
						<onleft>87</onleft>
						<onright>89</onright>
						<onup>78</onup>
						<ondown>32</ondown>
					</control>
					<control type="button" id="89">
						<description>'Y' button</description>
						<include>Keyboard</include>
						<left>400</left>
						<top>150</top>
						<onleft>88</onleft>
						<onright>90</onright>
						<onup>79</onup>
						<ondown>32</ondown>
					</control>
					<control type="button" id="90">
						<description>'Z' button</description>
						<include>Keyboard</include>
						<left>450</left>
						<top>150</top>
						<onleft>89</onleft>
						<onright>3000</onright>
						<onup>80</onup>
						<ondown>32</ondown>
					</control>
					<control type="button" id="3000" description="סיים2">
						<font>size28</font>
						<width>200</width>
						<focusedcolor>Black</focusedcolor>	
						<texturenofocus border="3">osd/keyboard/KeyboardKeyNF2.png</texturenofocus>
						<texturefocus border="5">osd/keyboard/KeyboardKey2.png</texturefocus>					
						<include>Keyboard</include>
						<left>500</left>
						<top>150</top>
						<label>20177</label>
						<onleft>90</onleft>
						<onright>304</onright>
						<onup>81</onup>
						<ondown>305</ondown>
						<onclick condition="Skin.HasSetting(smartkeyboard)">Skin.SetString(smartkeyboardH0,$INFO[Control.GetLabel(310)])</onclick>
						<onclick>SendClick(300)</onclick>
					</control>
					<control type="button" id="300" description="DEFAULT סיים">
						<font>size28</font>
						<width>200</width>
						<focusedcolor>Black</focusedcolor>	
						<texturenofocus border="3">osd/keyboard/KeyboardKeyNF2.png</texturenofocus>
						<texturefocus border="5">osd/keyboard/KeyboardKey2.png</texturefocus>					
						<include>Keyboard</include>
						<left>500</left>
						<top>150</top>
						<label>20177</label>
						<onleft>90</onleft>
						<onright>304</onright>
						<onup>81</onup>
						<ondown>305</ondown>
						<visible>false</visible>
					</control>
				</control>
				<control type="group" description="he">
					<visible>Skin.HasSetting(ToggleLanguage)</visible>
					<control type="button" id="650">
						<description>'A' button</description>
						<include>Keyboard</include>
						<left>200</left>
						<top>50</top>
						<onleft>303</onleft>
						<onright>660</onright>
						<onup>48</onup>
						<ondown>750</ondown>
						<label>א</label>
						<onclick>RunScript(special://skin/specials/scripts/togglelanguage.py)</onclick>
					</control>
					<control type="button" id="660">
						<description>'B' button</description>
						<include>Keyboard</include>
						<left>250</left>
						<top>50</top>
						<onleft>650</onleft>
						<onright>670</onright>
						<onup>49</onup>
						<ondown>760</ondown>
						<label>ב</label>
						<onclick>RunScript(special://skin/specials/scripts/togglelanguage.py)</onclick>
					</control>
					<control type="button" id="670">
						<description>'C' button</description>
						<include>Keyboard</include>
						<left>300</left>
						<top>50</top>
						<onleft>660</onleft>
						<onright>680</onright>
						<onup>50</onup>
						<ondown>770</ondown>
						<label>ג</label>
						<onclick>RunScript(special://skin/specials/scripts/togglelanguage.py)</onclick>
					</control>
					<control type="button" id="680">
						<description>'D' button</description>
						<include>Keyboard</include>
						<left>350</left>
						<top>50</top>
						<onleft>670</onleft>
						<onright>690</onright>
						<onup>51</onup>
						<ondown>780</ondown>
						<label>ד</label>
						<onclick>RunScript(special://skin/specials/scripts/togglelanguage.py)</onclick>
					</control>
					<control type="button" id="690">
						<description>'E' button</description>
						<include>Keyboard</include>
						<left>400</left>
						<top>50</top>
						<onleft>680</onleft>
						<onright>702</onright>
						<onup>52</onup>
						<ondown>790</ondown>
						<label>ה</label>
						<onclick>RunScript(special://skin/specials/scripts/togglelanguage.py)</onclick>
					</control>
					<control type="button" id="702">
						<description>'F' button</description>
						<include>Keyboard</include>
						<left>450</left>
						<top>50</top>
						<onleft>690</onleft>
						<onright>710</onright>
						<onup>53</onup>
						<ondown>800</ondown>
						<label>ו</label>
						<onclick>RunScript(special://skin/specials/scripts/togglelanguage.py)</onclick>
					</control>
					<control type="button" id="710">
						<description>'G' button</description>
						<include>Keyboard</include>
						<left>500</left>
						<top>50</top>
						<onleft>702</onleft>
						<onright>720</onright>
						<onup>54</onup>
						<ondown>810</ondown>
						<label>ז</label>
						<onclick>RunScript(special://skin/specials/scripts/togglelanguage.py)</onclick>
					</control>
					<control type="button" id="720">
						<description>'H' button</description>
						<include>Keyboard</include>
						<left>550</left>
						<top>50</top>
						<onleft>710</onleft>
						<onright>730</onright>
						<onup>55</onup>
						<ondown>820</ondown>
						<label>ח</label>
						<onclick>RunScript(special://skin/specials/scripts/togglelanguage.py)</onclick>
					</control>
					<control type="button" id="730">
						<description>'I' button</description>
						<include>Keyboard</include>
						<left>600</left>
						<top>50</top>
						<onleft>720</onleft>
						<onright>740</onright>
						<onup>56</onup>
						<ondown>830</ondown>
						<label>ט</label>
						<onclick>RunScript(special://skin/specials/scripts/togglelanguage.py)</onclick>
					</control>
					<control type="button" id="740">
						<description>'J' button</description>
						<include>Keyboard</include>
						<left>650</left>
						<top>50</top>
						<onleft>730</onleft>
						<onright>302</onright>
						<onup>57</onup>
						<ondown>840</ondown>
						<label>י</label>
						<onclick>RunScript(special://skin/specials/scripts/togglelanguage.py)</onclick>
					</control>
					<control type="button" id="750">
						<description>'K' button</description>
						<include>Keyboard</include>
						<left>200</left>
						<top>100</top>
						<onleft>312</onleft>
						<onright>760</onright>
						<onup>650</onup>
						<ondown>850</ondown>
						<label>כ</label>
						<onclick>RunScript(special://skin/specials/scripts/togglelanguage.py)</onclick>
					</control>
					<control type="button" id="760">
						<description>'L' button</description>
						<include>Keyboard</include>
						<left>250</left>
						<top>100</top>
						<onleft>750</onleft>
						<onright>770</onright>
						<onup>660</onup>
						<ondown>860</ondown>
						<label>ל</label>
						<onclick>RunScript(special://skin/specials/scripts/togglelanguage.py)</onclick>
					</control>
					<control type="button" id="770">
						<description>'M' button</description>
						<include>Keyboard</include>
						<left>300</left>
						<top>100</top>
						<onleft>760</onleft>
						<onright>780</onright>
						<onup>670</onup>
						<ondown>870</ondown>
						<label>מ</label>
						<onclick>RunScript(special://skin/specials/scripts/togglelanguage.py)</onclick>
					</control>
					<control type="button" id="780">
						<description>'N' button</description>
						<include>Keyboard</include>
						<left>350</left>
						<top>100</top>
						<onleft>770</onleft>
						<onright>790</onright>
						<onup>680</onup>
						<ondown>880</ondown>
						<label>נ</label>
						<onclick>RunScript(special://skin/specials/scripts/togglelanguage.py)</onclick>
					</control>
					<control type="button" id="790">
						<description>'O' button</description>
						<include>Keyboard</include>
						<left>400</left>
						<top>100</top>
						<onleft>780</onleft>
						<onright>800</onright>
						<onup>690</onup>
						<ondown>890</ondown>
						<label>ס</label>
						<onclick>RunScript(special://skin/specials/scripts/togglelanguage.py)</onclick>
					</control>
					<control type="button" id="800">
						<description>'P' button</description>
						<include>Keyboard</include>
						<left>450</left>
						<top>100</top>
						<onleft>790</onleft>
						<onright>810</onright>
						<onup>702</onup>
						<ondown>900</ondown>
						<label>ע</label>
						<onclick>RunScript(special://skin/specials/scripts/togglelanguage.py)</onclick>
					</control>
					<control type="button" id="810">
						<description>'Q' button</description>
						<include>Keyboard</include>
						<left>500</left>
						<top>100</top>
						<onleft>800</onleft>
						<onright>820</onright>
						<onup>710</onup>
						<ondown>901</ondown>
						<label>פ</label>
						<onclick>RunScript(special://skin/specials/scripts/togglelanguage.py)</onclick>
					</control>
					<control type="button" id="820">
						<description>'R' button</description>
						<include>Keyboard</include>
						<left>550</left>
						<top>100</top>
						<onleft>810</onleft>
						<onright>830</onright>
						<onup>720</onup>
						<ondown>3000</ondown>
						<label>צ</label>
						<onclick>RunScript(special://skin/specials/scripts/togglelanguage.py)</onclick>
					</control>
					<control type="button" id="830">
						<description>'S' button</description>
						<include>Keyboard</include>
						<left>600</left>
						<top>100</top>
						<onleft>820</onleft>
						<onright>840</onright>
						<onup>730</onup>
						<ondown>3000</ondown>
						<label>ק</label>
						<onclick>RunScript(special://skin/specials/scripts/togglelanguage.py)</onclick>
					</control>
					<control type="button" id="840">
						<description>'T' button</description>
						<include>Keyboard</include>
						<left>650</left>
						<top>100</top>
						<onleft>830</onleft>
						<onright>312</onright>
						<onup>740</onup>
						<ondown>3000</ondown>
						<label>ר</label>
						<onclick>RunScript(special://skin/specials/scripts/togglelanguage.py)</onclick>
					</control>
					<control type="button" id="850">
						<description>'U' button</description>
						<include>Keyboard</include>
						<left>200</left>
						<top>150</top>
						<onleft>304</onleft>
						<onright>860</onright>
						<onup>750</onup>
						<ondown>32</ondown>
						<label>ש</label>
						<onclick>RunScript(special://skin/specials/scripts/togglelanguage.py)</onclick>
					</control>
					<control type="button" id="860">
						<description>'V' button</description>
						<include>Keyboard</include>
						<left>250</left>
						<top>150</top>
						<onleft>850</onleft>
						<onright>870</onright>
						<onup>760</onup>
						<ondown>32</ondown>
						<label>ת</label>
						<onclick>RunScript(special://skin/specials/scripts/togglelanguage.py)</onclick>
					</control>
					<control type="button" id="870">
						<description>'W' button</description>
						<include>Keyboard</include>
						<left>300</left>
						<top>150</top>
						<onleft>860</onleft>
						<onright>880</onright>
						<onup>770</onup>
						<ondown>32</ondown>
						<label>ך</label>
						<onclick>RunScript(special://skin/specials/scripts/togglelanguage.py)</onclick>
					</control>
					<control type="button" id="880">
						<description>'X' button</description>
						<include>Keyboard</include>
						<left>350</left>
						<top>150</top>
						<onleft>870</onleft>
						<onright>890</onright>
						<onup>780</onup>
						<ondown>32</ondown>
						<label>נ</label>
						<onclick>RunScript(special://skin/specials/scripts/togglelanguage.py)</onclick>
					</control>
					<control type="button" id="890">
						<description>'Y' button</description>
						<include>Keyboard</include>
						<left>400</left>
						<top>150</top>
						<onleft>880</onleft>
						<onright>900</onright>
						<onup>790</onup>
						<ondown>32</ondown>
						<label>ם</label>
						<onclick>RunScript(special://skin/specials/scripts/togglelanguage.py)</onclick>
					</control>
					<control type="button" id="900">
						<description>'Z' button</description>
						<include>Keyboard</include>
						<left>450</left>
						<top>150</top>
						<onleft>890</onleft>
						<onright>901</onright>
						<onup>800</onup>
						<ondown>32</ondown>
						<label>ף</label>
						<onclick>RunScript(special://skin/specials/scripts/togglelanguage.py)</onclick>
					</control>
					<control type="button" id="901">
						<description>'ץ' button</description>
						<include>Keyboard</include>
						<left>500</left>
						<top>150</top>
						<onleft>900</onleft>
						<onright>3000</onright>
						<onup>810</onup>
						<ondown>32</ondown>
						<label>ץ</label>
						<onclick>RunScript(special://skin/specials/scripts/togglelanguage.py)</onclick>
					</control>
					<control type="button" id="300" description="Enter סיים">
						<font>size28</font>
						<width>150</width>
						<focusedcolor>Black</focusedcolor>	
						<texturenofocus border="3">osd/keyboard/KeyboardKeyNF2.png</texturenofocus>
						<texturefocus border="5">osd/keyboard/KeyboardKey2.png</texturefocus>					
						<include>Keyboard</include>
						<left>550</left>
						<top>150</top>
						<label>20177</label>
						<onleft>900</onleft>
						<onright>304</onright>
						<onup>810</onup>
						<ondown>305</ondown>
						<onclick>RunScript(special://skin/specials/scripts/togglelanguage.py)</onclick>
					</control>
				</control>
				<!--<onclick condition="Skin.HasSetting(ToggleLanguage)">RunScript(special://skin/specials/scripts/togglelanguage.py)</onclick>-->
				<control type="radiobutton" id="304">
					<description>Symbols button</description>
					<width>200</width>
					<include>Keyboard</include>
					<left>0</left>
					<top>150</top>
					<label>20180</label>
					<onleft>3000</onleft>
					<onright condition="Skin.HasSetting(ToggleLanguage)">850</onright>
					<onright>85</onright>
					<onup>312</onup>
					<ondown condition="!Skin.HasSetting(smartkeyboard)">307</ondown>
					<ondown condition="Skin.HasSetting(smartkeyboard)">3070</ondown>
					<radioposy>5</radioposy>
					<radiowidth>20</radiowidth>
					<radioheight>20</radioheight>
				</control>
				<control type="button" id="307" description="IP כתובת">
					<left>0</left>
					<top>200</top>
					<width>200</width>
					<texturenofocus border="25,5,25,5">osd/keyboard/KeyboardCornerBottomNF.png</texturenofocus>
					<texturefocus border="25,5,25,5">osd/keyboard/KeyboardCornerBottom.png</texturefocus>
					<include>Keyboard</include>
					<label>$LOCALIZE[1006]</label>
					<onleft>306</onleft>
					<onright>32</onright>
					<onup>304</onup>
					<ondown>8</ondown>
					<visible>!Skin.HasSetting(smartkeyboard)</visible>
				</control>
				<control type="button" id="3070" description="מקלדת חכמה">
					<left>0</left>
					<top>200</top>
					<width>200</width>
					<texturenofocus border="25,5,25,5">osd/keyboard/KeyboardCornerBottomNF.png</texturenofocus>
					<texturefocus border="25,5,25,5">osd/keyboard/KeyboardCornerBottom.png</texturefocus>
					<textureleft border="25,5,25,5">osd/keyboard/KeyboardCornerBottomNF.png</textureleft>
					<textureleftfocus border="25,5,25,5">osd/keyboard/KeyboardCornerBottom.png</textureleftfocus>
					<include>Keyboard</include>
					<label>$LOCALIZE[79095]</label>
					<onclick>Skin.SetString(keyboardinput,$INFO[Control.GetLabel(310)])</onclick>
					<onclick>ActivateWindow(1125)</onclick>
					<onleft>306</onleft>
					<onright>32</onright>
					<onup>304</onup>
					<ondown>8</ondown>
					<visible>Skin.HasSetting(smartkeyboard)</visible>
				</control>
				<control type="radiobutton" id="303" description="CAPS LOCK">
					<left>70</left>
					<top>50</top>
					<width>130</width>
					<include>Keyboard</include>
					<label>20179</label>
					<onleft>302</onleft>
					<onright condition="Skin.HasSetting(ToggleLanguage)">650</onright>
					<onright>65</onright>
					<onup>8</onup>
					<ondown>312</ondown>
					<radioposy>5</radioposy>
					<radiowidth>20</radiowidth>
					<radioheight>20</radioheight>
				</control>
				<control type="togglebutton" id="312" description="Toggle Language">
					<left>0</left>
					<top>100</top>
					<width>200</width>
					<include>Keyboard</include>
					<label>$VAR[Button312]</label>
					<onleft condition="Skin.HasSetting(ToggleLanguage)">840</onleft>
					<onleft>84</onleft>
					<onright condition="Skin.HasSetting(ToggleLanguage)">750</onright>
					<onright>75</onright>
					<onup>302</onup>
					<ondown>304</ondown>
					<radioposy>5</radioposy>
					<radiowidth>20</radiowidth>
					<radioheight>20</radioheight>
					<onclick condition="Skin.HasSetting(Admin)">Skin.ToggleSetting(ToggleLanguage)</onclick>
					<onclick condition="Skin.HasSetting(Admin)">RunScript(special://skin/specials/scripts/togglelanguage.py)</onclick>
					<onclick condition="!Skin.HasSetting(Admin)">Notification($LOCALIZE[79072],For Support: [COLOR Yellow]$LOCALIZE[79081][/COLOR],4000)</onclick>
				</control>
				<!--<control type="button" id="100">
					<description>NEW smart button</description>
					<left>0</left>
					<top>200</top>
					<width>200</width>
					<texturenofocus border="25,5,25,5">osd/keyboard/KeyboardCornerBottomNF.png</texturenofocus>
					<texturefocus border="25,5,25,5">osd/keyboard/KeyboardCornerBottom.png</texturefocus>
					<include>Keyboard</include>
					<onclick>AlarmClock(1,RunScript(special://specials/scripts/sendtext.py),0)</onclick>
					<label>$LOCALIZE[1006]</label>
					<onleft>306</onleft>
					<onright>32</onright>
					<onup>304</onup>
					<ondown>8</ondown>
					<visible>Window.IsVisible(DialogSubtitles.xml)</visible>
				</control>-->
				<control type="button" id="32">
					<description>מקש רווח</description>
					<width>300</width>					
					<include>Keyboard</include>
					<left>200</left>
					<top>200</top>
					<label>20182</label>
					<onleft condition="!Skin.HasSetting(smartkeyboard)">307</onleft>
					<onleft condition="Skin.HasSetting(smartkeyboard)">3070</onleft>
					<onright>305</onright>
					<onup condition="Skin.HasSetting(ToggleLanguage)">850</onup>
					<onup>85</onup>
					<ondown>48</ondown>
					<onclick condition="Skin.HasSetting(ToggleLanguage)">RunScript(special://skin/specials/scripts/togglelanguage.py)</onclick>
				</control>
				<control type="button" id="305">
					<description>previous button</description>
					<font>size28</font>
					<width>100</width>
					<include>Keyboard</include>
					<left>500</left>
					<top>200</top>
					<label>&lt;</label>
					<align>center</align>
					<aligny>center</aligny>
					<onleft>32</onleft>
					<onright>306</onright>
					<onup>3000</onup>
					<ondown>54</ondown>
				</control>
				<control type="button" id="306">
					<description>next button</description>
					<font>size28</font>
					<texturenofocus flipx="true" border="5,5,25,25">osd/keyboard/KeyboardCornerBottomNF.png</texturenofocus>
					<texturefocus flipx="true" border="5,5,25,25">osd/keyboard/KeyboardCornerBottom.png</texturefocus>					
					<width>100</width>					
					<include>Keyboard</include>
					<left>600</left>
					<top>200</top>
					<label>&gt;</label>
					<onleft>305</onleft>
					<onright condition="!Skin.HasSetting(smartkeyboard)">307</onright>
					<onright condition="Skin.HasSetting(smartkeyboard)">3070</onright>
					<onup>3000</onup>
					<ondown>56</ondown>
				</control>
			</control>
		</control>
	</controls>
</window>