<?xml version="1.0" encoding="UTF-8"?>
<window id="29">
  <onload condition="Player.HasMedia">Action(Stop)</onload>
  <include condition="Skin.HasSetting(Performance) + !Player.HasVideo">Performance1</include>
  <defaultcontrol always="true">50</defaultcontrol>
  <allowoverlay>no</allowoverlay>
  <onload condition="!Skin.HasSetting(VALIDATION)">Skin.ToggleSetting(VALIDATION)</onload>
  <onload condition="!Skin.HasSetting(VALIDATION2)">Skin.ToggleSetting(VALIDATION2)</onload>
  <controls>
    <control type="image" description="רקע בית">
		<animation effect="fade" time="1000">WindowOpen</animation>
		<texture>misc/logo/logo10.png</texture>
	</control>
	<include>TopInformation</include>
	<include>RightMenuLoginScreen</include>
	<include>LeftMenuChangelog</include>
	<control type="group">
      <control type="image" description="Line bottom">
        <posy>490</posy>
        <width>1920</width>
        <height>1</height>
        <texture>images/Line1.png</texture>
      </control>
      <control type="group">
        <control type="panel" id="50">
          <width>1840</width>
          <height>559</height>
          <posy>551</posy>
          <posx>30</posx>
          <onleft>50</onleft>
          <onright>50</onright>
          <onup>520</onup>
          <ondown>noop</ondown>
          <itemlayout height="255" width="368">
		  <control type="group">
			<include condition="Skin.HasSetting(Performance2)">Fade10</include>
            <control type="image" description="THMBSBASE">
              <posx>20</posx>
              <posy>48</posy>
              <width>260</width>
              <height>168</height>
              <colordiffuse>FF666666</colordiffuse>
              <texture>icons/base.png</texture>
            </control>
            <control type="Image" description="אייקון לא נבחר">
              <visible>!IsEmpty(Listitem.thumb)</visible>
              <posx>20</posx>
              <posy>48</posy>
              <height>168</height>
              <width>260</width>
              <texture diffuse="buttons/diffusehome.png">$INFO[ListItem.thumb]</texture>
              <aspectratio>keep</aspectratio>
            </control>
            <control type="Image" description="THUMB">
              <visible>IsEmpty(Listitem.thumb)</visible>
              <posx>20</posx>
              <posy>48</posy>
              <height>168</height>
              <width>260</width>
              <texture diffuse="buttons/diffusehome.png">$INFO[ListItem.label2]</texture>
            </control>
            <control type="label" description="Main Label">
              <posx>150</posx>
              <posy>220</posy>
              <width>300</width>
              <height>24</height>
              <align>center</align>
              <label>$INFO[ListItem.Label]</label>
            </control>
		  </control>
          </itemlayout>
          <focusedlayout  height="255" width="368">
		  <control type="group">
			<include condition="Skin.HasSetting(Performance2)">Fade10</include>		  
            <control type="image" description="THMBSBASE">
              <posx>20</posx>
              <posy>48</posy>
              <width>260</width>
              <height>168</height>
              <colordiffuse>FF666666</colordiffuse>
              <texture>icons/base.png</texture>
            </control>
			<!--<control type="image" description="סמן בחירה 1">
			  <posx>20</posx>
			  <posy>48</posy>
			  <height>168</height>
			  <width>260</width>			  
			  <texture>$INFO[ListItem.Property(color)]</texture>
			</control>-->
			<control type="image" description="סמן בחירה 2">
			  <posx>20</posx>
			  <posy>48</posy>
			  <height>168</height>
			  <width>260</width>
			  <texture colordiffuse="BBBBBBBB">icons/choosen2.png</texture>
			</control>
            <control type="Image" description="אייקון נבחר">
              <visible>!IsEmpty(Listitem.thumb)</visible>
              <posx>20</posx>
              <posy>48</posy>
              <height>168</height>
              <width>260</width>
              <texture diffuse="buttons/diffusehome.png">$INFO[ListItem.thumb]</texture>
              <aspectratio>keep</aspectratio>
            </control>
            <control type="Image" description="THUMB">
              <visible>IsEmpty(Listitem.thumb)</visible>
              <posx>20</posx>
              <posy>48</posy>
              <height>168</height>
              <width>260</width>
              <texture diffuse="buttons/diffusehome.png">$INFO[ListItem.label2]</texture>
            </control>
            <control type="label" description="כותרת נבחר">
              <animation effect="fade" start="80" end="100" time="300=" delay="300">Focus</animation>
			  <textcolor>Yellow</textcolor>
			  <include>LabelC3</include>	  
              <height>24</height>			  
              <label>[B]$INFO[ListItem.Label][/B]</label>			  
			  <posx>150</posx>
              <posy>220</posy>
              <width>300</width>			  
            </control>
		  </control>
          </focusedlayout>
          <content>
			<item id="100" description="מסך התחברות">
              <visible>true</visible>
              <thumb>icons/home.png</thumb>
              <label>$LOCALIZE[20096]</label>
              <!--<onclick condition="[StringCompare(Skin.String(MAC),Skin.String(MAC1)) | StringCompare(Skin.String(MAC),Skin.String(MAC2))] + !Skin.HasSetting(VALIDATION)">ReplaceWindow(home)</onclick>
			  <onclick condition="[!StringCompare(Control.GetLabel(700100),NONE) + !StringCompare(Control.GetLabel(700100),7000)]">Notification(HTPT AUTHENTICATION FAILED!,FOR SUPPORT: [COLOR Yellow]infohtpt@gmail.com[/COLOR],10000,icons/sc2.png)</onclick>
			  <onclick condition="StringCompare(Control.GetLabel(700100),7000)">Notification(HTPT AUTHENTICATION RETRY!,FOR SUPPORT: [COLOR Yellow]infohtpt@gmail.com[/COLOR],5000,icons/sc.png))</onclick>
			  <onclick condition="[!StringCompare(Skin.String(MAC),Skin.String(MAC1)) + !StringCompare(Skin.String(MAC),Skin.String(MAC2))] | Skin.HasSetting(VALIDATION)">ActivateWindow(0)</onclick>-->
			  <!--X<onclick condition="[!StringCompare(Skin.String(MAC),Skin.String(MAC1)) + !StringCompare(Skin.String(MAC),Skin.String(MAC2))] | Skin.HasSetting(VALIDATION)">ActivateWindow(0)</onclick>-->
			  <onclick condition="true">RunScript(special://skin/specials/scripts/homebuttons.py)</onclick>
            </item>  
            <item id="102" description="Debug">
              <label>Debug</label>
			  <thumb>icons/fix.png</thumb>
			  <onclick>Skin.SetString(fixhtpt)</onclick>
              <onclick>RunScript(special://skin/specials/scripts/homebuttons.py)</onclick>
			  <!--<visible>!StringCompare(Control.GetLabel(700100),NONE) + !StringCompare(Control.GetLabel(700100),7000)</visible>-->
            </item>
			<item id="107" description="הגדרות מעטפת">
              <visible>Skin.HasSetting(Admin) + !Skin.HasSetting(Admin2)</visible>
              <thumb>icons/settings.png</thumb>
              <label>$LOCALIZE[20077]</label>
              <onclick>ActivateWindow(SkinSettings.xml)</onclick>
            </item>	
			<item id="108" description="הגדרת רשת">
              <visible>[Skin.HasSetting(Admin) + !Skin.HasSetting(Admin2)] | StringCompare(Control.GetLabel(700100),7070) | IsEmpty(Network.GatewayAddress)</visible>
              <thumb>icons/net.png</thumb>
              <label>$LOCALIZE[10128]</label>
			  <onclick>RunScript(special://skin/specials/scripts/homebuttons.py)</onclick>
            </item>	
			<item id="109" description="עזרה">
              <visible>true</visible>
              <thumb>icons/help.png</thumb>
              <label>$LOCALIZE[10043]</label>
              <onclick>ActivateWindow(1170)</onclick>
            </item>		
            <item id="110" description="פעולת כיבוי לבחירה">
              <visible>true</visible>
              <thumb>icons/power.png</thumb>
              <label>351</label>
              <onclick>ActivateWindow(1191)</onclick>
            </item>		
          </content>
        </control>
      </control>
    </control>
  </controls>
</window>