<?xml version="1.0" encoding="UTF-8"?>
<window>
  <defaultcontrol always="true">0</defaultcontrol>
  <allowoverlay>no</allowoverlay>
  <onload condition="Skin.HasSetting(homebuttonsrunning)">Skin.ToggleSetting(homebuttonsrunning)</onload>
  <onload condition="Skin.String(Test4)">Skin.SetString(Test4,)</onload>
  <onload condition="Skin.String(SystemTime1)">Skin.SetString(SystemTime1,)</onload>
  <onload condition="Skin.String(SystemTime2)">Skin.SetString(SystemTime2,)</onload>
  <onload condition="Skin.HasSetting(trailers)">Skin.ToggleSetting(trailers)</onload>
  <onload condition="Skin.HasSetting(Admin)">Skin.ToggleSetting(Admin)</onload>
  <onload condition="Skin.HasSetting(Admin2)">Skin.ToggleSetting(Admin2)</onload>
  <onload condition="!Skin.HasSetting(TVShelf_Watchlist)">Skin.ToggleSetting(TVShelf_Watchlist)</onload>
  <onload condition="!Skin.HasSetting(MoviesShelfWL)">Skin.ToggleSetting(MoviesShelfWL)</onload>
  <onload condition="!StringCompare(SetGUILanguage,Hebrew)">SetGUILanguage(Hebrew)</onload>
  <onload condition="!Skin.HasSetting(ShowTopVideoInformation)">Skin.ToggleSetting(ShowTopVideoInformation)</onload>
  <onload condition="!Skin.HasSetting(ShowDVDCases)">Skin.ToggleSetting(ShowDVDCases)</onload>
  <onload condition="!IsEmpty(Skin.String(MAC5))">Skin.SetString(MAC5,)</onload>
  <!--<onload condition="Skin.HasSetting(Widget)">Skin.ToggleSetting(Widget)</onload>-->
  <onload condition="Skin.HasSetting(Adult)">Skin.ToggleSetting(Adult)</onload>
  <onload condition="Skin.HasSetting(Joystick)">Skin.ToggleSetting(Joystick)</onload>
  <onload condition="Skin.HasSetting(Net)">Skin.ToggleSetting(Net)</onload>
  <onload condition="Skin.HasSetting(resetlan)">Skin.ToggleSetting(resetlan)</onload>
  <onload condition="Skin.HasSetting(resetwlan)">Skin.ToggleSetting(resetwlan)</onload>
  <onload condition="Skin.HasSetting(GamesPlus)">Skin.ToggleSetting(GamesPlus)</onload>
  <onload condition="!Skin.String(ConnectionStatus2,5)">Skin.SetString(ConnectionStatus2,5)</onload>
  <onload condition="Skin.String(DialogSelectSources)">Skin.SetString(DialogSelectSources,)</onload>
  <onload condition="Skin.String(DialogSubtitles)">Skin.SetString(DialogSubtitles,)</onload>
  <onload condition="Skin.String(DialogSubtitles2)">Skin.SetString(DialogSubtitles2,)</onload>
  <onload condition="Skin.String(GamesPlus)">Skin.SetString(GamesPlus,)</onload>
  <onload condition="Skin.HasSetting(AutoPlayPause)">Skin.ToggleSetting(AutoPlayPause)</onload>
  <onload condition="!Skin.HasSetting(DialogSelectFirst)">Skin.ToggleSetting(DialogSelectFirst)</onload>
  <onload condition="!Skin.HasSetting(AutoView)">Skin.ToggleSetting(AutoView)</onload>
  <onload condition="Skin.HasSetting(ShowTopProgramInformation)">Skin.ToggleSetting(ShowTopProgramInformation)</onload>
  <onload condition="Skin.String(VarCurrentPicVidPath)">Skin.SetString(VarCurrentPicVidPath,)</onload>
  <onload condition="Skin.String(VarCurrentPicVid)">Skin.SetString(VarCurrentPicVid,)</onload>
  <!--<onload condition="!Skin.HasSetting(AutoPlayPlus)">Skin.ToggleSetting(AutoPlayPlus)</onload>-->
  <onload description="BlueTooth" condition="Skin.HasSetting(Joystick2)">Skin.ToggleSetting(Joystick2)</onload>
  <onload condition="!Skin.String(smartkeyboardHN,1)">Skin.SetString(smartkeyboardHN,1)</onload>
  <onload condition="!Skin.String(smartkeyboardCN,1)">Skin.SetString(smartkeyboardCN,1)</onload>
  <onload condition="!Skin.String(smartkeyboardPN,1)">Skin.SetString(smartkeyboardPN,1)</onload>
  <onload>SetVolume(70)</onload>
  <onload condition="Skin.String(CustomVAR)">Skin.SetString(CustomVAR,)</onload>
  <onload condition="!Skin.HasSetting(VALIDATION)">Skin.ToggleSetting(VALIDATION)</onload>
  <onload condition="!Skin.HasSetting(VALIDATION2)">Skin.ToggleSetting(VALIDATION2)</onload>
  <onload>Skin.SetString(VALIDATION5,3)</onload>
  <onload condition="Skin.HasSetting(refreshrunnings)">Skin.ToggleSetting(refreshrunnings)</onload>
  <onload>AlarmClock(startupfocus,Control.SetFocus(1),0,silent)</onload>
  <onunload condition="Skin.HasSetting(VALIDATION)">AlarmClock(test,ReplaceWindow(LoginScreen.xml),0,silent)</onunload>
  <!--<onunload condition="Skin.HasSetting(homebuttonsrunning)">ReplaceWindow(Startup.xml)</onunload>-->
  
  <!--<onload>XBMC.PlayMedia(special://skin/mov/introMovie.mov)</onload>-->
  <!--<onload>XBMC.PlayMedia(special://skin/fanart.png)</onload>-->
    <!--<animation type="WindowClose" reversible="false">
        <effect type="fade" start="100" end="0" time="640" />
    </animation>
    <animation type="WindowOpen" reversible="false">
        <effect type="fade" end="100" delay="800" time="640" />
    </animation>-->
  <controls>
	<control type="group">
		<include>Fade12</include>
		<control type="image" description="רקע בית">
		  <animation effect="fade" time="1000">WindowOpen</animation>
		  <animation effect="zoom" end="150,150" center="960,560" time="1000">WindowClose</animation>
		  <texture>misc/logo/logo10.png</texture>
		</control>		
		<control type="group">
			<include>Fade13</include>
			<control type="label" description="...">
				<include>LabelC11</include>
				<posx>720</posx>
				<posy>440</posy>
				<label>...</label>
				<visible>Control.HasFocus(2) + !Skin.String(SystemTime2)</visible>
				<width>480</width>
			</control>
			<control type="label" description="אנא המתן">
				<include>LabelC11</include>
				<posx>720</posx>
				<posy>440</posy>
				<label>$LOCALIZE[20186]</label>
				<visible>[Control.HasFocus(3) | Control.HasFocus(7)] + !System.IdleTime(1) + !Skin.String(SystemTime2)</visible>
				<width>480</width>
			</control>
			<control type="label" description="התחבר כעת">
				<include>LabelC11</include>
				<posx>720</posx>
				<posy>440</posy>
				<label>$LOCALIZE[31405]</label>
				<visible>Control.HasFocus(10) + Skin.String(SystemTime1) + !Skin.String(SystemTime2)</visible>
				<width>480</width>
			</control>
			<control type="label" description="מתחבר לשרת ראשי...">
				<include>Fade13</include>
				<include>LabelC11</include>
				<posx>720</posx>
				<posy>440</posy>
				<label>$LOCALIZE[79082]</label>
				<visible>!Control.HasFocus(10) + Skin.String(SystemTime2) + !Control.HasFocus(1)</visible>
				<width>480</width>
			</control>
			<control type="button" id="1" description="ברירת מחדל">
				<posx>720</posx>
				<posy>502.5</posy>
				<texturenofocus>-</texturenofocus>
				<texturefocus border="40">buttons/ButtonE2.png</texturefocus>
				<include>ButtonC1</include>
				<ondown>Control.SetFocus(2)</ondown>
				<onleft>Control.SetFocus(2)</onleft>
				<onright>Control.SetFocus(2)</onright>
				<onup>Control.SetFocus(2)</onup>
				<onclick>Control.SetFocus(2)</onclick>
				<onfocus condition="Skin.String(SystemTime2)">Skin.SetString(SystemTime2,)</onfocus>
			</control>
			<control type="button" id="2" description="אדום">
				<posx>720</posx>
				<posy>502.5</posy>
				<texturenofocus>-</texturenofocus>
				<texturefocus border="40">buttons/ButtonE8.png</texturefocus>
				<include>ButtonC1</include>
				<onfocus condition="System.IdleTime(2) + !Skin.String(SystemTime2)">Control.SetFocus(3)</onfocus>
				<onfocus condition="!System.IdleTime(2) + !Skin.String(SystemTime2)">Control.SetFocus(2)</onfocus>
				<onfocus condition="System.IdleTime(5) + Skin.String(SystemTime2)">Control.SetFocus(1)</onfocus>
				<onfocus condition="!System.IdleTime(5) + Skin.String(SystemTime2)">Control.SetFocus(2)</onfocus>
			</control>
			<control type="button" id="3" description="צהוב">
				<posx>720</posx>
				<posy>502.5</posy>
				<texturenofocus>-</texturenofocus>
				<texturefocus border="40">buttons/ButtonE3.png</texturefocus>
				<include>ButtonC1</include>
				<onfocus condition="!System.IdleTime(3) + !Skin.String(SystemTime2)">Control.SetFocus(3)</onfocus>
				<onfocus condition="System.IdleTime(3) + !Skin.String(SystemTime2)">Control.SetFocus(7)</onfocus>
				<onfocus condition="System.IdleTime(5) + Skin.String(SystemTime2)">Control.SetFocus(1)</onfocus>
				<onfocus condition="!System.IdleTime(5) + Skin.String(SystemTime2)">Control.SetFocus(3)</onfocus>
			</control>
			<control type="button" id="7" description="ירוק">
				<posx>720</posx>
				<posy>502.5</posy>
				<texturenofocus>-</texturenofocus>
				<texturefocus border="40">buttons/ButtonE7.png</texturefocus>
				<include>ButtonC1</include>
				<onfocus condition="!System.IdleTime(4) + !Skin.String(SystemTime2)">Control.SetFocus(7)</onfocus>
				<onfocus condition="System.IdleTime(4) + !Skin.String(SystemTime2)">Control.SetFocus(10)</onfocus>
				<onfocus condition="System.IdleTime(5) + Skin.String(SystemTime2)">Control.SetFocus(1)</onfocus>
				<onfocus condition="!System.IdleTime(5) + Skin.String(SystemTime2)">Control.SetFocus(7)</onfocus>
			</control>
			<control type="button" id="10" description="כניסה">
			  <posx>720</posx>
			  <posy>502.5</posy>
			  <include>ButtonC1</include>
			  <label>$LOCALIZE[79110]</label>
			  <onclick>AlarmClock(startup,RunScript(special://skin/specials/scripts/homebuttons.py),0,silent)</onclick>
			  <!--<onclick>Control.SetFocus(7)</onclick>-->
			  <onfocus>Skin.SetString(SystemTime1,$INFO[System.Time(HH:MM:SS)])</onfocus>
			  <onunfocus>Skin.SetString(SystemTime1,)</onunfocus>
			  <onunfocus>Skin.SetString(SystemTime2,$INFO[System.Time(HH:MM:SS)])</onunfocus>
			</control>
			<control type="image">
			  <posx>720</posx>
			  <posy>502.5</posy>
			  <height>84</height>
			  <aspectratio>keep</aspectratio>
			  <texture>icons/home.png</texture>
			  <width>130</width>
			</control>
			<include>RightMenuLoginScreen</include>
			<include>LeftMenuChangelog</include>
		</control>
			<!--<include>Backgrounds1</include>-->
		<include>TopInformation</include>
			<!--<control type="image">
				<left>0</left>
				<top>0</top>
				<width>1920</width>
				<height>1080</height>
				<aspectratio>keep</aspectratio>
				<texture>special://skin/fanart.png</texture>
				<colordiffuse>white</colordiffuse>
			</control>-->
			<!--<control type="button" id="10" description="Startup Trigger">
		  <texturenofocus>-</texturenofocus>
		  <texturefocus>-</texturefocus>-->
		  <!--<onfocus>XBMC.PlayMedia(special://skin/fanart.png)</onfocus>-->
		  <!--<onfocus>AlarmClock(startuptrigger,ReplaceWindow(Home),0,silent)</onfocus>-->
		<!--</control>-->
	</control>
  </controls>
</window>
