<?xml version="1.0" encoding="UTF-8"?>
<window>
  <!--<include condition="Skin.HasSetting(Performance)  + !Player.HasVideo">Performance1</include>-->
  <defaultcontrol always="true">9000</defaultcontrol>
  <allowoverlay>yes</allowoverlay>
  <!--<onload condition="!Skin.HasSetting(VALIDATION) + Window.Previous(Startup.xml)">AlarmClock(logo,PlayMedia(special://userdata/addon_data/skin.htpt/video/playHTPT.mp4,1),00:01,silent)</onload>-->
  <onload condition="!Skin.HasSetting(VALIDATION) + [Window.Previous(Startup.xml) | Window.Previous(LoginScreen.xml)] + Skin.HasSetting(StartUpMusic) + !Skin.String(StartUpMusic) + !Player.HasMedia">AlarmClock(sound,PlayMedia(special://userdata/addon_data/skin.htpt/music/playHTPT2.flac),00:03,silent)</onload>
  <onload condition="!Skin.HasSetting(VALIDATION) + [Window.Previous(Startup.xml) | Window.Previous(LoginScreen.xml)] + Skin.HasSetting(StartUpMusic) + Skin.String(StartUpMusic) + !Player.HasMedia">AlarmClock(sound,PlayMedia($INFO[Skin.String(StartUpMusic)]),00:03,silent)</onload>
  <controls>
    <include>Backgrounds1</include>
	<include>TopInformation</include>
    <control type="grouplist" id="9009" description="כפתור קצה">
	  <orientation>horizontal</orientation>
	  <visible>[Control.IsVisible(311) | Control.IsVisible(312)]</visible>
	  <visible>Skin.HasSetting(widget) + !Skin.HasSetting(VALIDATION)</visible>
      <posx>20</posx>
      <posy>32</posy>
      <width>590</width>
      <height>40</height>
	  <onup condition="Player.HasAudio">ActivateWindow(12901)</onup>
      <onup condition="Control.IsVisible(311)">311</onup>
      <onup condition="Control.IsVisible(312)">312</onup>
      <ondown condition="Control.IsVisible(311)">311</ondown>
      <ondown condition="Control.IsVisible(312)">312</ondown>
	  <onright condition="Control.IsVisible(311)">9009</onright>
      <onright condition="Control.IsVisible(312)">312</onright>
	  <onleft condition="Control.IsVisible(311)">9009</onleft>
      <!--<onleft condition="Control.IsVisible(311)">311</onleft>-->
      <onleft condition="Control.IsVisible(312)">312</onleft>
	  <control type="button" id="9090" description="כפתור קצה">
		  <include>ButtonC10</include>
		  <label>$VAR[Button9090]</label>
		  <!--<onclick condition="Control.IsVisible(311)">Skin.ToggleSetting(MoviesShelfWL)</onclick>
		  <onclick condition="Control.IsVisible(312)">Skin.ToggleSetting(TVShelf_Watchlist)</onclick>
		  <onclick>ReplaceWindow(0)</onclick>-->
		  <onclick>RunScript(script.htpt.homebuttons)</onclick>
		  <visible>Control.IsVisible(311) | Control.IsVisible(312)</visible>
		  <width>270</width>
	  </control>
	  <control type="button" id="9091" description="קדימונים/סרטים">
		  <width>150</width>
		  <include>ButtonC10</include>
		  <label>$VAR[Button9091]</label>	  
		  <posx>-10</posx>
		  <onclick condition="!Skin.HasSetting(trailers)">Skin.ToggleSetting(trailers)</onclick>
		  <onclick condition="Skin.HasSetting(trailers)">Skin.ToggleSetting(trailers)</onclick>>
		  <texturefocus colordiffuse="FFFFAAFF">myfocustexture.png</texturefocus>
		  <texturenofocus colordiffuse="FFFFAAFF">mynormaltexture.png</texturenofocus>
		  <visible>Control.IsVisible(311)</visible>
	  </control>
	  <control type="button" id="9092" description="רענן">
		  <width>150</width>
		  <include>ButtonC10</include>
		  <label>$LOCALIZE[184]</label>
		  <onclick condition="Skin.HasSetting(Admin)">RunPlugin(plugin://plugin.video.genesis/?action=library_service)</onclick>
		  <onclick condition="Skin.HasSetting(Admin)">RunPlugin(plugin://plugin.video.genesis/?action=indicator_service)</onclick>
		  <onclick>RunScript(script.htpt.refresh)</onclick>
		  <posx>-10</posx>
		  <visible>Control.IsVisible(312)</visible>
	  </control>
	  <control type="button" id="9093" description="ניגון ידני/אוטומטי">
		  <width>120</width>
		  <include>ButtonC10</include>
		  <label>$VAR[Button9093]</label>
		  <onclick>RunScript(script.htpt.refresh)</onclick>
		  <posx>-10</posx>
		  <visible>[Control.IsVisible(311) | Control.IsVisible(312)]</visible>
	  </control>
    </control>
	<control type="panel" id="9000" description="פנל ראשי">
      <!--<animation condition="!Container(9000).Row(0) + !Container(9000).Row(1) | Container(9000).HasPrevious()" effect="slide" start="0,0" end="0,-295" time="220">Conditonal</animation>-->
	  <!--<animation condition="Container(9000).Row(1) + Container(9000).OnScrollNext" effect="fade" start="0,=0" end="0,460" time="220">Conditonal</animation>-->
	  <animation condition="!Container(9000).Row(0) + !Container(9000).Row(1) | Container(9000).HasPrevious()" effect="slide" start="0,0" end="0,-551" time="220">Conditonal</animation>-->
      <posx>40</posx>
	  <posy>581</posy>
	  <width>1840</width>
      <height>1040</height>
      <onleft>9000</onleft>
      <onright>9000</onright>
	  <onup>700</onup>
      <ondown>noop</ondown>
      <itemlayout height="230" width="368">
	  <control type="group">
	  <include condition="Skin.HasSetting(Performance2)">Fade10</include>
	  <control type="image" description="צל לא נבחר">
		  <posx>30</posx>
          <posy>30</posy>
          <width>312</width>
          <height>180</height>
          <texture>images/MenuIconShadow.png</texture>
        </control>
        <control type="image" description="מסגרת רקע לא נבחר">
		  <height>180</height>
		  <posx>30</posx>
          <posy>30</posy>
		  <texture>$INFO[ListItem.Property(color)]</texture>
		  <width>312</width>
        </control>
        <control type="image" description="אייקון">
          <aspectratio>keep</aspectratio>
		  <height>180</height>
		  <posx>30</posx>
          <posy>30</posy>
          <texture diffuse="buttons/diffusehome.png">$INFO[ListItem.thumb]</texture>
		  <visible>!IsEmpty(Listitem.thumb)</visible>
		  <width>312</width>
        </control>
        <control type="image" description="THMBS weather">
          <posx>30</posx>
          <posy>30</posy>
          <width>312</width>
          <height>180</height>
          <texture>$INFO[ListItem.Property(weatherthumb)]</texture>
          <aspectratio>keep</aspectratio>
        </control>
        <control type="image" description="שקופית לא נבחר">
          <posx>30</posx>
          <posy>30</posy>
          <width>312</width>
          <height>180</height>
          <texture>icons/overlay.png</texture>
        </control>
		<control type="label" description="weathertemp">
		  <align>center</align>
		  <font>size28</font>
		  <height>24</height>
		  <label>[B]$INFO[ListItem.Property(weathertemp)][/B]</label>
		  <posx>0</posx>
          <posy>170</posy>
		  <visible>!IsEmpty(ListItem.Property(weathertemp))</visible>
		  <width>368</width>
        </control>
		<control type="label" description="weatherlabel">
		  <align>center</align>
		  <font>size28</font>
		  <height>24</height>
		  <label>[B]$INFO[ListItem.Property(weatherlabel)][/B]</label>
		  <posx>0</posx>
          <posy>220</posy>
		  <visible>!IsEmpty(ListItem.Property(weatherlabel))</visible>
		  <width>368</width>
        </control>
        <control type="label" description="כותרת לא נבחר">
          <posx>0</posx>
          <posy>220</posy>
          <width>368</width>
          <height>24</height>
          <font>size28</font>
          <align>center</align>
          <label>[B]$INFO[ListItem.Label][/B]</label>
        </control>
	  </control>
      </itemlayout>
      <focusedlayout height="250" width="388">
	  <control type="group">
	    <include condition="Skin.HasSetting(Performance2)">Fade10</include>
	    <control type="image" description="THMBSCOLOR צל נבחר">
          <width>388</width>
          <height>270</height>
          <texture>images/MenuIconShadow.png</texture>
        </control>
        <control type="image" description="סמן בחירה 1">
          <posx>20</posx>
          <posy>20</posy>
          <width>332</width>
          <height>200</height>
		  <texture>$INFO[ListItem.Property(color)]</texture>
        </control>
		<control type="image" description="סמן בחירה 2">
		  <posx>20</posx>
          <posy>20</posy>
          <width>332</width>
          <height>200</height>
		  <texture>icons/choosen2.png</texture>
        </control>
        <control type="image" description="אייקון1">
          <aspectratio>keep</aspectratio>
          <height>200</height>		  
		  <posx>20</posx>
          <posy>20</posy>
		  <texture diffuse="buttons/diffusehome.png">$INFO[ListItem.ActualIcon]</texture>
		  <visible>!IsEmpty(Listitem.ActualIcon)</visible>
		  <width>332</width>
        </control>
		<control type="image" description="אייקון2">
          <aspectratio>keep</aspectratio>
          <height>200</height>		  
		  <posx>20</posx>
          <posy>20</posy>
		  <texture diffuse="buttons/diffusehome.png">$INFO[ListItem.thumb]</texture>
		  <visible>IsEmpty(Listitem.ActualIcon) + !IsEmpty(Listitem.thumb)</visible>
		  <width>332</width>
        </control>
        <control type="image" description="THMBS weather מזג אוויר">
          <aspectratio>keep</aspectratio>
		  <height>200</height>
		  <posx>20</posx>
          <posy>20</posy>
          <texture>$INFO[ListItem.Property(weatherthumb)]</texture>
		  <visible>!IsEmpty(ListItem.Property(weatherthumb))</visible>
          <width>332</width>
        </control>
        <control type="image" description="OVERLAY שקופית נבחר">
          <posx>20</posx>
          <posy>20</posy>
          <width>332</width>
          <height>200</height>
          <texture>icons/overlay.png</texture>
        </control>
		<control type="label" description="weathertemp">
		  <include>LabelC3</include>
		  <align>center</align>
		  <height>24</height>
		  <label>[B]$INFO[ListItem.Property(weathertemp)][/B]</label>
		  <textcolor>White2</textcolor>
		  <posx>0</posx>
          <posy>170</posy>
		  <visible>!IsEmpty(ListItem.Property(weathertemp))</visible>
		  <width>368</width>
        </control>
		<control type="label" description="weatherlocation">
          <animation effect="fade" start="80" end="100" time="300=" delay="300">Focus</animation>
          <textcolor>Yellow</textcolor>
		  <include>LabelC3</include>
		  <posx>0</posx>
          <posy>220</posy>
          <width>368</width>
          <height>24</height>
		  <font>size28</font>
          <label>[B]$INFO[ListItem.Property(weatherlocation)][/B]</label>
		  <visible>!IsEmpty(ListItem.Property(weatherlocation))</visible>
        </control>
        <control type="label" description="כותרת נבחר">
          <animation effect="fade" start="80" end="100" time="300=" delay="300">Focus</animation>
          <textcolor>Yellow</textcolor>
		  <include>LabelC3</include>
		  <posx>0</posx>
          <posy>220</posy>
          <width>368</width>
          <height>24</height>
          <label>[B]$INFO[ListItem.Label][/B]</label>
        </control>
	  </control>
      </focusedlayout>
      <content>
        <item id="340" description:="סרטים">
          <visible>!Skin.HasSetting(Movies)</visible>
          <thumb>icons/movies.png</thumb>
		  <icon>icons/movies2.png</icon>
          <label>$LOCALIZE[342]</label>
		  <!--<property name="color">$VAR[TexturesFrame]</property>-->
		  <include>TexturesFrameCol1</include>
		  <onclick>RunScript(script.htpt.homebuttons)</onclick>
        </item>
        <item id="341" description="סדרות">
          <visible>!Skin.HasSetting(TVshows)</visible>
          <thumb>icons/tvshows.png</thumb>
		  <icon>icons/tvshows2.png</icon>
          <label>$LOCALIZE[20343]</label>
		  <!--<property name="color">$VAR[TexturesFrame]</property>-->
          <include>TexturesFrameCol2</include>
		  <onclick>RunScript(script.htpt.homebuttons)</onclick>
        </item>
		<item id="342" description="סדרות ישראליות">
          <visible>!Skin.HasSetting(IsraelTV)</visible>
		  <thumb>icons/israeltv.png</thumb>
		  <icon>icons/israeltv2.png</icon>
          <label>$LOCALIZE[73420]</label>
		  <!--<property name="color">$VAR[TexturesFrame]</property>-->
          <include>TexturesFrameCol3</include>
		  <onclick>RunScript(script.htpt.homebuttons)</onclick>
        </item>
        <item id="343" description="יו-טיוב">
          <visible>!Skin.HasSetting(YouTube)</visible>
          <thumb>icons/youtube.png</thumb>
		  <icon>icons/youtube2.png</icon>
          <label>$LOCALIZE[73430]</label>
          <include>TexturesFrameCol4</include>
          <!--<onclick condition="!Skin.HasSetting(VALIDATION) + !SubString(System.InternetState,$LOCALIZE[13297]) + !IsEmpty(Network.IPAddress)">ActivateWindow(10025,&quot;plugin://plugin.video.youtube/?folder=true&amp;login=false&amp;path=%2froot%2fsearch&amp;store=searches&quot;,return)</onclick>-->
		  <onclick>RunScript(script.htpt.homebuttons)</onclick>
        </item>
        <item id="344" description="גו-פרו">
          <visible>!Skin.HasSetting(GoPro)</visible>
          <thumb>icons/gopro.png</thumb>
		  <icon>icons/gopro2.png</icon>
          <label>$LOCALIZE[73440]</label>
          <include>TexturesFrameCol5</include>
          <!--<onclick condition="!Skin.HasSetting(VALIDATION) + !SubString(System.InternetState,$LOCALIZE[13297]) + !IsEmpty(Network.IPAddress)">ActivateWindow(10025,&quot;plugin://plugin.video.GoProCamera/&quot;,return)</onclick>-->
		  <onclick condition="System.HasAddon(plugin.video.GoProCamera)">RunScript(script.htpt.homebuttons)</onclick>
		  <onclick condition="!System.HasAddon(plugin.video.GoProCamera) + Skin.HasSetting(Admin)">Notification(Admin,Addon is missing,1000)</onclick>
		  <onclick condition="!System.HasAddon(plugin.video.GoProCamera)">ActivateWindow(10025,plugin://plugin.video.GoProCamera)</onclick>
        </item>
        <item id="320" description="חפש/הוסף סרטים">
          <visible>!Skin.HasSetting(moviese)</visible>
          <thumb>$VAR[Button320]</thumb>
		  <icon>$VAR[Button320_2]</icon>
          <label>$LOCALIZE[73200]</label>
          <include>TexturesFrameCol1</include>
		  <onclick>RunScript(script.htpt.homebuttons)</onclick>
        </item>
        <item id="321" description="חפש/הוסף סדרות">
          <visible>!Skin.HasSetting(tvshowse)</visible>
          <thumb>icons/tvshowse.png</thumb>
		  <icon>icons/tvshowse2.png</icon>
          <label>$LOCALIZE[73210]</label>
          <include>TexturesFrameCol2</include>
		  <onclick>RunScript(script.htpt.homebuttons)</onclick>
          <!--<onclick condition="!Skin.HasSetting(VALIDATION) + !SubString(System.InternetState,$LOCALIZE[13297]) + !IsEmpty(Network.IPAddress)">ActivateWindow(10025,&quot;plugin://plugin.video.genesis/?action=root_shows&quot;,return)</onclick>-->
        </item>
		<item id="345" description="מזג אוויר">
          <visible>!Skin.HasSetting(weather)</visible>
          <property name="weatherthumb">$INFO[Weather.Conditions]</property>
		  <property name="weathertemp">$INFO[Weather.Temperature]</property>
		  <property name="weatherlocation">$INFO[Weather.Location]</property>
		  <property name="weatherlabel">$LOCALIZE[400]</property>
          <include>TexturesFrameCol3</include>
		  <onclick condition="System.HasAddon(weather.yahoo)">RunScript(script.htpt.homebuttons)</onclick>
		  <onclick condition="!System.HasAddon(weather.yahoo) + Skin.HasSetting(Admin)">Notification(Admin,Addon is missing,1000)</onclick>
		  <onclick condition="!System.HasAddon(weather.yahoo)">ActivateWindow(10025,plugin://weather.yahoo)</onclick>
        </item>
		<item id="507" description="תמונות">
          <visible>!Skin.HasSetting(pictures)</visible>
          <thumb>icons/pictures.png</thumb>
		  <icon>icons/pictures2.png</icon>
          <label>$LOCALIZE[1]</label>
          <include>TexturesFrameCol4</include>
		  <!--<onclick condition="!Skin.HasSetting(VALIDATION)">ActivateWindow(Pictures,special://userdata/library/pictures/,return)</onclick>-->
		  <onclick>RunScript(script.htpt.homebuttons)</onclick>
        </item>
		<item id="323" description="משחקים">
          <visible>!Skin.HasSetting(games)</visible>
          <thumb>icons/games.png</thumb>
		  <icon>icons/games2.png</icon>
          <label>$LOCALIZE[15016]</label>
          <include>TexturesFrameCol5</include>
		  <onclick condition="System.HasAddon(plugin.program.advanced.launcher)">RunScript(script.htpt.homebuttons)</onclick>
		  <onclick condition="!System.HasAddon(plugin.program.advanced.launcher) + Skin.HasSetting(Admin)">Notification(Admin,Addon is missing,1000)</onclick>
		  <onclick condition="!System.HasAddon(plugin.program.advanced.launcher)">ActivateWindow(10025,plugin://plugin.program.advanced.launcher,return)</onclick>
        </item>
		<item id="351" description="קדימונים">
          <visible>!Skin.HasSetting(trailers2)</visible>
          <thumb>icons/trailers.png</thumb>
		  <icon>icons/trailers2.png</icon>
          <label>$LOCALIZE[72100]</label>
          <include>TexturesFrameCol1</include>
		  <onclick condition="System.HasAddon(screensaver.randomtrailers)">RunScript(script.htpt.homebuttons)</onclick>
		  <onclick condition="!System.HasAddon(screensaver.randomtrailers) + Skin.HasSetting(Admin)">Notification(Admin,Addon is missing,1000)</onclick>
		  <onclick condition="!System.HasAddon(screensaver.randomtrailers)">ActivateWindow(10025,plugin://screensaver.randomtrailers,return)</onclick>
          <!--<onclick condition="!Skin.HasSetting(VALIDATION) + !SubString(System.InternetState,$LOCALIZE[13297]) + !IsEmpty(Network.IPAddress)">RunScript(&quot;screensaver.randomtrailers&quot;)</onclick>-->
        </item>
		<item id="509" description="חידון">
          <visible>!Skin.HasSetting(quiz)</visible>
          <thumb>icons/quiz.png</thumb>
		  <icon>icons/quiz2.png</icon>
          <label>$LOCALIZE[75090]</label>
          <include>TexturesFrameCol2</include>
		  <onclick condition="System.HasAddon(script.moviequiz)">RunScript(script.htpt.homebuttons)</onclick>
		  <onclick condition="!System.HasAddon(script.moviequiz) + Skin.HasSetting(Admin)">Notification(Admin,Addon is missing,1000)</onclick>
		  <onclick condition="!System.HasAddon(script.moviequiz)">ActivateWindow(10025,plugin://script.moviequiz,return)</onclick>
        </item>
		<item id="325" description="וידאו">
          <visible>!Skin.HasSetting(videos)</visible>
          <thumb>icons/videos.png</thumb>
		  <icon>icons/videos2.png</icon>
          <label>$LOCALIZE[157]</label>
          <include>TexturesFrameCol3</include>
		  <onclick>RunScript(script.htpt.homebuttons)</onclick>
        </item>		
		<item id="508" description="מוזיקה">
          <visible>!Skin.HasSetting(MusicLibrary)</visible>
          <thumb>icons/music.png</thumb>
		  <icon>icons/music2.png</icon>
          <label>$LOCALIZE[2]</label>
          <include>TexturesFrameCol4</include>
		  <onclick>RunScript(script.htpt.homebuttons)</onclick>
        </item>
		<item id="322" description="ילדים">
          <visible>!Skin.HasSetting(kids)</visible>
          <thumb>icons/kids.png</thumb>
		  <icon>icons/kids2.png</icon>
          <label>$LOCALIZE[73220]</label>
          <include>TexturesFrameCol5</include>
		  <onclick>RunScript(script.htpt.homebuttons)</onclick>
        </item>
		<item id="324" description="סרטים תלת-מימד">
          <visible>!Skin.HasSetting(3dmovs) + Skin.HasSetting(Admin)</visible>
          <thumb>icons/3dmovs.png</thumb>
		  <icon>icons/3dmovs2.png</icon>
		  <label>3D $LOCALIZE[342]</label>
          <include>TexturesFrameRow1</include>
		  <!--<onclick condition="!Skin.HasSetting(VALIDATION) + [!SubString(System.InternetState,$LOCALIZE[13297]) + !IsEmpty(Network.IPAddress)]">ActivateWindow(10025,&quot;plugin://plugin.video.movie25/?fanart&amp;genre&amp;iconimage=https%3a%2f%2fraw.github.com%2fmash2k3%2fMashupArtwork%2fmaster%2fskins%2fvector%2f3d.png&amp;mode=223&amp;name=3D%20Movies&amp;plot&amp;url=3D&quot;,return)</onclick>-->
		  <onclick>RunScript(script.htpt.homebuttons)</onclick>
        </item>
		<item id="327" description="אינטרנט">
          <visible>!Skin.HasSetting(internet)</visible>
          <thumb>icons/internet.png</thumb>
		  <icon>icons/internet2.png</icon>
          <label>$LOCALIZE[443]</label>
          <include>TexturesFrameRow1</include>
		  <onclick condition="System.HasAddon(browser.chromium-browser)">RunScript(script.htpt.homebuttons)</onclick>
		  <onclick condition="!System.HasAddon(browser.chromium-browser) + Skin.HasSetting(Admin)">Notification(Admin,Addon is missing,1000)</onclick>
		  <onclick condition="!System.HasAddon(browser.chromium-browser)">ActivateWindow(10025,plugin://browser.chromium-browser,return)</onclick>
        </item>
		<item id="328" description="גאדג'ט">
          <visible>!Skin.HasSetting(gadget) + Skin.HasSetting(Admin)</visible>
          <thumb>icons/gadget.png</thumb>
		  <icon>icons/gadget2.png</icon>
          <label>$LOCALIZE[79026]</label>
          <include>TexturesFrameRow1</include>
		  <onclick>RunScript(script.htpt.homebuttons)</onclick>
        </item>
		<item id="326" description="קריוקי">
          <visible>!Skin.HasSetting(karaoke) + Skin.HasSetting(Admin)</visible>
          <thumb>icons/karaoke.png</thumb>
		  <icon>icons/karaoke2.png</icon>
          <label>$LOCALIZE[13327]</label>
          <include>TexturesFrameRow1</include>
		  <onclick condition="System.HasAddon(plugin.video.MikeysKaraoke)">RunScript(script.htpt.homebuttons)</onclick>
		  <onclick condition="!System.HasAddon(plugin.video.MikeysKaraoke) + Skin.HasSetting(Admin)">Notification(Admin,Addon is missing,1000)</onclick>
		  <onclick condition="!System.HasAddon(plugin.video.MikeysKaraoke)">ActivateWindow(10025,plugin://plugin.video.MikeysKaraoke,return)</onclick>
        </item>
		<item id="329" description="קדימוני משחקים">
          <visible>!Skin.HasSetting(gametrailers)</visible>
          <thumb>icons/gametrailers.png</thumb>
		  <icon>icons/gametrailers2.png</icon>
          <label>$LOCALIZE[73290]</label>
          <include>TexturesFrameRow1</include>
		  <onclick condition="System.HasAddon(plugin.video.g4tv)">RunScript(script.htpt.homebuttons)</onclick>
		  <onclick condition="!System.HasAddon(plugin.video.g4tv) + Skin.HasSetting(Admin)">Notification(Admin,Addon is missing,1000)</onclick>
		  <onclick condition="!System.HasAddon(plugin.video.g4tv)">ActivateWindow(10025,plugin://plugin.video.g4tv,return)</onclick>
        </item>
		<item id="331" description="סרטים למבוגרים">
          <visible>Skin.HasSetting(adult)</visible>
          <thumb>icons/adult.png</thumb>
		  <icon>icons/adult2.png</icon>
          <label>$LOCALIZE[75003]</label>
          <include>TexturesFrameCol3</include>
		  <onclick condition="System.HasAddon(script.htpt.homebuttons)">RunScript(script.htpt.homebuttons)</onclick>
		  <onclick condition="!System.HasAddon(script.htpt.homebuttons) + Skin.HasSetting(Admin)">Notification(Admin,Addon is missing,1000)</onclick>
		  <onclick condition="!System.HasAddon(script.htpt.homebuttons)">ActivateWindow(10025,plugin://script.htpt.homebuttons,return)</onclick>
        </item>
		<item id="330" description="שיעורי גיטרה">
          <visible>!Skin.HasSetting(guitar)</visible>
          <thumb>icons/guitar.png</thumb>
		  <icon>icons/guitar2.png</icon>
          <label>$LOCALIZE[79027]</label>
          <include>TexturesFrameRow4</include>
		  <onclick condition="System.HasAddon(plugin.video.ultimateguitar)">RunScript(script.htpt.homebuttons)</onclick>
		  <onclick condition="!System.HasAddon(plugin.video.ultimateguitar) + Skin.HasSetting(Admin)">Notification(Admin,Addon is missing,1000)</onclick>
		  <onclick condition="!System.HasAddon(plugin.video.ultimateguitar)">ActivateWindow(10025,plugin://plugin.video.ultimateguitar,return)</onclick>
        </item>
		<item id="352" description="מעודפים">
          <visible>!Skin.HasSetting(favourites)</visible>
          <thumb>icons/favourites.png</thumb>
		  <icon>icons/favourites2.png</icon>
          <label>$LOCALIZE[1036]</label>
          <include>TexturesFrameRow4</include>
          <!--<onclick>ActivateWindow(134)</onclick>-->
		  <onclick>RunScript(script.htpt.homebuttons)</onclick>
        </item>
		<item id="355" description="ערוצי טלוויזיה">
          <thumb>icons/LiveTV.png</thumb>
		  <icon>icons/LiveTV2.png</icon>
          <label>$LOCALIZE[19023]</label>
          <include>TexturesFrameRow4</include>
		  <onclick>RunScript(script.htpt.homebuttons)</onclick>
		  <visible>!Skin.HasSetting(livetv) + !System.GetBool(pvrmanager.enabled)</visible>
        </item>
		<item id="3550" description="ערוצי טלוויזיה2">
          <thumb>icons/LiveTV.png</thumb>
		  <icon>icons/LiveTV2.png</icon>
          <label>$LOCALIZE[19023]</label>
          <include>TexturesFrameRow4</include>
          <!--<onclick condition="!Skin.HasSetting(VALIDATION) + [System.Platform.Windows + !StringCompare(System.InternetState,$LOCALIZE[15207]) + !SubString(System.InternetState,$LOCALIZE[503]) + !IsEmpty(System.InternetState) + !SubString(System.InternetState,) | [!System.Platform.Windows + !Skin.HasSetting(Connected)]]">ActivateWindowAndFocus(MyPVR, 32,0, 11,0)</onclick>-->
		  <visible>!Pvr.IsRecording + System.GetBool(pvrmanager.enabled) + !Skin.HasSetting(livetv)</visible>
		  <!--<onclick condition="Skin.HasSetting(VALIDATION)">RunScript(script.htpt.homebuttons)</onclick>--> <!--???-->
		  <!--<onclick>ActivateWindow(TVChannels)</onclick>-->
		  <onclick>RunScript(script.htpt.homebuttons)</onclick>
        </item>
		<!--<item id="355" description="ערוצי טלוויזיה">
          <thumb>icons/LiveTVrec.png</thumb>
		  <icon>icons/LiveTV2.png</icon>
          <label>$INFO[Pvr.NowRecordingTitle]</label>
          <include>TexturesFrameRow4</include>
          <onclick condition="!Skin.HasSetting(VALIDATION) + !SubString(System.InternetState,$LOCALIZE[13297]) + !IsEmpty(Network.IPAddress)">ActivateWindowAndFocus(MyPVR, 32,0, 11,0)</onclick>
		  <visible>Pvr.IsRecording + System.GetBool(pvrmanager.enabled) + !Skin.HasSetting(livetv)</visible>
		  <onclick condition="Skin.HasSetting(VALIDATION) | SubString(System.InternetState,$LOCALIZE[13297]) | IsEmpty(Network.IPAddress)">RunScript(script.htpt.homebuttons)</onclick>
        </item>-->
		<item id="356" description="רדיו">
          <visible>!Skin.HasSetting(radio)</visible>
          <thumb>icons/radio.png</thumb>
		  <icon>icons/radio2.png</icon>
          <label>$LOCALIZE[19021]</label>
          <include>TexturesFrameRow4</include>
          <!--<onclick condition="!Skin.HasSetting(VALIDATION) + !SubString(System.InternetState,$LOCALIZE[13297]) + !IsEmpty(Network.IPAddress)">ActivateWindow(videos,&quot;plugin://plugin.video.israelive/?description&amp;iconimage=http%3a%2f%2fmdmorrope.gob.pe%2fportalweb%2fimagenes%2fradioss.png&amp;mode=2&amp;name=%5bCOLOR%20blue%5d%5bB%5d%5b%d7%a8%d7%93%d7%99%d7%95%5d%5b%2fB%5d%5b%2fCOLOR%5d&amp;url=https%3a%2f%2fdl.dropboxusercontent.com%2fu%2f94071174%2fisraelive%2fSUB%2fWorld%2fIL%2520Radio.plx&quot;,return)</onclick>-->
		  <!--<onclick>ActivateWindow(10025,&quot;plugin://plugin.video.israelive/?description&amp;displayname=Radio&amp;iconimage=http%3a%2f%2fmdmorrope.gob.pe%2fportalweb%2fimagenes%2fradioss.png&amp;mode=2&amp;name=%5bCOLOR%20blue%5d%5bB%5d%5bRadio%5d%5b%2fB%5d%5b%2fCOLOR%5d&amp;url=https%3a%2f%2fcopy.com%2fiIisjVpikj27Wru0&quot;,return)</onclick>-->
		  <onclick>RunScript(script.htpt.homebuttons)</onclick>
        </item>
		<item id="3560" description="רדיו2">
          <thumb>icons/radio.png</thumb>
		  <icon>icons/radio2.png</icon>
          <label>$LOCALIZE[19021]</label>
          <include>TexturesFrameRow4</include>
          <!--<onclick condition="!Skin.HasSetting(VALIDATION) + [System.Platform.Windows + !StringCompare(System.InternetState,$LOCALIZE[15207]) + !SubString(System.InternetState,$LOCALIZE[503]) + !IsEmpty(System.InternetState) + !SubString(System.InternetState,) | [!System.Platform.Windows + !Skin.HasSetting(Connected)]]">ActivateWindowAndFocus(MyPVR, 32,0, 11,0)</onclick>-->
		  <visible>!Pvr.IsRecording + System.GetBool(pvrmanager.enabled) + !Skin.HasSetting(livetv)</visible>
		  <!--<onclick condition="Skin.HasSetting(VALIDATION)">RunScript(script.htpt.homebuttons)</onclick>--> <!--???-->
		  <onclick>RunScript(script.htpt.homebuttons)</onclick>
        </item>
<!--הגדרות משתמש מתחילות כאן-->
		<item id="601" description="מעודפים אישי">
          <visible>!IsEmpty(Skin.String(HomeFav.1.Label))</visible>
          <thumb>$INFO[Skin.String(HomeFav.1.Thumb)]</thumb>
		  <icon>$INFO[Skin.String(HomeFav.1.Icon)]</icon>
          <label>$INFO[Skin.String(HomeFav.1.Label)]</label>
          <include>TexturesFrameRow2</include>
          <onclick condition="!Skin.HasSetting(VALIDATION)">$INFO[Skin.String(HomeFav.1.Path)]</onclick>
		  <onclick condition="Skin.HasSetting(VALIDATION)">RunScript(script.htpt.homebuttons)</onclick>
        </item>
        <item id="602" description="מעודפים אישי">
          <visible>!IsEmpty(Skin.String(HomeFav.2.Label))</visible>
          <thumb>$INFO[Skin.String(HomeFav.2.Icon)]</thumb>
          <label>$INFO[Skin.String(HomeFav.2.Label)]</label>
          <include>TexturesFrameRow2</include>
          <onclick condition="!Skin.HasSetting(VALIDATION)">$INFO[Skin.String(HomeFav.2.Path)]</onclick>
		  <onclick condition="Skin.HasSetting(VALIDATION)">RunScript(script.htpt.homebuttons)</onclick>
        </item>
		<item id="603" description="מעודפים אישי">
          <visible>!IsEmpty(Skin.String(HomeFav.3.Label))</visible>
          <thumb>$INFO[Skin.String(HomeFav.3.Icon)]</thumb>
          <label>$INFO[Skin.String(HomeFav.3.Label)]</label>
          <include>TexturesFrameRow2</include>
          <onclick condition="!Skin.HasSetting(VALIDATION)">$INFO[Skin.String(HomeFav.3.Path)]</onclick>
		  <onclick condition="Skin.HasSetting(VALIDATION)">RunScript(script.htpt.homebuttons)</onclick>
        </item>
        <item id="604" description="מעודפים אישי">
          <visible>!IsEmpty(Skin.String(HomeFav.4.Label))</visible>
          <thumb>$INFO[Skin.String(HomeFav.4.Icon)]</thumb>
          <label>$INFO[Skin.String(HomeFav.4.Label)]</label>
          <include>TexturesFrameRow2</include>
          <onclick condition="!Skin.HasSetting(VALIDATION)">$INFO[Skin.String(HomeFav.4.Path)]</onclick>
		  <onclick condition="Skin.HasSetting(VALIDATION)">RunScript(script.htpt.homebuttons)</onclick>
        </item>
		<item id="605" description="מעודפים אישי">
          <visible>!IsEmpty(Skin.String(HomeFav.5.Label))</visible>
          <thumb>$INFO[Skin.String(HomeFav.5.Icon)]</thumb>
          <label>$INFO[Skin.String(HomeFav.5.Label)]</label>
          <include>TexturesFrameRow2</include>
          <onclick condition="!Skin.HasSetting(VALIDATION)">$INFO[Skin.String(HomeFav.5.Path)]</onclick>
		  <onclick condition="Skin.HasSetting(VALIDATION)">RunScript(script.htpt.homebuttons)</onclick>
        </item>
        <item id="401" description="הרחבות אישי">
          <visible>!IsEmpty(Skin.String(HomeAddon.1.Label))</visible>
          <thumb>$VAR[HomeAddon1]</thumb>
          <label>$INFO[system.addonTitle(Skin.String(HomeAddon.1.Label))]</label>
          <include>TexturesFrameRow2</include>
          <onclick condition="!Skin.HasSetting(VALIDATION)">RunAddon($INFO[Skin.String(HomeAddon.1.Label)])</onclick>
		  <onclick condition="Skin.HasSetting(VALIDATION)">RunScript(script.htpt.homebuttons)</onclick>
        </item>
        <item id="402" description="הרחבות אישי">
          <visible>!IsEmpty(Skin.String(HomeAddon.2.Label))</visible>
          <thumb>$VAR[HomeAddon2]</thumb>
          <label>$INFO[system.addonTitle(Skin.String(HomeAddon.2.Label))]</label>
          <include>TexturesFrameRow2</include>
          <onclick condition="!Skin.HasSetting(VALIDATION)">RunAddon($INFO[Skin.String(HomeAddon.2.Label)])</onclick>
		  <onclick condition="Skin.HasSetting(VALIDATION)">RunScript(script.htpt.homebuttons)</onclick>
        </item>
        <item id="403" description="הרחבות אישי">
          <visible>!IsEmpty(Skin.String(HomeAddon.3.Label))</visible>
          <thumb>$VAR[HomeAddon3]</thumb>
          <label>$INFO[system.addonTitle(Skin.String(HomeAddon.3.Label))]</label>
          <include>TexturesFrameRow2</include>
          <onclick condition="!Skin.HasSetting(VALIDATION)">RunAddon($INFO[Skin.String(HomeAddon.3.Label)])</onclick>
		  <onclick condition="Skin.HasSetting(VALIDATION)">RunScript(script.htpt.homebuttons)</onclick>
        </item>
        <item id="404" description="הרחבות אישי">
          <visible>!IsEmpty(Skin.String(HomeAddon.4.Label))</visible>
          <thumb>$VAR[HomeAddon4]</thumb>
          <label>$INFO[system.addonTitle(Skin.String(HomeAddon.4.Label))]</label>
          <property name="color">icons/blue.png</property>
          <onclick condition="!Skin.HasSetting(VALIDATION)">RunAddon($INFO[Skin.String(HomeAddon.4.Label)])</onclick>
		  <onclick condition="Skin.HasSetting(VALIDATION)">RunScript(script.htpt.homebuttons)</onclick>
        </item>
        <item id="405" description="הרחבות אישי">
          <visible>!IsEmpty(Skin.String(HomeAddon.5.Label))</visible>
          <thumb>$VAR[HomeAddon5]</thumb>
          <label>$INFO[system.addonTitle(Skin.String(HomeAddon.5.Label))]</label>
          <include>TexturesFrameRow2</include>
          <onclick condition="!Skin.HasSetting(VALIDATION)">RunAddon($INFO[Skin.String(HomeAddon.5.Label)])</onclick>
		  <onclick condition="Skin.HasSetting(VALIDATION)">RunScript(script.htpt.homebuttons)</onclick>
        </item>
<!--הגדרות משתמש מסתיימות כאן-->
        <!--<item id="350" description="תוכנות">
          <visible>!Skin.HasSetting(program)</visible>
          <thumb>icons/program.png</thumb>
		  <icon>icons/program.png</icon>
          <label>0</label>
          <include>TexturesFrameRow3</include>
          <onclick>ActivateWindow(10001,&quot;addons://sources/executable/&quot;,return)</onclick>
        </item>-->
        <!--<item id="353" description="מנהל קבצים">
          <visible>!Skin.HasSetting(filesmanager)</visible>
          <thumb>icons/filesmanager.png</thumb>
		  <icon>icons/filesmanager2.png</icon>
          <label>7</label>
          <include>TexturesFrameRow3</include>
          <onclick>ActivateWindow(3)</onclick>
        </item>-->
        <item id="370" description="Test 1">
          <visible>!Skin.HasSetting(hidetest) + Skin.HasSetting(Admin) + !Skin.HasSetting(Admin2)</visible>
          <thumb>icons/caa2.png</thumb>
		  <icon>icons/caa22.png</icon>
          <label>Test 1</label>
          <include>TexturesFrameRow3</include>
		  <!--<onclick>RunPlugin(plugin://plugin.video.genesis/?action=library_service)</onclick>-->
		  <!--<onclick>ActivateWindow(video,special://home)</onclick>-->
		  <!--<onclick>RunPlugin(plugin://plugin.video.genesis/?action=indicator_service)</onclick>
		  <onclick>RunScript(special://home/addons/plugin.video.genesis/service.py)</onclick>-->
		  <!--<onclick>Action(reloadkeymaps)</onclick>-->
		  <!--<onclick>RunScript(special://specials/scripts/sendtext.py)</onclick>-->
		  <!--<onclick>ActivateWindow(LoginScreen.xml)</onclick>-->
		  <!--<onclick>ActivateWindow(1177)</onclick>-->
		  <!--<onclick>Addon.OpenSettings(plugin.video.F.T.V)</onclick>-->
		  <!--<onclick>Addon.Default.Set</onclick>-->
		  <!--<onclick>RunScript(special://specials/scripts/joystick.py)</onclick>-->
		  <!--<onclick>RunScript(script.extendedinfo,info=intheaters)</onclick>-->
		  <!--<onclick>RunScript(script.extendedinfo,location=geocode,lon=$INFO[ListItem.PictureGPSlon],lat=$INFO[ListItem.PictureGPSlat])</onclick>-->
		  <onclick>Skin.SetString(Test,"a,s,d,")</onclick>
		  <!--<onclick>ActivateWindow(SkinSettings.xml)</onclick>
		  <onclick>AlarmClock(asd,Control.SetFocus(100,4),00:01,silent)</onclick>
		  <onclick>AlarmClock(asd2,Control.SetFocus(50,2),00:02,silent)</onclick>-->
		  <!--<onclick>RunScript(script.htpt.debug)</onclick>
		  <onclick>Skin.SetString(Test,$INFO[System.UpTime])</onclick>-->
		  <!--<onclick>RunScript(script.extendedinfo,info=getgooglemap,location=Tel)</onclick>-->
		  <!--<onclick>RunScript(special://skin/specials/scripts/test.py)</onclick>-->
		  <!--<onclick>RunScript(script.toolbox,info=textviewer,header=$LOCALIZE[79201],text=SOME_TEXTSOME_HEADER[CR]SOME_HEADER[CR]SOME_HEADER[CR]SOME_HEADER[CR]SOME_HEADER[CR]SOME_HEADER[CR][CR][CR]SOME_HEADER[CR][CR][CR]SOME_HEADER[CR][CR][CR]SOME_HEADER[CR][CR][CR]SOME_HEADER[CR][CR][CR]SOME_HEADER[CR][CR][CR]SOME_HEADER[CR][CR][CR]SOME_HEADER[CR][CR][CR]SOME_HEADER[CR][CR][CR]SOME_HEADER[CR][CR][CR]SOME_HEADER[CR][CR][CR])</onclick>-->
		  <!--<onclick>Skin.SetString(Test,$INFO[System.Date(DD-MM-YY)])</onclick>-->
		  <!--<onclick>ActivateWindow(10001,addons://outdated/)</onclick>
		  <onclick condition="SubString(Container.ListItem(1).Label,HTPT)">Notification(1,1,1000)</onclick>-->
		  
		  
		  <!--<onclick>UpdateAddonRepos</onclick>-->
		  <!--<onclick>Notification([COLOR Red] $VAR[CurrentMAC][/COLOR] $LOCALIZE[79061],$LOCALIZE[79062],5000)</onclick>-->
          <!--<onclick condition="System.Platform.Linux | System.Platform.Linux.RaspberryPi">ActivateWindow(videos,special://userdata/library/,return)</onclick>
		  <onclick condition="System.Platform.Windows">ActivateWindow(10025,special://skin/specials/,return)</onclick>-->
        </item>
        <!--<item id="354">
          <visible>![System.Platform.ios | System.Platform.atv2]</visible>
          <visible></visible>
          <visible>System.HasMediadvd</visible>
          <thumb>icons/DVD.png</thumb>
		  <icon>icons/DVD.png</icon>
          <label>$INFO[System.DVDLabel]</label>
          <property name="color">icons/dvdcolor.png</property>
          <onclick>ActivateWindow(1112)</onclick>
        </item>-->
		<item id="371" description="Test 2">
          <visible>!Skin.HasSetting(hidetest) + Skin.HasSetting(Admin) + !Skin.HasSetting(Admin2)</visible>
          <thumb>icons/caa2.png</thumb>
		  <icon>icons/caa22.png</icon>
          <label>Test 2</label>
          <include>TexturesFrameRow3</include>
		  <onclick>RunScript(script.htpt.homebuttons)</onclick>
		</item>
		<item id="346" description="עזרה">
          <visible>!Skin.HasSetting(help)</visible>
          <thumb>icons/help.png</thumb>
		  <icon>icons/help2.png</icon>
          <label>$LOCALIZE[10043]</label>
          <include>TexturesFrameRow5</include>
		  <onclick condition="!Skin.HasSetting(VALIDATION)">ActivateWindow(1170)</onclick>
		  <onclick condition="Skin.HasSetting(VALIDATION)">RunScript(script.htpt.homebuttons)</onclick>
        </item>
		<item id="375" description="HTPT">
          <!--<visible>!Skin.HasSetting(htptchannel)</visible>-->
          <thumb>icons/htpt.png</thumb>
		  <icon>icons/htpt2.png</icon>
          <label>הערוץ שלנו</label>
          <include>TexturesFrameRow5</include>
		  <onclick>RunScript(script.htpt.homebuttons)</onclick>
        </item>
        <!--<item id="347" description="מקורות מדיה">
          <visible>!Skin.HasSetting(sources)</visible>
          <thumb>icons/sources.png</thumb>
		  <icon>icons/sources.png</icon>
          <label>20094</label>
          <include>TexturesFrameRow3</include>
          <onclick>ActivateWindow(1115)</onclick>
        </item>-->
        <item id="348" description="הגדרות">
          <thumb>icons/settings.png</thumb>
		  <icon>icons/settings2.png</icon>
          <label>5</label>
          <include>TexturesFrameRow3</include>
          <onclick>RunScript(script.htpt.homebuttons)</onclick>
        </item>
		<item id="380" description="מסך נעילה">
          <visible>Skin.HasSetting(VALIDATION) | Skin.HasSetting(VALIDATION2) | Skin.HasSetting(Admin)</visible>
          <thumb>icons/Unlock.png</thumb>
		  <icon>icons/Unlock2.png</icon>
          <label>$LOCALIZE[79039]</label>
          <include>TexturesFrameRow5</include>
          <onclick>ActivateWindow(LoginScreen.xml)</onclick>
        </item>
		<item id="381" description="מסך כניסה">
          <visible>Skin.HasSetting(Admin)</visible>
          <thumb>icons/Unlock.png</thumb>
		  <icon>icons/Unlock2.png</icon>
          <label>$LOCALIZE[10029]</label>
          <include>TexturesFrameRow5</include>
          <onclick>ActivateWindow(Startup.xml)</onclick>
        </item>
        <item id="349" description="פעולת כיבוי לבחירה">
          <visible>!Player.HasVideo</visible>
          <thumb>icons/power.png</thumb>
		  <icon>icons/power2.png</icon>
          <label>351</label>
          <include>TexturesFrameRow3</include>
          <onclick>ActivateWindow(1191)</onclick>
        </item>
	  </content>
    </control>
	<include>weather_shelf</include>
    <control type="group" id="700" description="Shelf items שורה עליונה בכחול">
      <include condition="!Skin.HasSetting(MoviesShelfWL) + Skin.HasSetting(widget)">Movies_RA</include>
      <include condition="Skin.HasSetting(MoviesShelfWL) + Skin.HasSetting(widget)">Movies_WL</include> 
      <include condition="!Skin.HasSetting(TVShelf_Watchlist) + Skin.HasSetting(widget)">TV_RAIR</include> 
      <include condition="Skin.HasSetting(TVShelf_Watchlist) + Skin.HasSetting(widget)">TV_WL</include>
      <include>Israel_TV</include>
      <include>GoPro_Shortcuts</include>
      <include>YouTube_Shortcuts</include>
	  <onup condition="Control.IsVisible(7011)">7017</onup>
	  <onup condition="Player.HasAudio">ActivateWindow(12901)</onup>
	  <onup>9090</onup>
	  <ondown>9000</ondown>
    </control>
  </controls>
</window>