<?xml version="1.0" encoding="UTF-8"?>
<template>
	<mainmenu>
		<controls>
			<control type="fixedlist" id="9000">
				<include>mainmenuList</include>
				<itemlayout width="216" height="25">
					<include>menuLayout</include>
				</itemlayout>
				<focusedlayout width="216" height="25">
					<include>menuFocusedLayout</include>
				</focusedlayout>
				<content>
					<item>
						<label>Static item</label>
						<icon>static.png</icon>
					</item>
					<skinshortcuts>items</skinshortcuts>
				</content>
			</control>
		</controls>
	</mainmenu>
	
	<submenu>
		<controls>
			<!-- Submenu -->
			<control type="fixedlist" id="9001">
				<skinshortcuts>visibility</skinshortcuts>
				<include>submenuList</include>
				<include>submenuAnimation</include>
				<itemlayout width="216" height="25">
					<include>menuLayout</include>
				</itemlayout>
				<focusedlayout width="216" height="25">
					<include>menuFocusedLayout</include>
				</focusedlayout>
				<content>
					<skinshortcuts>items</skinshortcuts>
				</content>
			</control>
		</controls>
	</submenu>
	
	<other include="widget">
		<!-- Match our custom widgets with a widgetType of media, or a node with mediaType of movies or tvshows -->
		<condition tag="property" attribute="name|widgetType">media</condition>
		<condition tag="property" attribute="name|widgetType">movies</condition>
		<condition tag="property" attribute="name|widgetType">tvshows</condition>
		<match>any</match>

		<!-- For our custom widgets, set the content property to the correct path of the plugin providing the widget -->
		<property name="content" tag="property" attribute="name|widget" value="movies">plugin://service.library.data.provider?type=recentmovies&amp;reload=$INFO[Window.Property(recentmovies)]</property>
		<property name="content" tag="property" attribute="name|widget" value="tv">plugin://service.library.data.provider?type=recommendedepisodes&amp;reload=$INFO[Window.Property(recommendedepisodes)]</property>
		<property name="content" tag="property" attribute="name|widget" value="albums">plugin://service.library.data.provider?type=randomalbums&amp;reload=$INFO[Window.Property(randomalbums)]</property>
		<property name="content" tag="property" attribute="name|widget" />

		<!-- For nodes, set the content property to the value of widgetPath -->
		<property name="content" tag="property" attribute="name|widgetPath" />

		<controls>
			<control type="list" id="9002">
				<skinshortcuts>visibility</skinshortcuts>
				<include>mediaList</include>
				<layout>
					<include>mediaLayout</include>
				</layout>
				<focusedlayout>
					<include>mediaFocusedLayout</include>
				</focusedlayout>
				<content>$SKINSHORTCUTS[content]</content>
			</control>
		</controls>
	</other>

	<other include="widget">
		<condition tag="property" attribute="name|widet">Playlist</condition>
		<property name="content" tag="property" attribute="name|widgetPlaylist" />
		<controls>
			<control type="list" id="9002">
				<skinshortcuts>visibility</skinshortcuts>
				<include>mediaList</include>
				<layout>
					<include>mediaLayoutPlaylist</include>
				</layout>
				<focusedlayout>
					<include>mediaFocusedLayoutPlaylist</include>
				</focusedlayout>
				<content>$SKINSHORTCUTS[content]</content>
			</control>
		</controls>
	</other>
</template>