<?xml version="1.0" encoding="UTF-8" standalone="yes"?>
<addon id="plugin.video.htpt.kids"
       name="HTPT KIDS"
       version="0.0.4"
       provider-name="o2ri-Gal Kahalani">
    <requires>
        <import addon="xbmc.python" version="2.1.0"/>
		<import addon="plugin.video.youtube" version="2.1.3"/>
    </requires>
    <extension point="xbmc.python.pluginsource"
               library="default.py">
        <provides>video</provides>
    </extension>
    <extension point="xbmc.addon.metadata">
    <summary lang="en"></summary>
    <summary lang="he"></summary>
    <description lang="en">[COLOR=Blue][B]HTPT[/B] -   because[CR]not all is self-evident[/COLOR][CR][CR][B]HTPT Support:[/B][CR][COLOR=White]0547393531[CR]infohtpt@gmail.com[/COLOR]</description>
    <disclaimer>[COLOR=Red][B]YOUR ADVISE TO NOT INSTALL THIS ADDON UNLESS YOU OWN AN ORIGINAL HTPT SYSTEM![CR]THE OWNER DO NOT TAKE ANY RESPONSIBILITY FOR ANY DAMAGE CAUSED BY THIS ADDON[/COLOR][/B]</disclaimer>
    <platform>all</platform>
  </extension>
</addon>
