<?xml version="1.0" encoding="UTF-8" standalone="yes"?>
<addon id="plugin.video.htpt.kids" name="HTPT KIDS" version="0.0.6" provider-name="Gal Kahalani">
    <requires>
        <import addon="xbmc.python" version="2.1.0"/>
		<import addon="plugin.video.youtube" version="5.1.0"/>
    </requires>
    <extension point="xbmc.python.pluginsource" library="default.py">
        <provides>video</provides>
    </extension>
    <extension point="xbmc.addon.metadata">
      <platform>all</platform>
	  <description lang="en">[COLOR=Blue][B]HTPT[/B] -   because[CR]not all is self-evident[/COLOR][CR][CR][B]HTPT Support:[/B][CR][COLOR=White]0547393531[CR]infohtpt@gmail.com[/COLOR]</description>
	  <disclaimer>[COLOR=Red][B]YOUR ADVISE TO NOT INSTALL THIS ADDON UNLESS YOU OWN AN ORIGINAL HTPT SYSTEM![CR]THE OWNER DO NOT TAKE ANY RESPONSIBILITY FOR ANY DAMAGE CAUSED BY THIS ADDON[/COLOR][/B]</disclaimer>
  </extension>
</addon>
