<?xml version="1.0" encoding="UTF-8"?>
<window type="dialog" id="1173">
  <include condition="Skin.HasSetting(Performance)  + !Player.HasVideo">Performance1</include>
  <defaultcontrol always="true">100</defaultcontrol>
  <allowoverlay>yes</allowoverlay>
  <onload>Action(Down)</onload>
  <controls>
  	<control type="group" description="">
	  <!--<include>Backgrounds3</include>-->
	  <include>ScrollBar</include>
      <control type="group">
	    <animation condition="System.IdleTime(40)" effect="Fade" start="100" end="40" time="220">Conditional</animation>
		<control type="image" description="desc">
		  <visible>!IsEmpty(Container(50).ListItemNoWrap(0).Property(desc))</visible>
		  <!--<animation condition="!Skin.HasSetting(Performance) + !IsEmpty(Container(50).ListItemNoWrap(0).Property(desc2)) + !Control.HasFocus(60)" effect="slide" start="0,0" end="480,0" delay="400" time="1000" reversible="true">Conditional</animation>
		  <animation condition="Skin.HasSetting(Performance) + !IsEmpty(Container(50).ListItemNoWrap(0).Property(desc2)) + !Control.HasFocus(60)" effect="slide" start="0,0" end="480,0" delay="400" time="1" reversible="true">Conditional</animation>-->
		  <height>440</height>
		  <posx>1445</posx>
		  <posy>320</posy>
		  <width>415</width>
		  <texture diffuse="buttons/ButtonE2.png" border="40">buttons/ButtonE2.png</texture>
		</control>
		<control type="image" description="desc2">
		  <visible>!IsEmpty(Container(50).ListItemNoWrap(0).Property(desc2))</visible>
		  <!--<animation condition="!Skin.HasSetting(Performance) + !IsEmpty(Container(50).ListItemNoWrap(0).Property(desc2)) + !Control.HasFocus(60)" effect="slide" start="0,0" end="480,0" delay="400" time="1000" reversible="true">Conditional</animation>
		  <animation condition="Skin.HasSetting(Performance) + !IsEmpty(Container(50).ListItemNoWrap(0).Property(desc2)) + !Control.HasFocus(60)" effect="slide" start="0,0" end="480,0" delay="400" time="1" reversible="true">Conditional</animation>-->
		  <height>440</height>
		  <posx>60</posx>
		  <posy>320</posy>
		  <width>415</width>
		  <texture diffuse="buttons/ButtonE2.png" border="40">buttons/ButtonE2.png</texture>
		</control>
	    <control type="list" id="100" description="TopMenu">
		  <posx>460</posx>
		  <posy>40</posy>
		  <align>center</align>
		  <height>100</height>
		  <itemgap>5</itemgap>
		  <onleft>noop</onleft>
		  <onright>noop</onright>
		  <ondown>50</ondown>
		  <preloaditems>2</preloaditems>
		  <pagecontrol>60</pagecontrol>	  
		  <scrolltime tween="sine" easing="inout">200</scrolltime>
		  <orientation>horizontal</orientation>
		  <width>1000</width>
		  <itemlayout width="250" height="70">
			<control type="image" description="מסגרת">
			  <include>Fade_MenuButtonsOverlay</include>
              <posx>0</posx>
              <posy>20</posy>
              <width>250</width>
              <height>75</height>
              <texture border="30">buttons/ButtonE2.png</texture>
            </control>
			<control type="label" description="שם">
              <include>LabelC3</include>
			  <posx>0</posx>
              <posy>20</posy>
              <width>250</width>
              <height>75</height>
			  <label>$INFO[ListItem.Label]</label>
			  <visible>!IsEmpty(ListItem.Label)</visible>
            </control>
		  </itemlayout>
          <focusedlayout height="75" width="250">
			<control type="image" description="מסגרת">
			  <include>Fade14</include>
              <posx>0</posx>
              <posy>20</posy>
              <width>250</width>
              <height>75</height>
              <texture border="30">buttons/ButtonE.png</texture>
            </control>
			<control type="label" description="שם">
              <textcolor>Yellow</textcolor>
			  <include>LabelC3</include>
			  <posx>0</posx>
              <posy>20</posy>
              <width>250</width>
              <height>75</height>
			  <scroll>true</scroll>
			  <label>$INFO[ListItem.Label]</label>
			  <visible>!IsEmpty(ListItem.Label)</visible>
            </control>
		  </focusedlayout>
		  <content>			
			<item id="20" description="בית">
				<label>$LOCALIZE[76202]</label>
				<onclick>noop</onclick>
				<visible>Skin.HasSetting(SkinDesign)</visible>
			</item>
			
			<item id="21" description="גלובלי">
				<label>$LOCALIZE[74839]</label>
				<onclick>noop</onclick>
				<visible>Skin.HasSetting(SkinDesign)</visible>
			</item>
			
			<item id="22" description="מיקום">
				<label>$LOCALIZE[74446]</label>
				<onclick>noop</onclick>
				<visible>Skin.HasSetting(SkinDesign)</visible>
			</item>
			
			<item id="25" description="מתקדם">
				<label>10038</label>
				<onclick>noop</onclick>
				<visible>Skin.HasSetting(SkinDesign)</visible>
			</item>
			
		  </content>
        </control>
        <control type="list" id="50">
          <posx>20</posx>
          <posy>150</posy>
          <width>1880</width>
          <height>960</height>
		  <onup>100</onup>
		  <!--<onright condition="Control.IsVisible(60)">60</onright>-->
		  <onup>100</onup>			  
		  <ondown>noop</ondown>
		  <preloaditems>2</preloaditems>
		  <pagecontrol>60</pagecontrol>	  
		  <scrolltime tween="sine" easing="inout">200</scrolltime>
          <pagecontrol>60</pagecontrol>
		  <itemlayout description="(כללי)" height="100" width="960">
			<control type="image" description="מסגרת">
              <include>Fade_MenuButtonsOverlay</include>
			  <posx>500</posx>
              <posy>20</posy>
              <width>880</width>
              <height>100</height>
              <texture background="true" border="30">buttons/ButtonE2.png</texture>
			  <visible></visible>
            </control>
			<control type="label" description="שם">
              <include>LabelC3</include>
			  <posx>600</posx>
              <posy>32</posy>
              <width>700</width>
              <height>70</height>
			  <label>$INFO[ListItem.Label]</label>
			  <visible>!IsEmpty(ListItem.Label)</visible>
            </control>	
			<control type="label" description="נתון">
              <align>left</align>
			  <textcolor>Grey2</textcolor>
			  <include>LabelC3</include>
			  <posx>530</posx>
              <posy>32</posy>
              <width>200</width>
              <height>70</height>
			  <label>$INFO[ListItem.Label2]</label>
			  <visible>!IsEmpty(ListItem.Label2)</visible>
            </control>  				
			</itemlayout>
          <focusedlayout description="(כללי)" height="100" width="960">
		    <!--<control type="textbox" description="desc2">
			  <include condition="StringCompare(System.Language,Hebrew)">LabelR1</include>
			  <include condition="!StringCompare(System.Language,Hebrew)">LabelL1</include>
			  <include>AutoScrollText</include>
			  <posx>1460</posx>
			  <posy>195</posy>
			  <height>380</height>
			  <label>$INFO[ListItem.Property(desc)]</label>
			  <visible></visible>
			  <width>355</width>
            </control>
			<control type="image" description="desc2">
			  <aspectratio>keep</aspectratio>
			  <posx>65</posx>
			  <posy>195</posy>
			  <height>380</height>
			  <texture>$INFO[ListItem.Property(desc2)]</texture>
			  <visible></visible>
			  <width>355</width>
            </control>-->
			<control type="image" description="מסגרת"> 
			  <visible>!Control.HasFocus(100)</visible>
			  <height>100</height>
			  <posx>500</posx>
              <posy>20</posy>
              <width>880</width>
              <texture background="true" border="30">buttons/ButtonE.png</texture>
            </control>
			<control type="image" description="מסגרת"> 
			  <visible>Control.HasFocus(100)</visible>
			  <height>100</height>
			  <posx>500</posx>
              <posy>20</posy>
              <width>880</width>
              <texture background="true" border="30">buttons/ButtonE2.png</texture>
            </control>
			<control type="label" description="שם">
              <textcolor>Yellow</textcolor>
			  <include>LabelC3</include>
			  <posx>600</posx>
              <posy>32</posy>
              <width>700</width>
              <height>70</height>
			  <scroll>true</scroll>
			  <label>$INFO[ListItem.Label]</label>
			  <visible>!IsEmpty(ListItem.Label)</visible>
            </control> 
			<control type="label" description="נתון">
              <align>left</align>
			  <textcolor>Yellow</textcolor>
			  <include>LabelC3</include>
			  <posx>530</posx>
              <posy>32</posy>
              <width>200</width>
              <height>70</height>
			  <scroll>true</scroll>
			  <label>$INFO[ListItem.Label2]</label>
			  <visible>!IsEmpty(ListItem.Label2)</visible>
            </control>
          </focusedlayout>
		  <content>
		  
		  <!--200-249 מסך בית מותאם אישי-->
		  <item id="200" description="סמן בחירה (כפתור)">
			<visible>Skin.HasSetting(SelectionMarker)</visible>
			<icon>buttons/ButtonE2.png</icon>
			<!--<property name="desc">$VAR[RSkinSettings]</property>
			<property name="desc2">$VAR[LSkinSettings]</property>-->
			<label>$LOCALIZE[78021] ($LOCALIZE[78219])</label>
			<label2>107</label2>
			<onclick>Skin.ToggleSetting(SelectionMarker)</onclick>
			<visible>Container(100).Hasfocus(20)</visible>
		  </item>
		  <item id="200" description="סמן בחירה (כפתור)">
			<visible>!Skin.HasSetting(SelectionMarker)</visible>
			<icon>buttons/ButtonE2.png</icon>
			<!--<property name="desc">$VAR[RSkinSettings]</property>
			<property name="desc2">$VAR[LSkinSettings]</property>-->
            <label>$LOCALIZE[78021] ($LOCALIZE[78219])</label>
            <label2>106</label2>
            <onclick>Skin.ToggleSetting(SelectionMarker)</onclick>
			<visible>Container(100).Hasfocus(20)</visible>
		  </item>
		  <item id="201" description="סמן בחירה 2 (כפתור)">
			<visible>!Skin.HasSetting(SelectionMarker2)</visible>
			<icon>buttons/ButtonE2.png</icon>
            <label>$LOCALIZE[78021] 2 ($LOCALIZE[78219])</label>
            <label2>106</label2>
            <onclick>Skin.ToggleSetting(SelectionMarker2)</onclick>
			<visible>Container(100).Hasfocus(20)</visible>
		  </item>
		  <item id="201" description="סמן בחירה 2 (כפתור)">
			<visible>Skin.HasSetting(SelectionMarker2)</visible>
			<icon>buttons/ButtonE4.png</icon>
			<label>$LOCALIZE[78021] 2 ($LOCALIZE[78219])</label>
			<label2>107</label2>
			<onclick>Skin.ToggleSetting(SelectionMarker2)</onclick>
			<visible>Container(100).Hasfocus(20)</visible>
		  </item>
		  <item id="203" description="צללית (כפתור)">
			<visible>!Skin.HasSetting(ShadowButton)</visible>
			<icon>buttons/ButtonE2.png</icon>
            <label>$LOCALIZE[78218] ($LOCALIZE[78219])</label>
            <label2>106</label2>
            <onclick>Skin.ToggleSetting(ShadowButton)</onclick>
			<visible>Container(100).Hasfocus(20)</visible>
		  </item>
		  <item id="203" description="צללית (כפתור)">
			<visible>Skin.HasSetting(ShadowButton)</visible>
			<icon>buttons/ButtonE4.png</icon>
			<label>$LOCALIZE[78218] ($LOCALIZE[78219])</label>
			<label2>107</label2>
			<onclick>Skin.ToggleSetting(ShadowButton)</onclick>
			<visible>Container(100).Hasfocus(20)</visible>
		  </item>
		  <item id="204" description="שקופית (כפתור)">
			<visible>!Skin.HasSetting(OverlayButton)</visible>
			<!--<icon>buttons/ButtonE4.png</icon>-->
			<label>$LOCALIZE[78217] ($LOCALIZE[78219])</label>
			<label2>106</label2>
			<onclick>Skin.ToggleSetting(OverlayButton)</onclick>
			<visible>Container(100).Hasfocus(20)</visible>
		  </item>
		  <item id="204" description="שקופית (כפתור)">
			<visible>Skin.HasSetting(OverlayButton)</visible>
			<icon>buttons/ButtonE2.png</icon>
            <label>$LOCALIZE[78217] ($LOCALIZE[78219])</label>
            <label2>107</label2>
            <onclick>Skin.ToggleSetting(OverlayButton)</onclick>
			<visible>Container(100).Hasfocus(20)</visible>
		  </item>
		  <item id="210" description="שקיפות אייקון נבחר (כפתור)">
			<visible></visible>
			<icon>buttons/ButtonE2.png</icon>
			<label>$LOCALIZE[78215] $LOCALIZE[78216] ($LOCALIZE[78219])</label>
			<label2>$INFO[Skin.String(IconOverlayButton)]</label2>
			<onclick condition="!Skin.String(IconOverlayButton)">Skin.SetString(IconOverlayButton, 100)</onclick>
			<onclick condition="Skin.String(IconOverlayButton, 100)">Skin.SetString(IconOverlayButton, 95)</onclick>
			<onclick condition="Skin.String(IconOverlayButton, 95)">Skin.SetString(IconOverlayButton, 90)</onclick>
			<onclick condition="Skin.String(IconOverlayButton, 90)">Skin.SetString(IconOverlayButton, 85)</onclick>
			<onclick condition="Skin.String(IconOverlayButton, 85)">Skin.SetString(IconOverlayButton, 80)</onclick>
			<onclick condition="Skin.String(IconOverlayButton, 80)">Skin.SetString(IconOverlayButton, 70)</onclick>
			<onclick condition="Skin.String(IconOverlayButton, 70)">Skin.SetString(IconOverlayButton, 60)</onclick>
			<onclick condition="Skin.String(IconOverlayButton, 60)">Skin.SetString(IconOverlayButton, 50)</onclick>
			<onclick condition="Skin.String(IconOverlayButton, 50)">Skin.SetString(IconOverlayButton, 40)</onclick>
			<onclick condition="Skin.String(IconOverlayButton, 40)">Skin.SetString(IconOverlayButton, 30)</onclick>
			<onclick condition="Skin.String(IconOverlayButton, 30)">Skin.SetString(IconOverlayButton, 20)</onclick>
			<onclick condition="Skin.String(IconOverlayButton, 20)">Skin.SetString(IconOverlayButton, )</onclick>
			<onclick>Close</onclick>
			<onclick>Close</onclick>
			<onclick>ActivateWindow(1117)</onclick>
			<onclick>ActivateWindow(1173)</onclick>
			<visible>Container(100).Hasfocus(20)</visible>
		  </item>
		  
		  <item id="220" description="פאנארט פעיל">
			<visible>!Skin.HasSetting(background)</visible>
			<icon>buttons/ButtonE2.png</icon>
            <label>$LOCALIZE[20445] $LOCALIZE[305]</label>
            <label2>107</label2>
            <onclick>Skin.ToggleSetting(background)</onclick>
			<visible>Container(100).Hasfocus(20)</visible>
		  </item>
		  <item id="220" description="פאנארט פעיל">
			<visible>Skin.HasSetting(background)</visible>
			<icon>buttons/ButtonE2.png</icon>
            <label>$LOCALIZE[20445] $LOCALIZE[305]</label>
            <label2>106</label2>
            <onclick>Skin.ToggleSetting(background)</onclick>
			<visible>Container(100).Hasfocus(20)</visible>
		  </item>
		  <item id="221" description="שקיפות פאנארט">
			<visible>!Skin.HasSetting(background)</visible>
			<icon>buttons/ButtonE2.png</icon>
			<label>$LOCALIZE[78215] ($LOCALIZE[20445])</label>
			<label2>$INFO[Skin.String(BackgroundOverlay)]</label2>
			<onclick condition="!Skin.String(BackgroundOverlay)">Skin.SetString(BackgroundOverlay, 100)</onclick>
			<onclick condition="Skin.String(BackgroundOverlay, 100)">Skin.SetString(BackgroundOverlay, 95)</onclick>
			<onclick condition="Skin.String(BackgroundOverlay, 95)">Skin.SetString(BackgroundOverlay, 90)</onclick>
			<onclick condition="Skin.String(BackgroundOverlay, 90)">Skin.SetString(BackgroundOverlay, 85)</onclick>
			<onclick condition="Skin.String(BackgroundOverlay, 85)">Skin.SetString(BackgroundOverlay, 80)</onclick>
			<onclick condition="Skin.String(BackgroundOverlay, 80)">Skin.SetString(BackgroundOverlay, 70)</onclick>
			<onclick condition="Skin.String(BackgroundOverlay, 70)">Skin.SetString(BackgroundOverlay, 60)</onclick>
			<onclick condition="Skin.String(BackgroundOverlay, 60)">Skin.SetString(BackgroundOverlay, 50)</onclick>
			<onclick condition="Skin.String(BackgroundOverlay, 50)">Skin.SetString(BackgroundOverlay, 40)</onclick>
			<onclick condition="Skin.String(BackgroundOverlay, 40)">Skin.SetString(BackgroundOverlay, 30)</onclick>
			<onclick condition="Skin.String(BackgroundOverlay, 30)">Skin.SetString(BackgroundOverlay, 20)</onclick>
			<onclick condition="Skin.String(BackgroundOverlay, 20)">Skin.SetString(BackgroundOverlay, )</onclick>
			<onclick>Close</onclick>
			<onclick>Close</onclick>
			<onclick>ActivateWindow(1117)</onclick>
			<onclick>ActivateWindow(1173)</onclick>
			<visible>Container(100).Hasfocus(20)</visible>
		  </item>
		  <item id="235" description="שקיפות (רקע עליון)">
			<icon>buttons/ButtonE2.png</icon>
			<label>$LOCALIZE[78215] ($LOCALIZE[78017])</label>
			<label2>$INFO[Skin.String(TopMainBackgroundOverlay)]</label2>
			<onclick condition="!Skin.String(TopMainBackgroundOverlay)">Skin.SetString(TopMainBackgroundOverlay, 100)</onclick>
			<onclick condition="Skin.String(TopMainBackgroundOverlay, 100)">Skin.SetString(TopMainBackgroundOverlay, 95)</onclick>
			<onclick condition="Skin.String(TopMainBackgroundOverlay, 95)">Skin.SetString(TopMainBackgroundOverlay, 90)</onclick>
			<onclick condition="Skin.String(TopMainBackgroundOverlay, 90)">Skin.SetString(TopMainBackgroundOverlay, 85)</onclick>
			<onclick condition="Skin.String(TopMainBackgroundOverlay, 85)">Skin.SetString(TopMainBackgroundOverlay, 80)</onclick>
			<onclick condition="Skin.String(TopMainBackgroundOverlay, 80)">Skin.SetString(TopMainBackgroundOverlay, 70)</onclick>
			<onclick condition="Skin.String(TopMainBackgroundOverlay, 70)">Skin.SetString(TopMainBackgroundOverlay, 60)</onclick>
			<onclick condition="Skin.String(TopMainBackgroundOverlay, 60)">Skin.SetString(TopMainBackgroundOverlay, 50)</onclick>
			<onclick condition="Skin.String(TopMainBackgroundOverlay, 50)">Skin.SetString(TopMainBackgroundOverlay, 40)</onclick>
			<onclick condition="Skin.String(TopMainBackgroundOverlay, 40)">Skin.SetString(TopMainBackgroundOverlay, 30)</onclick>
			<onclick condition="Skin.String(TopMainBackgroundOverlay, 30)">Skin.SetString(TopMainBackgroundOverlay, 20)</onclick>
			<onclick condition="Skin.String(TopMainBackgroundOverlay, 20)">Skin.SetString(TopMainBackgroundOverlay, )</onclick>
			<onclick>Close</onclick>
			<onclick>Close</onclick>
			<onclick>ActivateWindow(1117)</onclick>
			<onclick>ActivateWindow(1173)</onclick>
			<visible>Container(100).Hasfocus(20)</visible>
		  </item>
		  <item id="236" description="בחירת צבע (רקע עליון)">
			<icon>buttons/ButtonE2.png</icon>
			<label>$LOCALIZE[78020] ($LOCALIZE[78017])</label>
			<label2>$INFO[Skin.String(TopBackgroundColor_)]</label2>
			<onclick>SetFocus(9003)</onclick>
			<visible>Container(100).Hasfocus(20)</visible>
		  </item>
		  <item id="237" description="טקסטורה (רקע עליון)">
			<visible>Skin.String(TopBackgroundTexture,0)</visible>
			<icon>buttons/ButtonE2.png</icon>
			<label>$LOCALIZE[78018] ($LOCALIZE[78017])</label>
			<label2>106</label2>
			<onclick>Skin.SetString(TopBackgroundTexture,1)</onclick>
			<visible>Container(100).Hasfocus(20)</visible>
		  </item>
		  <item id="237" description="טקסטורה (רקע עליון)">
		    <visible>!Skin.String(TopBackgroundTexture,0)</visible>
			<icon>buttons/ButtonE2.png</icon>
			<label>$LOCALIZE[78018] ($LOCALIZE[78017])</label>
			<label2>$LOCALIZE[107] $INFO[Skin.String(TopBackgroundTexture)]</label2>
			<onclick condition="!Skin.String(TopBackgroundTexture)">Skin.SetString(TopBackgroundTexture,0)</onclick>
			<onclick condition="Skin.String(TopBackgroundTexture,0)">Skin.SetString(TopBackgroundTexture,1)</onclick>
			<onclick condition="Skin.String(TopBackgroundTexture,1)">Skin.SetString(TopBackgroundTexture,2)</onclick>
			<onclick condition="Skin.String(TopBackgroundTexture,2)">Skin.SetString(TopBackgroundTexture,)</onclick>
			<visible>Container(100).Hasfocus(20)</visible>
		  </item>
		  <item id="253" description="בחירת צבע (פס עליון)">
			<icon>buttons/ButtonE2.png</icon>
			<label>$LOCALIZE[78020] ($LOCALIZE[78019])</label>
			<label2>$INFO[Skin.String(TopInformationColor_)]</label2>
			<onclick>SetFocus(9003)</onclick>
			<visible>Container(100).Hasfocus(21)</visible>
		  </item>
		  <item id="254" description="שקיפות (פס עליון)">
			<icon>buttons/ButtonE2.png</icon>
			<label>$LOCALIZE[78215] ($LOCALIZE[78019])</label>
			<label2>$INFO[Skin.String(TopInformationOverlay)]</label2>
			<onclick condition="!Skin.String(TopInformationOverlay)">Skin.SetString(TopInformationOverlay, 100)</onclick>
			<onclick condition="Skin.String(TopInformationOverlay, 100)">Skin.SetString(TopInformationOverlay, 95)</onclick>
			<onclick condition="Skin.String(TopInformationOverlay, 95)">Skin.SetString(TopInformationOverlay, 90)</onclick>
			<onclick condition="Skin.String(TopInformationOverlay, 90)">Skin.SetString(TopInformationOverlay, 85)</onclick>
			<onclick condition="Skin.String(TopInformationOverlay, 85)">Skin.SetString(TopInformationOverlay, 80)</onclick>
			<onclick condition="Skin.String(TopInformationOverlay, 80)">Skin.SetString(TopInformationOverlay, 70)</onclick>
			<onclick condition="Skin.String(TopInformationOverlay, 70)">Skin.SetString(TopInformationOverlay, 60)</onclick>
			<onclick condition="Skin.String(TopInformationOverlay, 60)">Skin.SetString(TopInformationOverlay, 50)</onclick>
			<onclick condition="Skin.String(TopInformationOverlay, 50)">Skin.SetString(TopInformationOverlay, 40)</onclick>
			<onclick condition="Skin.String(TopInformationOverlay, 40)">Skin.SetString(TopInformationOverlay, 30)</onclick>
			<onclick condition="Skin.String(TopInformationOverlay, 30)">Skin.SetString(TopInformationOverlay, 20)</onclick>
			<onclick condition="Skin.String(TopInformationOverlay, 20)">Skin.SetString(TopInformationOverlay, )</onclick>
			<onclick>Close</onclick>
			<onclick>ActivateWindow(1173)</onclick>
			<!--<onclick>AlarmClock(nu,SetFocus(50),0,silent)</onclick>-->
			<!--<onclick condition="IntegerGreaterThan(Container(50).Position,1)">Action(Down)</onclick>
			<onclick condition="IntegerGreaterThan(Container(50).Position,1)">Action(Down)</onclick>-->
			<!--<onclick>AlarmClock(silent,SetFocus(50),00:01,silent)</onclick>-->
			
			
			
			<!--<onclick condition="!Player.HasVideo">RunScript(script.htpt.smartbuttons,,?mode=200)</onclick>
			<onclick condition="Player.HasVideo">Notification($LOCALIZE[257],$LOCALIZE[70100],2000)</onclick>-->
			<visible>Container(100).Hasfocus(21)</visible>
		  </item>
		  
		  <item id="250" description="שקיפות (רקע תחתון)">
			<visible></visible>
			<icon>buttons/ButtonE2.png</icon>
			<label>$LOCALIZE[78215] ($LOCALIZE[78214])</label>
			<label2>$INFO[Skin.String(MainBackgroundOverlay)]</label2>
			<onclick condition="!Skin.String(MainBackgroundOverlay)">Skin.SetString(MainBackgroundOverlay, 100)</onclick>
			<onclick condition="Skin.String(MainBackgroundOverlay, 100)">Skin.SetString(MainBackgroundOverlay, 95)</onclick>
			<onclick condition="Skin.String(MainBackgroundOverlay, 95)">Skin.SetString(MainBackgroundOverlay, 90)</onclick>
			<onclick condition="Skin.String(MainBackgroundOverlay, 90)">Skin.SetString(MainBackgroundOverlay, 85)</onclick>
			<onclick condition="Skin.String(MainBackgroundOverlay, 85)">Skin.SetString(MainBackgroundOverlay, 80)</onclick>
			<onclick condition="Skin.String(MainBackgroundOverlay, 80)">Skin.SetString(MainBackgroundOverlay, 70)</onclick>
			<onclick condition="Skin.String(MainBackgroundOverlay, 70)">Skin.SetString(MainBackgroundOverlay, 60)</onclick>
			<onclick condition="Skin.String(MainBackgroundOverlay, 60)">Skin.SetString(MainBackgroundOverlay, 50)</onclick>
			<onclick condition="Skin.String(MainBackgroundOverlay, 50)">Skin.SetString(MainBackgroundOverlay, 40)</onclick>
			<onclick condition="Skin.String(MainBackgroundOverlay, 40)">Skin.SetString(MainBackgroundOverlay, 30)</onclick>
			<onclick condition="Skin.String(MainBackgroundOverlay, 30)">Skin.SetString(MainBackgroundOverlay, 20)</onclick>
			<onclick condition="Skin.String(MainBackgroundOverlay, 20)">Skin.SetString(MainBackgroundOverlay, )</onclick>
			<!--<onclick>dialog.close(CustomHomeCustomizer.xml)</onclick>-->
			<onclick>Close</onclick>
			<onclick>Close</onclick>
			<onclick>ActivateWindow(1117)</onclick>
			<onclick>ActivateWindow(1173)</onclick>
			<!--<onclick condition="!Player.HasVideo">RunScript(script.htpt.smartbuttons,,?mode=200)</onclick>
			<onclick condition="Player.HasVideo">Notification($LOCALIZE[257],$LOCALIZE[70100],2000)</onclick>-->
			<visible>Container(100).Hasfocus(21)</visible>
		  </item>
		  <item id="251" description="צבע (רקע תחתון)">
			<icon>buttons/ButtonE2.png</icon>
			<label>$LOCALIZE[78020] ($LOCALIZE[78214])</label>
			<label2>$INFO[Skin.String(MainBackgroundColor_)]</label2>
			<onclick>SetFocus(9003)</onclick>
			<visible>Container(100).Hasfocus(21)</visible>
		  </item>
		  <item id="252" description="טקסטורה (רקע תחתון)">
			<visible>Skin.String(MainBackgroundTexture,0)</visible>
			<icon>buttons/ButtonE2.png</icon>
			<label>$LOCALIZE[78018] ($LOCALIZE[78214])</label>
			<label2>106</label2>
			<onclick>Skin.SetString(MainBackgroundTexture,1)</onclick>
			<visible>Container(100).Hasfocus(21)</visible>
		  </item>
		  <item id="252" description="טקסטורה (רקע תחתון)">
		    <visible>!Skin.String(MainBackgroundTexture,0)</visible>
			<icon>buttons/ButtonE2.png</icon>
			<label>$LOCALIZE[78018] ($LOCALIZE[78214])</label>
			<label2>$LOCALIZE[107] $INFO[Skin.String(MainBackgroundTexture)]</label2>
			<onclick condition="!Skin.String(MainBackgroundTexture)">Skin.SetString(MainBackgroundTexture,0)</onclick>
			<onclick condition="Skin.String(MainBackgroundTexture,0)">Skin.SetString(MainBackgroundTexture,1)</onclick>
			<onclick condition="Skin.String(MainBackgroundTexture,1)">Skin.SetString(MainBackgroundTexture,2)</onclick>
			<onclick condition="Skin.String(MainBackgroundTexture,2)">Skin.SetString(MainBackgroundTexture,)</onclick>
			<visible>Container(100).Hasfocus(21)</visible>
		  </item>
		  <item id="255" description="בחירת צבע (פרטי וידאו)">
			<visible>!Skin.String(TopVideoInformationColor) | Skin.String(TopVideoInformationColor,$LOCALIZE[762])</visible>
			<icon>buttons/ButtonE2.png</icon>
			<label>$LOCALIZE[78020] ($LOCALIZE[20159])</label>
			<label2>$INFO[Skin.String(TopVideoInformationColor_)]</label2>
			<onclick>SetFocus(9003)</onclick>
			<visible>Container(100).Hasfocus(21)</visible>
		  </item>
		  <item id="255" description="בחירת צבע (פרטי וידאו)">
		    <visible>Skin.String(TopVideoInformationColor) + !Skin.String(TopVideoInformationColor,$LOCALIZE[762])</visible>
			<icon>buttons/ButtonE4.png</icon>
			<label>$LOCALIZE[78020] ($LOCALIZE[20159])</label>
			<label2>$INFO[Skin.String(TopVideoInformationColor_)]</label2>
			<onclick>SetFocus(9003)</onclick>
			<visible>Container(100).Hasfocus(21)</visible>
		  </item>
		  <item id="256" description="שקיפות (פרטי וידאו)">
			<icon>buttons/ButtonE2.png</icon>
			<label>$LOCALIZE[78215] ($LOCALIZE[20159])</label>
			<label2>$INFO[Skin.String(TopVideoInformationOverlay)]</label2>
			<onclick condition="!Skin.String(TopVideoInformationOverlay)">Skin.SetString(TopVideoInformationOverlay, 100)</onclick>
			<onclick condition="Skin.String(TopVideoInformationOverlay, 100)">Skin.SetString(TopVideoInformationOverlay, 95)</onclick>
			<onclick condition="Skin.String(TopVideoInformationOverlay, 95)">Skin.SetString(TopVideoInformationOverlay, 90)</onclick>
			<onclick condition="Skin.String(TopVideoInformationOverlay, 90)">Skin.SetString(TopVideoInformationOverlay, 85)</onclick>
			<onclick condition="Skin.String(TopVideoInformationOverlay, 85)">Skin.SetString(TopVideoInformationOverlay, 80)</onclick>
			<onclick condition="Skin.String(TopVideoInformationOverlay, 80)">Skin.SetString(TopVideoInformationOverlay, 70)</onclick>
			<onclick condition="Skin.String(TopVideoInformationOverlay, 70)">Skin.SetString(TopVideoInformationOverlay, 60)</onclick>
			<onclick condition="Skin.String(TopVideoInformationOverlay, 60)">Skin.SetString(TopVideoInformationOverlay, 50)</onclick>
			<onclick condition="Skin.String(TopVideoInformationOverlay, 50)">Skin.SetString(TopVideoInformationOverlay, 40)</onclick>
			<onclick condition="Skin.String(TopVideoInformationOverlay, 40)">Skin.SetString(TopVideoInformationOverlay, 30)</onclick>
			<onclick condition="Skin.String(TopVideoInformationOverlay, 30)">Skin.SetString(TopVideoInformationOverlay, 20)</onclick>
			<onclick condition="Skin.String(TopVideoInformationOverlay, 20)">Skin.SetString(TopVideoInformationOverlay, )</onclick>
			<!--<onclick condition="!Player.HasVideo">RunScript(script.htpt.smartbuttons,,?mode=200)</onclick>
			<onclick condition="Player.HasVideo">Notification($LOCALIZE[257],$LOCALIZE[70100],2000)</onclick>-->
			<visible>Container(100).Hasfocus(21)</visible>
		  </item>		  
		  <item id="260" description="שקיפות (כפתורי תפריט)">
			<icon>buttons/ButtonE2.png</icon>
			<label>$LOCALIZE[78215] ($LOCALIZE[74829])</label>
			<label2>$INFO[Skin.String(MenuButtonsOverlay)]</label2>
			<onclick condition="!Player.HasVideo">RunScript(script.htpt.smartbuttons,,?mode=200)</onclick>
			<onclick condition="Player.HasVideo">Notification($LOCALIZE[257],$LOCALIZE[70100],2000)</onclick>
			<visible>Container(100).Hasfocus(21)</visible>
		  </item>

		  <item id="270" description="שקיפות (תפריט שמאל)">
			<visible>!Skin.String(LeftMenuOverlay) | Skin.String(LeftMenuOverlay,70)</visible>
			<icon>buttons/ButtonE2.png</icon>
			<label>$LOCALIZE[78215] ($LOCALIZE[78928])</label>
			<label2>$INFO[Skin.String(LeftMenuOverlay)]</label2>
			<onclick condition="!Skin.String(LeftMenuOverlay)">Skin.SetString(LeftMenuOverlay, 100)</onclick>
			<onclick condition="Skin.String(LeftMenuOverlay, 100)">Skin.SetString(LeftMenuOverlay, 95)</onclick>
			<onclick condition="Skin.String(LeftMenuOverlay, 95)">Skin.SetString(LeftMenuOverlay, 90)</onclick>
			<onclick condition="Skin.String(LeftMenuOverlay, 90)">Skin.SetString(LeftMenuOverlay, 85)</onclick>
			<onclick condition="Skin.String(LeftMenuOverlay, 85)">Skin.SetString(LeftMenuOverlay, 80)</onclick>
			<onclick condition="Skin.String(LeftMenuOverlay, 80)">Skin.SetString(LeftMenuOverlay, 70)</onclick>
			<onclick condition="Skin.String(LeftMenuOverlay, 70)">Skin.SetString(LeftMenuOverlay, 60)</onclick>
			<onclick condition="Skin.String(LeftMenuOverlay, 60)">Skin.SetString(LeftMenuOverlay, 50)</onclick>
			<onclick condition="Skin.String(LeftMenuOverlay, 50)">Skin.SetString(LeftMenuOverlay, 40)</onclick>
			<onclick condition="Skin.String(LeftMenuOverlay, 40)">Skin.SetString(LeftMenuOverlay, 30)</onclick>
			<onclick condition="Skin.String(LeftMenuOverlay, 30)">Skin.SetString(LeftMenuOverlay, 20)</onclick>
			<onclick condition="Skin.String(LeftMenuOverlay, 20)">Skin.SetString(LeftMenuOverlay, )</onclick>
			<visible>Container(100).Hasfocus(21)</visible>
		  </item>
		  <item id="273" description="שקיפות (תפריט תחתון)">
			<icon>buttons/ButtonE2.png</icon>
			<label>$LOCALIZE[78215] ($LOCALIZE[74435])</label>
			<label2>$INFO[Skin.String(BottomMenuOverlay)]</label2>
			<onclick condition="!Skin.String(BottomMenuOverlay)">Skin.SetString(BottomMenuOverlay, 100)</onclick>
			<onclick condition="Skin.String(BottomMenuOverlay, 100)">Skin.SetString(BottomMenuOverlay, 95)</onclick>
			<onclick condition="Skin.String(BottomMenuOverlay, 95)">Skin.SetString(BottomMenuOverlay, 90)</onclick>
			<onclick condition="Skin.String(BottomMenuOverlay, 90)">Skin.SetString(BottomMenuOverlay, 85)</onclick>
			<onclick condition="Skin.String(BottomMenuOverlay, 85)">Skin.SetString(BottomMenuOverlay, 80)</onclick>
			<onclick condition="Skin.String(BottomMenuOverlay, 80)">Skin.SetString(BottomMenuOverlay, 70)</onclick>
			<onclick condition="Skin.String(BottomMenuOverlay, 70)">Skin.SetString(BottomMenuOverlay, 60)</onclick>
			<onclick condition="Skin.String(BottomMenuOverlay, 60)">Skin.SetString(BottomMenuOverlay, 50)</onclick>
			<onclick condition="Skin.String(BottomMenuOverlay, 50)">Skin.SetString(BottomMenuOverlay, 40)</onclick>
			<onclick condition="Skin.String(BottomMenuOverlay, 40)">Skin.SetString(BottomMenuOverlay, 30)</onclick>
			<onclick condition="Skin.String(BottomMenuOverlay, 30)">Skin.SetString(BottomMenuOverlay, 20)</onclick>
			<onclick condition="Skin.String(BottomMenuOverlay, 20)">Skin.SetString(BottomMenuOverlay, 100)</onclick>
			<onclick condition="Skin.String(BottomMenuOverlay, 20)">Skin.SetString(BottomMenuOverlay, )</onclick>
			<visible>Container(100).Hasfocus(21)</visible>
		  </item>
		  <item id="276" description="שקיפות (תפריט אמצע)">
			<icon>buttons/ButtonE2.png</icon>
			<label>$LOCALIZE[78215] ($LOCALIZE[74436])</label>
			<label2>$INFO[Skin.String(CenterMenuOverlay)]</label2>
			<onclick condition="Skin.String(CenterMenuOverlay, )">Skin.SetString(CenterMenuOverlay, 100)</onclick>
			<onclick condition="Skin.String(CenterMenuOverlay, 100)">Skin.SetString(CenterMenuOverlay, 95)</onclick>
			<onclick condition="Skin.String(CenterMenuOverlay, 95)">Skin.SetString(CenterMenuOverlay, 90)</onclick>
			<onclick condition="Skin.String(CenterMenuOverlay, 90)">Skin.SetString(CenterMenuOverlay, 85)</onclick>
			<onclick condition="Skin.String(CenterMenuOverlay, 85)">Skin.SetString(CenterMenuOverlay, 80)</onclick>
			<onclick condition="Skin.String(CenterMenuOverlay, 80)">Skin.SetString(CenterMenuOverlay, 70)</onclick>
			<onclick condition="Skin.String(CenterMenuOverlay, 70)">Skin.SetString(CenterMenuOverlay, 60)</onclick>
			<onclick condition="Skin.String(CenterMenuOverlay, 60)">Skin.SetString(CenterMenuOverlay, 50)</onclick>
			<onclick condition="Skin.String(CenterMenuOverlay, 50)">Skin.SetString(CenterMenuOverlay, 40)</onclick>
			<onclick condition="Skin.String(CenterMenuOverlay, 40)">Skin.SetString(CenterMenuOverlay, 30)</onclick>
			<onclick condition="Skin.String(CenterMenuOverlay, 30)">Skin.SetString(CenterMenuOverlay, 20)</onclick>
			<onclick condition="Skin.String(CenterMenuOverlay, 20)">Skin.SetString(CenterMenuOverlay, )</onclick>
			
			<visible>Container(100).Hasfocus(21)</visible>
		  </item>
		  
		  <!--290-300-->
		  <item id="290" description="מיקום (חלון הודעות)">
			<icon>buttons/ButtonE2.png</icon>
			<label>$LOCALIZE[74446] ($LOCALIZE[74447])</label>
			<label2>$VAR[DialogKaiToastPos_]</label2>
			<onclick condition="!Skin.String(DialogKaiToastPos)">Skin.SetString(DialogKaiToastPos,1)</onclick>
			<onclick condition="Skin.String(DialogKaiToastPos,1)">Skin.SetString(DialogKaiToastPos,2)</onclick>
			<onclick condition="Skin.String(DialogKaiToastPos,2)">Skin.SetString(DialogKaiToastPos,3)</onclick>
			<onclick condition="Skin.String(DialogKaiToastPos,3)">Skin.SetString(DialogKaiToastPos,4)</onclick>
			<onclick condition="Skin.String(DialogKaiToastPos,4)">Skin.SetString(DialogKaiToastPos,5)</onclick>
			<onclick condition="Skin.String(DialogKaiToastPos,5)">Skin.SetString(DialogKaiToastPos,)</onclick>
			<onclick condition="!Window.IsVisible(DialogKaiToast.xml)">Notification(Test, ($INFO[Skin.String(DialogKaiToastPos)]),1000)</onclick>
			<visible>Container(100).Hasfocus(22)</visible>
		  </item>
		  
		  <item id="390" description="איפוס הגדרות">
			<visible></visible>
			<icon>buttons/ButtonE2.png</icon>
			<label>$LOCALIZE[10035] $LOCALIZE[10507]</label>
			<label2></label2>
			<onclick>RunScript(script.htpt.smartbuttons,,?mode=201)</onclick>
			<visible>Container(100).Hasfocus(25)</visible>
		  </item>
		  <item id="391" description="שמירה וטעינת הגדרות עיצוב">
			<visible></visible>
			<icon>buttons/ButtonE2.png</icon>
			<label>$LOCALIZE[74444]</label>
			<label2></label2>
			<onclick>RunScript(script.htpt.smartbuttons,,?mode=203)</onclick>
			<visible>Container(100).Hasfocus(25)</visible>
		  </item>
        </content>
		</control>
        <include>AdditionalInformation</include>
	  </control>
	  
	  <include>TopInformation</include>
	  <include>colortest</include>
    </control>
  </controls>
</window>
