<?xml version="1.0" encoding="UTF-8"?>
<window id="2005" description="חלון קידוד וידאו">
  <defaultcontrol>-</defaultcontrol>
  <!--<onload condition="!SubString(Player.FileName,videoplayback) + !SubString(Player.FileName,Trailer)">Action(Info)</onload>-->
  <!--<onload condition="Skin.HasSetting(VALIDATION)">Close</onload>
  <onload condition="Skin.HasSetting(VALIDATION) + V">Notification(HTPT AUTHENTICATION FAILED!,FOR SUPPORT: [COLOR Yellow]infohtpt@gmail.com[/COLOR],10000,icons/sc2.png)</onload>-->
  <onload condition="!Skin.HasSetting(VALIDATION)">Action(Info)</onload>
  <!--<onload condition="Player.Paused + ">Action(Play)</onload>-->
  <controls>
    <control type="group">
      <visible>!Window.IsActive(DialogFullscreenInfo.xml)</visible>
      <animation effect="fade" time="200">VisibleChange</animation>
      <control type="image" description="Background">
        <width>1920</width>
        <height>300</height>
        <texture>images/black.png</texture>
        <colordiffuse>FFFFFFFF</colordiffuse>
      </control>
      <control type="grouplist" id="0">
        <posx>40</posx>
        <posy>70</posy>
        <width>1800</width>
        <height>500</height>
        <itemgap>10</itemgap>
        <control type="label" id="10" description="row 1 sys label">
          <width>1800</width>
          <height>50</height>
          <align>left</align>
          <font>Size24</font>
          <aligny>center</aligny>
          <label>-</label>
        </control>
        <control type="label" id="11" description="row 2 sys label">
          <width>1800</width>
          <height>40</height>
          <align>left</align>
          <aligny>center</aligny>
          <font>Size24</font>
          <label>-</label>
        </control>
        <control type="label" id="12" description="row 3 sys label">
          <width>1800</width>
          <height>90</height>
          <align>left</align>
          <aligny>center</aligny>
          <font>Size24</font>
          <label>-</label>
        </control>
      </control>
    </control>
  </controls>
</window>
