<?xml version="1.0" encoding="UTF-8"?>
<window id="1117">
  <include condition="Skin.HasSetting(Performance) + !Player.HasVideo">Performance1</include>
  <defaultcontrol always="true">9000</defaultcontrol>
  <!--<onunload description="menu" condition="true">RunScript(script.skinshortcuts,type=buildxml&amp;mainmenuID=9000&amp;levels=0)</onunload>
  <onunload description="submenu">RunScript(script.skinshortcuts,type=buildxml&amp;mainmenuID=9000&amp;group=[SubContent100]|[SubContent101]|[SubContent102])</onunload>-->
  <onload condition="Window(home).Property(ReloadSkin)">AlarmClock(Hide,ClearProperty(ReloadSkin,home),00:02,silent)</onload>
  <include>ReloadSkin_Check</include>
  <!--<onunload condition="">RunScript(script.htpt.smartbuttons,,?mode=215&amp;value=Main)</onunload>-->
  <onunload condition="">RunScript(script.htpt.smartbuttons,,?mode=215&amp;value=_)</onunload>
  <include>onunload_ClearProperty_MainMenu</include>
  <include>onunload_ClearProperty_SubMenu</include>
  <controls>
    <include>Backgrounds1</include>
    <include>Design_TopButtons</include>
	<include>Menu_Home</include>
	<!--<include>Widget_Home</include>-->
	<!--<include condition="Skin.HasSetting(Admin) + !Skin.HasSetting(Admin2) + Skin.HasSetting(Admin3)">MenuDesign_Widget</include>-->
	
	<include>TopInformation</include>
  </controls>

</window>
