<?xml version="1.0" encoding="UTF-8"?>
<window description="פרטי וידאו (12003)">
  <defaultcontrol always="true">22</defaultcontrol>
  <allowoverlay>no</allowoverlay>
  <include condition="Skin.HasSetting(Performance) + !Player.HasVideo">Performance1</include>
  <onload condition="Skin.HasSetting(Admin)">Notification($INFO[ListItem.Label]),,3000)</onload>
  <onload condition="!IsEmpty(ListItem.TVShowTitle) + !IntegerGreaterThan(ListItem.Season,9) + !IntegerGreaterThan(ListItem.Episode,9)">Skin.SetString(DialogSelectSources3,$INFO[ListItem.TVShowTitle] S0$INFO[ListItem.Season] E0$INFO[ListItem.Episode])</onload>
  <onload condition="!IsEmpty(ListItem.TVShowTitle) + !IntegerGreaterThan(ListItem.Season,9) + IntegerGreaterThan(ListItem.Episode,9)">Skin.SetString(DialogSelectSources3,$INFO[ListItem.TVShowTitle] S0$INFO[ListItem.Season] E$INFO[ListItem.Episode])</onload>
  <onload condition="!IsEmpty(ListItem.TVShowTitle) + IntegerGreaterThan(ListItem.Season,9) + !IntegerGreaterThan(ListItem.Episode,9)">Skin.SetString(DialogSelectSources3,$INFO[ListItem.TVShowTitle] S$INFO[ListItem.Season] E0$INFO[ListItem.Episode])</onload>
  <onload condition="!IsEmpty(ListItem.TVShowTitle) + IntegerGreaterThan(ListItem.Season,9) + IntegerGreaterThan(ListItem.Episode,9)">Skin.SetString(DialogSelectSources3,$INFO[ListItem.TVShowTitle] S$INFO[ListItem.Season] E$INFO[ListItem.Episode])</onload>
  <onload condition="!IsEmpty(ListItem.Year) + IsEmpty(ListItem.TVShowTitle)">Skin.SetString(DialogSelectSources3,$INFO[ListItem.Title])</onload>
  <onunload condition="Skin.String(DialogSelectSources7)">Skin.SetString(DialogSelectSources7,)</onunload>
  <controls>
    <include>BlackBackground</include>
	<control type="image" description="פאנארט">
	  <include>Fade2</include>
	  <aspectratio align="center">stretch</aspectratio>
	  <height>1080</height>
	  <!--<texture background="false">$VAR[fanart]</texture>-->
	  <texture background="false">$INFO[ListItem.Art(fanart)]</texture>
	  <visible>Window.IsActive(DialogVideoInfo.xml) + [!IsEmpty(ListItem.Art(fanart)) | !IsEmpty(Fanart.Image) | !IsEmpty(ListItem.Art(season.fanart))]</visible>
	  <width>1920</width>
    </control>
	<include>TopVideoInformation</include>
	<include>TopInformation</include>
	<control type="group" description=" כפתורים וטקסט (אמצע)">
	  <posx>670</posx>
      <posy>355</posy>
	  <visible>true</visible>
	  <control type="image">
	    <aspectratio>stretch</aspectratio>
		<posx>-5</posx>
		<posy>60</posy>
		<width>560</width>
		<height>170</height>
		<texture border="20" diffuse="buttons/ButtonE0.png">$VAR[banner]</texture>
	  </control>
	  <control type="image" description="תמונה מחרוזת חיפוש">
	    <include>Fade_TopVideoInformationOverlay</include>
	    <animation condition="IsEmpty(Control.GetLabel(1190))" effect="fade" start="100" end="70" time="220">Conditional</animation>
		<posx>-5</posx>
		<posy>60</posy>
		<width>560</width>
		<height>170</height>
		<aspectratio>stretch</aspectratio>
		<texture border="20" colordiffuse="$VAR[TopVideoInformationColor]">buttons/ButtonE0.png</texture>
	  </control>
	  <control type="label" id="1190" description="שדה טקסט">
		<include>LabelC12</include>
		<label>$VAR[DialogVideoInfoText]</label>
		<height>50</height>
		<posx>15</posx>
		<posy>175</posy>
		<scroll>false</scroll>
		<shadowcolor>ff000000</shadowcolor>
		<textcolor>White2</textcolor>
		<width>550</width>
	  </control>
	  <include>ArrowsLeftRight</include>
      <control type="grouplist" id="22" description="כפתורים ראשי">
		<posx>10</posx>
		<posy>60</posy>
        <width>530</width>
        <ondown>50</ondown>
		<onup>27</onup>
        <itemgap>0</itemgap>
        <aligny>bottom</aligny>
        <align>center</align>
        <orientation>horizontal</orientation>
		<control type="button" id="8" description="TVShows Browse">
		  <height>130</height>
		  <width>130</width>
		  <texturefocus colordiffuse="$VAR[IconFocusColor]">icons/eye.png</texturefocus>
          <texturenofocus colordiffuse="ffa9a9a9">icons/eye.png</texturenofocus>
		  <texturefocus>osd/buttons/OSDVideoFO.png</texturefocus>
          <texturenofocus>osd/buttons/OSDVideoNF.png</texturenofocus>
		  <visible>[Skin.HasSetting(Admin) | !SubString(Container.FolderPath,plugin://)] + Container.Content(tvshows)</visible>
		</control>
        <control type="button" id="80" description="Play Movies">
          <height>130</height>
          <width>130</width>
		  <texturefocus colordiffuse="$VAR[IconFocusColor]">icons/play.png</texturefocus>
          <texturenofocus colordiffuse="ffa9a9a9">icons/play.png</texturenofocus>
          <texturefocus>osd/buttons/OSDPlayFO.png</texturefocus>
          <texturenofocus>osd/buttons/OSDPlayNF.png</texturenofocus>
		  <visible>Container.Content(movies) | Container.Content(episodes)</visible>
		  <onclick condition="IsEmpty(ListItem.VideoResolution)">PlayMedia($INFO[ListItem.FileNameAndPath],1)</onclick>
		  <onclick condition="!IsEmpty(ListItem.VideoResolution)">PlayMedia($INFO[ListItem.FileNameAndPath])</onclick>
		  <!--<altclick>ActivateWindow(Videos,videodb://tvshows/titles/$INFO[ListItem.TVShowTitle]/)</altclick>
		  <altclick>Dialog.Close(movieinformation)</altclick>-->
        </control>
        <!--<control type="button" id="11" description="Trailer">
          <height>130</height>
          <width>130</width>
          <texturefocus>osd/buttons/OSDTrailerFO.png</texturefocus>
          <texturenofocus>osd/buttons/OSDTrailerNF.png</texturenofocus>
          <visible>!IsEmpty(ListItem.Trailer)</visible>
        </control>-->
	  	<control type="button" id="7120" description="קדימון">
		    <height>130</height>
            <width>130</width>
			<texturefocus colordiffuse="$VAR[IconFocusColor]">icons/trailers.png</texturefocus>
            <texturenofocus colordiffuse="ffa9a9a9">icons/trailers.png</texturenofocus>
			<enable>!IsEmpty(ListItem.Trailer)</enable>
			<onclick>Skin.SetString(General_CustomVAR,12)</onclick>
			<onclick>Skin.SetString(DialogSelectSources3,$INFO[ListItem.Title]) ($INFO[ListItem.Year])</onclick>
			<onclick condition="!Skin.HasSetting(trailer2)">PlayMedia($ESCINFO[ListItem.Trailer],1)</onclick>
			<onclick condition="Skin.HasSetting(trailer2)">PlayMedia($ESCINFO[ListItem.Trailer])</onclick>
			<onclick>Close</onclick>
		    <visible>Container.Content(Movies) + !SubString(ListItem.Path,videodb://1/7) + !SubString(ListItem.path,videodb://movies/sets/) + !IsEmpty(ListItem.Trailer)</visible>
		</control>
		<control type="button" id="7140" description="חיפוש קדימון">
			<height>130</height>
            <width>130</width>
			<texturefocus colordiffuse="$VAR[IconFocusColor]">icons/trailers.png</texturefocus>
            <texturenofocus colordiffuse="ffa9a9a9">icons/trailers.png</texturenofocus>
			<!--<onclick>ActivateWindow(videos,plugin://plugin.video.youtube/?path=/root/search&amp;feed=search&amp;search=$INFO[ListItem.Label] $INFO[ListItem.Year] Movie Trailer,return)</onclick>-->
			<onclick>ActivateWindow(videos,plugin://plugin.video.youtube/kodion/search/query/?q=$INFO[ListItem.Label] $INFO[ListItem.Year] Movie Trailer]&quot;)</onclick>
			<onclick>Dialog.Close(movieinformation)</onclick>
		    <visible>Container.Content(Movies) + !SubString(ListItem.Path,videodb://1/7) + !SubString(ListItem.path,videodb://movies/sets/) + IsEmpty(ListItem.Trailer) + !SubString(Container.FolderPath,plugin://)</visible>
		</control>
        <control type="button" id="6" description="Refresh">
          <height>130</height>
		  <width>130</width>
		  <texturefocus colordiffuse="$VAR[IconFocusColor]">icons/refresh.png</texturefocus>
          <texturenofocus colordiffuse="ffa9a9a9">icons/refresh.png</texturenofocus>
          <texturefocus>osd/buttons/OSDRefreshFO.png</texturefocus>
          <texturenofocus>osd/buttons/OSDRefreshNF.png</texturenofocus>
		  <visible>!SubString(Container.FolderPath,plugin://)</visible>
        </control>
		<control type="button" id="26" description="עוד...">
          <height>130</height>
		  <width>130</width>
		  <label>$INFO[Container(1000).ListItem(0).label]</label>
		  <onclick>RunScript(script.htpt.smartbuttons,,?mode=70)</onclick>
          <texturefocus colordiffuse="$VAR[IconFocusColor]">icons/information.png</texturefocus>
          <texturenofocus colordiffuse="ffa9a9a9">icons/information.png</texturenofocus>
		  <visible>Container.Content(movies) + IsEmpty(ListItem.TVshowTitle) | Skin.HasSetting(Admin3)</visible>
        </control>
        <control type="button" id="10" description="Get Art">
		  <height>130</height>
		  <width>130</width>
		  <texturefocus colordiffuse="$VAR[IconFocusColor]">icons/download.png</texturefocus>
          <texturenofocus colordiffuse="ffa9a9a9">icons/download.png</texturenofocus>
		  <visible>!SubString(Container.FolderPath,plugin://)</visible>
        </control>
        <control type="button" id="13" description="סרטים נוספים של במאי זה">
          <height>130</height>
		  <width>130</width>
		  <onclick>Skin.SetString(DialogSelectSources7,$INFO[ListItem.Director])</onclick>
          <texturefocus colordiffuse="$VAR[IconFocusColor]">icons/director.png</texturefocus>
          <texturenofocus colordiffuse="ffa9a9a9">icons/director.png</texturenofocus>
		  <visible>!IsEmpty(ListItem.Director) + !SubString(Container.FolderPath,plugin://)</visible>
        </control>
        <control type="button" id="27" description="חזור">
          <height>130</height>
		  <width>130</width>
		  <onclick>close</onclick>
          <texturefocus colordiffuse="$VAR[IconFocusColor]">icons/exit.png</texturefocus>
          <texturenofocus colordiffuse="ffa9a9a9">icons/exit.png</texturenofocus>
        </control>
      </control>
	</control>
	<control type="group">
	  <include>ArrowsLeftRight</include>
	  <visible>Control.HasFocus(50)</visible>
	</control>
    <control type="list" id="50" description="שחקנים">
      <animation condition="IsEmpty(Control.GetLabel(1190)) | !Container(50).HasFocus" effect="fade" start="70" end="90" time="220">Conditional</animation>
	  <posx>60</posx>
      <posy>600</posy>
      <width>1840</width>
      <height>475</height>
      <onleft>noop</onleft>
      <onright>noop</onright>
      <onup>22</onup>
      <ondown>noop</ondown>
	  <viewtype label="">list</viewtype>
      <!--<viewtype>ActorsandRoles</viewtype>-->
      <focusposition>2</focusposition>
      <movement>-</movement>
      <orientation>horizontal</orientation>
      <scrolltime>220</scrolltime>
      <itemlayout width="368" height="420">
        <control type="image" description="Thumb">
		  <posx>30</posx>
		  <bordersize>7</bordersize>
		  <bordertexture border="10">misc/frames/fanartborder1.png</bordertexture>
          <height>405</height>
		  <posy>40</posy>
          <width>280</width>
          <aspectratio scalediffuse="false">scale</aspectratio>
          <texture diffuse="30FFFFFF" background="false" fallback="DefaultActor2.png">$INFO[ListItem.Thumb]</texture>
        </control>
		<control type="image" description="רקע שחור">
		  <posx>33</posx>
		  <posy>408</posy>
		  <height>30</height>
		  <width>270</width>
		  <texture background="false">images/black.png</texture>
		</control>
		<control type="label" description="שם שחקן">
		  <include>LabelC13</include>
		  <label>$INFO[ListItem.Label]</label> <!--[CR]$LOCALIZE[12391] $INFO[Container(311).ListItem(0).Property(runtime)]-->
		  <posx>33</posx>
		  <posy>410</posy>
		  <height>30</height>
		  <width>270</width>
		  <visible>!IsEmpty(ListItem.Label)</visible>
		</control>
      </itemlayout>
      <focusedlayout width="368" height="420">
		<control type="button">
		  <onfocus>Skin.SetString(DialogSelectSources7,$INFO[Container(50).ListItem.Label])</onfocus>
		  <!--<onfocus condition="StringCompare(Control.GetLabel(1),Genesis) + Window.IsVisible(MyVideoNav.xml) + !Window.IsVisible(DialogVideoInfo.xml) + !IsEmpty(ListItem.TVShowTitle) + !IntegerGreaterThan(ListItem.Season,9) + !IntegerGreaterThan(ListItem.Episode,9)">Skin.SetString(DialogSelectSources3,$INFO[ListItem.TVShowTitle] S0$INFO[ListItem.Season] E0$INFO[ListItem.Episode])</onfocus>
		  <onfocus condition="StringCompare(Control.GetLabel(1),Genesis) + Window.IsVisible(MyVideoNav.xml) + !Window.IsVisible(DialogVideoInfo.xml) + !IsEmpty(ListItem.TVShowTitle) + !IntegerGreaterThan(ListItem.Season,9) + IntegerGreaterThan(ListItem.Episode,9)">Skin.SetString(DialogSelectSources3,$INFO[ListItem.TVShowTitle] S0$INFO[ListItem.Season] E$INFO[ListItem.Episode])</onfocus>
		  <onfocus condition="StringCompare(Control.GetLabel(1),Genesis) + Window.IsVisible(MyVideoNav.xml) + !Window.IsVisible(DialogVideoInfo.xml) + !IsEmpty(ListItem.TVShowTitle) + IntegerGreaterThan(ListItem.Season,9) + !IntegerGreaterThan(ListItem.Episode,9)">Skin.SetString(DialogSelectSources3,$INFO[ListItem.TVShowTitle] S$INFO[ListItem.Season] E0$INFO[ListItem.Episode])</onfocus>
		  <onfocus condition="StringCompare(Control.GetLabel(1),Genesis) + Window.IsVisible(MyVideoNav.xml) + !Window.IsVisible(DialogVideoInfo.xml) + !IsEmpty(ListItem.TVShowTitle) + IntegerGreaterThan(ListItem.Season,9) + IntegerGreaterThan(ListItem.Episode,9)">Skin.SetString(DialogSelectSources3,$INFO[ListItem.TVShowTitle] S$INFO[ListItem.Season] E$INFO[ListItem.Episode])</onfocus>
		  <onfocus condition="StringCompare(Control.GetLabel(1),Genesis) + Window.IsVisible(MyVideoNav.xml) + !Window.IsVisible(DialogVideoInfo.xml) + !IsEmpty(ListItem.Year) + IsEmpty(ListItem.TVShowTitle)">Skin.SetString(DialogSelectSources3,$INFO[ListItem.Title]) ($INFO[ListItem.Year])</onfocus>-->
		  <visible>false</visible>
		</control>
        <control type="image" description="Thumb">
		  <posx>30</posx>
		  <bordersize>7</bordersize>
		  <bordertexture border="10">misc/frames/fanartborder1.png</bordertexture>          
          <height>405</height>
		  <posy>40</posy>
          <width>280</width>
          <aspectratio scalediffuse="false">scale</aspectratio>
          <texture background="false" fallback="DefaultActor2.png">$INFO[ListItem.Thumb]</texture>
        </control>
		<control type="image" description="רקע שחור">
		  <posx>33</posx>
		  <posy>408</posy>
		  <height>30</height>
		  <width>270</width>
		  <texture background="false">images/black.png</texture>
		</control>
		<control type="label" description="שם שחקן">
		  <textcolor>Yellow</textcolor>
		  <include>LabelC13</include>
		  <label>$INFO[ListItem.Label]</label> <!--[CR]$LOCALIZE[12391] $INFO[Container(311).ListItem(0).Property(runtime)]-->
		  <posx>33</posx>
		  <posy>410</posy>
		  <height>30</height>
		  <width>270</width>
		  <visible>!IsEmpty(ListItem.Label)</visible>
		</control>
		<control type="group" description="מסגרת סמן בחירה">
		  <control type="image">
			<animation effect="fade" start="0" end="100" time="100" reversible="false">Focus</animation>
			<animation effect="fade" start="100" end="0" time="50" reversible="false">unFocus</animation>
			<aspectratio>stretch</aspectratio>
			<posx>0</posx>
			<posy>14</posy>
			<width>335</width>
			<height>460</height>
			<texture border="3">misc/frames/selector.png</texture>
			<visible>Control.HasFocus(50)</visible>
		  </control>
		</control>		
      </focusedlayout>
    </control>
  </controls>
</window>
