<?xml version="1.0" encoding="UTF-8"?>
<window description="(25)">
  <defaultcontrol always="false">50</defaultcontrol>
  <allowoverlay>yes</allowoverlay>
  <views>50,57,58</views>
  <onunload condition="Skin.String(ListItemGenre)">Skin.SetString(ListItemGenre,)</onunload>
  <onunload condition="Skin.String(ListItemDuration)">Skin.SetString(ListItemDuration,)</onunload>
  <onunload condition="Skin.String(ListItemRating)">Skin.SetString(ListItemRating,)</onunload>
  <onunload condition="Skin.String(ListItemYear)">Skin.SetString(ListItemYear,)</onunload>
  <onunload condition="Skin.String(ListItemUnWatchedEpisodes)">Skin.SetString(ListItemUnWatchedEpisodes,)</onunload>
  <onunload condition="Skin.String(ListItemTVShowTitle)">Skin.SetString(ListItemTVShowTitle,)</onunload>
  <include>SetFocusView</include>
  <include>ReloadSkin_Check</include>
  <onunload condition="Skin.HasSetting(AutoViewoff)">Skin.ToggleSetting(AutoViewoff)</onunload>
  <onunload condition="Skin.String(VarCurrentPicVid)">Skin.SetString(VarCurrentPicVid,)</onunload>
  <controls>
    <include>Backgrounds3</include>
	<include>ScrollBar</include>
    <include>ViewDesign_50</include>
	<include>ViewDesign_57</include>
	<include>ViewDesign_58</include>
	<include>MenuDesign_Left</include>
	<include>TopVideoInformation</include>
	<include>TopInformation</include>
</controls>
</window>