<?xml version="1.0" encoding="UTF-8"?>
<window description="(12)">
  <defaultcontrol always="true">3</defaultcontrol>
  <onload description="SettingsLevel" condition="!Skin.HasSetting(Admin) + !Window.Previous(Custom1170.xml) + !Skin.String(SettingsLevel,$LOCALIZE[13611]) + !Window.Previous(MyPrograms.xml) + !Skin.HasSetting(CustomGUI)">SettingsLevelChange</onload>
  <onload description="SettingsLevel" condition="!Skin.String(SettingsLevel,$LOCALIZE[13611]) + !Window.Previous(MyPrograms.xml) + !Skin.HasSetting(CustomGUI)">Skin.SetString(SettingsLevel,$INFO[Control.GetLabel(20)])</onload>
  <allowoverlay>no</allowoverlay>
  <include condition="Skin.HasSetting(Performance) + !Player.HasVideo">Performance1</include>  
  <controls>
	<include>Backgrounds3</include>
	<control type="group" description="">
	  <include condition="!Skin.HasSetting(Performance)">Slide1</include>
	  <include condition="Skin.HasSetting(Performance)">Slide1p</include>
	  <include condition="!Skin.HasSetting(Performance)">Slide2</include>
	  <include condition="Skin.HasSetting(Performance)">Slide2p</include>
		<control type="label" id="2" description="Heading">
		  <height>75</height>
		  <include>LabelC11</include>
		  <label>-</label>
		  <posx>330</posx>
		  <posy>20</posy>
		  <width>1260</width>
		  <visible>false</visible>
		</control>
		<include>ArrowsLeftRight</include>
		<include>ArrowsUpDown</include>
		<control type="grouplist" id="3" description="TopMenu">
		  <posx>350</posx>
		  <posy>70</posy>
		  <width>1220</width>
		  <align>center</align>
		  <height>100</height>
		  <itemgap>5</itemgap>
		  <onup>9009</onup>
		  <onleft>noop</onleft>
		  <onright>noop</onright>
		  <ondown>5</ondown>
		  <orientation>horizontal</orientation>
		</control>
		<control type="button" id="10" description="Category Button">
		  <width>300</width>
		  <texturenofocus border="20" colordiffuse="$VAR[MenuColor]">buttons/ButtonE0.png</texturenofocus>
		  <include>ButtonC1</include>
		  <!--<onfocus condition="Skin.HasSetting(Admin)">Notification(onfocus,$INFO[System.CurrentControl],0)</onfocus>-->
		  <onfocus condition="SubString(System.CurrentControl,$LOCALIZE[1270]) + !SubString(System.CurrentControl,Skin.String(AirPlay2))">Skin.SetString(AirPlay2,$INFO[System.CurrentControl])</onfocus>
		</control>
		<control type="grouplist" id="5" description="Stage">
		  <posx>350</posx>
		  <posy>190</posy>
		  <width>1220</width>
		  <height>830</height>
		  <onleft condition="!Skin.HasSetting(ViewsMenuOff) + Control.IsVisible(9000)">9000</onleft>
		  <onleft condition="Skin.HasSetting(ViewsMenuOff) + Control.IsVisible(7011)">7017</onleft>
		  <onleft condition="Skin.HasSetting(ViewsMenuOff) + Player.HasAudio">ActivateWindow(12901)</onleft>
		  <onright condition="Control.IsVisible(60)">60</onright>
		  <onright condition="!Control.IsVisible(60) + Control.IsVisible(7011)">7017</onright>
		  <onup>3</onup>
		  <ondown>noop</ondown>
		  <onright>3</onright>
		  <onleft>3</onleft>
		  <pagecontrol>60</pagecontrol>
		  <orientation>vertical</orientation>
		</control>
		<control type="button" id="7" description="Button (רגיל)">
		  <align>left</align>
		  <include condition="StringCompare(System.Language,Hebrew)">ButtonSettingsCategory_he</include>
		  <textoffsetx>50</textoffsetx>
		  <texturenofocus border="20" colordiffuse="$VAR[MenuColor]">buttons/ButtonE0.png</texturenofocus>
		  <alttexturenofocus border="20" colordiffuse="$VAR[MenuColor]">buttons/ButtonE0.png</alttexturenofocus>
		  <width>880</width>
		</control>
		<control type="radiobutton" id="8" description="Radio Button">
		  <textoffsetx>50</textoffsetx>
		  <include condition="StringCompare(System.Language,Hebrew)">ButtonR2</include>
		  <include condition="!StringCompare(System.Language,Hebrew)">ButtonL2</include>
		</control>
		<control type="spincontrolex" id="9" description="Spin control">
		  <align>left</align>
		  <include condition="StringCompare(System.Language,Hebrew)">ButtonSettingsCategory_he</include>
		  <width>1260</width>
		  <texturenofocus border="20" colordiffuse="$VAR[MenuColor]">buttons/ButtonE0.png</texturenofocus>
		</control>
		
		<control type="sliderex" id="13" description="*חדש">
		  <width>1260</width>
		  <include condition="StringCompare(System.Language,Hebrew)">ButtonR2</include>
		  <include condition="!StringCompare(System.Language,Hebrew)">ButtonL2</include>
		</control>
		<control type="label" id="6" description="תאור הגדרה">
		  <visible>false</visible>
		</control>
		<!--<control type="textbox" id="6" description="תאור הגדרה">
		  <include condition="StringCompare(System.Language,Hebrew)">LabelR1</include>
		  <include condition="!StringCompare(System.Language,Hebrew)">LabelL1</include>
		  <include>AutoScrollText</include>
		  <label>$INFO[Control.GetLabel(6)]</label>
		  <posx>1584</posx>
		  <posy>370</posy>
		  <height>325</height>
		  <width>325</width>
		  <visible>!Control.HasFocus(120) + !Control.HasFocus(20)</visible>
		</control>-->
		<control type="textbox" id="121" description="תאור הגדרה2">
		  <posx>1584</posx>
		  <posy>370</posy>
		  <height>325</height>
		  <width>325</width>
		  <include condition="StringCompare(System.Language,Hebrew)">LabelR1</include>
		  <include condition="!StringCompare(System.Language,Hebrew)">LabelL1</include>
		  <include>AutoScrollText</include>
		  <label>$VAR[Button121]</label>
		  <visible>Control.HasFocus(120) | Control.HasFocus(20)</visible>
		  <visible>!Control.IsVisible(6)</visible>
		</control>
		<control type="grouplist" id="9009" description="כפתורים עליונים">
		  <height>40</height>
		  <posx>20</posx>
		  <posy>27</posy>
		  <width>1880</width>
		  <orientation>horizontal</orientation>
		  <onleft>noop</onleft>
		  <onright>noop</onright>
		  <onup condition="Control.IsVisible(7011)">7017</onup>
		  <onup condition="Player.HasAudio">ActivateWindow(12901)</onup>
		  <ondown condition="Control.IsVisible(7011)">7017</ondown>
		  <ondown>3</ondown>
		  <onup>noop</onup>
		
		<control type="button" id="20" description="Settings Level">
		  <include condition="!Skin.String(TopVideoInformationColor,None)">ButtonC10</include>
		  <include condition="Skin.String(TopVideoInformationColor,None)">ButtonC10_</include>
		  <posx>20</posx>
		  <posy>32</posy>
		  <height>40</height>
		  <onclick>SettingsLevelChange</onclick>
		  <onclick>Skin.SetString(SettingsLevel,$INFO[Control.GetLabel(20)])</onclick>
		</control>
		<control type="button" id="120" description="הגדרות משתמש">
		  <include condition="!Skin.String(TopVideoInformationColor,None)">ButtonC10</include>
		  <include condition="Skin.String(TopVideoInformationColor,None)">ButtonC10_</include>
		  <posx>320</posx>
		  <posy>32</posy>
		  <height>40</height>
		  <label>$VAR[Button120]</label>
		  <onclick>Skin.ToggleSetting(CustomGUI)</onclick>
		</control>
		<control type="radiobutton" id="123" description="פאנארט פעיל">
		  <include condition="!Skin.String(TopVideoInformationColor,None)">ButtonC10</include>
		  <include condition="Skin.String(TopVideoInformationColor,None)">ButtonC10_</include>
		  <posx>320</posx>
		  <posy>32</posy>
		  <height>40</height>
		  <label>$LOCALIZE[20445] $LOCALIZE[305]</label>
		  <selected>!Skin.HasSetting(background2)</selected>
		  <onclick>Skin.ToggleSetting(background2)</onclick>
		</control>
		</control>
	</control>
	<include>ScrollBar</include>
    <include>MenuDesign_Left</include>  
	<include>TopVideoInformation</include>
	<include>TopInformation</include>
  </controls>
</window>