<?xml version="1.0" encoding="UTF-8"?>
<window id="10035">
  <include condition="Skin.HasSetting(Performance)  + !Player.HasVideo">Performance1</include>
  <defaultcontrol always="true">100</defaultcontrol>
  <allowoverlay>yes</allowoverlay>
  <controls>
  	<control type="group" description="">
	  <include>Backgrounds3</include>
	  <include>ScrollBar</include>	   
      <control type="group">
		<include condition="!Skin.HasSetting(Performance)">Slide1</include>
	    <include condition="Skin.HasSetting(Performance)">Slide1p</include>
	    <include condition="!Skin.HasSetting(Performance)">Slide2</include>
	    <include condition="Skin.HasSetting(Performance)">Slide2p</include>
		<include>MenuDesign_TopSettings</include>
		<include>MenuDesign_Settings</include>
		<include>LeftMenu</include>
      </control>
	  <include>TopVideoInformation</include>
	  <include>TopInformation</include>
    </control>
  </controls>
</window>
