<?xml version="1.0" encoding="UTF-8"?>
<includes>
  <include name="MoviesShortcutsCommons" description="מדף סרטים/סדרות">
    <include>Fade20</include>
	<posx>40</posx>
    <posy>90</posy>
    <width>1920</width>
    <height>500</height>
    <orientation>horizontal</orientation>
    <itemlayout height="350" width="368">
      <control type="image" description="תמונה לא נבחר">
	    <animation condition="true" effect="fade" start="40" end="40">Conditonal</animation>
        <posx>50</posx>
        <posy>30</posy>
        <width>270</width>
        <height>360</height>
        <texture background="false">$INFO[ListItem.Thumb]</texture>
      </control>
    </itemlayout>
    <focusedlayout height="350" width="368">
      <control type="image" description="תמונה נבחר">
        <posx>50</posx>
        <posy>30</posy>
        <width>270</width>
        <height>360</height>
        <texture>$INFO[ListItem.Thumb]</texture>
      </control>
	  <control type="group" description="קבוצה כותרות">
		<!--<include>Fade3</include>-->
        <control type="image" description="קדימון">
          <height>70</height>		
		  <posx>20</posx>
          <posy>0</posy>
          <texture>osd/buttons/OSDTrailerNF.png</texture>
		  <visible>!IsEmpty(ListItem.Property(trailer)) + !Skin.HasSetting(trailers)</visible>
		  <width>70</width>
        </control>
        <control type="image" description="קדימון">
          <height>70</height>		
		  <posx>20</posx>
          <posy>0</posy>
          <texture>osd/buttons/OSDTrailerFO.png</texture>
		  <visible>!IsEmpty(ListItem.Property(trailer)) + Skin.HasSetting(trailers)</visible>
	  	  <width>70</width>
        </control>
		<control type="image" description="דירוג">
          <aspectratio align="center">keep</aspectratio>
		  <height>30</height>
		  <posx>50</posx>
		  <posy>0</posy>
		  <texture>$VAR[TopVideoInformation3]</texture>
		  <visible>ControlGroup(700).HasFocus() + !IsEmpty(Listitem.Property(rating))</visible>
		  <width>270</width>
		</control>
	  </control>
    </focusedlayout>
  </include>
  <include name="SquareShortcutsCommons" description="מדף 3-5">
    <include>Fade20</include>
    <posx>40</posx>
    <posy>108</posy>
    <width>1920</width>
    <height>500</height>
    <orientation>horizontal</orientation>
    <scrolltime>400</scrolltime>
	<visible></visible>
    <itemlayout height="368" width="368">
      <control type="image" description="תמונה לא נבחר">
	    <animation condition="!Container(313).Scrolling" effect="fade" start="40" end="40">Conditonal</animation>
        <posx>50</posx>
        <posy>80</posy>
        <width>270</width>
        <height>270</height>
        <texture fallback="misc/logo/logo9.png" background="false">$INFO[ListItem.Thumb]</texture>
        <aspectratio>scale</aspectratio>
      </control>
    </itemlayout>
    <focusedlayout height="368" width="368">
      <control type="group">
        <control type="image" description="תמונה נבחר">
          <posx>50</posx>
          <posy>80</posy>
          <width>270</width>
          <height>270</height>
          <texture fallback="misc/logo/logo9.png" background="false">$INFO[ListItem.Thumb]</texture>
          <aspectratio>scale</aspectratio>
        </control>
      </control>
    </focusedlayout>
  </include>
  <include name="SquareShortcutsSpecial" description="מדף 3-5 מיוחד">
    <include>Fade20</include>
    <posx>40</posx>
    <posy>440</posy>
    <width>1920</width>
    <height>120</height>
    <orientation>horizontal</orientation>
    <scrolltime>400</scrolltime>
	<visible></visible>
    <itemlayout height="100" width="368">
      <control type="image" description="תמונה לא נבחר">
	    <animation condition="!Container(313).Scrolling" effect="fade" start="40" end="40">Conditonal</animation>
        <posx>135</posx>
        <posy>20</posy>
        <width>100</width>
        <height>100</height>
        <texture fallback="misc/logo/logo9.png" background="false">$INFO[ListItem.Thumb]</texture>
        <aspectratio>scale</aspectratio>
      </control>
    </itemlayout>
    <focusedlayout height="100" width="368">
      <control type="group">
        <control type="image" description="תמונה נבחר">
		  <animation condition="!Container(313).Scrolling" effect="fade" start="40" end="80">Conditonal</animation>
          <posx>125</posx>
          <posy>10</posy>
          <width>120</width>
          <height>120</height>
          <texture fallback="misc/logo/logo9.png" background="false">$INFO[ListItem.Thumb]</texture>
          <aspectratio>scale</aspectratio>
        </control>
      </control>
    </focusedlayout>
  </include>
  <include name="Movies_RA" description="ייחוד כותרות עליונות-סרט אחרון">
    <control type="group">
	  <visible>Library.HasContent(Movies)</visible>
      <control type="panel" id="311" description="פנל מדף סרטים אחרונים">
        <visible>Library.HasContent(Movies) + [Container(9000).HasFocus(340) | Control.HasFocus(311)] + !Player.HasVideo</visible>
		<onup>9009</onup>
        <ondown>9000</ondown>
        <onleft>311</onleft>
        <onright>311</onright>
        <include>MoviesShortcutsCommons</include>
        <content>
		  <item id="0" description="חפש/הוסף סרטים">
            <visible>false</visible>
            <thumb>icons/se.png</thumb>
            <label>$LOCALIZE[73200]</label>
            <onclick>noop</onclick>
          </item>
		  <item id="21" description="קדימונים">
            <visible>true</visible>
            <thumb>icons/trailers.png</thumb>
            <label>$LOCALIZE[72100]</label>
            <onclick>RunScript(&quot;screensaver.randomtrailers&quot;)</onclick>
          </item>
          <item id="1" description="Movies">
            <visible>!IsEmpty(Window(home).Property(LatestMovie.1.Path))</visible>
            <label>[COLOR Yellow]$INFO[Window(home).Property(LatestMovie.1.Title)][/COLOR] ($INFO[Window(home).Property(LatestMovie.1.Year)])</label>
			<label2>$INFO[Window(Home).Property(LatestMovie.1.Plot)]</label2>
            <thumb>$INFO[Window(home).Property(LatestMovie.1.Thumb)]</thumb>
            <onclick condition="Skin.HasSetting(trailers)">PlayMedia($ESCINFO[Window(home).Property(LatestMovie.1.Trailer)],1)</onclick>
			<onclick condition="!Skin.HasSetting(trailers)">PlayMedia($INFO[Window(home).Property(LatestMovie.1.Path)])</onclick>
			<property name="rating">$INFO[Window(Home).Property(LatestMovie.1.Rating)]</property>
			<property name="trailer">$INFO[Window(Home).Property(LatestMovie.1.Trailer)]</property>
          </item>
          <item id="2" description="Movies">
            <visible>!IsEmpty(Window(home).Property(LatestMovie.2.Path))</visible>
            <label>[COLOR Yellow]$INFO[Window(home).Property(LatestMovie.2.Title)][/COLOR] ($INFO[Window(home).Property(LatestMovie.2.Year)])</label>
			<label2>$INFO[Window(Home).Property(LatestMovie.2.Plot)]</label2>
            <thumb>$INFO[Window(home).Property(LatestMovie.2.Thumb)]</thumb>
			<onclick condition="Skin.HasSetting(trailers)">PlayMedia($ESCINFO[Window(home).Property(LatestMovie.2.Trailer)],1)</onclick>
			<onclick condition="!Skin.HasSetting(trailers)">PlayMedia($ESCINFO[Window(home).Property(LatestMovie.2.Path)])</onclick>
			<property name="rating">$INFO[Window(Home).Property(LatestMovie.2.Rating)]</property>
			<property name="trailer">$INFO[Window(Home).Property(LatestMovie.2.Trailer)]</property>
          </item>
          <item id="3" description="Movies">
            <visible>!IsEmpty(Window(home).Property(LatestMovie.3.Path))</visible>
            <label>[COLOR Yellow]$INFO[Window(home).Property(LatestMovie.3.Title)][/COLOR] ($INFO[Window(home).Property(LatestMovie.3.Year)])</label>
			<label2>$INFO[Window(Home).Property(LatestMovie.3.Plot)]</label2>
            <thumb>$INFO[Window(home).Property(LatestMovie.3.Thumb)]</thumb>
			<onclick condition="Skin.HasSetting(trailers)">PlayMedia($ESCINFO[Window(home).Property(LatestMovie.3.Trailer)],1)</onclick>
            <onclick condition="!Skin.HasSetting(trailers)">PlayMedia($ESCINFO[Window(home).Property(LatestMovie.3.Path)])</onclick>
			<property name="rating">$INFO[Window(Home).Property(LatestMovie.3.Rating)]</property>
			<property name="trailer">$INFO[Window(Home).Property(LatestMovie.3.Trailer)]</property>
          </item>
          <item id="4" description="Movies">
            <visible>!IsEmpty(Window(home).Property(LatestMovie.4.Path))</visible>
            <label>[COLOR Yellow]$INFO[Window(home).Property(LatestMovie.4.Title)][/COLOR] ($INFO[Window(home).Property(LatestMovie.4.Year)])</label>
			<label2>$INFO[Window(Home).Property(LatestMovie.4.Plot)]</label2>
            <thumb>$INFO[Window(home).Property(LatestMovie.4.Thumb)]</thumb>
			<onclick condition="Skin.HasSetting(trailers)">PlayMedia($ESCINFO[Window(home).Property(LatestMovie.4.Trailer)],1)</onclick>
            <onclick condition="!Skin.HasSetting(trailers)">PlayMedia($ESCINFO[Window(home).Property(LatestMovie.4.Path)])</onclick>
			<property name="rating">$INFO[Window(Home).Property(LatestMovie.4.Rating)]</property>
			<property name="trailer">$INFO[Window(Home).Property(LatestMovie.4.Trailer)]</property>
          </item>
          <item id="5" description="Movies">
            <visible>!IsEmpty(Window(home).Property(LatestMovie.5.Path))</visible>
            <label>[COLOR Yellow]$INFO[Window(home).Property(LatestMovie.5.Title)][/COLOR] ($INFO[Window(home).Property(LatestMovie.5.Year)])</label>
			<label2>$INFO[Window(Home).Property(LatestMovie.5.Plot)]</label2>
            <thumb>$INFO[Window(home).Property(LatestMovie.5.Thumb)]</thumb>
			<onclick condition="Skin.HasSetting(trailers)">PlayMedia($ESCINFO[Window(home).Property(LatestMovie.5.Trailer)],1)</onclick>
            <onclick condition="!Skin.HasSetting(trailers)">PlayMedia($ESCINFO[Window(home).Property(LatestMovie.5.Path)])</onclick>
			<property name="rating">$INFO[Window(Home).Property(LatestMovie.5.Rating)]</property>
			<property name="trailer">$INFO[Window(Home).Property(LatestMovie.5.Trailer)]</property>
          </item>
          <item id="6" description="Movies">
            <visible>!IsEmpty(Window(home).Property(LatestMovie.6.Path))</visible>
            <label>[COLOR Yellow]$INFO[Window(home).Property(LatestMovie.6.Title)][/COLOR] ($INFO[Window(home).Property(LatestMovie.6.Year)])</label>
			<label2>$INFO[Window(Home).Property(LatestMovie.6.Plot)]</label2>
            <thumb>$INFO[Window(home).Property(LatestMovie.6.Thumb)]</thumb>
			<onclick condition="Skin.HasSetting(trailers)">PlayMedia($ESCINFO[Window(home).Property(LatestMovie.6.Trailer)],1)</onclick>
            <onclick condition="!Skin.HasSetting(trailers)">PlayMedia($ESCINFO[Window(home).Property(LatestMovie.6.Path)])</onclick>
			<property name="rating">$INFO[Window(Home).Property(LatestMovie.6.Rating)]</property>
			<property name="trailer">$INFO[Window(Home).Property(LatestMovie.6.Trailer)]</property>
          </item>
          <item id="7" description="Movies">
            <visible>!IsEmpty(Window(home).Property(LatestMovie.7.Path))</visible>
            <label>[COLOR Yellow]$INFO[Window(home).Property(LatestMovie.7.Title)][/COLOR] ($INFO[Window(home).Property(LatestMovie.7.Year)])</label>
			<label2>$INFO[Window(Home).Property(LatestMovie.7.Plot)]</label2>
            <thumb>$INFO[Window(home).Property(LatestMovie.7.Thumb)]</thumb>
			<onclick condition="Skin.HasSetting(trailers)">PlayMedia($ESCINFO[Window(home).Property(LatestMovie.7.Trailer)],1)</onclick>
            <onclick condition="!Skin.HasSetting(trailers)">PlayMedia($ESCINFO[Window(home).Property(LatestMovie.7.Path)])</onclick>
			<property name="rating">$INFO[Window(Home).Property(LatestMovie.7.Rating)]</property>
			<property name="trailer">$INFO[Window(Home).Property(LatestMovie.7.Trailer)]</property>
          </item>
          <item id="8" description="Movies">
            <visible>!IsEmpty(Window(home).Property(LatestMovie.8.Path))</visible>
            <label>[COLOR Yellow]$INFO[Window(home).Property(LatestMovie.8.Title)][/COLOR] ($INFO[Window(home).Property(LatestMovie.8.Year)])</label>
			<label2>$INFO[Window(Home).Property(LatestMovie.8.Plot)]</label2>
            <thumb>$INFO[Window(home).Property(LatestMovie.8.Thumb)]</thumb>
			<onclick condition="Skin.HasSetting(trailers)">PlayMedia($ESCINFO[Window(home).Property(LatestMovie.8.Trailer)],1)</onclick>
            <onclick condition="!Skin.HasSetting(trailers)">PlayMedia($ESCINFO[Window(home).Property(LatestMovie.8.Path)])</onclick>
			<property name="rating">$INFO[Window(Home).Property(LatestMovie.8.Rating)]</property>
			<property name="trailer">$INFO[Window(Home).Property(LatestMovie.8.Trailer)]</property>
          </item>
          <item id="9" description="Movies">
            <visible>!IsEmpty(Window(home).Property(LatestMovie.9.Path))</visible>
            <label>[COLOR Yellow]$INFO[Window(home).Property(LatestMovie.9.Title)][/COLOR] ($INFO[Window(home).Property(LatestMovie.9.Year)])</label>
			<label2>$INFO[Window(Home).Property(LatestMovie.9.Plot)]</label2>
            <thumb>$INFO[Window(home).Property(LatestMovie.9.Thumb)]</thumb>
			<onclick condition="Skin.HasSetting(trailers)">PlayMedia($ESCINFO[Window(home).Property(LatestMovie.9.Trailer)],1)</onclick>
            <onclick condition="!Skin.HasSetting(trailers)">PlayMedia($ESCINFO[Window(home).Property(LatestMovie.9.Path)])</onclick>
			<property name="rating">$INFO[Window(Home).Property(LatestMovie.9.Rating)]</property>
			<property name="trailer">$INFO[Window(Home).Property(LatestMovie.9.Trailer)]</property>
          </item>
          <item id="10" description="Movies">
            <visible>!IsEmpty(Window(home).Property(LatestMovie.10.Path))</visible>
            <label>[COLOR Yellow]$INFO[Window(home).Property(LatestMovie.10.Title)][/COLOR] ($INFO[Window(home).Property(LatestMovie.10.Year)])</label>
			<label2>$INFO[Window(Home).Property(LatestMovie.10.Plot)]</label2>
            <thumb>$INFO[Window(home).Property(LatestMovie.10.Thumb)]</thumb>
			<onclick condition="Skin.HasSetting(trailers)">PlayMedia($ESCINFO[Window(home).Property(LatestMovie.10.Trailer)],1)</onclick>
            <onclick condition="!Skin.HasSetting(trailers)">PlayMedia($ESCINFO[Window(home).Property(LatestMovie.10.Path)])</onclick>
			<property name="rating">$INFO[Window(Home).Property(LatestMovie.10.Rating)]</property>
			<property name="trailer">$INFO[Window(Home).Property(LatestMovie.10.Trailer)]</property>
          </item>
        </content>      
	  </control>
	</control>
  </include> 
  <include name="Movies_WL" description="ייחוד כותרות עליונות-אקראי">
    <control type="group">
	  <visible>Library.HasContent(Movies)</visible>
      <control type="panel" id="311" description="פנל מדף סרטים אקראיים">
        <visible>[Library.HasContent(Movies) | Skin.HasSetting(MoviesShelfWL)] + [Container(9000).HasFocus(340) | Control.HasFocus(311)] + !Player.HasVideo</visible>
        <onup>9009</onup>
        <ondown>9000</ondown>
        <onleft>311</onleft>
        <onright>311</onright>
        <include>MoviesShortcutsCommons</include>
        <content>
		  <item id="0" description="חפש/הוסף סרטים">
            <visible>false</visible>
            <thumb>icons/se.png</thumb>
            <label>$LOCALIZE[73200]</label>
            <onclick>noop</onclick>
          </item>
		  <item id="21" description="קדימונים">
            <visible>true</visible>
            <thumb>icons/trailers.png</thumb>
            <label>$LOCALIZE[72100]</label>
            <onclick>RunScript(&quot;screensaver.randomtrailers&quot;)</onclick>
          </item>
          <item id="1" description="Movies">
            <visible>!IsEmpty(Window(home).Property(RandomMovie.1.Path))</visible>
            <label>[COLOR Yellow]$INFO[Window(home).Property(RandomMovie.1.Title)][/COLOR] ($INFO[Window(home).Property(RandomMovie.1.Year)])</label>
			<label2>$INFO[Window(Home).Property(RandomMovie.1.Plot)]</label2>
            <thumb>$INFO[Window(home).Property(RandomMovie.1.Art(poster))]</thumb>
			<onclick condition="Skin.HasSetting(trailers)">PlayMedia($ESCINFO[Window(home).Property(RandomMovie.1.Trailer)],1)</onclick>
            <onclick condition="!Skin.HasSetting(trailers)">PlayMedia($ESCINFO[Window(home).Property(RandomMovie.1.File)])</onclick>
			<property name="rating">$INFO[Window(Home).Property(RandomMovie.1.Rating)]</property>
			<property name="trailer">$INFO[Window(Home).Property(RandomMovie.1.Trailer)]</property>
          </item>
          <item id="2" description="Movies">
            <visible>!IsEmpty(Window(home).Property(RandomMovie.2.Path))</visible>
            <label>[COLOR Yellow]$INFO[Window(home).Property(RandomMovie.2.Title)][/COLOR] ($INFO[Window(home).Property(RandomMovie.2.Year)])</label>
			<label2>$INFO[Window(Home).Property(RandomMovie.2.Plot)]</label2>
            <thumb>$INFO[Window(home).Property(RandomMovie.2.Art(poster))]</thumb>
			<onclick condition="Skin.HasSetting(trailers)">PlayMedia($ESCINFO[Window(home).Property(RandomMovie.2.Trailer)],1)</onclick>
            <onclick condition="!Skin.HasSetting(trailers)">PlayMedia($ESCINFO[Window(home).Property(RandomMovie.2.File)])</onclick>
			<property name="rating">$INFO[Window(Home).Property(RandomMovie.2.Rating)]</property>
			<property name="trailer">$INFO[Window(Home).Property(RandomMovie.2.Trailer)]</property>
          </item>
          <item id="3" description="Movies">
            <visible>!IsEmpty(Window(home).Property(RandomMovie.3.Path))</visible>
            <label>[COLOR Yellow]$INFO[Window(home).Property(RandomMovie.3.Title)][/COLOR] ($INFO[Window(home).Property(RandomMovie.3.Year)])</label>
			<label2>$INFO[Window(Home).Property(RandomMovie.3.Plot)]</label2>
            <thumb>$INFO[Window(home).Property(RandomMovie.3.Art(poster))]</thumb>
			<onclick condition="Skin.HasSetting(trailers)">PlayMedia($ESCINFO[Window(home).Property(RandomMovie.3.Trailer)],1)</onclick>
            <onclick condition="!Skin.HasSetting(trailers)">PlayMedia($ESCINFO[Window(home).Property(RandomMovie.3.File)])</onclick>
			<property name="rating">$INFO[Window(Home).Property(RandomMovie.3.Rating)]</property>
			<property name="trailer">$INFO[Window(Home).Property(RandomMovie.3.Trailer)]</property>
          </item>
          <item id="4" description="Movies">
            <visible>!IsEmpty(Window(home).Property(RandomMovie.4.Path))</visible>
            <label>[COLOR Yellow]$INFO[Window(home).Property(RandomMovie.4.Title)][/COLOR] ($INFO[Window(home).Property(RandomMovie.4.Year)])</label>
			<label2>$INFO[Window(Home).Property(RandomMovie.4.Plot)]</label2>
            <thumb>$INFO[Window(home).Property(RandomMovie.4.Art(poster))]</thumb>
			<onclick condition="Skin.HasSetting(trailers)">PlayMedia($ESCINFO[Window(home).Property(RandomMovie.4.Trailer)],1)</onclick>
            <onclick condition="!Skin.HasSetting(trailers)">PlayMedia($ESCINFO[Window(home).Property(RandomMovie.4.File)])</onclick>
			<property name="rating">$INFO[Window(Home).Property(RandomMovie.4.Rating)]</property>
			<property name="trailer">$INFO[Window(Home).Property(RandomMovie.4.Trailer)]</property>
          </item>
          <item id="5" description="Movies">
            <visible>!IsEmpty(Window(home).Property(RandomMovie.5.Path))</visible>
            <label>[COLOR Yellow]$INFO[Window(home).Property(RandomMovie.5.Title)][/COLOR] ($INFO[Window(home).Property(RandomMovie.5.Year)])</label>
			<label2>$INFO[Window(Home).Property(RandomMovie.5.Plot)]</label2>
            <thumb>$INFO[Window(home).Property(RandomMovie.5.Art(poster))]</thumb>
			<onclick condition="Skin.HasSetting(trailers)">PlayMedia($ESCINFO[Window(home).Property(RandomMovie.5.Trailer)],1)</onclick>
            <onclick condition="!Skin.HasSetting(trailers)">PlayMedia($ESCINFO[Window(home).Property(RandomMovie.5.File)])</onclick>
			<property name="rating">$INFO[Window(Home).Property(RandomMovie.5.Rating)]</property>
			<property name="trailer">$INFO[Window(Home).Property(RandomMovie.5.Trailer)]</property>
          </item>
          <item id="6" description="Movies">
            <visible>!IsEmpty(Window(home).Property(RandomMovie.6.Path))</visible>
            <label>[COLOR Yellow]$INFO[Window(home).Property(RandomMovie.6.Title)][/COLOR] ($INFO[Window(home).Property(RandomMovie.6.Year)])</label>
			<label2>$INFO[Window(Home).Property(RandomMovie.6.Plot)]</label2>
            <thumb>$INFO[Window(home).Property(RandomMovie.6.Art(poster))]</thumb>
			<onclick condition="Skin.HasSetting(trailers)">PlayMedia($ESCINFO[Window(home).Property(RandomMovie.6.Trailer)],1)</onclick>
            <onclick condition="!Skin.HasSetting(trailers)">PlayMedia($ESCINFO[Window(home).Property(RandomMovie.6.File)])</onclick>
			<property name="rating">$INFO[Window(Home).Property(RandomMovie.6.Rating)]</property>
			<property name="trailer">$INFO[Window(Home).Property(RandomMovie.6.Trailer)]</property>
          </item>
          <item id="7" description="Movies">
            <visible>!IsEmpty(Window(home).Property(RandomMovie.7.Path))</visible>
            <label>[COLOR Yellow]$INFO[Window(home).Property(RandomMovie.7.Title)][/COLOR] ($INFO[Window(home).Property(RandomMovie.7.Year)])</label>
			<label2>$INFO[Window(Home).Property(RandomMovie.7.Plot)]</label2>
            <thumb>$INFO[Window(home).Property(RandomMovie.7.Art(poster))]</thumb>
			<onclick condition="Skin.HasSetting(trailers)">PlayMedia($ESCINFO[Window(home).Property(RandomMovie.7.Trailer)],1)</onclick>
            <onclick condition="!Skin.HasSetting(trailers)">PlayMedia($ESCINFO[Window(home).Property(RandomMovie.7.File)])</onclick>
			<property name="rating">$INFO[Window(Home).Property(RandomMovie.7.Rating)]</property>
			<property name="trailer">$INFO[Window(Home).Property(RandomMovie.7.Trailer)]</property>
          </item>
          <item id="8" description="Movies">
            <visible>!IsEmpty(Window(home).Property(RandomMovie.8.Path))</visible>
            <label>[COLOR Yellow]$INFO[Window(home).Property(RandomMovie.8.Title)][/COLOR] ($INFO[Window(home).Property(RandomMovie.8.Year)])</label>
			<label2>$INFO[Window(Home).Property(RandomMovie.8.Plot)]</label2>
            <thumb>$INFO[Window(home).Property(RandomMovie.8.Art(poster))]</thumb>
			<onclick condition="Skin.HasSetting(trailers)">PlayMedia($ESCINFO[Window(home).Property(RandomMovie.8.Trailer)],1)</onclick>
            <onclick condition="!Skin.HasSetting(trailers)">PlayMedia($ESCINFO[Window(home).Property(RandomMovie.8.File)])</onclick>
			<property name="rating">$INFO[Window(Home).Property(RandomMovie.8.Rating)]</property>
			<property name="trailer">$INFO[Window(Home).Property(RandomMovie.8.Trailer)]</property>
          </item>
          <item id="9" description="Movies">
            <visible>!IsEmpty(Window(home).Property(RandomMovie.9.Path))</visible>
            <label>[COLOR Yellow]$INFO[Window(home).Property(RandomMovie.9.Title)][/COLOR] ($INFO[Window(home).Property(RandomMovie.9.Year)])</label>
			<label2>$INFO[Window(Home).Property(RandomMovie.9.Plot)]</label2>
            <thumb>$INFO[Window(home).Property(RandomMovie.9.Art(poster))]</thumb>
			<onclick condition="Skin.HasSetting(trailers)">PlayMedia($ESCINFO[Window(home).Property(RandomMovie.9.Trailer)],1)</onclick>
            <onclick condition="!Skin.HasSetting(trailers)">PlayMedia($ESCINFO[Window(home).Property(RandomMovie.9.File)])</onclick>
			<property name="rating">$INFO[Window(Home).Property(RandomMovie.9.Rating)]</property>
			<property name="trailer">$INFO[Window(Home).Property(RandomMovie.9.Trailer)]</property>
          </item>
          <item id="10" description="Movies">
            <visible>!IsEmpty(Window(home).Property(RandomMovie.10.Path))</visible>
            <label>[COLOR Yellow]$INFO[Window(home).Property(RandomMovie.10.Title)][/COLOR] ($INFO[Window(home).Property(RandomMovie.10.Year)])</label>
			<label2>$INFO[Window(Home).Property(RandomMovie.10.Plot)]</label2>
            <thumb>$INFO[Window(home).Property(RandomMovie.10.Art(poster))]</thumb>
			<onclick condition="Skin.HasSetting(trailers)">PlayMedia($ESCINFO[Window(home).Property(RandomMovie.10.Trailer)],1)</onclick>
            <onclick condition="!Skin.HasSetting(trailers)">PlayMedia($ESCINFO[Window(home).Property(RandomMovie.10.File)])</onclick>
			<property name="rating">$INFO[Window(Home).Property(RandomMovie.10.Rating)]</property>
			<property name="trailer">$INFO[Window(Home).Property(RandomMovie.10.Trailer)]</property>
          </item>
        </content>
      </control> 
    </control>
  </include>
  <include name="TV_RAIR" description="ייחוד כותרות עליונות-סדרות אחרונות">
    <control type="group">
      <visible>Library.HasContent(TVShows)</visible>
      <control type="panel" id="312" description="פנל מדף סדרות אחרונות">
        <visible>[Library.HasContent(TVShows) | !Skin.HasSetting(TVShelf_Watchlist)] + [Container(9000).HasFocus(341) | Control.HasFocus(312)] + !Player.HasVideo</visible>
        <onup>9009</onup>
        <ondown>9000</ondown>
        <onleft>312</onleft>
        <onright>312</onright>
        <include>MoviesShortcutsCommons</include>
        <content>
		  <item id="0" description="חפש/הוסף סדרות">
            <visible>false</visible>
            <thumb>icons/se.png</thumb>
            <label>$LOCALIZE[73210]</label>
            <onclick>noop</onclick>
          </item>
          <item id="1" description="Episodes1">
            <visible>!IsEmpty(Window(Home).Property(RecentEpisode.1.Path))</visible>
            <label>[COLOR Yellow]$INFO[Window(Home).Property(RecentEpisode.1.Season)][/COLOR] • $LOCALIZE[20373]: [COLOR Yellow]$INFO[Window(Home).Property(RecentEpisode.1.Episode)][/COLOR] • $LOCALIZE[20452]: [COLOR Yellow]$INFO[Window(Home).Property(RecentEpisode.1.Title)][/COLOR] שם הפרק: </label>
            <label2>$INFO[Window(Home).Property(RecentEpisode.1.Plot)]</label2>
            <thumb>$INFO[Window(Home).Property(RecentEpisode.1.Art(tvshow.poster))]</thumb>
            <onclick>PlayMedia($ESCINFO[Window(Home).Property(RecentEpisode.1.File)])</onclick>
			<property name="rating">$INFO[Window(Home).Property(RecentEpisode.1.Rating)]</property>
          </item>
          <item id="2" description="Episodes2">
            <visible>!IsEmpty(Window(Home).Property(RecentEpisode.2.Path))</visible>
            <label>[COLOR Yellow]$INFO[Window(Home).Property(RecentEpisode.2.Season)][/COLOR] • $LOCALIZE[20373]: [COLOR Yellow]$INFO[Window(Home).Property(RecentEpisode.2.Episode)][/COLOR] • $LOCALIZE[20452]: [COLOR Yellow]$INFO[Window(Home).Property(RecentEpisode.2.Title)][/COLOR] שם הפרק: </label>
            <label2>$INFO[Window(Home).Property(RecentEpisode.2.Plot)]</label2>
            <thumb>$INFO[Window(Home).Property(RecentEpisode.2.Art(tvshow.poster))]</thumb>
            <onclick>PlayMedia($ESCINFO[Window(Home).Property(RecentEpisode.2.File)])</onclick>
			<property name="rating">$INFO[Window(Home).Property(RecentEpisode.2.Rating)]</property>
          </item>
          <item id="3" description="Episodes3">
            <visible>!IsEmpty(Window(Home).Property(RecentEpisode.3.Path))</visible>
            <label>[COLOR Yellow]$INFO[Window(Home).Property(RecentEpisode.3.Season)][/COLOR] • $LOCALIZE[20373]: [COLOR Yellow]$INFO[Window(Home).Property(RecentEpisode.3.Episode)][/COLOR] • $LOCALIZE[20452]: [COLOR Yellow]$INFO[Window(Home).Property(RecentEpisode.3.Title)][/COLOR] שם הפרק: </label>
            <label2>$INFO[Window(Home).Property(RecentEpisode.3.Plot)]</label2>
            <thumb>$INFO[Window(Home).Property(RecentEpisode.3.Art(tvshow.poster))]</thumb>
            <onclick>PlayMedia($ESCINFO[Window(Home).Property(RecentEpisode.3.File)])</onclick>
			<property name="rating">$INFO[Window(Home).Property(RecentEpisode.3.Rating)]</property>
          </item>
          <item id="4" description="Episodes4">
            <visible>!IsEmpty(Window(Home).Property(RecentEpisode.4.Path))</visible>
            <label>[COLOR Yellow]$INFO[Window(Home).Property(RecentEpisode.4.Season)][/COLOR] • $LOCALIZE[20373]: [COLOR Yellow]$INFO[Window(Home).Property(RecentEpisode.4.Episode)][/COLOR] • $LOCALIZE[20452]: [COLOR Yellow]$INFO[Window(Home).Property(RecentEpisode.4.Title)][/COLOR] שם הפרק: </label>
            <label2>$INFO[Window(Home).Property(RecentEpisode.4.Plot)]</label2>
            <thumb>$INFO[Window(Home).Property(RecentEpisode.4.Art(tvshow.poster))]</thumb>
            <onclick>PlayMedia($ESCINFO[Window(Home).Property(RecentEpisode.4.File)])</onclick>
			<property name="rating">$INFO[Window(Home).Property(RecentEpisode.4.Rating)]</property>
          </item>
          <item id="5" description="Episodes5">
            <visible>!IsEmpty(Window(Home).Property(RecentEpisode.5.Path))</visible>
            <label>[COLOR Yellow]$INFO[Window(Home).Property(RecentEpisode.5.Season)][/COLOR] • $LOCALIZE[20373]: [COLOR Yellow]$INFO[Window(Home).Property(RecentEpisode.5.Episode)][/COLOR] • $LOCALIZE[20452]: [COLOR Yellow]$INFO[Window(Home).Property(RecentEpisode.5.Title)][/COLOR] שם הפרק: </label>
            <label2>$INFO[Window(Home).Property(RecentEpisode.5.Plot)]</label2>
            <thumb>$INFO[Window(Home).Property(RecentEpisode.5.Art(tvshow.poster))]</thumb>
            <onclick>PlayMedia($ESCINFO[Window(Home).Property(RecentEpisode.5.File)])</onclick>
			<property name="rating">$INFO[Window(Home).Property(RecentEpisode.5.Rating)]</property>
          </item>
          <item id="6" description="Episodes6">
            <visible>!IsEmpty(Window(Home).Property(RecentEpisode.6.Path))</visible>
            <label>[COLOR Yellow]$INFO[Window(Home).Property(RecentEpisode.6.Season)][/COLOR] • $LOCALIZE[20373]: [COLOR Yellow]$INFO[Window(Home).Property(RecentEpisode.6.Episode)][/COLOR] • $LOCALIZE[20452]: [COLOR Yellow]$INFO[Window(Home).Property(RecentEpisode.6.Title)][/COLOR] שם הפרק: </label>
            <label2>$INFO[Window(Home).Property(RecentEpisode.6.Plot)]</label2>
            <thumb>$INFO[Window(Home).Property(RecentEpisode.6.Art(tvshow.poster))]</thumb>
            <onclick>PlayMedia($ESCINFO[Window(Home).Property(RecentEpisode.6.File)])</onclick>
			<property name="rating">$INFO[Window(Home).Property(RecentEpisode.6.Rating)]</property>
          </item>
          <item id="7" description="Episodes7">
            <visible>!IsEmpty(Window(Home).Property(RecentEpisode.7.Path))</visible>
            <label>[COLOR Yellow]$INFO[Window(Home).Property(RecentEpisode.7.Season)][/COLOR] • $LOCALIZE[20373]: [COLOR Yellow]$INFO[Window(Home).Property(RecentEpisode.7.Episode)][/COLOR] • $LOCALIZE[20452]: [COLOR Yellow]$INFO[Window(Home).Property(RecentEpisode.7.Title)][/COLOR] שם הפרק: </label>
            <label2>$INFO[Window(Home).Property(RecentEpisode.7.Plot)]</label2>
            <thumb>$INFO[Window(Home).Property(RecentEpisode.7.Art(tvshow.poster))]</thumb>
            <onclick>PlayMedia($ESCINFO[Window(Home).Property(RecentEpisode.7.File)])</onclick>
			<property name="rating">$INFO[Window(Home).Property(RecentEpisode.7.Rating)]</property>
          </item>
          <item id="8" description="Episodes8">
            <visible>!IsEmpty(Window(Home).Property(RecentEpisode.8.Path))</visible>
            <label>[COLOR Yellow]$INFO[Window(Home).Property(RecentEpisode.8.Season)][/COLOR] • $LOCALIZE[20373]: [COLOR Yellow]$INFO[Window(Home).Property(RecentEpisode.8.Episode)][/COLOR] • $LOCALIZE[20452]: [COLOR Yellow]$INFO[Window(Home).Property(RecentEpisode.8.Title)][/COLOR] שם הפרק: </label>
            <label2>$INFO[Window(Home).Property(RecentEpisode.8.Plot)]</label2>
            <thumb>$INFO[Window(Home).Property(RecentEpisode.8.Art(tvshow.poster))]</thumb>
            <onclick>PlayMedia($ESCINFO[Window(Home).Property(RecentEpisode.8.File)])</onclick>
			<property name="rating">$INFO[Window(Home).Property(RecentEpisode.8.Rating)]</property>
          </item>
          <item id="9" description="Episodes9">
            <visible>!IsEmpty(Window(Home).Property(RecentEpisode.9.Path))</visible>
            <label>[COLOR Yellow]$INFO[Window(Home).Property(RecentEpisode.9.Season)][/COLOR] • $LOCALIZE[20373]: [COLOR Yellow]$INFO[Window(Home).Property(RecentEpisode.9.Episode)][/COLOR] • $LOCALIZE[20452]: [COLOR Yellow]$INFO[Window(Home).Property(RecentEpisode.9.Title)][/COLOR] שם הפרק: </label>
            <label2>$INFO[Window(Home).Property(RecentEpisode.9.Plot)]</label2>
            <thumb>$INFO[Window(Home).Property(RecentEpisode.9.Art(tvshow.poster))]</thumb>
            <onclick>PlayMedia($ESCINFO[Window(Home).Property(RecentEpisode.9.File)])</onclick>
			<property name="rating">$INFO[Window(Home).Property(RecentEpisode.9.Rating)]</property>
          </item>
          <item id="10" description="Episodes10">
            <visible>!IsEmpty(Window(Home).Property(RecentEpisode.10.Path))</visible>
            <label>[COLOR Yellow]$INFO[Window(Home).Property(RecentEpisode.10.Season)][/COLOR] • $LOCALIZE[20373]: [COLOR Yellow]$INFO[Window(Home).Property(RecentEpisode.10.Episode)][/COLOR] • $LOCALIZE[20452]: [COLOR Yellow]$INFO[Window(Home).Property(RecentEpisode.10.Title)][/COLOR] שם הפרק: </label>
            <label2>$INFO[Window(Home).Property(RecentEpisode.10.Plot)]</label2>
            <thumb>$INFO[Window(Home).Property(RecentEpisode.10.Art(tvshow.poster))]</thumb>
            <onclick>PlayMedia($ESCINFO[Window(Home).Property(RecentEpisode.10.File)])</onclick>
			<property name="rating">$INFO[Window(Home).Property(RecentEpisode.10.Rating)]</property>
          </item>
        </content>
      </control>
    </control>
  </include>
  <include name="TV_WL" description="ייחוד כותרות עליונות-סדרות בתהליך">
    <control type="group">
      <visible>Library.HasContent(TVShows)</visible>
      <control type="panel" id="312" description="פנל מדף סדרות בתהליך">
        <visible>[Library.HasContent(TVShows) | Skin.HasSetting(TVShelf_Watchlist)] + [Container(9000).HasFocus(341) | Control.HasFocus(312)] + !Player.HasVideo</visible>
        <onup>9009</onup>
        <ondown>9000</ondown>
        <onleft>312</onleft>
        <onright>312</onright>
        <include>MoviesShortcutsCommons</include>
        <content>
		  <item id="0" description="חפש/הוסף סדרות">
            <visible>false</visible>
            <thumb>icons/se.png</thumb>
            <label>$LOCALIZE[73210]</label>
            <onclick>noop</onclick>
          </item>
          <item id="1" description="Episodes1">
            <visible>!IsEmpty(Window(Home).Property(RecommendedEpisode.1.Title))</visible>
            <label>[COLOR Yellow]$INFO[Window(Home).Property(RecommendedEpisode.1.Season)][/COLOR] • $LOCALIZE[20373]: [COLOR Yellow]$INFO[Window(Home).Property(RecommendedEpisode.1.Episode)][/COLOR] • $LOCALIZE[20452]: [COLOR Yellow]$INFO[Window(Home).Property(RecommendedEpisode.1.Title)][/COLOR] שם הפרק: </label>
            <label2>$INFO[Window(Home).Property(RecommendedEpisode.1.Plot)]</label2>
            <thumb>$INFO[Window(Home).Property(RecommendedEpisode.1.Art(tvshow.poster))]</thumb>
            <onclick>PlayMedia($ESCINFO[Window(Home).Property(RecommendedEpisode.1.File)])</onclick>
			<property name="rating">$INFO[Window(Home).Property(RecommendedEpisode.1.Rating)]</property>
          </item>
          <item id="2" description="Episodes2">
            <visible>!IsEmpty(Window(Home).Property(RecommendedEpisode.2.Title))</visible>
            <label>[COLOR Yellow]$INFO[Window(Home).Property(RecommendedEpisode.2.Season)][/COLOR] • $LOCALIZE[20373]: [COLOR Yellow]$INFO[Window(Home).Property(RecommendedEpisode.2.Episode)][/COLOR] • $LOCALIZE[20452]: [COLOR Yellow]$INFO[Window(Home).Property(RecommendedEpisode.2.Title)][/COLOR] שם הפרק: </label>
            <label2>$INFO[Window(Home).Property(RecommendedEpisode.2.Plot)]</label2>
            <thumb>$INFO[Window(Home).Property(RecommendedEpisode.2.Art(tvshow.poster))]</thumb>
            <onclick>PlayMedia($ESCINFO[Window(Home).Property(RecommendedEpisode.2.File)])</onclick>
			<property name="rating">$INFO[Window(Home).Property(RecommendedEpisode.2.Rating)]</property>
          </item>
          <item id="3" description="Episodes3">
            <visible>!IsEmpty(Window(Home).Property(RecommendedEpisode.3.Title))</visible>
            <label>[COLOR Yellow]$INFO[Window(Home).Property(RecommendedEpisode.3.Season)][/COLOR] • $LOCALIZE[20373]: [COLOR Yellow]$INFO[Window(Home).Property(RecommendedEpisode.3.Episode)][/COLOR] • $LOCALIZE[20452]: [COLOR Yellow]$INFO[Window(Home).Property(RecommendedEpisode.3.Title)][/COLOR] שם הפרק: </label>
            <label2>$INFO[Window(Home).Property(RecommendedEpisode.3.Plot)]</label2>
            <thumb>$INFO[Window(Home).Property(RecommendedEpisode.3.Art(tvshow.poster))]</thumb>
            <onclick>PlayMedia($ESCINFO[Window(Home).Property(RecommendedEpisode.3.File)])</onclick>
			<property name="rating">$INFO[Window(Home).Property(RecommendedEpisode.3.Rating)]</property>
          </item>
          <item id="4" description="Episodes4">
            <visible>!IsEmpty(Window(Home).Property(RecommendedEpisode.4.Title))</visible>
            <label>[COLOR Yellow]$INFO[Window(Home).Property(RecommendedEpisode.4.Season)][/COLOR] • $LOCALIZE[20373]: [COLOR Yellow]$INFO[Window(Home).Property(RecommendedEpisode.4.Episode)][/COLOR] • $LOCALIZE[20452]: [COLOR Yellow]$INFO[Window(Home).Property(RecommendedEpisode.4.Title)][/COLOR] שם הפרק: </label>
            <label2>$INFO[Window(Home).Property(RecommendedEpisode.4.Plot)]</label2>
            <thumb>$INFO[Window(Home).Property(RecommendedEpisode.4.Art(tvshow.poster))]</thumb>
            <onclick>PlayMedia($ESCINFO[Window(Home).Property(RecommendedEpisode.4.File)])</onclick>
			<property name="rating">$INFO[Window(Home).Property(RecommendedEpisode.4.Rating)]</property>
          </item>
          <item id="5" description="Episodes5">
            <visible>!IsEmpty(Window(Home).Property(RecommendedEpisode.5.Title))</visible>
            <label>[COLOR Yellow]$INFO[Window(Home).Property(RecommendedEpisode.5.Season)][/COLOR] • $LOCALIZE[20373]: [COLOR Yellow]$INFO[Window(Home).Property(RecommendedEpisode.5.Episode)][/COLOR] • $LOCALIZE[20452]: [COLOR Yellow]$INFO[Window(Home).Property(RecommendedEpisode.5.Title)][/COLOR] שם הפרק: </label>
            <label2>$INFO[Window(Home).Property(RecommendedEpisode.5.Plot)]</label2>
            <thumb>$INFO[Window(Home).Property(RecommendedEpisode.5.Art(tvshow.poster))]</thumb>
            <onclick>PlayMedia($ESCINFO[Window(Home).Property(RecommendedEpisode.5.File)])</onclick>
			<property name="rating">$INFO[Window(Home).Property(RecommendedEpisode.5.Rating)]</property>
          </item>
          <item id="6" description="Episodes6">
            <visible>!IsEmpty(Window(Home).Property(RecommendedEpisode.6.Title))</visible>
            <label>[COLOR Yellow]$INFO[Window(Home).Property(RecommendedEpisode.6.Season)][/COLOR] • $LOCALIZE[20373]: [COLOR Yellow]$INFO[Window(Home).Property(RecommendedEpisode.6.Episode)][/COLOR] • $LOCALIZE[20452]: [COLOR Yellow]$INFO[Window(Home).Property(RecommendedEpisode.6.Title)][/COLOR] שם הפרק: </label>
            <label2>$INFO[Window(Home).Property(RecommendedEpisode.6.Plot)]</label2>
            <thumb>$INFO[Window(Home).Property(RecommendedEpisode.6.Art(tvshow.poster))]</thumb>
            <onclick>PlayMedia($ESCINFO[Window(Home).Property(RecommendedEpisode.6.File)])</onclick>
			<property name="rating">$INFO[Window(Home).Property(RecommendedEpisode.6.Rating)]</property>
          </item>
          <item id="7" description="Episodes7">
            <visible>!IsEmpty(Window(Home).Property(RecommendedEpisode.7.Title))</visible>
            <label>[COLOR Yellow]$INFO[Window(Home).Property(RecommendedEpisode.7.Season)][/COLOR] • $LOCALIZE[20373]: [COLOR Yellow]$INFO[Window(Home).Property(RecommendedEpisode.7.Episode)][/COLOR] • $LOCALIZE[20452]: [COLOR Yellow]$INFO[Window(Home).Property(RecommendedEpisode.7.Title)][/COLOR] שם הפרק: </label>
            <label2>$INFO[Window(Home).Property(RecommendedEpisode.7.Plot)]</label2>
            <thumb>$INFO[Window(Home).Property(RecommendedEpisode.7.Art(tvshow.poster))]</thumb>
            <onclick>PlayMedia($ESCINFO[Window(Home).Property(RecommendedEpisode.7.File)])</onclick>
			<property name="rating">$INFO[Window(Home).Property(RecommendedEpisode.7.Rating)]</property>
          </item>
          <item id="8" description="Episodes8">
            <visible>!IsEmpty(Window(Home).Property(RecommendedEpisode.8.Title))</visible>
            <label>[COLOR Yellow]$INFO[Window(Home).Property(RecommendedEpisode.8.Season)][/COLOR] • $LOCALIZE[20373]: [COLOR Yellow]$INFO[Window(Home).Property(RecommendedEpisode.8.Episode)][/COLOR] • $LOCALIZE[20452]: [COLOR Yellow]$INFO[Window(Home).Property(RecommendedEpisode.8.Title)][/COLOR] שם הפרק: </label>
            <label2>$INFO[Window(Home).Property(RecommendedEpisode.8.Plot)]</label2>
            <thumb>$INFO[Window(Home).Property(RecommendedEpisode.8.Art(tvshow.poster))]</thumb>
            <onclick>PlayMedia($ESCINFO[Window(Home).Property(RecommendedEpisode.8.File)])</onclick>
			<property name="rating">$INFO[Window(Home).Property(RecommendedEpisode.8.Rating)]</property>
          </item>
          <item id="9" description="Episodes9">
            <visible>!IsEmpty(Window(Home).Property(RecommendedEpisode.9.Title))</visible>
            <label>[COLOR Yellow]$INFO[Window(Home).Property(RecommendedEpisode.9.Season)][/COLOR] • $LOCALIZE[20373]: [COLOR Yellow]$INFO[Window(Home).Property(RecommendedEpisode.9.Episode)][/COLOR] • $LOCALIZE[20452]: [COLOR Yellow]$INFO[Window(Home).Property(RecommendedEpisode.9.Title)][/COLOR] שם הפרק: </label>
            <label2>$INFO[Window(Home).Property(RecommendedEpisode.9.Plot)]</label2>
            <thumb>$INFO[Window(Home).Property(RecommendedEpisode.9.Art(tvshow.poster))]</thumb>
            <onclick>PlayMedia($ESCINFO[Window(Home).Property(RecommendedEpisode.9.File)])</onclick>
			<property name="rating">$INFO[Window(Home).Property(RecommendedEpisode.9.Rating)]</property>
          </item>
          <item id="10" description="Episodes10">
            <visible>!IsEmpty(Window(Home).Property(RecommendedEpisode.10.Title))</visible>
            <label>[COLOR Yellow]$INFO[Window(Home).Property(RecommendedEpisode.10.Season)][/COLOR] • $LOCALIZE[20373]: [COLOR Yellow]$INFO[Window(Home).Property(RecommendedEpisode.10.Episode)][/COLOR] • $LOCALIZE[20452]: [COLOR Yellow]$INFO[Window(Home).Property(RecommendedEpisode.10.Title)][/COLOR] שם הפרק: </label>
            <label2>$INFO[Window(Home).Property(RecommendedEpisode.10.Plot)]</label2>
            <thumb>$INFO[Window(Home).Property(RecommendedEpisode.10.Art(tvshow.poster))]</thumb>
            <onclick>PlayMedia($ESCINFO[Window(Home).Property(RecommendedEpisode.10.File)])</onclick>
			<property name="rating">$INFO[Window(Home).Property(RecommendedEpisode.10.Rating)]</property>
          </item>
        </content>
      </control>
    </control>
  </include>
  <include name="Israel_TV" description="ייחוד כותרות עליונות - סדרות ישראליות">
    <control type="group">
      <control type="panel" id="313" description="TOP Shortcuts">
        <visible>Container(9000).HasFocus(342) | Control.HasFocus(313)</visible>
		<include>4ways2</include>
        <include condition="!Player.HasVideo">SquareShortcutsCommons</include>
		<include condition="Player.HasVideo">SquareShortcutsSpecial</include>
        <content>
		  <item id="20" description="מאקו">
            <visible>!Skin.HasSetting(IsraelTV.20)</visible>
			<thumb>icons/makoTV.png</thumb>
            <label>$LOCALIZE[79002]</label>
			<onclick>RunAddon(plugin.video.makoTV.video)</onclick>
          </item>
		  <item id="21" description="">
            <visible>!Skin.HasSetting(IsraelTV.21)</visible>
            <thumb>misc/logo/logo9.png</thumb>
            <label>...</label>
			<onclick>noop</onclick>
          </item>
		  <item id="22" description="רשת">
            <visible>!Skin.HasSetting(IsraelTV.22)</visible>
            <thumb>$INFO[system.addonicon(plugin.video.reshet.video)]</thumb>
            <label>$LOCALIZE[79003]</label>
			<onclick>RunAddon(plugin.video.reshet.video)</onclick>
          </item>
		  <item id="23" description="">
            <visible>!Skin.HasSetting(IsraelTV.23)</visible>
            <thumb>misc/logo/logo9.png</thumb>
            <label>...</label>
			<onclick>noop</onclick>
          </item>
		  <item id="24" description="ערוצי טלוויזיה">
            <visible>!Skin.HasSetting(IsraelTV.24)</visible>
            <thumb>icons/htpttv.png</thumb>
            <label>$LOCALIZE[19023]</label>
			<!--<onclick condition="System.Platform.Linux | System.Platform.Linux.RaspberryPi">ActivateWindow(10025,&quot;plugin://plugin.video.live.streams/?fanart=%2fstorage%2fadminHTPT%2fPictures%2fhtpt_fanart.jpg&amp;mode=2&amp;name=%d7%a2%d7%a8%d7%95%d7%a6%d7%99%d7%9d%20%d7%91%d7%a2%d7%91%d7%a8%d7%99%d7%aa&amp;url=%2fstorage%2f.xbmc%2faddons%2fskin.htpt%2fspecials%2fmyHTPT.xml&quot;,return)</onclick>
			<onclick condition="System.Platform.Windows">ActivateWindow(10025,&quot;plugin://plugin.video.live.streams/?fanart=%2fstorage%2fadminHTPT%2fPictures%2fhtpt_fanart.jpg&amp;mode=2&amp;name=%d7%a2%d7%a8%d7%95%d7%a6%d7%99%d7%9d%20%d7%91%d7%a2%d7%91%d7%a8%d7%99%d7%aa&amp;url=smb%3a%2f%2fGAL-PC%2fstorage%2faddons%2fskin.htpt%2fspecials%2fmyHTPT.xml&quot;,return)</onclick>-->
			<onclick>RunAddon(plugin.video.live.streamspro)</onclick>
          </item>
		  <item id="25" description="">
            <visible>!Skin.HasSetting(IsraelTV.25)</visible>
            <thumb>misc/logo/logo9.png</thumb>
            <label>...</label>
			<onclick>noop</onclick>
          </item>
		  <item id="26" description="חדשות 2">
            <visible>!Skin.HasSetting(IsraelTV.26)</visible>
            <thumb>icons/c22n.jpg</thumb>
            <label>$LOCALIZE[79004]</label>
			<onclick>PlayMedia(&quot;plugin://plugin.video.live.streamspro/?url=rtsp%3A%2F%2Fs3yfl.castup.net%3A1935%2F993850064-123.flv%2F_definst_&amp;mode=12&quot;)</onclick>
          </item>
		  <item id="27" description="ערוץ 10">
            <visible>!Skin.HasSetting(IsraelTV.27)</visible>
            <thumb>icons/c10.jpg</thumb>
            <label>$LOCALIZE[79005]</label>
			<onclick>PlayMedia(&quot;plugin://plugin.video.live.streamspro/?url=rtmp%3A%2F%2F212.150.102.229%3A1935%2Flive%2F_definst_%2F_definst_&amp;mode=12&quot;)</onclick>
          </item>
		  <item id="28" description="ערוץ 11">
            <visible>!Skin.HasSetting(IsraelTV.28)</visible>
            <thumb>icons/c11.jpg</thumb>
            <label>$LOCALIZE[79006]</label>
			<onclick>PlayMedia(&quot;plugin://plugin.video.live.streamspro/?url=rtmp%3A%2F%2Fs3ufl.castup.net%3A1935%2F990310102-123.flv%2F_definst_%2F&amp;mode=12&quot;)</onclick>
          </item>		  	
		  <item id="29" description="ערוץ 22">
            <visible>!Skin.HasSetting(IsraelTV.29)</visible>
            <thumb>icons/c22.jpg</thumb>
            <label>$LOCALIZE[79007]</label>
			<onclick>PlayMedia(&quot;plugin://plugin.video.live.streamspro/?url=rtsp%3A%2F%2Fs3yfl.castup.net%3A1935%2F993850067-123.flv%2F_definst_&amp;mode=12&quot;)</onclick>
          </item>
		  <item id="30" description="ערוץ רמזור">
            <visible>!Skin.HasSetting(IsraelTV.30)</visible>
            <thumb>icons/ramzor.jpg</thumb>
            <label>$LOCALIZE[79008]</label>
			<onclick>PlayMedia(&quot;plugin://plugin.video.live.streamspro/?url=rtmp%3A%2F%2Fs3ifl.castup.net%3A1935%2F993850086-123.flv%2F_definst_%2F_definst_&amp;mode=12&quot;)</onclick>
          </item>
          <item id="1" description="Addons">
            <visible>Skin.HasSetting(IsraelTV_Custom)</visible>
            <visible>!IsEmpty(Skin.String(IsraelTV.1.Label))</visible>
            <label>$INFO[system.addontitle(Skin.String(IsraelTV.1.Label))]</label>
            <thumb>$INFO[system.addonicon(Skin.String(IsraelTV.1.Label))]</thumb>
            <onclick>RunAddon($INFO[Skin.String(IsraelTV.1.Label)])</onclick>
            <property name="ItemType">$LOCALIZE[111]</property>
          </item>
          <item id="2" description="Addons">
            <visible>Skin.HasSetting(IsraelTV_Custom)</visible>
            <visible>!IsEmpty(Skin.String(IsraelTV.2.Label))</visible>
            <label>$INFO[system.addontitle(Skin.String(IsraelTV.2.Label))]</label>
            <thumb>$INFO[system.addonicon(Skin.String(IsraelTV.2.Label))]</thumb>
            <onclick>RunAddon($INFO[Skin.String(IsraelTV.2.Label)])</onclick>
            <property name="ItemType">$LOCALIZE[111]</property>
          </item>
          <item id="3" description="Addons">
            <visible>Skin.HasSetting(IsraelTV_Custom)</visible>
            <visible>!IsEmpty(Skin.String(IsraelTV.3.Label))</visible>
            <label>$INFO[system.addontitle(Skin.String(IsraelTV.3.Label))]</label>
            <thumb>$INFO[system.addonicon(Skin.String(IsraelTV.3.Label))]</thumb>
            <onclick>RunAddon($INFO[Skin.String(IsraelTV.3.Label)])</onclick>
            <property name="ItemType">$LOCALIZE[111]</property>
          </item>
          <item id="4" description="Addons">
            <visible>Skin.HasSetting(IsraelTV_Custom)</visible> 
            <visible>!IsEmpty(Skin.String(IsraelTV.4.Label))</visible>
            <label>$INFO[system.addontitle(Skin.String(IsraelTV.4.Label))]</label>
            <thumb>$INFO[system.addonicon(Skin.String(IsraelTV.4.Label))]</thumb>
            <onclick>RunAddon($INFO[Skin.String(IsraelTV.4.Label)])</onclick>
            <property name="ItemType">$LOCALIZE[111]</property>
          </item>
          <item id="5" description="Addons">
            <visible>Skin.HasSetting(IsraelTV_Custom)</visible>
            <visible>!IsEmpty(Skin.String(IsraelTV.5.Label))</visible>
            <label>$INFO[system.addontitle(Skin.String(IsraelTV.5.Label))]</label>
            <thumb>$INFO[system.addonicon(Skin.String(IsraelTV.5.Label))]</thumb>
            <onclick>RunAddon($INFO[Skin.String(IsraelTV.5.Label)])</onclick>
            <property name="ItemType">$LOCALIZE[111]</property>
          </item>
          <item id="11" description="Fav">
            <visible>Skin.HasSetting(IsraelTV_Custom)</visible>
            <visible>!IsEmpty(Skin.String(IsraelTV.11.Path))</visible>
            <label>$INFO[Skin.String(IsraelTV.11.Label)]</label>
            <thumb>$INFO[Skin.String(IsraelTV.11.Icon)]</thumb>
            <onclick>$INFO[Skin.String(IsraelTV.11.Path)]</onclick>
            <property name="ItemType">$LOCALIZE[111]</property>
          </item>
          <item id="12" description="Fav">
            <visible>Skin.HasSetting(IsraelTV_Custom)</visible>
            <visible>!IsEmpty(Skin.String(IsraelTV.12.Path))</visible>
            <label>$INFO[Skin.String(IsraelTV.12.Label)]</label>
            <thumb>$INFO[Skin.String(IsraelTV.12.Icon)]</thumb>
            <onclick>$INFO[Skin.String(IsraelTV.12.Path)]</onclick>
            <property name="ItemType">$LOCALIZE[111]</property>
          </item>
          <item id="13" description="Fav">
            <visible>Skin.HasSetting(IsraelTV_Custom)</visible>
            <visible>!IsEmpty(Skin.String(IsraelTV.13.Path))</visible>
            <label>$INFO[Skin.String(IsraelTV.13.Label)]</label>
            <thumb>$INFO[Skin.String(IsraelTV.13.Icon)]</thumb>
            <onclick>$INFO[Skin.String(IsraelTV.13.Path)]</onclick>
            <property name="ItemType">$LOCALIZE[111]</property>
          </item>
          <item id="14" description="Fav">
            <visible>Skin.HasSetting(IsraelTV_Custom)</visible>
            <visible>!IsEmpty(Skin.String(IsraelTV.14.Path))</visible>
            <label>$INFO[Skin.String(IsraelTV.14.Label)]</label>
            <thumb>$INFO[Skin.String(IsraelTV.14.Icon)]</thumb>
            <onclick>$INFO[Skin.String(IsraelTV.14.Path)]</onclick>
            <property name="ItemType">$LOCALIZE[111]</property>
          </item>
          <item id="15" description="Fav">
            <visible>Skin.HasSetting(IsraelTV_Custom)</visible>
            <visible>!IsEmpty(Skin.String(IsraelTV.15.Path))</visible>
            <label>$INFO[Skin.String(IsraelTV.15.Label)]</label>
            <thumb>$INFO[Skin.String(IsraelTV.15.Icon)]</thumb>
            <onclick>$INFO[Skin.String(IsraelTV.15.Path)]</onclick>
            <property name="ItemType">$LOCALIZE[111]</property>
          </item>
        </content>
      </control>
    </control>
  </include>
  <include name="YouTube_Shortcuts" description="יו-טיוב">
    <control type="group">
      <control type="panel" id="315" description="">
        <visible>Container(9000).HasFocus(343) | Control.HasFocus(315)</visible>
		<include>4ways2</include>
        <include condition="!Player.HasVideo">SquareShortcutsCommons</include>
		<include condition="Player.HasVideo">SquareShortcutsSpecial</include>
        <content>
		  <item id="20" description="הופעות חיות">
            <visible>!Skin.HasSetting(YouTube.20)</visible>
            <thumb>icons/liveshows.png</thumb>
            <label>$LOCALIZE[79009]</label>
			<onclick>ActivateWindow(videos,&quot;special://skin/specials/livemusicshows/&quot;,return)</onclick>
          </item>
		  <item id="21" description="">
            <visible>!Skin.HasSetting(YouTube.21)</visible>
            <thumb>misc/logo/logo9.png</thumb>
            <label>...</label>
			<onclick>noop</onclick>
          </item>
		  <item id="22" description="המיטב של יו-טיוב">
            <visible>!Skin.HasSetting(YouTube.22)</visible>
            <thumb>$INFO[system.addonicon(plugin.video.bestofyoutube_com)]</thumb>
            <label>$LOCALIZE[79010]</label>
			<onclick>ActivateWindow(10025,&quot;plugin://plugin.video.bestofyoutube_com/?mode=listVideos&url=http%3a%2f%2fwww.bestofyoutube.com&quot;,return)</onclick>
			<onclick>RunAddon(plugin.video.bestofyoutube_com)</onclick>
          </item>
		  <item id="23" description="טסט-טיוב">
            <visible>!Skin.HasSetting(YouTube.23)</visible>
            <thumb>$INFO[system.addonicon(plugin.video.testtube)]</thumb>
            <label>$LOCALIZE[79011]</label>
			<onclick>ActivateWindow(10025,&quot;plugin://plugin.video.testtube/?mode=1&amp;name=Most%20Recent&amp;slug=None&amp;url=http%3a%2f%2ftesttube.com%2fapi%2fgetEpisodes.json%3fapi_key%3db0f696ff343bea53db564b4f54d47f19889abeaf%26grouping%3dlatest&quot;,return)</onclick>
			<onclick>RunAddon(plugin.video.testtube)</onclick>
          </item>
		  <item id="24" description="ערוצי יו-טיוב">
            <visible>!Skin.HasSetting(YouTube.24)</visible>
            <thumb>$INFO[system.addonicon(plugin.video.youtube.channels)]</thumb>
            <label>$LOCALIZE[79012]</label>
            <onclick>ActivateWindow(10025,&quot;plugin://plugin.video.youtube.channels/?mode=myChannels&amp;url&quot;,return)</onclick>
			<onclick>RunAddon(plugin.video.youtube.channels)</onclick>
          </item>
		  <item id="25" description="">
            <visible>!Skin.HasSetting(YouTube.25)</visible>
            <thumb>misc/logo/logo9.png</thumb>
            <label>...</label>
			<onclick>noop</onclick>
          </item>
		  <item id="26" description="">
            <visible>!Skin.HasSetting(YouTube.26)</visible>
            <thumb>misc/logo/logo9.png</thumb>
            <label>...</label>
			<onclick>noop</onclick>
          </item>
		  <item id="27" description="מתיחות עולמיות">
            <visible>!Skin.HasSetting(YouTube.27)</visible>
            <thumb>$INFO[system.addonicon(plugin.video.improveverywhere)]</thumb>
            <label>$LOCALIZE[79013]</label>
			<onclick>RunAddon(plugin.video.improveverywhere)</onclick>
          </item>	
		  <item id="28" description="TED הרצאות">
            <visible>!Skin.HasSetting(YouTube.28)</visible>
            <thumb>$INFO[system.addonicon(plugin.video.ted.talks)]</thumb>
            <label>$LOCALIZE[79014]</label>
			<onclick>ActivateWindow(10025,&quot;plugin://plugin.video.ted.talks/?mode=newTalksRss&quot;,return)</onclick>			
			<!--<onclick>RunAddon(plugin.video.ted.talks)</onclick>-->
          </item>		  	
		  <item id="29" description="דיסקברי">
            <visible>!Skin.HasSetting(YouTube.29)</visible>
            <thumb>$INFO[system.addonicon(plugin.video.discovery_com)]</thumb>
            <label>$LOCALIZE[79015]</label>		
			<onclick>RunAddon(plugin.video.discovery_com)</onclick>
          </item>	
		  <item id="30" description="">
            <visible>!Skin.HasSetting(YouTube.30)</visible>
            <thumb>misc/logo/logo9.png</thumb>
            <label>...</label>
			<onclick>noop</onclick>
          </item>	  
          <item id="1" description="Addons">
            <visible>Skin.HasSetting(YouTube_Custom)</visible>
            <visible>!IsEmpty(Skin.String(YouTube.1.Label))</visible>
            <label>$INFO[system.addontitle(Skin.String(YouTube.1.Label))]</label>
            <thumb>$INFO[system.addonicon(Skin.String(YouTube.1.Label))]</thumb>
            <onclick>RunAddon($INFO[Skin.String(YouTube.1.Label)])</onclick>
            <property name="ItemType">$LOCALIZE[111]</property>
          </item>
          <item id="2" description="Addons">
            <visible>Skin.HasSetting(YouTube_Custom)</visible>
            <visible>!IsEmpty(Skin.String(YouTube.2.Label))</visible>
            <label>$INFO[system.addontitle(Skin.String(YouTube.2.Label))]</label>
            <thumb>$INFO[system.addonicon(Skin.String(YouTube.2.Label))]</thumb>
            <onclick>RunAddon($INFO[Skin.String(YouTube.2.Label)])</onclick>
            <property name="ItemType">$LOCALIZE[111]</property>
          </item>
          <item id="3" description="Addons">
            <visible>Skin.HasSetting(YouTube_Custom)</visible>
            <visible>!IsEmpty(Skin.String(YouTube.3.Label))</visible>
            <label>$INFO[system.addontitle(Skin.String(YouTube.3.Label))]</label>
            <thumb>$INFO[system.addonicon(Skin.String(YouTube.3.Label))]</thumb>
            <onclick>RunAddon($INFO[Skin.String(YouTube.3.Label)])</onclick>
            <property name="ItemType">$LOCALIZE[111]</property>
          </item>
          <item id="4" description="Addons">
            <visible>Skin.HasSetting(YouTube_Custom)</visible> 
            <visible>!IsEmpty(Skin.String(YouTube.4.Label))</visible>
            <label>$INFO[system.addontitle(Skin.String(YouTube.4.Label))]</label>
            <thumb>$INFO[system.addonicon(Skin.String(YouTube.4.Label))]</thumb>
            <onclick>RunAddon($INFO[Skin.String(YouTube.4.Label)])</onclick>
            <property name="ItemType">$LOCALIZE[111]</property>
          </item>
          <item id="5" description="Addons">
            <visible>Skin.HasSetting(YouTube_Custom)</visible>
            <visible>!IsEmpty(Skin.String(YouTube.5.Label))</visible>
            <label>$INFO[system.addontitle(Skin.String(YouTube.5.Label))]</label>
            <thumb>$INFO[system.addonicon(Skin.String(YouTube.5.Label))]</thumb>
            <onclick>RunAddon($INFO[Skin.String(YouTube.5.Label)])</onclick>
            <property name="ItemType">$LOCALIZE[111]</property>
          </item>
          <item id="11" description="Fav">
            <visible>Skin.HasSetting(YouTube_Custom)</visible>
            <visible>!IsEmpty(Skin.String(YouTube.11.Path))</visible>
            <label>$INFO[Skin.String(YouTube.11.Label)]</label>
            <thumb>$INFO[Skin.String(YouTube.11.Icon)]</thumb>
            <onclick>$INFO[Skin.String(YouTube.11.Path)]</onclick>
            <property name="ItemType">$LOCALIZE[111]</property>
          </item>
          <item id="12" description="Fav">
            <visible>Skin.HasSetting(YouTube_Custom)</visible>
            <visible>!IsEmpty(Skin.String(YouTube.12.Path))</visible>
            <label>$INFO[Skin.String(YouTube.12.Label)]</label>
            <thumb>$INFO[Skin.String(YouTube.12.Icon)]</thumb>
            <onclick>$INFO[Skin.String(YouTube.12.Path)]</onclick>
            <property name="ItemType">$LOCALIZE[111]</property>
          </item>
          <item id="13" description="Fav">
            <visible>Skin.HasSetting(YouTube_Custom)</visible>
            <visible>!IsEmpty(Skin.String(YouTube.13.Path))</visible>
            <label>$INFO[Skin.String(YouTube.13.Label)]</label>
            <thumb>$INFO[Skin.String(YouTube.13.Icon)]</thumb>
            <onclick>$INFO[Skin.String(YouTube.13.Path)]</onclick>
            <property name="ItemType">$LOCALIZE[111]</property>
          </item>
          <item id="14" description="Fav">
            <visible>Skin.HasSetting(YouTube_Custom)</visible>
            <visible>!IsEmpty(Skin.String(YouTube.14.Path))</visible>
            <label>$INFO[Skin.String(YouTube.14.Label)]</label>
            <thumb>$INFO[Skin.String(YouTube.14.Icon)]</thumb>
            <onclick>$INFO[Skin.String(YouTube.14.Path)]</onclick>
            <property name="ItemType">$LOCALIZE[111]</property>
          </item>
          <item id="15" description="Fav">
            <visible>Skin.HasSetting(YouTube_Custom)</visible>
            <visible>!IsEmpty(Skin.String(YouTube.15.Path))</visible>
            <label>$INFO[Skin.String(YouTube.15.Label)]</label>
            <thumb>$INFO[Skin.String(YouTube.15.Icon)]</thumb>
            <onclick>$INFO[Skin.String(YouTube.15.Path)]</onclick>
            <property name="ItemType">$LOCALIZE[111]</property>
          </item>
        </content>
      </control>
    </control>
  </include>
  <include name="GoPro_Shortcuts" description="ייחוד כותרות עליונות - גו-פרו">
    <control type="group">
      <control type="panel" id="314" description="פנל">
        <visible>Container(9000).HasFocus(344) | Control.HasFocus(314)</visible>
		<include>4ways2</include>
        <include condition="!Player.HasVideo">SquareShortcutsCommons</include>
		<include condition="Player.HasVideo">SquareShortcutsSpecial</include>
        <content>
		  <item id="20" description="ספורט אקסטרים">
            <visible>!Skin.HasSetting(GoPro.20)</visible>
            <thumb>$INFO[system.addonicon(plugin.video.extreme.com)]</thumb>
            <label>$LOCALIZE[79016]</label>
			<onclick>ActivateWindow(10025,&quot;plugin://plugin.video.extreme.com/?action=videos_all&quot;,return)</onclick>
			<onclick>RunAddon(plugin.video.extreme.com)</onclick>
          </item>
		  <item id="21" description="כדורגל">
            <visible>!Skin.HasSetting(GoPro.21)</visible>
            <thumb>$INFO[system.addonicon(plugin.video.football.today)]</thumb>
            <label>$LOCALIZE[19551]</label>
			<onclick>ActivateWindow(10025,&quot;plugin://plugin.video.football.today/?action=videos_games&quot;,return)</onclick>
			<onclick>RunAddon(plugin.video.football.today)</onclick>
          </item>
		  <item id="22" description="כדורסל">
            <visible>!Skin.HasSetting(GoPro.22)</visible>
            <thumb>$INFO[system.addonicon(plugin.video.nbaondemand)]</thumb>
            <label>$LOCALIZE[79017]</label>
			<onclick>ActivateWindow(10025,&quot;plugin://plugin.video.nbaondemand/?action=videos_added&quot;,return,return)</onclick>
			<onclick>RunAddon(plugin.video.nbaondemand)</onclick>
          </item>
		  <item id="23" description="">
            <visible>!Skin.HasSetting(GoPro.23)</visible>
            <thumb>misc/logo/logo9.png</thumb>
            <label>...</label>
			<onclick>noop</onclick>
          </item>
		  <item id="24" description="">
            <visible>!Skin.HasSetting(GoPro.24)</visible>
            <thumb>misc/logo/logo9.png</thumb>
            <label>...</label>
			<onclick>noop</onclick>
          </item>
		  <item id="25" description="אופנועים">
            <visible>!Skin.HasSetting(GoPro.25)</visible>
            <thumb>$INFO[system.addonicon(plugin.video.the666sicco)]</thumb>
            <label>$LOCALIZE[79018]</label>
			<onclick>RunAddon(plugin.video.the666sicco)</onclick>
          </item>
		  <item id="26" description="">
            <visible>!Skin.HasSetting(GoPro.26)</visible>
            <thumb>misc/logo/logo9.png</thumb>
            <label>...</label>
			<onclick>noop</onclick>
          </item>
		  <item id="27" description="WWE">
            <visible>!Skin.HasSetting(GoPro.27)</visible>
            <thumb>$INFO[system.addonicon(plugin.video.wweonline)]</thumb>
            <label>$LOCALIZE[79019]</label>
			<!--<onclick>ActivateWindow(10025,&quot;plugin://plugin.video.wweonline/?mode=Browse&amp;page=1&amp;section=1&amp;type=New&quot;,return)</onclick>-->
			<onclick>RunAddon(plugin.video.wweonline)</onclick>
          </item>	
		  <item id="28" description="">
            <visible>!Skin.HasSetting(GoPro.28)</visible>
            <thumb>misc/logo/logo9.png</thumb>
            <label>...</label>
			<onclick>noop</onclick>
          </item>
		  <item id="29" description="פוקר">
            <visible>!Skin.HasSetting(GoPro.29)</visible>
            <thumb>$INFO[system.addonicon(plugin.video.thaakillah)]</thumb>
            <label>$LOCALIZE[79020]</label>
			<onclick>RunAddon(plugin.video.thaakillah)</onclick>
          </item>	
		  <item id="30" description="">
            <visible>!Skin.HasSetting(GoPro.30)</visible>
            <thumb>misc/logo/logo9.png</thumb>
            <label>...</label>
			<onclick>noop</onclick>
          </item>
          <item id="1" description="Addons">
            <visible>Skin.HasSetting(GoPro_Custom)</visible>
            <visible>!IsEmpty(Skin.String(GoPro.1.Label))</visible>
            <label>$INFO[system.addontitle(Skin.String(GoPro.1.Label))]</label>
            <thumb>$INFO[system.addonicon(Skin.String(GoPro.1.Label))]</thumb>
            <onclick>RunAddon($INFO[Skin.String(GoPro.1.Label)])</onclick>
            <property name="ItemType">$LOCALIZE[111]</property>
          </item>
          <item id="2" description="Addons">
            <visible>Skin.HasSetting(GoPro_Custom)</visible>
            <visible>!IsEmpty(Skin.String(GoPro.2.Label))</visible>
            <label>$INFO[system.addontitle(Skin.String(GoPro.2.Label))]</label>
            <thumb>$INFO[system.addonicon(Skin.String(GoPro.2.Label))]</thumb>
            <onclick>RunAddon($INFO[Skin.String(GoPro.2.Label)])</onclick>
            <property name="ItemType">$LOCALIZE[111]</property>
          </item>
          <item id="3" description="Addons">
            <visible>Skin.HasSetting(GoPro_Custom)</visible>
            <visible>!IsEmpty(Skin.String(GoPro.3.Label))</visible>
            <label>$INFO[system.addontitle(Skin.String(GoPro.3.Label))]</label>
            <thumb>$INFO[system.addonicon(Skin.String(GoPro.3.Label))]</thumb>
            <onclick>RunAddon($INFO[Skin.String(GoPro.3.Label)])</onclick>
            <property name="ItemType">$LOCALIZE[111]</property>
          </item>
          <item id="4" description="Addons">
            <visible>Skin.HasSetting(GoPro_Custom)</visible> 
            <visible>!IsEmpty(Skin.String(GoPro.4.Label))</visible>
            <label>$INFO[system.addontitle(Skin.String(GoPro.4.Label))]</label>
            <thumb>$INFO[system.addonicon(Skin.String(GoPro.4.Label))]</thumb>
            <onclick>RunAddon($INFO[Skin.String(GoPro.4.Label)])</onclick>
            <property name="ItemType">$LOCALIZE[111]</property>
          </item>
          <item id="5" description="Addons">
            <visible>Skin.HasSetting(GoPro_Custom)</visible>
            <visible>!IsEmpty(Skin.String(GoPro.5.Label))</visible>
            <label>$INFO[system.addontitle(Skin.String(GoPro.5.Label))]</label>
            <thumb>$INFO[system.addonicon(Skin.String(GoPro.5.Label))]</thumb>
            <onclick>RunAddon($INFO[Skin.String(GoPro.5.Label)])</onclick>
            <property name="ItemType">$LOCALIZE[111]</property>
          </item>
          <item id="11" description="Fav">
            <visible>Skin.HasSetting(GoPro_Custom)</visible>
            <visible>!IsEmpty(Skin.String(GoPro.11.Path))</visible>
            <label>$INFO[Skin.String(GoPro.11.Label)]</label>
            <thumb>$INFO[Skin.String(GoPro.11.Icon)]</thumb>
            <onclick>$INFO[Skin.String(GoPro.11.Path)]</onclick>
            <property name="ItemType">$LOCALIZE[111]</property>
          </item>
          <item id="12" description="Fav">
            <visible>Skin.HasSetting(GoPro_Custom)</visible>
            <visible>!IsEmpty(Skin.String(GoPro.12.Path))</visible>
            <label>$INFO[Skin.String(GoPro.12.Label)]</label>
            <thumb>$INFO[Skin.String(GoPro.12.Icon)]</thumb>
            <onclick>$INFO[Skin.String(GoPro.12.Path)]</onclick>
            <property name="ItemType">$LOCALIZE[111]</property>
          </item>
          <item id="13" description="Fav">
            <visible>Skin.HasSetting(GoPro_Custom)</visible>
            <visible>!IsEmpty(Skin.String(GoPro.13.Path))</visible>
            <label>$INFO[Skin.String(GoPro.13.Label)]</label>
            <thumb>$INFO[Skin.String(GoPro.13.Icon)]</thumb>
            <onclick>$INFO[Skin.String(GoPro.13.Path)]</onclick>
            <property name="ItemType">$LOCALIZE[111]</property>
          </item>
          <item id="14" description="Fav">
            <visible>Skin.HasSetting(GoPro_Custom)</visible>
            <visible>!IsEmpty(Skin.String(GoPro.14.Path))</visible>
            <label>$INFO[Skin.String(GoPro.14.Label)]</label>
            <thumb>$INFO[Skin.String(GoPro.14.Icon)]</thumb>
            <onclick>$INFO[Skin.String(GoPro.14.Path)]</onclick>
            <property name="ItemType">$LOCALIZE[111]</property>
          </item>
          <item id="15" description="Fav">
            <visible>Skin.HasSetting(GoPro_Custom)</visible>
            <visible>!IsEmpty(Skin.String(GoPro.15.Path))</visible>
            <label>$INFO[Skin.String(GoPro.15.Label)]</label>
            <thumb>$INFO[Skin.String(GoPro.15.Icon)]</thumb>
            <onclick>$INFO[Skin.String(GoPro.15.Path)]</onclick>
            <property name="ItemType">$LOCALIZE[111]</property>
          </item>
        </content>
      </control>
    </control>
  </include>
  <include name="weather_shelf" description="ייחוד כותרות עליונות - מזג אוויר">
    <control type="group">
	  <include>Fade20</include>
	  <animation condition="Container(9000).HasFocus(345) + !Player.HasVideo" effect="slide" tween="sine" easing="in" start="0,-550" end="0,0" delay="3000" time="700" reversible="true">conditonal</animation>
	  <posx>0</posx>
	  <posy>90</posy>
      <visible>Container(9000).HasFocus(345) + !Player.HasVideo</visible>
      <control type="label" description="מיקום מזג אוויר">
        <posx>83</posx>
        <posy>20</posy>
        <width>1754</width>
        <height>40</height>
        <align>center</align>
        <label>[B]$INFO[Weather.Location][/B]</label>
      </control>
      <control type="image">
        <posx>83</posx>
        <posy>70</posy>
        <width>1754</width>
        <height>350</height>
        <texture>images/weathersingle.png</texture>
      </control>
      <control type="image" description="השתקפות">
        <posx>83</posx>
        <posy>420</posy>
        <width>1754</width>
        <height>150</height>
        <texture diffuse="images/ReflectionShelf.png" flipy="true">images/weathersingle.png</texture>
      </control>
      <control type="list" id="414" description="TOP Weather">
        <onup>noop</onup>
        <ondown>9000</ondown>
        <onleft>9000</onleft>
        <onright>9000</onright>
        <orientation>horizontal</orientation>
        <posx>85</posx>
        <posy>70</posy>
        <width>1760</width>
        <height>418</height>
        <itemlayout width="250">
          <control type="label" description="ימים לא נבחר">
            <posx>125</posx>
            <posy>160</posy>
            <height>45</height>
            <width>250</width>
            <align>center</align>
            <shadowcolor>Black</shadowcolor>
            <label>$INFO[ListItem.Label]</label>
          </control>
          <control type="label" description="מעלות לא נבחר">
            <posx>125</posx>
            <posy>200</posy>
            <height>100</height>
            <width>250</width>
            <align>center</align>
            <label>$INFO[ListItem.label2]</label>
          </control>
          <control type="label" description="מצב לא נבחר">
            <posx>125</posx>
            <posy>290</posy>
            <height>45</height>
            <width>250</width>
            <font>size21</font>
            <align>center</align>
            <label>$INFO[ListItem.Property(Conditions)]</label>
          </control>
          <control type="image" description="אייקון לא נבחר">
            <height>150</height>
            <width>250</width>
            <texture>$INFO[ListItem.thumb]</texture>
            <aspectratio align="center">keep</aspectratio>
          </control>
        </itemlayout>
        <focusedlayout width="250">
          <control type="label">
            <posx>125</posx>
            <posy>160</posy>
            <height>45</height>
            <width>250</width>
            <align>center</align>
            <shadowcolor>Black</shadowcolor>
            <label>$INFO[ListItem.Label]</label>
          </control>
          <control type="label" description="temps">
            <posx>125</posx>
            <posy>200</posy>
            <height>100</height>
            <width>250</width>
            <align>center</align>
            <label>$INFO[ListItem.label2]</label>
          </control>
          <control type="label" description="Conditions">
            <posx>125</posx>
            <posy>290</posy>
            <height>45</height>
            <width>250</width>
            <font>size21</font>
            <align>center</align>
            <label>$INFO[ListItem.Property(Conditions)]</label>
          </control>
          <control type="image" description="Dayicon">
            <height>150</height>
            <width>250</width>
            <texture background="false">$INFO[ListItem.thumb]</texture>
            <aspectratio align="center">keep</aspectratio>
          </control>
        </focusedlayout>
        <content>
          <item id="0">
            <label>33006</label>
            <label2>Min:  $INFO[Window(Weather).Property(Day0.LowTemp)] [CR] Max:  $INFO[Window(Weather).Property(Day0.HighTemp)]</label2>
            <property name="Conditions">$INFO[Window(Weather).Property(Day0.Outlook)]</property>
            <thumb>$INFO[Window(Weather).Property(Day0.OutlookIcon)]</thumb>
            <onclick>noop</onclick>
          </item>
          <item id="1">
            <label>$INFO[Window(Weather).Property(Day1.Title)]</label>
            <label2>Min:  $INFO[Window(Weather).Property(Day1.LowTemp)] [CR] Max:  $INFO[Window(Weather).Property(Day1.HighTemp)]</label2>
            <property name="Conditions">$INFO[Window(Weather).Property(Day1.Outlook)]</property>
            <thumb>$INFO[Window(Weather).Property(Day1.OutlookIcon)]</thumb>
            <onclick>noop</onclick>
          </item>
          <item id="2">
            <label>$INFO[Window(Weather).Property(Day2.Title)]</label>
            <label2>Min:  $INFO[Window(Weather).Property(Day2.LowTemp)] [CR] Max:  $INFO[Window(Weather).Property(Day2.HighTemp)]</label2>
            <property name="Conditions">$INFO[Window(Weather).Property(Day2.Outlook)]</property>
            <thumb>$INFO[Window(Weather).Property(Day2.OutlookIcon)]</thumb>
            <onclick>noop</onclick>
          </item>
          <item id="3">
            <label>$INFO[Window(Weather).Property(Day3.Title)]</label>
            <label2>Min:  $INFO[Window(Weather).Property(Day3.LowTemp)] [CR] Max:  $INFO[Window(Weather).Property(Day3.HighTemp)]</label2>
            <property name="Conditions">$INFO[Window(Weather).Property(Day3.Outlook)]</property>
            <thumb>$INFO[Window(Weather).Property(Day3.OutlookIcon)]</thumb>
            <onclick>noop</onclick>
          </item>
          <item id="4">
            <label>$INFO[Window(Weather).Property(Day4.Title)]</label>
            <label2>Min:  $INFO[Window(Weather).Property(Day4.LowTemp)] [CR] Max:  $INFO[Window(Weather).Property(Day4.HighTemp)]</label2>
            <property name="Conditions">$INFO[Window(Weather).Property(Day4.Outlook)]</property>
            <thumb>$INFO[Window(Weather).Property(Day4.OutlookIcon)]</thumb>
            <onclick>noop</onclick>
          </item>
          <item id="5">
            <label>$INFO[Window(Weather).Property(Day5.Title)]</label>
            <label2>Min:  $INFO[Window(Weather).Property(Day5.LowTemp)] [CR] Max:  $INFO[Window(Weather).Property(Day5.HighTemp)]</label2>
            <property name="Conditions">$INFO[Window(Weather).Property(Day5.Outlook)]</property>
            <thumb>$INFO[Window(Weather).Property(Day5.OutlookIcon)]</thumb>
            <onclick>noop</onclick>
          </item>
          <item id="6">
            <label>$INFO[Window(Weather).Property(Day6.Title)]</label>
            <label2>Min:  $INFO[Window(Weather).Property(Day6.LowTemp)] [CR] Max:  $INFO[Window(Weather).Property(Day6.HighTemp)]</label2>
            <property name="Conditions">$INFO[Window(Weather).Property(Day6.Outlook)]</property>
            <thumb>$INFO[Window(Weather).Property(Day6.OutlookIcon)]</thumb>
            <onclick>noop</onclick>
          </item>
        </content>
      </control>
      <control type="image">
        <posx>85</posx>
        <posy>70</posy>
        <width>1750</width>
        <height>360</height>
        <texture background="false">images/weathersingleover.png</texture>
      </control>
    </control>
  </include>
  </includes>
