<?xml version="1.0" encoding="UTF-8"?>
<window type="dialog" id="1124" description="מוזיקה">
  <defaultcontrol always="true">99</defaultcontrol>
  <onload condition="!System.HasAddon(plugin.video.htpt.music)">ActivateWindow(10025,plugin://plugin.video.htpt.music,return)</onload>
  <controls>
    <include>Fade5</include>    
	<control type="group" description="Side menu 9000 group">
      <posx>720</posx>
      <posy>310</posy>
      <visible allowhiddenfocus="false">true</visible>
      <control type="image" description="מסגרת">
        <height>480</height>
        <texture border="40">buttons/ButtonE2.png</texture>
		<width>480</width>
      </control>
	  <control type="grouplist" id="9000">
	    <onright>Close</onright>
		<onleft>Close</onleft>
		<onup>9000</onup>
		<ondown>9000</ondown>
		<control type="button" id="100" description="חזור">		  
          <label>--></label>
          <onclick>Close</onclick>
        </control>
        <control type="button" id="99" description="מוזיקה HTPT">
          <label>$LOCALIZE[2] HTPT</label>
          <onclick condition="System.HasAddon(plugin.video.htpt.music)">dialog.close(1124)</onclick>
		  <onclick condition="System.HasAddon(plugin.video.htpt.music)">AlarmClock(htptmusic,RunAddon(plugin.video.htpt.music,,),0,silent)</onclick>
		  <onclick condition="!System.HasAddon(plugin.video.htpt.music)">ActivateWindow(10025,plugin://plugin.video.htpt.music,return)</onclick>
        </control>
		<control type="button" id="101" description="מוזיקה מקומית">
          <label>$LOCALIZE[75004]</label>
          <onclick>RunScript(script.htpt.homebuttons)</onclick>
        </control>
		<!--<control type="button" id="102" description="מוזיקה ישראלית">
          <label>$LOCALIZE[75005]</label>
          <onclick>RunAddon(plugin.video.htpt.music,,?mode=41)</onclick>
		  <onclick>dialog.close(1124)</onclick>
        </control>
		<control type="button" id="103" description="קריוקי ישראלי">
          <label>$LOCALIZE[79048]</label>
          <onclick>RunAddon(plugin.video.htpt.music,,?mode=42)</onclick>
		  <onclick>dialog.close(1124)</onclick>
        </control>
		<control type="button" id="104" description="מוזיקה לועזית">
          <label>$LOCALIZE[78994]</label>
          <onclick>RunAddon(plugin.video.htpt.music,,?mode=51)</onclick>
		  <onclick>dialog.close(1124)</onclick>
        </control>
		<control type="button" id="105" description="קריוקי לועזי">
          <label>$LOCALIZE[78993]</label>
          <onclick>RunAddon(plugin.video.htpt.music,,?mode=52)</onclick>
		  <onclick>dialog.close(1124)</onclick>
        </control>-->
      </control>
    </control>
  </controls>
</window>
